MX 16
MY 16
H 4
V 6
RAMP 1
MAKESPAN 334
NEVENTS 65280
# p c send src
0 16 1 0
1 0 1 1
2 1 1 2
3 2 1 3
4 3 1 4
5 4 1 5
6 5 1 6
7 6 1 7
7 8 1 7
24 23 1 24
24 40 1 24
25 26 1 25
26 27 1 26
27 28 1 27
28 29 1 28
29 30 1 29
30 31 1 30
31 15 1 31
32 48 1 32
33 17 1 33
34 33 1 34
35 34 1 35
36 35 1 36
37 36 1 37
38 37 1 38
39 38 1 39
39 40 1 39
56 55 1 56
56 72 1 56
57 58 1 57
58 59 1 58
59 60 1 59
60 61 1 60
61 62 1 61
62 63 1 62
63 47 1 63
64 80 1 64
65 49 1 65
66 65 1 66
67 66 1 67
68 67 1 68
69 68 1 69
70 69 1 70
71 70 1 71
71 72 1 71
88 87 1 88
88 104 1 88
89 90 1 89
90 91 1 90
91 92 1 91
92 93 1 92
93 94 1 93
94 95 1 94
95 79 1 95
96 112 1 96
97 81 1 97
98 97 1 98
99 98 1 99
100 99 1 100
101 100 1 101
102 101 1 102
103 102 1 103
103 104 1 103
120 119 1 120
120 136 1 120
121 122 1 121
122 123 1 122
123 124 1 123
124 125 1 124
125 126 1 125
126 127 1 126
127 111 1 127
128 144 1 128
129 113 1 129
130 129 1 130
131 130 1 131
132 131 1 132
133 132 1 133
134 133 1 134
135 134 1 135
135 136 1 135
152 151 1 152
152 168 1 152
153 154 1 153
154 155 1 154
155 156 1 155
156 157 1 156
157 158 1 157
158 159 1 158
159 143 1 159
160 176 1 160
161 145 1 161
162 161 1 162
163 162 1 163
164 163 1 164
165 164 1 165
166 165 1 166
167 166 1 167
167 168 1 167
184 183 1 184
184 200 1 184
185 186 1 185
186 187 1 186
187 188 1 187
188 189 1 188
189 190 1 189
190 191 1 190
191 175 1 191
192 208 1 192
193 177 1 193
194 193 1 194
195 194 1 195
196 195 1 196
197 196 1 197
198 197 1 198
199 198 1 199
199 200 1 199
216 215 1 216
216 232 1 216
217 218 1 217
218 219 1 218
219 220 1 219
220 221 1 220
221 222 1 221
222 223 1 222
223 207 1 223
224 240 1 224
225 209 1 225
226 225 1 226
227 226 1 227
228 227 1 228
229 228 1 229
230 229 1 230
231 230 1 231
231 232 1 231
248 247 1 248
248 249 1 248
249 250 1 249
250 251 1 250
251 252 1 251
252 253 1 252
253 254 1 253
254 255 1 254
255 239 1 255
0 1 2 0
1 2 2 1
2 3 2 2
3 4 2 3
4 5 2 4
5 6 2 5
6 7 2 6
7 23 2 7
24 8 2 24
25 41 2 25
26 25 2 26
27 26 2 27
28 27 2 28
29 28 2 29
30 29 2 30
31 30 2 31
32 16 2 32
33 34 2 33
34 35 2 34
35 36 2 35
36 37 2 36
37 38 2 37
38 39 2 38
39 55 2 39
56 40 2 56
57 73 2 57
58 57 2 58
59 58 2 59
60 59 2 60
61 60 2 61
62 61 2 62
63 62 2 63
64 48 2 64
65 66 2 65
66 67 2 66
67 68 2 67
68 69 2 68
69 70 2 69
70 71 2 70
71 87 2 71
88 72 2 88
89 105 2 89
90 89 2 90
91 90 2 91
92 91 2 92
93 92 2 93
94 93 2 94
95 94 2 95
96 80 2 96
97 98 2 97
98 99 2 98
99 100 2 99
100 101 2 100
101 102 2 101
102 103 2 102
103 119 2 103
120 104 2 120
121 137 2 121
122 121 2 122
123 122 2 123
124 123 2 124
125 124 2 125
126 125 2 126
127 126 2 127
128 112 2 128
129 130 2 129
130 131 2 130
131 132 2 131
132 133 2 132
133 134 2 133
134 135 2 134
135 151 2 135
152 136 2 152
153 169 2 153
154 153 2 154
155 154 2 155
156 155 2 156
157 156 2 157
158 157 2 158
159 158 2 159
160 144 2 160
161 162 2 161
162 163 2 162
163 164 2 163
164 165 2 164
165 166 2 165
166 167 2 166
167 183 2 167
184 168 2 184
185 201 2 185
186 185 2 186
187 186 2 187
188 187 2 188
189 188 2 189
190 189 2 190
191 190 2 191
192 176 2 192
193 194 2 193
194 195 2 194
195 196 2 195
196 197 2 196
197 198 2 197
198 199 2 198
199 215 2 199
216 200 2 216
217 233 2 217
218 217 2 218
219 218 2 219
220 219 2 220
221 220 2 221
222 221 2 222
223 222 2 223
224 208 2 224
225 226 2 225
226 227 2 226
227 228 2 227
228 229 2 228
229 230 2 229
230 231 2 230
231 247 2 231
248 232 2 248
249 248 2 249
250 249 2 250
251 250 2 251
252 251 2 252
253 252 2 253
254 253 2 254
255 254 2 255
8 7 3 8
8 24 3 8
9 8 3 9
10 9 3 10
11 10 3 11
12 11 3 12
13 12 3 13
14 13 3 14
15 14 3 15
16 32 3 16
17 18 3 17
18 19 3 18
19 20 3 19
20 21 3 20
21 22 3 21
22 23 3 22
23 7 3 23
23 24 3 23
40 39 3 40
40 56 3 40
41 25 3 41
42 41 3 42
43 42 3 43
44 43 3 44
45 44 3 45
46 45 3 46
47 46 3 47
48 64 3 48
49 50 3 49
50 51 3 50
51 52 3 51
52 53 3 52
53 54 3 53
54 55 3 54
55 39 3 55
55 56 3 55
72 71 3 72
72 88 3 72
73 57 3 73
74 73 3 74
75 74 3 75
76 75 3 76
77 76 3 77
78 77 3 78
79 78 3 79
80 96 3 80
81 82 3 81
82 83 3 82
83 84 3 83
84 85 3 84
85 86 3 85
86 87 3 86
87 71 3 87
87 88 3 87
104 103 3 104
104 120 3 104
105 89 3 105
106 105 3 106
107 106 3 107
108 107 3 108
109 108 3 109
110 109 3 110
111 110 3 111
112 128 3 112
113 114 3 113
114 115 3 114
115 116 3 115
116 117 3 116
117 118 3 117
118 119 3 118
119 103 3 119
119 120 3 119
136 135 3 136
136 152 3 136
137 121 3 137
138 137 3 138
139 138 3 139
140 139 3 140
141 140 3 141
142 141 3 142
143 142 3 143
144 160 3 144
145 146 3 145
146 147 3 146
147 148 3 147
148 149 3 148
149 150 3 149
150 151 3 150
151 135 3 151
151 152 3 151
168 167 3 168
168 184 3 168
169 153 3 169
170 169 3 170
171 170 3 171
172 171 3 172
173 172 3 173
174 173 3 174
175 174 3 175
176 192 3 176
177 178 3 177
178 179 3 178
179 180 3 179
180 181 3 180
181 182 3 181
182 183 3 182
183 167 3 183
183 184 3 183
200 199 3 200
200 216 3 200
201 185 3 201
202 201 3 202
203 202 3 203
204 203 3 204
205 204 3 205
206 205 3 206
207 206 3 207
208 224 3 208
209 210 3 209
210 211 3 210
211 212 3 211
212 213 3 212
213 214 3 213
214 215 3 214
215 199 3 215
215 216 3 215
232 231 3 232
232 248 3 232
233 217 3 233
234 233 3 234
235 234 3 235
236 235 3 236
237 236 3 237
238 237 3 238
239 238 3 239
240 241 3 240
241 242 3 241
242 243 3 242
243 244 3 243
244 245 3 244
245 246 3 245
246 247 3 246
247 231 3 247
247 248 3 247
8 9 4 8
9 10 4 9
10 11 4 10
11 12 4 11
12 13 4 12
13 14 4 13
14 15 4 14
15 31 4 15
16 0 4 16
17 33 4 17
18 17 4 18
19 18 4 19
20 19 4 20
21 20 4 21
22 21 4 22
23 22 4 23
40 24 4 40
41 42 4 41
42 43 4 42
43 44 4 43
44 45 4 44
45 46 4 45
46 47 4 46
47 63 4 47
48 32 4 48
49 65 4 49
50 49 4 50
51 50 4 51
52 51 4 52
53 52 4 53
54 53 4 54
55 54 4 55
72 56 4 72
73 74 4 73
74 75 4 74
75 76 4 75
76 77 4 76
77 78 4 77
78 79 4 78
79 95 4 79
80 64 4 80
81 97 4 81
82 81 4 82
83 82 4 83
84 83 4 84
85 84 4 85
86 85 4 86
87 86 4 87
104 88 4 104
105 106 4 105
106 107 4 106
107 108 4 107
108 109 4 108
109 110 4 109
110 111 4 110
111 127 4 111
112 96 4 112
113 129 4 113
114 113 4 114
115 114 4 115
116 115 4 116
117 116 4 117
118 117 4 118
119 118 4 119
136 120 4 136
137 138 4 137
138 139 4 138
139 140 4 139
140 141 4 140
141 142 4 141
142 143 4 142
143 159 4 143
144 128 4 144
145 161 4 145
146 145 4 146
147 146 4 147
148 147 4 148
149 148 4 149
150 149 4 150
151 150 4 151
168 152 4 168
169 170 4 169
170 171 4 170
171 172 4 171
172 173 4 172
173 174 4 173
174 175 4 174
175 191 4 175
176 160 4 176
177 193 4 177
178 177 4 178
179 178 4 179
180 179 4 180
181 180 4 181
182 181 4 182
183 182 4 183
200 184 4 200
201 202 4 201
202 203 4 202
203 204 4 203
204 205 4 204
205 206 4 205
206 207 4 206
207 223 4 207
208 192 4 208
209 225 4 209
210 209 4 210
211 210 4 211
212 211 4 212
213 212 4 213
214 213 4 214
215 214 4 215
232 216 4 232
233 234 4 233
234 235 4 234
235 236 4 235
236 237 4 236
237 238 4 237
238 239 4 238
239 255 4 239
240 224 4 240
241 240 4 241
242 241 4 242
243 242 4 243
244 243 4 244
245 244 4 245
246 245 4 246
247 246 4 247
0 16 5 1
1 0 5 2
2 1 5 3
3 2 5 4
4 3 5 5
5 4 5 6
6 5 5 7
8 9 5 7
23 22 5 24
26 27 5 25
27 28 5 26
28 29 5 27
29 30 5 28
30 31 5 29
31 15 5 30
33 17 5 34
34 33 5 35
35 34 5 36
36 35 5 37
37 36 5 38
38 37 5 39
40 41 5 39
55 54 5 56
58 59 5 57
59 60 5 58
60 61 5 59
61 62 5 60
62 63 5 61
63 47 5 62
65 49 5 66
66 65 5 67
67 66 5 68
68 67 5 69
69 68 5 70
70 69 5 71
72 73 5 71
87 86 5 88
90 91 5 89
91 92 5 90
92 93 5 91
93 94 5 92
94 95 5 93
95 79 5 94
97 81 5 98
98 97 5 99
99 98 5 100
100 99 5 101
101 100 5 102
102 101 5 103
104 105 5 103
119 118 5 120
122 123 5 121
123 124 5 122
124 125 5 123
125 126 5 124
126 127 5 125
127 111 5 126
129 113 5 130
130 129 5 131
131 130 5 132
132 131 5 133
133 132 5 134
134 133 5 135
136 137 5 135
151 150 5 152
154 155 5 153
155 156 5 154
156 157 5 155
157 158 5 156
158 159 5 157
159 143 5 158
161 145 5 162
162 161 5 163
163 162 5 164
164 163 5 165
165 164 5 166
166 165 5 167
168 169 5 167
183 182 5 184
186 187 5 185
187 188 5 186
188 189 5 187
189 190 5 188
190 191 5 189
191 175 5 190
193 177 5 194
194 193 5 195
195 194 5 196
196 195 5 197
197 196 5 198
198 197 5 199
200 201 5 199
215 214 5 216
218 219 5 217
219 220 5 218
220 221 5 219
221 222 5 220
222 223 5 221
223 207 5 222
225 209 5 226
226 225 5 227
227 226 5 228
228 227 5 229
229 228 5 230
230 229 5 231
232 233 5 231
247 246 5 248
249 250 5 248
250 251 5 249
251 252 5 250
252 253 5 251
253 254 5 252
254 255 5 253
255 239 5 254
1 2 6 0
2 3 6 1
3 4 6 2
4 5 6 3
5 6 6 4
6 7 6 5
7 8 6 6
7 23 6 6
25 41 6 26
26 25 6 27
27 26 6 28
28 27 6 29
29 28 6 30
30 29 6 31
34 35 6 33
35 36 6 34
36 37 6 35
37 38 6 36
38 39 6 37
39 40 6 38
39 55 6 38
57 73 6 58
58 57 6 59
59 58 6 60
60 59 6 61
61 60 6 62
62 61 6 63
66 67 6 65
67 68 6 66
68 69 6 67
69 70 6 68
70 71 6 69
71 72 6 70
71 87 6 70
89 105 6 90
90 89 6 91
91 90 6 92
92 91 6 93
93 92 6 94
94 93 6 95
98 99 6 97
99 100 6 98
100 101 6 99
101 102 6 100
102 103 6 101
103 104 6 102
103 119 6 102
121 137 6 122
122 121 6 123
123 122 6 124
124 123 6 125
125 124 6 126
126 125 6 127
130 131 6 129
131 132 6 130
132 133 6 131
133 134 6 132
134 135 6 133
135 136 6 134
135 151 6 134
153 169 6 154
154 153 6 155
155 154 6 156
156 155 6 157
157 156 6 158
158 157 6 159
162 163 6 161
163 164 6 162
164 165 6 163
165 166 6 164
166 167 6 165
167 168 6 166
167 183 6 166
185 201 6 186
186 185 6 187
187 186 6 188
188 187 6 189
189 188 6 190
190 189 6 191
194 195 6 193
195 196 6 194
196 197 6 195
197 198 6 196
198 199 6 197
199 200 6 198
199 215 6 198
217 233 6 218
218 217 6 219
219 218 6 220
220 219 6 221
221 220 6 222
222 221 6 223
226 227 6 225
227 228 6 226
228 229 6 227
229 230 6 228
230 231 6 229
231 232 6 230
231 247 6 230
248 232 6 249
248 247 6 249
249 248 6 250
250 249 6 251
251 250 6 252
252 251 6 253
253 252 6 254
254 253 6 255
7 6 7 8
8 7 7 9
8 24 7 9
9 8 7 10
10 9 7 11
11 10 7 12
12 11 7 13
13 12 7 14
14 13 7 15
15 14 7 31
16 32 7 0
17 18 7 33
18 19 7 17
19 20 7 18
20 21 7 19
21 22 7 20
22 23 7 21
23 7 7 22
23 24 7 22
24 25 7 23
39 38 7 40
40 39 7 24
40 56 7 24
41 25 7 42
42 41 7 43
43 42 7 44
44 43 7 45
45 44 7 46
46 45 7 47
47 46 7 63
48 64 7 32
49 50 7 65
50 51 7 49
51 52 7 50
52 53 7 51
53 54 7 52
54 55 7 53
55 39 7 54
55 56 7 54
56 57 7 55
71 70 7 72
72 71 7 56
72 88 7 56
73 57 7 74
74 73 7 75
75 74 7 76
76 75 7 77
77 76 7 78
78 77 7 79
79 78 7 95
80 96 7 64
81 82 7 97
82 83 7 81
83 84 7 82
84 85 7 83
85 86 7 84
86 87 7 85
87 71 7 86
87 88 7 86
88 89 7 87
103 102 7 104
104 103 7 88
104 120 7 88
105 89 7 106
106 105 7 107
107 106 7 108
108 107 7 109
109 108 7 110
110 109 7 111
111 110 7 127
112 128 7 96
113 114 7 129
114 115 7 113
115 116 7 114
116 117 7 115
117 118 7 116
118 119 7 117
119 103 7 118
119 120 7 118
120 121 7 119
135 134 7 136
136 135 7 120
136 152 7 120
137 121 7 138
138 137 7 139
139 138 7 140
140 139 7 141
141 140 7 142
142 141 7 143
143 142 7 159
144 160 7 128
145 146 7 161
146 147 7 145
147 148 7 146
148 149 7 147
149 150 7 148
150 151 7 149
151 135 7 150
151 152 7 150
152 153 7 151
167 166 7 168
168 167 7 152
168 184 7 152
169 153 7 170
170 169 7 171
171 170 7 172
172 171 7 173
173 172 7 174
174 173 7 175
175 174 7 191
176 192 7 160
177 178 7 193
178 179 7 177
179 180 7 178
180 181 7 179
181 182 7 180
182 183 7 181
183 167 7 182
183 184 7 182
184 185 7 183
199 198 7 200
200 199 7 184
200 216 7 184
201 185 7 202
202 201 7 203
203 202 7 204
204 203 7 205
205 204 7 206
206 205 7 207
207 206 7 223
208 224 7 192
209 210 7 225
210 211 7 209
211 212 7 210
212 213 7 211
213 214 7 212
214 215 7 213
215 199 7 214
215 216 7 214
216 217 7 215
231 230 7 232
232 231 7 216
232 248 7 216
233 217 7 234
234 233 7 235
235 234 7 236
236 235 7 237
237 236 7 238
238 237 7 239
239 238 7 255
240 241 7 224
241 242 7 240
242 243 7 241
243 244 7 242
244 245 7 243
245 246 7 244
246 247 7 245
247 231 7 246
247 248 7 246
248 249 7 247
8 7 8 24
8 9 8 24
9 10 8 8
10 11 8 9
11 12 8 10
12 13 8 11
13 14 8 12
14 15 8 13
15 31 8 14
16 0 8 32
17 33 8 18
18 17 8 19
19 18 8 20
20 19 8 21
21 20 8 22
22 21 8 23
23 22 8 7
23 24 8 7
40 24 8 56
40 39 8 56
41 42 8 25
42 43 8 41
43 44 8 42
44 45 8 43
45 46 8 44
46 47 8 45
47 63 8 46
48 32 8 64
49 65 8 50
50 49 8 51
51 50 8 52
52 51 8 53
53 52 8 54
54 53 8 55
55 54 8 39
55 56 8 39
72 56 8 88
72 71 8 88
73 74 8 57
74 75 8 73
75 76 8 74
76 77 8 75
77 78 8 76
78 79 8 77
79 95 8 78
80 64 8 96
81 97 8 82
82 81 8 83
83 82 8 84
84 83 8 85
85 84 8 86
86 85 8 87
87 86 8 71
87 88 8 71
104 88 8 120
104 103 8 120
105 106 8 89
106 107 8 105
107 108 8 106
108 109 8 107
109 110 8 108
110 111 8 109
111 127 8 110
112 96 8 128
113 129 8 114
114 113 8 115
115 114 8 116
116 115 8 117
117 116 8 118
118 117 8 119
119 118 8 103
119 120 8 103
136 120 8 152
136 135 8 152
137 138 8 121
138 139 8 137
139 140 8 138
140 141 8 139
141 142 8 140
142 143 8 141
143 159 8 142
144 128 8 160
145 161 8 146
146 145 8 147
147 146 8 148
148 147 8 149
149 148 8 150
150 149 8 151
151 150 8 135
151 152 8 135
168 152 8 184
168 167 8 184
169 170 8 153
170 171 8 169
171 172 8 170
172 173 8 171
173 174 8 172
174 175 8 173
175 191 8 174
176 160 8 192
177 193 8 178
178 177 8 179
179 178 8 180
180 179 8 181
181 180 8 182
182 181 8 183
183 182 8 167
183 184 8 167
200 184 8 216
200 199 8 216
201 202 8 185
202 203 8 201
203 204 8 202
204 205 8 203
205 206 8 204
206 207 8 205
207 223 8 206
208 192 8 224
209 225 8 210
210 209 8 211
211 210 8 212
212 211 8 213
213 212 8 214
214 213 8 215
215 214 8 199
215 216 8 199
232 216 8 248
232 231 8 248
233 234 8 217
234 235 8 233
235 236 8 234
236 237 8 235
237 238 8 236
238 239 8 237
239 255 8 238
240 224 8 241
241 240 8 242
242 241 8 243
243 242 8 244
244 243 8 245
245 244 8 246
246 245 8 247
247 246 8 231
247 248 8 231
0 16 9 2
1 0 9 3
2 1 9 4
3 2 9 5
4 3 9 6
5 4 9 7
7 6 9 23
7 8 9 23
9 10 9 7
22 21 9 24
24 23 9 8
24 40 9 8
25 26 9 41
27 28 9 25
28 29 9 26
29 30 9 27
30 31 9 28
31 15 9 29
32 48 9 16
33 17 9 35
34 33 9 36
35 34 9 37
36 35 9 38
37 36 9 39
39 38 9 55
39 40 9 55
41 42 9 39
54 53 9 56
56 55 9 40
56 72 9 40
57 58 9 73
59 60 9 57
60 61 9 58
61 62 9 59
62 63 9 60
63 47 9 61
64 80 9 48
65 49 9 67
66 65 9 68
67 66 9 69
68 67 9 70
69 68 9 71
71 70 9 87
71 72 9 87
73 74 9 71
86 85 9 88
88 87 9 72
88 104 9 72
89 90 9 105
91 92 9 89
92 93 9 90
93 94 9 91
94 95 9 92
95 79 9 93
96 112 9 80
97 81 9 99
98 97 9 100
99 98 9 101
100 99 9 102
101 100 9 103
103 102 9 119
103 104 9 119
105 106 9 103
118 117 9 120
120 119 9 104
120 136 9 104
121 122 9 137
123 124 9 121
124 125 9 122
125 126 9 123
126 127 9 124
127 111 9 125
128 144 9 112
129 113 9 131
130 129 9 132
131 130 9 133
132 131 9 134
133 132 9 135
135 134 9 151
135 136 9 151
137 138 9 135
150 149 9 152
152 151 9 136
152 168 9 136
153 154 9 169
155 156 9 153
156 157 9 154
157 158 9 155
158 159 9 156
159 143 9 157
160 176 9 144
161 145 9 163
162 161 9 164
163 162 9 165
164 163 9 166
165 164 9 167
167 166 9 183
167 168 9 183
169 170 9 167
182 181 9 184
184 183 9 168
184 200 9 168
185 186 9 201
187 188 9 185
188 189 9 186
189 190 9 187
190 191 9 188
191 175 9 189
192 208 9 176
193 177 9 195
194 193 9 196
195 194 9 197
196 195 9 198
197 196 9 199
199 198 9 215
199 200 9 215
201 202 9 199
214 213 9 216
216 215 9 200
216 232 9 200
217 218 9 233
219 220 9 217
220 221 9 218
221 222 9 219
222 223 9 220
223 207 9 221
224 240 9 208
225 209 9 227
226 225 9 228
227 226 9 229
228 227 9 230
229 228 9 231
231 230 9 247
231 232 9 247
233 234 9 231
246 245 9 248
248 247 9 232
248 249 9 232
250 251 9 248
251 252 9 249
252 253 9 250
253 254 9 251
254 255 9 252
255 239 9 253
0 1 10 16
2 3 10 0
3 4 10 1
4 5 10 2
5 6 10 3
6 7 10 4
7 8 10 5
7 23 10 5
8 9 10 6
24 8 10 40
24 23 10 40
25 41 10 27
26 25 10 28
27 26 10 29
28 27 10 30
29 28 10 31
31 30 10 15
32 16 10 48
33 34 10 17
35 36 10 33
36 37 10 34
37 38 10 35
38 39 10 36
39 40 10 37
39 55 10 37
40 41 10 38
56 40 10 72
56 55 10 72
57 73 10 59
58 57 10 60
59 58 10 61
60 59 10 62
61 60 10 63
63 62 10 47
64 48 10 80
65 66 10 49
67 68 10 65
68 69 10 66
69 70 10 67
70 71 10 68
71 72 10 69
71 87 10 69
72 73 10 70
88 72 10 104
88 87 10 104
89 105 10 91
90 89 10 92
91 90 10 93
92 91 10 94
93 92 10 95
95 94 10 79
96 80 10 112
97 98 10 81
99 100 10 97
100 101 10 98
101 102 10 99
102 103 10 100
103 104 10 101
103 119 10 101
104 105 10 102
120 104 10 136
120 119 10 136
121 137 10 123
122 121 10 124
123 122 10 125
124 123 10 126
125 124 10 127
127 126 10 111
128 112 10 144
129 130 10 113
131 132 10 129
132 133 10 130
133 134 10 131
134 135 10 132
135 136 10 133
135 151 10 133
136 137 10 134
152 136 10 168
152 151 10 168
153 169 10 155
154 153 10 156
155 154 10 157
156 155 10 158
157 156 10 159
159 158 10 143
160 144 10 176
161 162 10 145
163 164 10 161
164 165 10 162
165 166 10 163
166 167 10 164
167 168 10 165
167 183 10 165
168 169 10 166
184 168 10 200
184 183 10 200
185 201 10 187
186 185 10 188
187 186 10 189
188 187 10 190
189 188 10 191
191 190 10 175
192 176 10 208
193 194 10 177
195 196 10 193
196 197 10 194
197 198 10 195
198 199 10 196
199 200 10 197
199 215 10 197
200 201 10 198
216 200 10 232
216 215 10 232
217 233 10 219
218 217 10 220
219 218 10 221
220 219 10 222
221 220 10 223
223 222 10 207
224 208 10 240
225 226 10 209
227 228 10 225
228 229 10 226
229 230 10 227
230 231 10 228
231 232 10 229
231 247 10 229
232 233 10 230
247 246 10 249
248 232 10 250
248 247 10 250
249 248 10 251
250 249 10 252
251 250 10 253
252 251 10 254
253 252 10 255
255 254 10 239
6 5 11 8
7 6 11 9
8 7 11 10
8 24 11 10
9 8 11 11
10 9 11 12
11 10 11 13
12 11 11 14
13 12 11 15
14 13 11 31
15 14 11 30
16 32 11 1
17 18 11 34
18 19 11 33
19 20 11 17
20 21 11 18
21 22 11 19
22 23 11 20
23 7 11 21
23 24 11 21
24 25 11 22
25 26 11 23
38 37 11 40
39 38 11 24
41 25 11 43
42 41 11 44
43 42 11 45
44 43 11 46
45 44 11 47
46 45 11 63
47 46 11 62
49 50 11 66
50 51 11 65
51 52 11 49
52 53 11 50
53 54 11 51
54 55 11 52
55 39 11 53
55 56 11 53
56 57 11 54
57 58 11 55
70 69 11 72
71 70 11 56
73 57 11 75
74 73 11 76
75 74 11 77
76 75 11 78
77 76 11 79
78 77 11 95
79 78 11 94
81 82 11 98
82 83 11 97
83 84 11 81
84 85 11 82
85 86 11 83
86 87 11 84
87 71 11 85
87 88 11 85
88 89 11 86
89 90 11 87
102 101 11 104
103 102 11 88
105 89 11 107
106 105 11 108
107 106 11 109
108 107 11 110
109 108 11 111
110 109 11 127
111 110 11 126
113 114 11 130
114 115 11 129
115 116 11 113
116 117 11 114
117 118 11 115
118 119 11 116
119 103 11 117
119 120 11 117
120 121 11 118
121 122 11 119
134 133 11 136
135 134 11 120
137 121 11 139
138 137 11 140
139 138 11 141
140 139 11 142
141 140 11 143
142 141 11 159
143 142 11 158
145 146 11 162
146 147 11 161
147 148 11 145
148 149 11 146
149 150 11 147
150 151 11 148
151 135 11 149
151 152 11 149
152 153 11 150
153 154 11 151
166 165 11 168
167 166 11 152
169 153 11 171
170 169 11 172
171 170 11 173
172 171 11 174
173 172 11 175
174 173 11 191
175 174 11 190
177 178 11 194
178 179 11 193
179 180 11 177
180 181 11 178
181 182 11 179
182 183 11 180
183 167 11 181
183 184 11 181
184 185 11 182
185 186 11 183
198 197 11 200
199 198 11 184
201 185 11 203
202 201 11 204
203 202 11 205
204 203 11 206
205 204 11 207
206 205 11 223
207 206 11 222
209 210 11 226
210 211 11 225
211 212 11 209
212 213 11 210
213 214 11 211
214 215 11 212
215 199 11 213
215 216 11 213
216 217 11 214
217 218 11 215
230 229 11 232
231 230 11 216
233 217 11 235
234 233 11 236
235 234 11 237
236 235 11 238
237 236 11 239
238 237 11 255
239 238 11 254
241 242 11 224
242 243 11 240
243 244 11 241
244 245 11 242
245 246 11 243
246 247 11 244
247 231 11 245
247 248 11 245
248 249 11 246
249 250 11 247
7 6 12 24
9 10 12 24
10 11 12 8
11 12 12 9
12 13 12 10
13 14 12 11
14 15 12 12
15 31 12 13
17 33 12 19
18 17 12 20
19 18 12 21
20 19 12 22
21 20 12 23
22 21 12 7
23 22 12 6
23 24 12 6
24 25 12 7
39 38 12 56
41 42 12 26
42 43 12 25
43 44 12 41
44 45 12 42
45 46 12 43
46 47 12 44
47 63 12 45
49 65 12 51
50 49 12 52
51 50 12 53
52 51 12 54
53 52 12 55
54 53 12 39
55 54 12 38
55 56 12 38
56 57 12 39
71 70 12 88
73 74 12 58
74 75 12 57
75 76 12 73
76 77 12 74
77 78 12 75
78 79 12 76
79 95 12 77
81 97 12 83
82 81 12 84
83 82 12 85
84 83 12 86
85 84 12 87
86 85 12 71
87 86 12 70
87 88 12 70
88 89 12 71
103 102 12 120
105 106 12 90
106 107 12 89
107 108 12 105
108 109 12 106
109 110 12 107
110 111 12 108
111 127 12 109
113 129 12 115
114 113 12 116
115 114 12 117
116 115 12 118
117 116 12 119
118 117 12 103
119 118 12 102
119 120 12 102
120 121 12 103
135 134 12 152
137 138 12 122
138 139 12 121
139 140 12 137
140 141 12 138
141 142 12 139
142 143 12 140
143 159 12 141
145 161 12 147
146 145 12 148
147 146 12 149
148 147 12 150
149 148 12 151
150 149 12 135
151 150 12 134
151 152 12 134
152 153 12 135
167 166 12 184
169 170 12 154
170 171 12 153
171 172 12 169
172 173 12 170
173 174 12 171
174 175 12 172
175 191 12 173
177 193 12 179
178 177 12 180
179 178 12 181
180 179 12 182
181 180 12 183
182 181 12 167
183 182 12 166
183 184 12 166
184 185 12 167
199 198 12 216
201 202 12 186
202 203 12 185
203 204 12 201
204 205 12 202
205 206 12 203
206 207 12 204
207 223 12 205
209 225 12 211
210 209 12 212
211 210 12 213
212 211 12 214
213 212 12 215
214 213 12 199
215 214 12 198
215 216 12 198
216 217 12 199
231 230 12 248
232 216 12 249
232 231 12 249
233 234 12 218
234 235 12 217
235 236 12 233
236 237 12 234
237 238 12 235
238 239 12 236
239 255 12 237
240 224 12 242
241 240 12 243
242 241 12 244
243 242 12 245
244 243 12 246
245 244 12 247
246 245 12 231
247 246 12 230
247 248 12 230
248 249 12 231
0 16 13 3
1 0 13 4
2 1 13 5
3 2 13 6
4 3 13 7
6 5 13 23
7 6 13 22
7 8 13 22
8 9 13 23
10 11 13 7
21 20 13 24
23 22 13 8
24 23 13 9
24 40 13 9
25 26 13 42
26 27 13 41
28 29 13 25
29 30 13 26
30 31 13 27
31 15 13 28
32 48 13 0
33 17 13 36
34 33 13 37
35 34 13 38
36 35 13 39
38 37 13 55
39 38 13 54
39 40 13 54
40 41 13 55
42 43 13 39
53 52 13 56
55 54 13 40
56 55 13 24
56 72 13 24
57 58 13 74
58 59 13 73
60 61 13 57
61 62 13 58
62 63 13 59
63 47 13 60
64 80 13 32
65 49 13 68
66 65 13 69
67 66 13 70
68 67 13 71
70 69 13 87
71 70 13 86
71 72 13 86
72 73 13 87
74 75 13 71
85 84 13 88
87 86 13 72
88 87 13 56
88 104 13 56
89 90 13 106
90 91 13 105
92 93 13 89
93 94 13 90
94 95 13 91
95 79 13 92
96 112 13 64
97 81 13 100
98 97 13 101
99 98 13 102
100 99 13 103
102 101 13 119
103 102 13 118
103 104 13 118
104 105 13 119
106 107 13 103
117 116 13 120
119 118 13 104
120 119 13 88
120 136 13 88
121 122 13 138
122 123 13 137
124 125 13 121
125 126 13 122
126 127 13 123
127 111 13 124
128 144 13 96
129 113 13 132
130 129 13 133
131 130 13 134
132 131 13 135
134 133 13 151
135 134 13 150
135 136 13 150
136 137 13 151
138 139 13 135
149 148 13 152
151 150 13 136
152 151 13 120
152 168 13 120
153 154 13 170
154 155 13 169
156 157 13 153
157 158 13 154
158 159 13 155
159 143 13 156
160 176 13 128
161 145 13 164
162 161 13 165
163 162 13 166
164 163 13 167
166 165 13 183
167 166 13 182
167 168 13 182
168 169 13 183
170 171 13 167
181 180 13 184
183 182 13 168
184 183 13 152
184 200 13 152
185 186 13 202
186 187 13 201
188 189 13 185
189 190 13 186
190 191 13 187
191 175 13 188
192 208 13 160
193 177 13 196
194 193 13 197
195 194 13 198
196 195 13 199
198 197 13 215
199 198 13 214
199 200 13 214
200 201 13 215
202 203 13 199
213 212 13 216
215 214 13 200
216 215 13 184
216 232 13 184
217 218 13 234
218 219 13 233
220 221 13 217
221 222 13 218
222 223 13 219
223 207 13 220
224 240 13 192
225 209 13 228
226 225 13 229
227 226 13 230
228 227 13 231
230 229 13 247
231 230 13 246
231 232 13 246
232 233 13 247
234 235 13 231
245 244 13 248
247 246 13 232
248 247 13 216
248 249 13 216
249 250 13 232
251 252 13 248
252 253 13 249
253 254 13 250
254 255 13 251
255 239 13 252
0 1 14 32
1 2 14 16
3 4 14 0
4 5 14 1
5 6 14 2
6 7 14 3
7 8 14 4
7 23 14 4
8 9 14 5
9 10 14 6
23 22 14 40
24 8 14 56
24 23 14 56
25 41 14 28
26 25 14 29
27 26 14 30
28 27 14 31
30 29 14 15
31 30 14 14
32 16 14 64
33 34 14 18
34 35 14 17
36 37 14 33
37 38 14 34
38 39 14 35
39 40 14 36
39 55 14 36
40 41 14 37
41 42 14 38
55 54 14 72
56 40 14 88
56 55 14 88
57 73 14 60
58 57 14 61
59 58 14 62
60 59 14 63
62 61 14 47
63 62 14 46
64 48 14 96
65 66 14 50
66 67 14 49
68 69 14 65
69 70 14 66
70 71 14 67
71 72 14 68
71 87 14 68
72 73 14 69
73 74 14 70
87 86 14 104
88 72 14 120
88 87 14 120
89 105 14 92
90 89 14 93
91 90 14 94
92 91 14 95
94 93 14 79
95 94 14 78
96 80 14 128
97 98 14 82
98 99 14 81
100 101 14 97
101 102 14 98
102 103 14 99
103 104 14 100
103 119 14 100
104 105 14 101
105 106 14 102
119 118 14 136
120 104 14 152
120 119 14 152
121 137 14 124
122 121 14 125
123 122 14 126
124 123 14 127
126 125 14 111
127 126 14 110
128 112 14 160
129 130 14 114
130 131 14 113
132 133 14 129
133 134 14 130
134 135 14 131
135 136 14 132
135 151 14 132
136 137 14 133
137 138 14 134
151 150 14 168
152 136 14 184
152 151 14 184
153 169 14 156
154 153 14 157
155 154 14 158
156 155 14 159
158 157 14 143
159 158 14 142
160 144 14 192
161 162 14 146
162 163 14 145
164 165 14 161
165 166 14 162
166 167 14 163
167 168 14 164
167 183 14 164
168 169 14 165
169 170 14 166
183 182 14 200
184 168 14 216
184 183 14 216
185 201 14 188
186 185 14 189
187 186 14 190
188 187 14 191
190 189 14 175
191 190 14 174
192 176 14 224
193 194 14 178
194 195 14 177
196 197 14 193
197 198 14 194
198 199 14 195
199 200 14 196
199 215 14 196
200 201 14 197
201 202 14 198
215 214 14 232
216 200 14 248
216 215 14 248
217 233 14 220
218 217 14 221
219 218 14 222
220 219 14 223
222 221 14 207
223 222 14 206
224 208 14 241
225 226 14 210
226 227 14 209
228 229 14 225
229 230 14 226
230 231 14 227
231 232 14 228
231 247 14 228
232 233 14 229
233 234 14 230
246 245 14 249
247 246 14 250
248 232 14 251
248 247 14 251
249 248 14 252
250 249 14 253
251 250 14 254
252 251 14 255
254 253 14 239
255 254 14 238
5 4 15 8
6 5 15 9
7 6 15 10
8 7 15 11
8 24 15 11
9 8 15 12
10 9 15 13
11 10 15 14
12 11 15 15
13 12 15 31
14 13 15 30
15 14 15 29
16 32 15 2
17 18 15 35
18 19 15 34
19 20 15 33
20 21 15 17
21 22 15 18
22 23 15 19
23 7 15 20
23 24 15 20
24 25 15 21
25 26 15 22
26 27 15 23
37 36 15 40
38 37 15 24
40 39 15 8
40 56 15 8
41 25 15 44
42 41 15 45
43 42 15 46
44 43 15 47
45 44 15 63
46 45 15 62
47 46 15 61
48 64 15 16
49 50 15 67
50 51 15 66
51 52 15 65
52 53 15 49
53 54 15 50
54 55 15 51
55 39 15 52
55 56 15 52
56 57 15 53
57 58 15 54
58 59 15 55
69 68 15 72
70 69 15 56
72 71 15 40
72 88 15 40
73 57 15 76
74 73 15 77
75 74 15 78
76 75 15 79
77 76 15 95
78 77 15 94
79 78 15 93
80 96 15 48
81 82 15 99
82 83 15 98
83 84 15 97
84 85 15 81
85 86 15 82
86 87 15 83
87 71 15 84
87 88 15 84
88 89 15 85
89 90 15 86
90 91 15 87
101 100 15 104
102 101 15 88
104 103 15 72
104 120 15 72
105 89 15 108
106 105 15 109
107 106 15 110
108 107 15 111
109 108 15 127
110 109 15 126
111 110 15 125
112 128 15 80
113 114 15 131
114 115 15 130
115 116 15 129
116 117 15 113
117 118 15 114
118 119 15 115
119 103 15 116
119 120 15 116
120 121 15 117
121 122 15 118
122 123 15 119
133 132 15 136
134 133 15 120
136 135 15 104
136 152 15 104
137 121 15 140
138 137 15 141
139 138 15 142
140 139 15 143
141 140 15 159
142 141 15 158
143 142 15 157
144 160 15 112
145 146 15 163
146 147 15 162
147 148 15 161
148 149 15 145
149 150 15 146
150 151 15 147
151 135 15 148
151 152 15 148
152 153 15 149
153 154 15 150
154 155 15 151
165 164 15 168
166 165 15 152
168 167 15 136
168 184 15 136
169 153 15 172
170 169 15 173
171 170 15 174
172 171 15 175
173 172 15 191
174 173 15 190
175 174 15 189
176 192 15 144
177 178 15 195
178 179 15 194
179 180 15 193
180 181 15 177
181 182 15 178
182 183 15 179
183 167 15 180
183 184 15 180
184 185 15 181
185 186 15 182
186 187 15 183
197 196 15 200
198 197 15 184
200 199 15 168
200 216 15 168
201 185 15 204
202 201 15 205
203 202 15 206
204 203 15 207
205 204 15 223
206 205 15 222
207 206 15 221
208 224 15 176
209 210 15 227
210 211 15 226
211 212 15 225
212 213 15 209
213 214 15 210
214 215 15 211
215 199 15 212
215 216 15 212
216 217 15 213
217 218 15 214
218 219 15 215
229 228 15 232
230 229 15 216
232 231 15 200
232 248 15 200
233 217 15 236
234 233 15 237
235 234 15 238
236 235 15 239
237 236 15 255
238 237 15 254
239 238 15 253
240 241 15 208
242 243 15 224
243 244 15 240
244 245 15 241
245 246 15 242
246 247 15 243
247 231 15 244
247 248 15 244
248 249 15 245
249 250 15 246
250 251 15 247
6 5 16 24
8 7 16 40
8 9 16 40
10 11 16 24
11 12 16 8
12 13 16 9
13 14 16 10
14 15 16 11
15 31 16 12
16 0 16 48
17 33 16 20
18 17 16 21
19 18 16 22
20 19 16 23
21 20 16 7
22 21 16 6
23 22 16 5
23 24 16 5
24 25 16 6
25 26 16 7
38 37 16 56
40 24 16 72
40 39 16 72
41 42 16 27
42 43 16 26
43 44 16 25
44 45 16 41
45 46 16 42
46 47 16 43
47 63 16 44
48 32 16 80
49 65 16 52
50 49 16 53
51 50 16 54
52 51 16 55
53 52 16 39
54 53 16 38
55 54 16 37
55 56 16 37
56 57 16 38
57 58 16 39
70 69 16 88
72 56 16 104
72 71 16 104
73 74 16 59
74 75 16 58
75 76 16 57
76 77 16 73
77 78 16 74
78 79 16 75
79 95 16 76
80 64 16 112
81 97 16 84
82 81 16 85
83 82 16 86
84 83 16 87
85 84 16 71
86 85 16 70
87 86 16 69
87 88 16 69
88 89 16 70
89 90 16 71
102 101 16 120
104 88 16 136
104 103 16 136
105 106 16 91
106 107 16 90
107 108 16 89
108 109 16 105
109 110 16 106
110 111 16 107
111 127 16 108
112 96 16 144
113 129 16 116
114 113 16 117
115 114 16 118
116 115 16 119
117 116 16 103
118 117 16 102
119 118 16 101
119 120 16 101
120 121 16 102
121 122 16 103
134 133 16 152
136 120 16 168
136 135 16 168
137 138 16 123
138 139 16 122
139 140 16 121
140 141 16 137
141 142 16 138
142 143 16 139
143 159 16 140
144 128 16 176
145 161 16 148
146 145 16 149
147 146 16 150
148 147 16 151
149 148 16 135
150 149 16 134
151 150 16 133
151 152 16 133
152 153 16 134
153 154 16 135
166 165 16 184
168 152 16 200
168 167 16 200
169 170 16 155
170 171 16 154
171 172 16 153
172 173 16 169
173 174 16 170
174 175 16 171
175 191 16 172
176 160 16 208
177 193 16 180
178 177 16 181
179 178 16 182
180 179 16 183
181 180 16 167
182 181 16 166
183 182 16 165
183 184 16 165
184 185 16 166
185 186 16 167
198 197 16 216
200 184 16 232
200 199 16 232
201 202 16 187
202 203 16 186
203 204 16 185
204 205 16 201
205 206 16 202
206 207 16 203
207 223 16 204
208 192 16 240
209 225 16 212
210 209 16 213
211 210 16 214
212 211 16 215
213 212 16 199
214 213 16 198
215 214 16 197
215 216 16 197
216 217 16 198
217 218 16 199
230 229 16 248
231 230 16 249
232 216 16 250
232 231 16 250
233 234 16 219
234 235 16 218
235 236 16 217
236 237 16 233
237 238 16 234
238 239 16 235
239 255 16 236
240 224 16 243
241 240 16 244
242 241 16 245
243 242 16 246
244 243 16 247
245 244 16 231
246 245 16 230
247 246 16 229
247 248 16 229
248 249 16 230
249 250 16 231
0 16 17 4
1 0 17 5
2 1 17 6
3 2 17 7
5 4 17 23
6 5 17 22
7 6 17 21
7 8 17 21
8 9 17 22
9 10 17 23
11 12 17 7
20 19 17 24
22 21 17 8
23 22 17 9
24 23 17 10
24 40 17 10
25 26 17 43
26 27 17 42
27 28 17 41
29 30 17 25
30 31 17 26
31 15 17 27
32 48 17 1
33 17 17 37
34 33 17 38
35 34 17 39
37 36 17 55
38 37 17 54
39 38 17 53
39 40 17 53
40 41 17 54
41 42 17 55
43 44 17 39
52 51 17 56
54 53 17 40
55 54 17 24
57 58 17 75
58 59 17 74
59 60 17 73
61 62 17 57
62 63 17 58
63 47 17 59
65 49 17 69
66 65 17 70
67 66 17 71
69 68 17 87
70 69 17 86
71 70 17 85
71 72 17 85
72 73 17 86
73 74 17 87
75 76 17 71
84 83 17 88
86 85 17 72
87 86 17 56
89 90 17 107
90 91 17 106
91 92 17 105
93 94 17 89
94 95 17 90
95 79 17 91
97 81 17 101
98 97 17 102
99 98 17 103
101 100 17 119
102 101 17 118
103 102 17 117
103 104 17 117
104 105 17 118
105 106 17 119
107 108 17 103
116 115 17 120
118 117 17 104
119 118 17 88
121 122 17 139
122 123 17 138
123 124 17 137
125 126 17 121
126 127 17 122
127 111 17 123
129 113 17 133
130 129 17 134
131 130 17 135
133 132 17 151
134 133 17 150
135 134 17 149
135 136 17 149
136 137 17 150
137 138 17 151
139 140 17 135
148 147 17 152
150 149 17 136
151 150 17 120
153 154 17 171
154 155 17 170
155 156 17 169
157 158 17 153
158 159 17 154
159 143 17 155
161 145 17 165
162 161 17 166
163 162 17 167
165 164 17 183
166 165 17 182
167 166 17 181
167 168 17 181
168 169 17 182
169 170 17 183
171 172 17 167
180 179 17 184
182 181 17 168
183 182 17 152
185 186 17 203
186 187 17 202
187 188 17 201
189 190 17 185
190 191 17 186
191 175 17 187
193 177 17 197
194 193 17 198
195 194 17 199
197 196 17 215
198 197 17 214
199 198 17 213
199 200 17 213
200 201 17 214
201 202 17 215
203 204 17 199
212 211 17 216
214 213 17 200
215 214 17 184
217 218 17 235
218 219 17 234
219 220 17 233
221 222 17 217
222 223 17 218
223 207 17 219
225 209 17 229
226 225 17 230
227 226 17 231
229 228 17 247
230 229 17 246
231 230 17 245
231 232 17 245
232 233 17 246
233 234 17 247
235 236 17 231
244 243 17 248
246 245 17 232
247 246 17 216
249 250 17 216
250 251 17 232
252 253 17 248
253 254 17 249
254 255 17 250
255 239 17 251
1 2 18 32
2 3 18 16
4 5 18 0
5 6 18 1
6 7 18 2
7 8 18 3
7 23 18 3
8 9 18 4
9 10 18 5
10 11 18 6
22 21 18 40
23 22 18 56
25 41 18 29
26 25 18 30
27 26 18 31
29 28 18 15
30 29 18 14
31 30 18 13
33 34 18 19
34 35 18 18
35 36 18 17
37 38 18 33
38 39 18 34
39 40 18 35
39 55 18 35
40 41 18 36
41 42 18 37
42 43 18 38
54 53 18 72
55 54 18 88
57 73 18 61
58 57 18 62
59 58 18 63
61 60 18 47
62 61 18 46
63 62 18 45
65 66 18 51
66 67 18 50
67 68 18 49
69 70 18 65
70 71 18 66
71 72 18 67
71 87 18 67
72 73 18 68
73 74 18 69
74 75 18 70
86 85 18 104
87 86 18 120
89 105 18 93
90 89 18 94
91 90 18 95
93 92 18 79
94 93 18 78
95 94 18 77
97 98 18 83
98 99 18 82
99 100 18 81
101 102 18 97
102 103 18 98
103 104 18 99
103 119 18 99
104 105 18 100
105 106 18 101
106 107 18 102
118 117 18 136
119 118 18 152
121 137 18 125
122 121 18 126
123 122 18 127
125 124 18 111
126 125 18 110
127 126 18 109
129 130 18 115
130 131 18 114
131 132 18 113
133 134 18 129
134 135 18 130
135 136 18 131
135 151 18 131
136 137 18 132
137 138 18 133
138 139 18 134
150 149 18 168
151 150 18 184
153 169 18 157
154 153 18 158
155 154 18 159
157 156 18 143
158 157 18 142
159 158 18 141
161 162 18 147
162 163 18 146
163 164 18 145
165 166 18 161
166 167 18 162
167 168 18 163
167 183 18 163
168 169 18 164
169 170 18 165
170 171 18 166
182 181 18 200
183 182 18 216
185 201 18 189
186 185 18 190
187 186 18 191
189 188 18 175
190 189 18 174
191 190 18 173
193 194 18 179
194 195 18 178
195 196 18 177
197 198 18 193
198 199 18 194
199 200 18 195
199 215 18 195
200 201 18 196
201 202 18 197
202 203 18 198
214 213 18 232
215 214 18 248
216 200 18 249
216 215 18 249
217 233 18 221
218 217 18 222
219 218 18 223
221 220 18 207
222 221 18 206
223 222 18 205
224 208 18 242
225 226 18 211
226 227 18 210
227 228 18 209
229 230 18 225
230 231 18 226
231 232 18 227
231 247 18 227
232 233 18 228
233 234 18 229
234 235 18 230
245 244 18 249
246 245 18 250
247 246 18 251
248 232 18 252
248 247 18 252
249 248 18 253
250 249 18 254
251 250 18 255
253 252 18 239
254 253 18 238
255 254 18 237
4 3 19 8
5 4 19 9
6 5 19 10
7 6 19 11
8 7 19 12
8 24 19 12
9 8 19 13
10 9 19 14
11 10 19 15
12 11 19 31
13 12 19 30
14 13 19 29
15 14 19 28
16 32 19 3
17 18 19 36
18 19 19 35
19 20 19 34
20 21 19 33
21 22 19 17
22 23 19 18
23 7 19 19
23 24 19 19
24 25 19 20
25 26 19 21
26 27 19 22
27 28 19 23
36 35 19 40
37 36 19 24
39 38 19 8
40 39 19 9
40 56 19 9
41 25 19 45
42 41 19 46
43 42 19 47
44 43 19 63
45 44 19 62
46 45 19 61
47 46 19 60
48 64 19 0
49 50 19 68
50 51 19 67
51 52 19 66
52 53 19 65
53 54 19 49
54 55 19 50
55 39 19 51
55 56 19 51
56 57 19 52
57 58 19 53
58 59 19 54
59 60 19 55
68 67 19 72
69 68 19 56
71 70 19 40
72 71 19 24
72 88 19 24
73 57 19 77
74 73 19 78
75 74 19 79
76 75 19 95
77 76 19 94
78 77 19 93
79 78 19 92
80 96 19 32
81 82 19 100
82 83 19 99
83 84 19 98
84 85 19 97
85 86 19 81
86 87 19 82
87 71 19 83
87 88 19 83
88 89 19 84
89 90 19 85
90 91 19 86
91 92 19 87
100 99 19 104
101 100 19 88
103 102 19 72
104 103 19 56
104 120 19 56
105 89 19 109
106 105 19 110
107 106 19 111
108 107 19 127
109 108 19 126
110 109 19 125
111 110 19 124
112 128 19 64
113 114 19 132
114 115 19 131
115 116 19 130
116 117 19 129
117 118 19 113
118 119 19 114
119 103 19 115
119 120 19 115
120 121 19 116
121 122 19 117
122 123 19 118
123 124 19 119
132 131 19 136
133 132 19 120
135 134 19 104
136 135 19 88
136 152 19 88
137 121 19 141
138 137 19 142
139 138 19 143
140 139 19 159
141 140 19 158
142 141 19 157
143 142 19 156
144 160 19 96
145 146 19 164
146 147 19 163
147 148 19 162
148 149 19 161
149 150 19 145
150 151 19 146
151 135 19 147
151 152 19 147
152 153 19 148
153 154 19 149
154 155 19 150
155 156 19 151
164 163 19 168
165 164 19 152
167 166 19 136
168 167 19 120
168 184 19 120
169 153 19 173
170 169 19 174
171 170 19 175
172 171 19 191
173 172 19 190
174 173 19 189
175 174 19 188
176 192 19 128
177 178 19 196
178 179 19 195
179 180 19 194
180 181 19 193
181 182 19 177
182 183 19 178
183 167 19 179
183 184 19 179
184 185 19 180
185 186 19 181
186 187 19 182
187 188 19 183
196 195 19 200
197 196 19 184
199 198 19 168
200 199 19 152
200 216 19 152
201 185 19 205
202 201 19 206
203 202 19 207
204 203 19 223
205 204 19 222
206 205 19 221
207 206 19 220
208 224 19 160
209 210 19 228
210 211 19 227
211 212 19 226
212 213 19 225
213 214 19 209
214 215 19 210
215 199 19 211
215 216 19 211
216 217 19 212
217 218 19 213
218 219 19 214
219 220 19 215
228 227 19 232
229 228 19 216
231 230 19 200
232 231 19 184
232 248 19 184
233 217 19 237
234 233 19 238
235 234 19 239
236 235 19 255
237 236 19 254
238 237 19 253
239 238 19 252
240 241 19 192
241 242 19 208
243 244 19 224
244 245 19 240
245 246 19 241
246 247 19 242
247 231 19 243
247 248 19 243
248 249 19 244
249 250 19 245
250 251 19 246
251 252 19 247
5 4 20 24
7 6 20 40
8 7 20 56
8 9 20 56
9 10 20 40
11 12 20 24
12 13 20 8
13 14 20 9
14 15 20 10
15 31 20 11
16 0 20 64
17 33 20 21
18 17 20 22
19 18 20 23
20 19 20 7
21 20 20 6
22 21 20 5
23 22 20 4
23 24 20 4
24 25 20 5
25 26 20 6
26 27 20 7
37 36 20 56
39 38 20 72
40 24 20 88
40 39 20 88
41 42 20 28
42 43 20 27
43 44 20 26
44 45 20 25
45 46 20 41
46 47 20 42
47 63 20 43
48 32 20 96
49 65 20 53
50 49 20 54
51 50 20 55
52 51 20 39
53 52 20 38
54 53 20 37
55 54 20 36
55 56 20 36
56 57 20 37
57 58 20 38
58 59 20 39
69 68 20 88
71 70 20 104
72 56 20 120
72 71 20 120
73 74 20 60
74 75 20 59
75 76 20 58
76 77 20 57
77 78 20 73
78 79 20 74
79 95 20 75
80 64 20 128
81 97 20 85
82 81 20 86
83 82 20 87
84 83 20 71
85 84 20 70
86 85 20 69
87 86 20 68
87 88 20 68
88 89 20 69
89 90 20 70
90 91 20 71
101 100 20 120
103 102 20 136
104 88 20 152
104 103 20 152
105 106 20 92
106 107 20 91
107 108 20 90
108 109 20 89
109 110 20 105
110 111 20 106
111 127 20 107
112 96 20 160
113 129 20 117
114 113 20 118
115 114 20 119
116 115 20 103
117 116 20 102
118 117 20 101
119 118 20 100
119 120 20 100
120 121 20 101
121 122 20 102
122 123 20 103
133 132 20 152
135 134 20 168
136 120 20 184
136 135 20 184
137 138 20 124
138 139 20 123
139 140 20 122
140 141 20 121
141 142 20 137
142 143 20 138
143 159 20 139
144 128 20 192
145 161 20 149
146 145 20 150
147 146 20 151
148 147 20 135
149 148 20 134
150 149 20 133
151 150 20 132
151 152 20 132
152 153 20 133
153 154 20 134
154 155 20 135
165 164 20 184
167 166 20 200
168 152 20 216
168 167 20 216
169 170 20 156
170 171 20 155
171 172 20 154
172 173 20 153
173 174 20 169
174 175 20 170
175 191 20 171
176 160 20 224
177 193 20 181
178 177 20 182
179 178 20 183
180 179 20 167
181 180 20 166
182 181 20 165
183 182 20 164
183 184 20 164
184 185 20 165
185 186 20 166
186 187 20 167
197 196 20 216
199 198 20 232
200 184 20 248
200 199 20 248
201 202 20 188
202 203 20 187
203 204 20 186
204 205 20 185
205 206 20 201
206 207 20 202
207 223 20 203
208 192 20 241
209 225 20 213
210 209 20 214
211 210 20 215
212 211 20 199
213 212 20 198
214 213 20 197
215 214 20 196
215 216 20 196
216 217 20 197
217 218 20 198
218 219 20 199
229 228 20 248
230 229 20 249
231 230 20 250
232 216 20 251
232 231 20 251
233 234 20 220
234 235 20 219
235 236 20 218
236 237 20 217
237 238 20 233
238 239 20 234
239 255 20 235
240 224 20 244
241 240 20 245
242 241 20 246
243 242 20 247
244 243 20 231
245 244 20 230
246 245 20 229
247 246 20 228
247 248 20 228
248 249 20 229
249 250 20 230
250 251 20 231
0 16 21 5
1 0 21 6
2 1 21 7
4 3 21 23
5 4 21 22
6 5 21 21
7 6 21 20
7 8 21 20
8 9 21 21
9 10 21 22
10 11 21 23
12 13 21 7
19 18 21 24
21 20 21 8
22 21 21 9
23 22 21 10
24 23 21 11
24 40 21 11
25 26 21 44
26 27 21 43
27 28 21 42
28 29 21 41
30 31 21 25
31 15 21 26
32 48 21 2
33 17 21 38
34 33 21 39
36 35 21 55
37 36 21 54
38 37 21 53
39 38 21 52
39 40 21 52
40 41 21 53
41 42 21 54
42 43 21 55
44 45 21 39
51 50 21 56
53 52 21 40
54 53 21 24
56 55 21 8
56 72 21 8
57 58 21 76
58 59 21 75
59 60 21 74
60 61 21 73
62 63 21 57
63 47 21 58
64 80 21 16
65 49 21 70
66 65 21 71
68 67 21 87
69 68 21 86
70 69 21 85
71 70 21 84
71 72 21 84
72 73 21 85
73 74 21 86
74 75 21 87
76 77 21 71
83 82 21 88
85 84 21 72
86 85 21 56
88 87 21 40
88 104 21 40
89 90 21 108
90 91 21 107
91 92 21 106
92 93 21 105
94 95 21 89
95 79 21 90
96 112 21 48
97 81 21 102
98 97 21 103
100 99 21 119
101 100 21 118
102 101 21 117
103 102 21 116
103 104 21 116
104 105 21 117
105 106 21 118
106 107 21 119
108 109 21 103
115 114 21 120
117 116 21 104
118 117 21 88
120 119 21 72
120 136 21 72
121 122 21 140
122 123 21 139
123 124 21 138
124 125 21 137
126 127 21 121
127 111 21 122
128 144 21 80
129 113 21 134
130 129 21 135
132 131 21 151
133 132 21 150
134 133 21 149
135 134 21 148
135 136 21 148
136 137 21 149
137 138 21 150
138 139 21 151
140 141 21 135
147 146 21 152
149 148 21 136
150 149 21 120
152 151 21 104
152 168 21 104
153 154 21 172
154 155 21 171
155 156 21 170
156 157 21 169
158 159 21 153
159 143 21 154
160 176 21 112
161 145 21 166
162 161 21 167
164 163 21 183
165 164 21 182
166 165 21 181
167 166 21 180
167 168 21 180
168 169 21 181
169 170 21 182
170 171 21 183
172 173 21 167
179 178 21 184
181 180 21 168
182 181 21 152
184 183 21 136
184 200 21 136
185 186 21 204
186 187 21 203
187 188 21 202
188 189 21 201
190 191 21 185
191 175 21 186
192 208 21 144
193 177 21 198
194 193 21 199
196 195 21 215
197 196 21 214
198 197 21 213
199 198 21 212
199 200 21 212
200 201 21 213
201 202 21 214
202 203 21 215
204 205 21 199
211 210 21 216
213 212 21 200
214 213 21 184
216 215 21 168
216 232 21 168
217 218 21 236
218 219 21 235
219 220 21 234
220 221 21 233
222 223 21 217
223 207 21 218
224 240 21 176
225 209 21 230
226 225 21 231
228 227 21 247
229 228 21 246
230 229 21 245
231 230 21 244
231 232 21 244
232 233 21 245
233 234 21 246
234 235 21 247
236 237 21 231
243 242 21 248
245 244 21 232
246 245 21 216
248 247 21 200
248 249 21 200
250 251 21 216
251 252 21 232
253 254 21 248
254 255 21 249
255 239 21 250
0 1 22 48
2 3 22 32
3 4 22 16
5 6 22 0
6 7 22 1
7 8 22 2
7 23 22 2
8 9 22 3
9 10 22 4
10 11 22 5
11 12 22 6
21 20 22 40
22 21 22 56
24 8 22 72
24 23 22 72
25 41 22 30
26 25 22 31
28 27 22 15
29 28 22 14
30 29 22 13
31 30 22 12
32 16 22 80
33 34 22 20
34 35 22 19
35 36 22 18
36 37 22 17
38 39 22 33
39 40 22 34
39 55 22 34
40 41 22 35
41 42 22 36
42 43 22 37
43 44 22 38
53 52 22 72
54 53 22 88
56 40 22 104
56 55 22 104
57 73 22 62
58 57 22 63
60 59 22 47
61 60 22 46
62 61 22 45
63 62 22 44
64 48 22 112
65 66 22 52
66 67 22 51
67 68 22 50
68 69 22 49
70 71 22 65
71 72 22 66
71 87 22 66
72 73 22 67
73 74 22 68
74 75 22 69
75 76 22 70
85 84 22 104
86 85 22 120
88 72 22 136
88 87 22 136
89 105 22 94
90 89 22 95
92 91 22 79
93 92 22 78
94 93 22 77
95 94 22 76
96 80 22 144
97 98 22 84
98 99 22 83
99 100 22 82
100 101 22 81
102 103 22 97
103 104 22 98
103 119 22 98
104 105 22 99
105 106 22 100
106 107 22 101
107 108 22 102
117 116 22 136
118 117 22 152
120 104 22 168
120 119 22 168
121 137 22 126
122 121 22 127
124 123 22 111
125 124 22 110
126 125 22 109
127 126 22 108
128 112 22 176
129 130 22 116
130 131 22 115
131 132 22 114
132 133 22 113
134 135 22 129
135 136 22 130
135 151 22 130
136 137 22 131
137 138 22 132
138 139 22 133
139 140 22 134
149 148 22 168
150 149 22 184
152 136 22 200
152 151 22 200
153 169 22 158
154 153 22 159
156 155 22 143
157 156 22 142
158 157 22 141
159 158 22 140
160 144 22 208
161 162 22 148
162 163 22 147
163 164 22 146
164 165 22 145
166 167 22 161
167 168 22 162
167 183 22 162
168 169 22 163
169 170 22 164
170 171 22 165
171 172 22 166
181 180 22 200
182 181 22 216
184 168 22 232
184 183 22 232
185 201 22 190
186 185 22 191
188 187 22 175
189 188 22 174
190 189 22 173
191 190 22 172
192 176 22 240
193 194 22 180
194 195 22 179
195 196 22 178
196 197 22 177
198 199 22 193
199 200 22 194
199 215 22 194
200 201 22 195
201 202 22 196
202 203 22 197
203 204 22 198
213 212 22 232
214 213 22 248
215 214 22 249
216 200 22 250
216 215 22 250
217 233 22 222
218 217 22 223
220 219 22 207
221 220 22 206
222 221 22 205
223 222 22 204
224 208 22 243
225 226 22 212
226 227 22 211
227 228 22 210
228 229 22 209
230 231 22 225
231 232 22 226
231 247 22 226
232 233 22 227
233 234 22 228
234 235 22 229
235 236 22 230
244 243 22 249
245 244 22 250
246 245 22 251
247 246 22 252
248 232 22 253
248 247 22 253
249 248 22 254
250 249 22 255
252 251 22 239
253 252 22 238
254 253 22 237
255 254 22 236
3 2 23 8
4 3 23 9
5 4 23 10
6 5 23 11
7 6 23 12
8 7 23 13
8 24 23 13
9 8 23 14
10 9 23 15
11 10 23 31
12 11 23 30
13 12 23 29
14 13 23 28
15 14 23 27
16 32 23 4
17 18 23 37
18 19 23 36
19 20 23 35
20 21 23 34
21 22 23 33
22 23 23 17
23 7 23 18
23 24 23 18
24 25 23 19
25 26 23 20
26 27 23 21
27 28 23 22
28 29 23 23
35 34 23 40
36 35 23 24
38 37 23 8
39 38 23 9
40 39 23 10
40 56 23 10
41 25 23 46
42 41 23 47
43 42 23 63
44 43 23 62
45 44 23 61
46 45 23 60
47 46 23 59
48 64 23 1
49 50 23 69
50 51 23 68
51 52 23 67
52 53 23 66
53 54 23 65
54 55 23 49
55 39 23 50
55 56 23 50
56 57 23 51
57 58 23 52
58 59 23 53
59 60 23 54
60 61 23 55
67 66 23 72
68 67 23 56
70 69 23 40
71 70 23 24
73 57 23 78
74 73 23 79
75 74 23 95
76 75 23 94
77 76 23 93
78 77 23 92
79 78 23 91
81 82 23 101
82 83 23 100
83 84 23 99
84 85 23 98
85 86 23 97
86 87 23 81
87 71 23 82
87 88 23 82
88 89 23 83
89 90 23 84
90 91 23 85
91 92 23 86
92 93 23 87
99 98 23 104
100 99 23 88
102 101 23 72
103 102 23 56
105 89 23 110
106 105 23 111
107 106 23 127
108 107 23 126
109 108 23 125
110 109 23 124
111 110 23 123
113 114 23 133
114 115 23 132
115 116 23 131
116 117 23 130
117 118 23 129
118 119 23 113
119 103 23 114
119 120 23 114
120 121 23 115
121 122 23 116
122 123 23 117
123 124 23 118
124 125 23 119
131 130 23 136
132 131 23 120
134 133 23 104
135 134 23 88
137 121 23 142
138 137 23 143
139 138 23 159
140 139 23 158
141 140 23 157
142 141 23 156
143 142 23 155
145 146 23 165
146 147 23 164
147 148 23 163
148 149 23 162
149 150 23 161
150 151 23 145
151 135 23 146
151 152 23 146
152 153 23 147
153 154 23 148
154 155 23 149
155 156 23 150
156 157 23 151
163 162 23 168
164 163 23 152
166 165 23 136
167 166 23 120
169 153 23 174
170 169 23 175
171 170 23 191
172 171 23 190
173 172 23 189
174 173 23 188
175 174 23 187
177 178 23 197
178 179 23 196
179 180 23 195
180 181 23 194
181 182 23 193
182 183 23 177
183 167 23 178
183 184 23 178
184 185 23 179
185 186 23 180
186 187 23 181
187 188 23 182
188 189 23 183
195 194 23 200
196 195 23 184
198 197 23 168
199 198 23 152
201 185 23 206
202 201 23 207
203 202 23 223
204 203 23 222
205 204 23 221
206 205 23 220
207 206 23 219
209 210 23 229
210 211 23 228
211 212 23 227
212 213 23 226
213 214 23 225
214 215 23 209
215 199 23 210
215 216 23 210
216 217 23 211
217 218 23 212
218 219 23 213
219 220 23 214
220 221 23 215
227 226 23 232
228 227 23 216
230 229 23 200
231 230 23 184
233 217 23 238
234 233 23 239
235 234 23 255
236 235 23 254
237 236 23 253
238 237 23 252
239 238 23 251
241 242 23 192
242 243 23 208
244 245 23 224
245 246 23 240
246 247 23 241
247 231 23 242
247 248 23 242
248 249 23 243
249 250 23 244
250 251 23 245
251 252 23 246
252 253 23 247
4 3 24 24
6 5 24 40
7 6 24 56
9 10 24 56
10 11 24 40
12 13 24 24
13 14 24 8
14 15 24 9
15 31 24 10
17 33 24 22
18 17 24 23
19 18 24 7
20 19 24 6
21 20 24 5
22 21 24 4
23 22 24 3
23 24 24 3
24 25 24 4
25 26 24 5
26 27 24 6
27 28 24 7
36 35 24 56
38 37 24 72
39 38 24 88
41 42 24 29
42 43 24 28
43 44 24 27
44 45 24 26
45 46 24 25
46 47 24 41
47 63 24 42
49 65 24 54
50 49 24 55
51 50 24 39
52 51 24 38
53 52 24 37
54 53 24 36
55 54 24 35
55 56 24 35
56 57 24 36
57 58 24 37
58 59 24 38
59 60 24 39
68 67 24 88
70 69 24 104
71 70 24 120
73 74 24 61
74 75 24 60
75 76 24 59
76 77 24 58
77 78 24 57
78 79 24 73
79 95 24 74
81 97 24 86
82 81 24 87
83 82 24 71
84 83 24 70
85 84 24 69
86 85 24 68
87 86 24 67
87 88 24 67
88 89 24 68
89 90 24 69
90 91 24 70
91 92 24 71
100 99 24 120
102 101 24 136
103 102 24 152
105 106 24 93
106 107 24 92
107 108 24 91
108 109 24 90
109 110 24 89
110 111 24 105
111 127 24 106
113 129 24 118
114 113 24 119
115 114 24 103
116 115 24 102
117 116 24 101
118 117 24 100
119 118 24 99
119 120 24 99
120 121 24 100
121 122 24 101
122 123 24 102
123 124 24 103
132 131 24 152
134 133 24 168
135 134 24 184
137 138 24 125
138 139 24 124
139 140 24 123
140 141 24 122
141 142 24 121
142 143 24 137
143 159 24 138
145 161 24 150
146 145 24 151
147 146 24 135
148 147 24 134
149 148 24 133
150 149 24 132
151 150 24 131
151 152 24 131
152 153 24 132
153 154 24 133
154 155 24 134
155 156 24 135
164 163 24 184
166 165 24 200
167 166 24 216
169 170 24 157
170 171 24 156
171 172 24 155
172 173 24 154
173 174 24 153
174 175 24 169
175 191 24 170
177 193 24 182
178 177 24 183
179 178 24 167
180 179 24 166
181 180 24 165
182 181 24 164
183 182 24 163
183 184 24 163
184 185 24 164
185 186 24 165
186 187 24 166
187 188 24 167
196 195 24 216
198 197 24 232
199 198 24 248
200 184 24 249
200 199 24 249
201 202 24 189
202 203 24 188
203 204 24 187
204 205 24 186
205 206 24 185
206 207 24 201
207 223 24 202
208 192 24 242
209 225 24 214
210 209 24 215
211 210 24 199
212 211 24 198
213 212 24 197
214 213 24 196
215 214 24 195
215 216 24 195
216 217 24 196
217 218 24 197
218 219 24 198
219 220 24 199
228 227 24 248
229 228 24 249
230 229 24 250
231 230 24 251
232 216 24 252
232 231 24 252
233 234 24 221
234 235 24 220
235 236 24 219
236 237 24 218
237 238 24 217
238 239 24 233
239 255 24 234
240 224 24 245
241 240 24 246
242 241 24 247
243 242 24 231
244 243 24 230
245 244 24 229
246 245 24 228
247 246 24 227
247 248 24 227
248 249 24 228
249 250 24 229
250 251 24 230
251 252 24 231
0 16 25 6
1 0 25 7
3 2 25 23
4 3 25 22
5 4 25 21
6 5 25 20
7 6 25 19
7 8 25 19
8 9 25 20
9 10 25 21
10 11 25 22
11 12 25 23
13 14 25 7
18 17 25 24
20 19 25 8
21 20 25 9
22 21 25 10
23 22 25 11
24 23 25 12
24 40 25 12
25 26 25 45
26 27 25 44
27 28 25 43
28 29 25 42
29 30 25 41
31 15 25 25
32 48 25 3
33 17 25 39
35 34 25 55
36 35 25 54
37 36 25 53
38 37 25 52
39 38 25 51
39 40 25 51
40 41 25 52
41 42 25 53
42 43 25 54
43 44 25 55
45 46 25 39
50 49 25 56
52 51 25 40
53 52 25 24
55 54 25 8
56 55 25 9
56 72 25 9
57 58 25 77
58 59 25 76
59 60 25 75
60 61 25 74
61 62 25 73
63 47 25 57
64 80 25 0
65 49 25 71
67 66 25 87
68 67 25 86
69 68 25 85
70 69 25 84
71 70 25 83
71 72 25 83
72 73 25 84
73 74 25 85
74 75 25 86
75 76 25 87
77 78 25 71
82 81 25 88
84 83 25 72
85 84 25 56
87 86 25 40
88 87 25 24
88 104 25 24
89 90 25 109
90 91 25 108
91 92 25 107
92 93 25 106
93 94 25 105
95 79 25 89
96 112 25 32
97 81 25 103
99 98 25 119
100 99 25 118
101 100 25 117
102 101 25 116
103 102 25 115
103 104 25 115
104 105 25 116
105 106 25 117
106 107 25 118
107 108 25 119
109 110 25 103
114 113 25 120
116 115 25 104
117 116 25 88
119 118 25 72
120 119 25 56
120 136 25 56
121 122 25 141
122 123 25 140
123 124 25 139
124 125 25 138
125 126 25 137
127 111 25 121
128 144 25 64
129 113 25 135
131 130 25 151
132 131 25 150
133 132 25 149
134 133 25 148
135 134 25 147
135 136 25 147
136 137 25 148
137 138 25 149
138 139 25 150
139 140 25 151
141 142 25 135
146 145 25 152
148 147 25 136
149 148 25 120
151 150 25 104
152 151 25 88
152 168 25 88
153 154 25 173
154 155 25 172
155 156 25 171
156 157 25 170
157 158 25 169
159 143 25 153
160 176 25 96
161 145 25 167
163 162 25 183
164 163 25 182
165 164 25 181
166 165 25 180
167 166 25 179
167 168 25 179
168 169 25 180
169 170 25 181
170 171 25 182
171 172 25 183
173 174 25 167
178 177 25 184
180 179 25 168
181 180 25 152
183 182 25 136
184 183 25 120
184 200 25 120
185 186 25 205
186 187 25 204
187 188 25 203
188 189 25 202
189 190 25 201
191 175 25 185
192 208 25 128
193 177 25 199
195 194 25 215
196 195 25 214
197 196 25 213
198 197 25 212
199 198 25 211
199 200 25 211
200 201 25 212
201 202 25 213
202 203 25 214
203 204 25 215
205 206 25 199
210 209 25 216
212 211 25 200
213 212 25 184
215 214 25 168
216 215 25 152
216 232 25 152
217 218 25 237
218 219 25 236
219 220 25 235
220 221 25 234
221 222 25 233
223 207 25 217
224 240 25 160
225 209 25 231
227 226 25 247
228 227 25 246
229 228 25 245
230 229 25 244
231 230 25 243
231 232 25 243
232 233 25 244
233 234 25 245
234 235 25 246
235 236 25 247
237 238 25 231
242 241 25 248
244 243 25 232
245 244 25 216
247 246 25 200
248 247 25 184
248 249 25 184
249 250 25 200
251 252 25 216
252 253 25 232
254 255 25 248
255 239 25 249
0 1 26 64
1 2 26 48
3 4 26 32
4 5 26 16
6 7 26 0
7 8 26 1
7 23 26 1
8 9 26 2
9 10 26 3
10 11 26 4
11 12 26 5
12 13 26 6
20 19 26 40
21 20 26 56
23 22 26 72
24 8 26 88
24 23 26 88
25 41 26 31
27 26 26 15
28 27 26 14
29 28 26 13
30 29 26 12
31 30 26 11
32 16 26 96
33 34 26 21
34 35 26 20
35 36 26 19
36 37 26 18
37 38 26 17
39 40 26 33
39 55 26 33
40 41 26 34
41 42 26 35
42 43 26 36
43 44 26 37
44 45 26 38
52 51 26 72
53 52 26 88
55 54 26 104
56 40 26 120
56 55 26 120
57 73 26 63
59 58 26 47
60 59 26 46
61 60 26 45
62 61 26 44
63 62 26 43
64 48 26 128
65 66 26 53
66 67 26 52
67 68 26 51
68 69 26 50
69 70 26 49
71 72 26 65
71 87 26 65
72 73 26 66
73 74 26 67
74 75 26 68
75 76 26 69
76 77 26 70
84 83 26 104
85 84 26 120
87 86 26 136
88 72 26 152
88 87 26 152
89 105 26 95
91 90 26 79
92 91 26 78
93 92 26 77
94 93 26 76
95 94 26 75
96 80 26 160
97 98 26 85
98 99 26 84
99 100 26 83
100 101 26 82
101 102 26 81
103 104 26 97
103 119 26 97
104 105 26 98
105 106 26 99
106 107 26 100
107 108 26 101
108 109 26 102
116 115 26 136
117 116 26 152
119 118 26 168
120 104 26 184
120 119 26 184
121 137 26 127
123 122 26 111
124 123 26 110
125 124 26 109
126 125 26 108
127 126 26 107
128 112 26 192
129 130 26 117
130 131 26 116
131 132 26 115
132 133 26 114
133 134 26 113
135 136 26 129
135 151 26 129
136 137 26 130
137 138 26 131
138 139 26 132
139 140 26 133
140 141 26 134
148 147 26 168
149 148 26 184
151 150 26 200
152 136 26 216
152 151 26 216
153 169 26 159
155 154 26 143
156 155 26 142
157 156 26 141
158 157 26 140
159 158 26 139
160 144 26 224
161 162 26 149
162 163 26 148
163 164 26 147
164 165 26 146
165 166 26 145
167 168 26 161
167 183 26 161
168 169 26 162
169 170 26 163
170 171 26 164
171 172 26 165
172 173 26 166
180 179 26 200
181 180 26 216
183 182 26 232
184 168 26 248
184 183 26 248
185 201 26 191
187 186 26 175
188 187 26 174
189 188 26 173
190 189 26 172
191 190 26 171
192 176 26 241
193 194 26 181
194 195 26 180
195 196 26 179
196 197 26 178
197 198 26 177
199 200 26 193
199 215 26 193
200 201 26 194
201 202 26 195
202 203 26 196
203 204 26 197
204 205 26 198
212 211 26 232
213 212 26 248
214 213 26 249
215 214 26 250
216 200 26 251
216 215 26 251
217 233 26 223
219 218 26 207
220 219 26 206
221 220 26 205
222 221 26 204
223 222 26 203
224 208 26 244
225 226 26 213
226 227 26 212
227 228 26 211
228 229 26 210
229 230 26 209
231 232 26 225
231 247 26 225
232 233 26 226
233 234 26 227
234 235 26 228
235 236 26 229
236 237 26 230
243 242 26 249
244 243 26 250
245 244 26 251
246 245 26 252
247 246 26 253
248 232 26 254
248 247 26 254
249 248 26 255
251 250 26 239
252 251 26 238
253 252 26 237
254 253 26 236
255 254 26 235
2 1 27 8
3 2 27 9
4 3 27 10
5 4 27 11
6 5 27 12
7 6 27 13
8 7 27 14
8 24 27 14
9 8 27 15
10 9 27 31
11 10 27 30
12 11 27 29
13 12 27 28
14 13 27 27
15 14 27 26
16 32 27 5
17 18 27 38
18 19 27 37
19 20 27 36
20 21 27 35
21 22 27 34
22 23 27 33
23 7 27 17
23 24 27 17
24 25 27 18
25 26 27 19
26 27 27 20
27 28 27 21
28 29 27 22
29 30 27 23
34 33 27 40
35 34 27 24
37 36 27 8
38 37 27 9
39 38 27 10
40 39 27 11
40 56 27 11
41 25 27 47
42 41 27 63
43 42 27 62
44 43 27 61
45 44 27 60
46 45 27 59
47 46 27 58
48 64 27 2
49 50 27 70
50 51 27 69
51 52 27 68
52 53 27 67
53 54 27 66
54 55 27 65
55 39 27 49
55 56 27 49
56 57 27 50
57 58 27 51
58 59 27 52
59 60 27 53
60 61 27 54
61 62 27 55
66 65 27 72
67 66 27 56
69 68 27 40
70 69 27 24
72 71 27 8
72 88 27 8
73 57 27 79
74 73 27 95
75 74 27 94
76 75 27 93
77 76 27 92
78 77 27 91
79 78 27 90
80 96 27 16
81 82 27 102
82 83 27 101
83 84 27 100
84 85 27 99
85 86 27 98
86 87 27 97
87 71 27 81
87 88 27 81
88 89 27 82
89 90 27 83
90 91 27 84
91 92 27 85
92 93 27 86
93 94 27 87
98 97 27 104
99 98 27 88
101 100 27 72
102 101 27 56
104 103 27 40
104 120 27 40
105 89 27 111
106 105 27 127
107 106 27 126
108 107 27 125
109 108 27 124
110 109 27 123
111 110 27 122
112 128 27 48
113 114 27 134
114 115 27 133
115 116 27 132
116 117 27 131
117 118 27 130
118 119 27 129
119 103 27 113
119 120 27 113
120 121 27 114
121 122 27 115
122 123 27 116
123 124 27 117
124 125 27 118
125 126 27 119
130 129 27 136
131 130 27 120
133 132 27 104
134 133 27 88
136 135 27 72
136 152 27 72
137 121 27 143
138 137 27 159
139 138 27 158
140 139 27 157
141 140 27 156
142 141 27 155
143 142 27 154
144 160 27 80
145 146 27 166
146 147 27 165
147 148 27 164
148 149 27 163
149 150 27 162
150 151 27 161
151 135 27 145
151 152 27 145
152 153 27 146
153 154 27 147
154 155 27 148
155 156 27 149
156 157 27 150
157 158 27 151
162 161 27 168
163 162 27 152
165 164 27 136
166 165 27 120
168 167 27 104
168 184 27 104
169 153 27 175
170 169 27 191
171 170 27 190
172 171 27 189
173 172 27 188
174 173 27 187
175 174 27 186
176 192 27 112
177 178 27 198
178 179 27 197
179 180 27 196
180 181 27 195
181 182 27 194
182 183 27 193
183 167 27 177
183 184 27 177
184 185 27 178
185 186 27 179
186 187 27 180
187 188 27 181
188 189 27 182
189 190 27 183
194 193 27 200
195 194 27 184
197 196 27 168
198 197 27 152
200 199 27 136
200 216 27 136
201 185 27 207
202 201 27 223
203 202 27 222
204 203 27 221
205 204 27 220
206 205 27 219
207 206 27 218
208 224 27 144
209 210 27 230
210 211 27 229
211 212 27 228
212 213 27 227
213 214 27 226
214 215 27 225
215 199 27 209
215 216 27 209
216 217 27 210
217 218 27 211
218 219 27 212
219 220 27 213
220 221 27 214
221 222 27 215
226 225 27 232
227 226 27 216
229 228 27 200
230 229 27 184
232 231 27 168
232 248 27 168
233 217 27 239
234 233 27 255
235 234 27 254
236 235 27 253
237 236 27 252
238 237 27 251
239 238 27 250
240 241 27 176
242 243 27 192
243 244 27 208
245 246 27 224
246 247 27 240
247 231 27 241
247 248 27 241
248 249 27 242
249 250 27 243
250 251 27 244
251 252 27 245
252 253 27 246
253 254 27 247
3 2 28 24
5 4 28 40
6 5 28 56
8 7 28 72
8 9 28 72
10 11 28 56
11 12 28 40
13 14 28 24
14 15 28 8
15 31 28 9
16 0 28 80
17 33 28 23
18 17 28 7
19 18 28 6
20 19 28 5
21 20 28 4
22 21 28 3
23 22 28 2
23 24 28 2
24 25 28 3
25 26 28 4
26 27 28 5
27 28 28 6
28 29 28 7
35 34 28 56
37 36 28 72
38 37 28 88
40 24 28 104
40 39 28 104
41 42 28 30
42 43 28 29
43 44 28 28
44 45 28 27
45 46 28 26
46 47 28 25
47 63 28 41
48 32 28 112
49 65 28 55
50 49 28 39
51 50 28 38
52 51 28 37
53 52 28 36
54 53 28 35
55 54 28 34
55 56 28 34
56 57 28 35
57 58 28 36
58 59 28 37
59 60 28 38
60 61 28 39
67 66 28 88
69 68 28 104
70 69 28 120
72 56 28 136
72 71 28 136
73 74 28 62
74 75 28 61
75 76 28 60
76 77 28 59
77 78 28 58
78 79 28 57
79 95 28 73
80 64 28 144
81 97 28 87
82 81 28 71
83 82 28 70
84 83 28 69
85 84 28 68
86 85 28 67
87 86 28 66
87 88 28 66
88 89 28 67
89 90 28 68
90 91 28 69
91 92 28 70
92 93 28 71
99 98 28 120
101 100 28 136
102 101 28 152
104 88 28 168
104 103 28 168
105 106 28 94
106 107 28 93
107 108 28 92
108 109 28 91
109 110 28 90
110 111 28 89
111 127 28 105
112 96 28 176
113 129 28 119
114 113 28 103
115 114 28 102
116 115 28 101
117 116 28 100
118 117 28 99
119 118 28 98
119 120 28 98
120 121 28 99
121 122 28 100
122 123 28 101
123 124 28 102
124 125 28 103
131 130 28 152
133 132 28 168
134 133 28 184
136 120 28 200
136 135 28 200
137 138 28 126
138 139 28 125
139 140 28 124
140 141 28 123
141 142 28 122
142 143 28 121
143 159 28 137
144 128 28 208
145 161 28 151
146 145 28 135
147 146 28 134
148 147 28 133
149 148 28 132
150 149 28 131
151 150 28 130
151 152 28 130
152 153 28 131
153 154 28 132
154 155 28 133
155 156 28 134
156 157 28 135
163 162 28 184
165 164 28 200
166 165 28 216
168 152 28 232
168 167 28 232
169 170 28 158
170 171 28 157
171 172 28 156
172 173 28 155
173 174 28 154
174 175 28 153
175 191 28 169
176 160 28 240
177 193 28 183
178 177 28 167
179 178 28 166
180 179 28 165
181 180 28 164
182 181 28 163
183 182 28 162
183 184 28 162
184 185 28 163
185 186 28 164
186 187 28 165
187 188 28 166
188 189 28 167
195 194 28 216
197 196 28 232
198 197 28 248
199 198 28 249
200 184 28 250
200 199 28 250
201 202 28 190
202 203 28 189
203 204 28 188
204 205 28 187
205 206 28 186
206 207 28 185
207 223 28 201
208 192 28 243
209 225 28 215
210 209 28 199
211 210 28 198
212 211 28 197
213 212 28 196
214 213 28 195
215 214 28 194
215 216 28 194
216 217 28 195
217 218 28 196
218 219 28 197
219 220 28 198
220 221 28 199
227 226 28 248
228 227 28 249
229 228 28 250
230 229 28 251
231 230 28 252
232 216 28 253
232 231 28 253
233 234 28 222
234 235 28 221
235 236 28 220
236 237 28 219
237 238 28 218
238 239 28 217
239 255 28 233
240 224 28 246
241 240 28 247
242 241 28 231
243 242 28 230
244 243 28 229
245 244 28 228
246 245 28 227
247 246 28 226
247 248 28 226
248 249 28 227
249 250 28 228
250 251 28 229
251 252 28 230
252 253 28 231
0 16 29 7
2 1 29 23
3 2 29 22
4 3 29 21
5 4 29 20
6 5 29 19
7 6 29 18
7 8 29 18
8 9 29 19
9 10 29 20
10 11 29 21
11 12 29 22
12 13 29 23
14 15 29 7
17 16 29 24
19 18 29 8
20 19 29 9
21 20 29 10
22 21 29 11
23 22 29 12
24 23 29 13
24 40 29 13
25 26 29 46
26 27 29 45
27 28 29 44
28 29 29 43
29 30 29 42
30 31 29 41
32 48 29 4
34 33 29 55
35 34 29 54
36 35 29 53
37 36 29 52
38 37 29 51
39 38 29 50
39 40 29 50
40 41 29 51
41 42 29 52
42 43 29 53
43 44 29 54
44 45 29 55
46 47 29 39
49 48 29 56
51 50 29 40
52 51 29 24
54 53 29 8
55 54 29 9
56 55 29 10
56 72 29 10
57 58 29 78
58 59 29 77
59 60 29 76
60 61 29 75
61 62 29 74
62 63 29 73
64 80 29 1
66 65 29 87
67 66 29 86
68 67 29 85
69 68 29 84
70 69 29 83
71 70 29 82
71 72 29 82
72 73 29 83
73 74 29 84
74 75 29 85
75 76 29 86
76 77 29 87
78 79 29 71
81 80 29 88
83 82 29 72
84 83 29 56
86 85 29 40
87 86 29 24
89 90 29 110
90 91 29 109
91 92 29 108
92 93 29 107
93 94 29 106
94 95 29 105
98 97 29 119
99 98 29 118
100 99 29 117
101 100 29 116
102 101 29 115
103 102 29 114
103 104 29 114
104 105 29 115
105 106 29 116
106 107 29 117
107 108 29 118
108 109 29 119
110 111 29 103
113 112 29 120
115 114 29 104
116 115 29 88
118 117 29 72
119 118 29 56
121 122 29 142
122 123 29 141
123 124 29 140
124 125 29 139
125 126 29 138
126 127 29 137
130 129 29 151
131 130 29 150
132 131 29 149
133 132 29 148
134 133 29 147
135 134 29 146
135 136 29 146
136 137 29 147
137 138 29 148
138 139 29 149
139 140 29 150
140 141 29 151
142 143 29 135
145 144 29 152
147 146 29 136
148 147 29 120
150 149 29 104
151 150 29 88
153 154 29 174
154 155 29 173
155 156 29 172
156 157 29 171
157 158 29 170
158 159 29 169
162 161 29 183
163 162 29 182
164 163 29 181
165 164 29 180
166 165 29 179
167 166 29 178
167 168 29 178
168 169 29 179
169 170 29 180
170 171 29 181
171 172 29 182
172 173 29 183
174 175 29 167
177 176 29 184
179 178 29 168
180 179 29 152
182 181 29 136
183 182 29 120
185 186 29 206
186 187 29 205
187 188 29 204
188 189 29 203
189 190 29 202
190 191 29 201
194 193 29 215
195 194 29 214
196 195 29 213
197 196 29 212
198 197 29 211
199 198 29 210
199 200 29 210
200 201 29 211
201 202 29 212
202 203 29 213
203 204 29 214
204 205 29 215
206 207 29 199
209 208 29 216
211 210 29 200
212 211 29 184
214 213 29 168
215 214 29 152
217 218 29 238
218 219 29 237
219 220 29 236
220 221 29 235
221 222 29 234
222 223 29 233
226 225 29 247
227 226 29 246
228 227 29 245
229 228 29 244
230 229 29 243
231 230 29 242
231 232 29 242
232 233 29 243
233 234 29 244
234 235 29 245
235 236 29 246
236 237 29 247
238 239 29 231
241 240 29 248
243 242 29 232
244 243 29 216
246 245 29 200
247 246 29 184
249 250 29 184
250 251 29 200
252 253 29 216
253 254 29 232
255 239 29 248
1 2 30 64
2 3 30 48
4 5 30 32
5 6 30 16
7 8 30 0
7 23 30 0
8 9 30 1
9 10 30 2
10 11 30 3
11 12 30 4
12 13 30 5
13 14 30 6
19 18 30 40
20 19 30 56
22 21 30 72
23 22 30 88
26 25 30 15
27 26 30 14
28 27 30 13
29 28 30 12
30 29 30 11
31 30 30 10
33 34 30 22
34 35 30 21
35 36 30 20
36 37 30 19
37 38 30 18
38 39 30 17
40 41 30 33
41 42 30 34
42 43 30 35
43 44 30 36
44 45 30 37
45 46 30 38
51 50 30 72
52 51 30 88
54 53 30 104
55 54 30 120
58 57 30 47
59 58 30 46
60 59 30 45
61 60 30 44
62 61 30 43
63 62 30 42
65 66 30 54
66 67 30 53
67 68 30 52
68 69 30 51
69 70 30 50
70 71 30 49
72 73 30 65
73 74 30 66
74 75 30 67
75 76 30 68
76 77 30 69
77 78 30 70
83 82 30 104
84 83 30 120
86 85 30 136
87 86 30 152
90 89 30 79
91 90 30 78
92 91 30 77
93 92 30 76
94 93 30 75
95 94 30 74
97 98 30 86
98 99 30 85
99 100 30 84
100 101 30 83
101 102 30 82
102 103 30 81
104 105 30 97
105 106 30 98
106 107 30 99
107 108 30 100
108 109 30 101
109 110 30 102
115 114 30 136
116 115 30 152
118 117 30 168
119 118 30 184
122 121 30 111
123 122 30 110
124 123 30 109
125 124 30 108
126 125 30 107
127 126 30 106
129 130 30 118
130 131 30 117
131 132 30 116
132 133 30 115
133 134 30 114
134 135 30 113
136 137 30 129
137 138 30 130
138 139 30 131
139 140 30 132
140 141 30 133
141 142 30 134
147 146 30 168
148 147 30 184
150 149 30 200
151 150 30 216
154 153 30 143
155 154 30 142
156 155 30 141
157 156 30 140
158 157 30 139
159 158 30 138
161 162 30 150
162 163 30 149
163 164 30 148
164 165 30 147
165 166 30 146
166 167 30 145
168 169 30 161
169 170 30 162
170 171 30 163
171 172 30 164
172 173 30 165
173 174 30 166
179 178 30 200
180 179 30 216
182 181 30 232
183 182 30 248
184 168 30 249
184 183 30 249
186 185 30 175
187 186 30 174
188 187 30 173
189 188 30 172
190 189 30 171
191 190 30 170
192 176 30 242
193 194 30 182
194 195 30 181
195 196 30 180
196 197 30 179
197 198 30 178
198 199 30 177
200 201 30 193
201 202 30 194
202 203 30 195
203 204 30 196
204 205 30 197
205 206 30 198
211 210 30 232
212 211 30 248
213 212 30 249
214 213 30 250
215 214 30 251
216 200 30 252
216 215 30 252
218 217 30 207
219 218 30 206
220 219 30 205
221 220 30 204
222 221 30 203
223 222 30 202
224 208 30 245
225 226 30 214
226 227 30 213
227 228 30 212
228 229 30 211
229 230 30 210
230 231 30 209
232 233 30 225
233 234 30 226
234 235 30 227
235 236 30 228
236 237 30 229
237 238 30 230
242 241 30 249
243 242 30 250
244 243 30 251
245 244 30 252
246 245 30 253
247 246 30 254
248 232 30 255
248 247 30 255
250 249 30 239
251 250 30 238
252 251 30 237
253 252 30 236
254 253 30 235
255 254 30 234
1 0 31 8
2 1 31 9
3 2 31 10
4 3 31 11
5 4 31 12
6 5 31 13
7 6 31 14
8 7 31 15
8 24 31 15
9 8 31 31
10 9 31 30
11 10 31 29
12 11 31 28
13 12 31 27
14 13 31 26
15 14 31 25
16 32 31 6
17 18 31 39
18 19 31 38
19 20 31 37
20 21 31 36
21 22 31 35
22 23 31 34
23 7 31 33
23 24 31 33
24 25 31 17
25 26 31 18
26 27 31 19
27 28 31 20
28 29 31 21
29 30 31 22
30 31 31 23
33 32 31 40
34 33 31 24
36 35 31 8
37 36 31 9
38 37 31 10
39 38 31 11
40 39 31 12
40 56 31 12
41 25 31 63
42 41 31 62
43 42 31 61
44 43 31 60
45 44 31 59
46 45 31 58
47 46 31 57
48 64 31 3
49 50 31 71
50 51 31 70
51 52 31 69
52 53 31 68
53 54 31 67
54 55 31 66
55 39 31 65
55 56 31 65
56 57 31 49
57 58 31 50
58 59 31 51
59 60 31 52
60 61 31 53
61 62 31 54
62 63 31 55
65 64 31 72
66 65 31 56
68 67 31 40
69 68 31 24
71 70 31 8
72 71 31 9
72 88 31 9
73 57 31 95
74 73 31 94
75 74 31 93
76 75 31 92
77 76 31 91
78 77 31 90
79 78 31 89
80 96 31 0
81 82 31 103
82 83 31 102
83 84 31 101
84 85 31 100
85 86 31 99
86 87 31 98
87 71 31 97
87 88 31 97
88 89 31 81
89 90 31 82
90 91 31 83
91 92 31 84
92 93 31 85
93 94 31 86
94 95 31 87
97 96 31 104
98 97 31 88
100 99 31 72
101 100 31 56
103 102 31 40
104 103 31 24
104 120 31 24
105 89 31 127
106 105 31 126
107 106 31 125
108 107 31 124
109 108 31 123
110 109 31 122
111 110 31 121
112 128 31 32
113 114 31 135
114 115 31 134
115 116 31 133
116 117 31 132
117 118 31 131
118 119 31 130
119 103 31 129
119 120 31 129
120 121 31 113
121 122 31 114
122 123 31 115
123 124 31 116
124 125 31 117
125 126 31 118
126 127 31 119
129 128 31 136
130 129 31 120
132 131 31 104
133 132 31 88
135 134 31 72
136 135 31 56
136 152 31 56
137 121 31 159
138 137 31 158
139 138 31 157
140 139 31 156
141 140 31 155
142 141 31 154
143 142 31 153
144 160 31 64
145 146 31 167
146 147 31 166
147 148 31 165
148 149 31 164
149 150 31 163
150 151 31 162
151 135 31 161
151 152 31 161
152 153 31 145
153 154 31 146
154 155 31 147
155 156 31 148
156 157 31 149
157 158 31 150
158 159 31 151
161 160 31 168
162 161 31 152
164 163 31 136
165 164 31 120
167 166 31 104
168 167 31 88
168 184 31 88
169 153 31 191
170 169 31 190
171 170 31 189
172 171 31 188
173 172 31 187
174 173 31 186
175 174 31 185
176 192 31 96
177 178 31 199
178 179 31 198
179 180 31 197
180 181 31 196
181 182 31 195
182 183 31 194
183 167 31 193
183 184 31 193
184 185 31 177
185 186 31 178
186 187 31 179
187 188 31 180
188 189 31 181
189 190 31 182
190 191 31 183
193 192 31 200
194 193 31 184
196 195 31 168
197 196 31 152
199 198 31 136
200 199 31 120
200 216 31 120
201 185 31 223
202 201 31 222
203 202 31 221
204 203 31 220
205 204 31 219
206 205 31 218
207 206 31 217
208 224 31 128
209 210 31 231
210 211 31 230
211 212 31 229
212 213 31 228
213 214 31 227
214 215 31 226
215 199 31 225
215 216 31 225
216 217 31 209
217 218 31 210
218 219 31 211
219 220 31 212
220 221 31 213
221 222 31 214
222 223 31 215
225 224 31 232
226 225 31 216
228 227 31 200
229 228 31 184
231 230 31 168
232 231 31 152
232 248 31 152
233 217 31 255
234 233 31 254
235 234 31 253
236 235 31 252
237 236 31 251
238 237 31 250
239 238 31 249
240 241 31 160
241 242 31 176
243 244 31 192
244 245 31 208
246 247 31 224
247 231 31 240
247 248 31 240
248 249 31 241
249 250 31 242
250 251 31 243
251 252 31 244
252 253 31 245
253 254 31 246
254 255 31 247
2 1 32 24
4 3 32 40
5 4 32 56
7 6 32 72
8 7 32 88
8 9 32 88
9 10 32 72
11 12 32 56
12 13 32 40
14 15 32 24
15 31 32 8
16 0 32 96
17 33 32 7
18 17 32 6
19 18 32 5
20 19 32 4
21 20 32 3
22 21 32 2
23 22 32 1
23 24 32 1
24 25 32 2
25 26 32 3
26 27 32 4
27 28 32 5
28 29 32 6
29 30 32 7
34 33 32 56
36 35 32 72
37 36 32 88
39 38 32 104
40 24 32 120
40 39 32 120
41 42 32 31
42 43 32 30
43 44 32 29
44 45 32 28
45 46 32 27
46 47 32 26
47 63 32 25
48 32 32 128
49 65 32 39
50 49 32 38
51 50 32 37
52 51 32 36
53 52 32 35
54 53 32 34
55 54 32 33
55 56 32 33
56 57 32 34
57 58 32 35
58 59 32 36
59 60 32 37
60 61 32 38
61 62 32 39
66 65 32 88
68 67 32 104
69 68 32 120
71 70 32 136
72 56 32 152
72 71 32 152
73 74 32 63
74 75 32 62
75 76 32 61
76 77 32 60
77 78 32 59
78 79 32 58
79 95 32 57
80 64 32 160
81 97 32 71
82 81 32 70
83 82 32 69
84 83 32 68
85 84 32 67
86 85 32 66
87 86 32 65
87 88 32 65
88 89 32 66
89 90 32 67
90 91 32 68
91 92 32 69
92 93 32 70
93 94 32 71
98 97 32 120
100 99 32 136
101 100 32 152
103 102 32 168
104 88 32 184
104 103 32 184
105 106 32 95
106 107 32 94
107 108 32 93
108 109 32 92
109 110 32 91
110 111 32 90
111 127 32 89
112 96 32 192
113 129 32 103
114 113 32 102
115 114 32 101
116 115 32 100
117 116 32 99
118 117 32 98
119 118 32 97
119 120 32 97
120 121 32 98
121 122 32 99
122 123 32 100
123 124 32 101
124 125 32 102
125 126 32 103
130 129 32 152
132 131 32 168
133 132 32 184
135 134 32 200
136 120 32 216
136 135 32 216
137 138 32 127
138 139 32 126
139 140 32 125
140 141 32 124
141 142 32 123
142 143 32 122
143 159 32 121
144 128 32 224
145 161 32 135
146 145 32 134
147 146 32 133
148 147 32 132
149 148 32 131
150 149 32 130
151 150 32 129
151 152 32 129
152 153 32 130
153 154 32 131
154 155 32 132
155 156 32 133
156 157 32 134
157 158 32 135
162 161 32 184
164 163 32 200
165 164 32 216
167 166 32 232
168 152 32 248
168 167 32 248
169 170 32 159
170 171 32 158
171 172 32 157
172 173 32 156
173 174 32 155
174 175 32 154
175 191 32 153
176 160 32 241
177 193 32 167
178 177 32 166
179 178 32 165
180 179 32 164
181 180 32 163
182 181 32 162
183 182 32 161
183 184 32 161
184 185 32 162
185 186 32 163
186 187 32 164
187 188 32 165
188 189 32 166
189 190 32 167
194 193 32 216
196 195 32 232
197 196 32 248
198 197 32 249
199 198 32 250
200 184 32 251
200 199 32 251
201 202 32 191
202 203 32 190
203 204 32 189
204 205 32 188
205 206 32 187
206 207 32 186
207 223 32 185
208 192 32 244
209 225 32 199
210 209 32 198
211 210 32 197
212 211 32 196
213 212 32 195
214 213 32 194
215 214 32 193
215 216 32 193
216 217 32 194
217 218 32 195
218 219 32 196
219 220 32 197
220 221 32 198
221 222 32 199
226 225 32 248
227 226 32 249
228 227 32 250
229 228 32 251
230 229 32 252
231 230 32 253
232 216 32 254
232 231 32 254
233 234 32 223
234 235 32 222
235 236 32 221
236 237 32 220
237 238 32 219
238 239 32 218
239 255 32 217
240 224 32 247
241 240 32 231
242 241 32 230
243 242 32 229
244 243 32 228
245 244 32 227
246 245 32 226
247 246 32 225
247 248 32 225
248 249 32 226
249 250 32 227
250 251 32 228
251 252 32 229
252 253 32 230
253 254 32 231
1 0 33 23
2 1 33 22
3 2 33 21
4 3 33 20
5 4 33 19
6 5 33 18
7 6 33 17
7 8 33 17
8 9 33 18
9 10 33 19
10 11 33 20
11 12 33 21
12 13 33 22
13 14 33 23
18 17 33 8
19 18 33 9
20 19 33 10
21 20 33 11
22 21 33 12
23 22 33 13
24 23 33 14
24 40 33 14
25 26 33 47
26 27 33 46
27 28 33 45
28 29 33 44
29 30 33 43
30 31 33 42
31 15 33 41
32 48 33 5
33 17 33 55
34 33 33 54
35 34 33 53
36 35 33 52
37 36 33 51
38 37 33 50
39 38 33 49
39 40 33 49
40 41 33 50
41 42 33 51
42 43 33 52
43 44 33 53
44 45 33 54
45 46 33 55
50 49 33 40
51 50 33 24
53 52 33 8
54 53 33 9
55 54 33 10
56 55 33 11
56 72 33 11
57 58 33 79
58 59 33 78
59 60 33 77
60 61 33 76
61 62 33 75
62 63 33 74
63 47 33 73
64 80 33 2
65 49 33 87
66 65 33 86
67 66 33 85
68 67 33 84
69 68 33 83
70 69 33 82
71 70 33 81
71 72 33 81
72 73 33 82
73 74 33 83
74 75 33 84
75 76 33 85
76 77 33 86
77 78 33 87
82 81 33 72
83 82 33 56
85 84 33 40
86 85 33 24
88 87 33 8
88 104 33 8
89 90 33 111
90 91 33 110
91 92 33 109
92 93 33 108
93 94 33 107
94 95 33 106
95 79 33 105
96 112 33 16
97 81 33 119
98 97 33 118
99 98 33 117
100 99 33 116
101 100 33 115
102 101 33 114
103 102 33 113
103 104 33 113
104 105 33 114
105 106 33 115
106 107 33 116
107 108 33 117
108 109 33 118
109 110 33 119
114 113 33 104
115 114 33 88
117 116 33 72
118 117 33 56
120 119 33 40
120 136 33 40
121 122 33 143
122 123 33 142
123 124 33 141
124 125 33 140
125 126 33 139
126 127 33 138
127 111 33 137
128 144 33 48
129 113 33 151
130 129 33 150
131 130 33 149
132 131 33 148
133 132 33 147
134 133 33 146
135 134 33 145
135 136 33 145
136 137 33 146
137 138 33 147
138 139 33 148
139 140 33 149
140 141 33 150
141 142 33 151
146 145 33 136
147 146 33 120
149 148 33 104
150 149 33 88
152 151 33 72
152 168 33 72
153 154 33 175
154 155 33 174
155 156 33 173
156 157 33 172
157 158 33 171
158 159 33 170
159 143 33 169
160 176 33 80
161 145 33 183
162 161 33 182
163 162 33 181
164 163 33 180
165 164 33 179
166 165 33 178
167 166 33 177
167 168 33 177
168 169 33 178
169 170 33 179
170 171 33 180
171 172 33 181
172 173 33 182
173 174 33 183
178 177 33 168
179 178 33 152
181 180 33 136
182 181 33 120
184 183 33 104
184 200 33 104
185 186 33 207
186 187 33 206
187 188 33 205
188 189 33 204
189 190 33 203
190 191 33 202
191 175 33 201
192 208 33 112
193 177 33 215
194 193 33 214
195 194 33 213
196 195 33 212
197 196 33 211
198 197 33 210
199 198 33 209
199 200 33 209
200 201 33 210
201 202 33 211
202 203 33 212
203 204 33 213
204 205 33 214
205 206 33 215
210 209 33 200
211 210 33 184
213 212 33 168
214 213 33 152
216 215 33 136
216 232 33 136
217 218 33 239
218 219 33 238
219 220 33 237
220 221 33 236
221 222 33 235
222 223 33 234
223 207 33 233
224 240 33 144
225 209 33 247
226 225 33 246
227 226 33 245
228 227 33 244
229 228 33 243
230 229 33 242
231 230 33 241
231 232 33 241
232 233 33 242
233 234 33 243
234 235 33 244
235 236 33 245
236 237 33 246
237 238 33 247
242 241 33 232
243 242 33 216
245 244 33 200
246 245 33 184
248 247 33 168
248 249 33 168
250 251 33 184
251 252 33 200
253 254 33 216
254 255 33 232
0 1 34 80
2 3 34 64
3 4 34 48
5 6 34 32
6 7 34 16
8 9 34 0
9 10 34 1
10 11 34 2
11 12 34 3
12 13 34 4
13 14 34 5
14 15 34 6
18 17 34 40
19 18 34 56
21 20 34 72
22 21 34 88
24 8 34 104
24 23 34 104
25 41 34 15
26 25 34 14
27 26 34 13
28 27 34 12
29 28 34 11
30 29 34 10
31 30 34 9
32 16 34 112
33 34 34 23
34 35 34 22
35 36 34 21
36 37 34 20
37 38 34 19
38 39 34 18
39 40 34 17
39 55 34 17
41 42 34 33
42 43 34 34
43 44 34 35
44 45 34 36
45 46 34 37
46 47 34 38
50 49 34 72
51 50 34 88
53 52 34 104
54 53 34 120
56 40 34 136
56 55 34 136
57 73 34 47
58 57 34 46
59 58 34 45
60 59 34 44
61 60 34 43
62 61 34 42
63 62 34 41
64 48 34 144
65 66 34 55
66 67 34 54
67 68 34 53
68 69 34 52
69 70 34 51
70 71 34 50
71 72 34 49
71 87 34 49
73 74 34 65
74 75 34 66
75 76 34 67
76 77 34 68
77 78 34 69
78 79 34 70
82 81 34 104
83 82 34 120
85 84 34 136
86 85 34 152
88 72 34 168
88 87 34 168
89 105 34 79
90 89 34 78
91 90 34 77
92 91 34 76
93 92 34 75
94 93 34 74
95 94 34 73
96 80 34 176
97 98 34 87
98 99 34 86
99 100 34 85
100 101 34 84
101 102 34 83
102 103 34 82
103 104 34 81
103 119 34 81
105 106 34 97
106 107 34 98
107 108 34 99
108 109 34 100
109 110 34 101
110 111 34 102
114 113 34 136
115 114 34 152
117 116 34 168
118 117 34 184
120 104 34 200
120 119 34 200
121 137 34 111
122 121 34 110
123 122 34 109
124 123 34 108
125 124 34 107
126 125 34 106
127 126 34 105
128 112 34 208
129 130 34 119
130 131 34 118
131 132 34 117
132 133 34 116
133 134 34 115
134 135 34 114
135 136 34 113
135 151 34 113
137 138 34 129
138 139 34 130
139 140 34 131
140 141 34 132
141 142 34 133
142 143 34 134
146 145 34 168
147 146 34 184
149 148 34 200
150 149 34 216
152 136 34 232
152 151 34 232
153 169 34 143
154 153 34 142
155 154 34 141
156 155 34 140
157 156 34 139
158 157 34 138
159 158 34 137
160 144 34 240
161 162 34 151
162 163 34 150
163 164 34 149
164 165 34 148
165 166 34 147
166 167 34 146
167 168 34 145
167 183 34 145
169 170 34 161
170 171 34 162
171 172 34 163
172 173 34 164
173 174 34 165
174 175 34 166
178 177 34 200
179 178 34 216
181 180 34 232
182 181 34 248
183 182 34 249
184 168 34 250
184 183 34 250
185 201 34 175
186 185 34 174
187 186 34 173
188 187 34 172
189 188 34 171
190 189 34 170
191 190 34 169
192 176 34 243
193 194 34 183
194 195 34 182
195 196 34 181
196 197 34 180
197 198 34 179
198 199 34 178
199 200 34 177
199 215 34 177
201 202 34 193
202 203 34 194
203 204 34 195
204 205 34 196
205 206 34 197
206 207 34 198
210 209 34 232
211 210 34 248
212 211 34 249
213 212 34 250
214 213 34 251
215 214 34 252
216 200 34 253
216 215 34 253
217 233 34 207
218 217 34 206
219 218 34 205
220 219 34 204
221 220 34 203
222 221 34 202
223 222 34 201
224 208 34 246
225 226 34 215
226 227 34 214
227 228 34 213
228 229 34 212
229 230 34 211
230 231 34 210
231 232 34 209
231 247 34 209
233 234 34 225
234 235 34 226
235 236 34 227
236 237 34 228
237 238 34 229
238 239 34 230
241 240 34 249
242 241 34 250
243 242 34 251
244 243 34 252
245 244 34 253
246 245 34 254
247 246 34 255
249 248 34 239
250 249 34 238
251 250 34 237
252 251 34 236
253 252 34 235
254 253 34 234
255 254 34 233
1 0 35 9
2 1 35 10
3 2 35 11
4 3 35 12
5 4 35 13
6 5 35 14
7 6 35 15
8 7 35 31
8 24 35 31
9 8 35 30
10 9 35 29
11 10 35 28
12 11 35 27
13 12 35 26
14 13 35 25
16 32 35 7
18 19 35 39
19 20 35 38
20 21 35 37
21 22 35 36
22 23 35 35
23 7 35 34
23 24 35 34
24 25 35 33
25 26 35 17
26 27 35 18
27 28 35 19
28 29 35 20
29 30 35 21
30 31 35 22
33 32 35 24
35 34 35 8
36 35 35 9
37 36 35 10
38 37 35 11
39 38 35 12
40 39 35 13
40 56 35 13
41 25 35 62
42 41 35 61
43 42 35 60
44 43 35 59
45 44 35 58
46 45 35 57
48 64 35 4
50 51 35 71
51 52 35 70
52 53 35 69
53 54 35 68
54 55 35 67
55 39 35 66
55 56 35 66
56 57 35 65
57 58 35 49
58 59 35 50
59 60 35 51
60 61 35 52
61 62 35 53
62 63 35 54
65 64 35 56
67 66 35 40
68 67 35 24
70 69 35 8
71 70 35 9
72 71 35 10
72 88 35 10
73 57 35 94
74 73 35 93
75 74 35 92
76 75 35 91
77 76 35 90
78 77 35 89
80 96 35 1
82 83 35 103
83 84 35 102
84 85 35 101
85 86 35 100
86 87 35 99
87 71 35 98
87 88 35 98
88 89 35 97
89 90 35 81
90 91 35 82
91 92 35 83
92 93 35 84
93 94 35 85
94 95 35 86
97 96 35 88
99 98 35 72
100 99 35 56
102 101 35 40
103 102 35 24
105 89 35 126
106 105 35 125
107 106 35 124
108 107 35 123
109 108 35 122
110 109 35 121
114 115 35 135
115 116 35 134
116 117 35 133
117 118 35 132
118 119 35 131
119 103 35 130
119 120 35 130
120 121 35 129
121 122 35 113
122 123 35 114
123 124 35 115
124 125 35 116
125 126 35 117
126 127 35 118
129 128 35 120
131 130 35 104
132 131 35 88
134 133 35 72
135 134 35 56
137 121 35 158
138 137 35 157
139 138 35 156
140 139 35 155
141 140 35 154
142 141 35 153
146 147 35 167
147 148 35 166
148 149 35 165
149 150 35 164
150 151 35 163
151 135 35 162
151 152 35 162
152 153 35 161
153 154 35 145
154 155 35 146
155 156 35 147
156 157 35 148
157 158 35 149
158 159 35 150
161 160 35 152
163 162 35 136
164 163 35 120
166 165 35 104
167 166 35 88
169 153 35 190
170 169 35 189
171 170 35 188
172 171 35 187
173 172 35 186
174 173 35 185
178 179 35 199
179 180 35 198
180 181 35 197
181 182 35 196
182 183 35 195
183 167 35 194
183 184 35 194
184 185 35 193
185 186 35 177
186 187 35 178
187 188 35 179
188 189 35 180
189 190 35 181
190 191 35 182
193 192 35 184
195 194 35 168
196 195 35 152
198 197 35 136
199 198 35 120
201 185 35 222
202 201 35 221
203 202 35 220
204 203 35 219
205 204 35 218
206 205 35 217
210 211 35 231
211 212 35 230
212 213 35 229
213 214 35 228
214 215 35 227
215 199 35 226
215 216 35 226
216 217 35 225
217 218 35 209
218 219 35 210
219 220 35 211
220 221 35 212
221 222 35 213
222 223 35 214
225 224 35 216
227 226 35 200
228 227 35 184
230 229 35 168
231 230 35 152
233 217 35 254
234 233 35 253
235 234 35 252
236 235 35 251
237 236 35 250
238 237 35 249
239 238 35 248
241 242 35 160
242 243 35 176
244 245 35 192
245 246 35 208
247 231 35 224
247 248 35 224
248 249 35 240
249 250 35 241
250 251 35 242
251 252 35 243
252 253 35 244
253 254 35 245
254 255 35 246
1 0 36 24
3 2 36 40
4 3 36 56
6 5 36 72
7 6 36 88
9 10 36 88
10 11 36 72
12 13 36 56
13 14 36 40
15 31 36 24
17 33 36 6
18 17 36 5
19 18 36 4
20 19 36 3
21 20 36 2
22 21 36 1
23 22 36 0
23 24 36 0
24 25 36 1
25 26 36 2
26 27 36 3
27 28 36 4
28 29 36 5
29 30 36 6
30 31 36 7
33 32 36 56
35 34 36 72
36 35 36 88
38 37 36 104
39 38 36 120
42 43 36 31
43 44 36 30
44 45 36 29
45 46 36 28
46 47 36 27
47 63 36 26
49 65 36 38
50 49 36 37
51 50 36 36
52 51 36 35
53 52 36 34
54 53 36 33
56 57 36 33
57 58 36 34
58 59 36 35
59 60 36 36
60 61 36 37
61 62 36 38
62 63 36 39
65 64 36 88
67 66 36 104
68 67 36 120
70 69 36 136
71 70 36 152
74 75 36 63
75 76 36 62
76 77 36 61
77 78 36 60
78 79 36 59
79 95 36 58
81 97 36 70
82 81 36 69
83 82 36 68
84 83 36 67
85 84 36 66
86 85 36 65
88 89 36 65
89 90 36 66
90 91 36 67
91 92 36 68
92 93 36 69
93 94 36 70
94 95 36 71
97 96 36 120
99 98 36 136
100 99 36 152
102 101 36 168
103 102 36 184
106 107 36 95
107 108 36 94
108 109 36 93
109 110 36 92
110 111 36 91
111 127 36 90
113 129 36 102
114 113 36 101
115 114 36 100
116 115 36 99
117 116 36 98
118 117 36 97
120 121 36 97
121 122 36 98
122 123 36 99
123 124 36 100
124 125 36 101
125 126 36 102
126 127 36 103
129 128 36 152
131 130 36 168
132 131 36 184
134 133 36 200
135 134 36 216
138 139 36 127
139 140 36 126
140 141 36 125
141 142 36 124
142 143 36 123
143 159 36 122
145 161 36 134
146 145 36 133
147 146 36 132
148 147 36 131
149 148 36 130
150 149 36 129
152 153 36 129
153 154 36 130
154 155 36 131
155 156 36 132
156 157 36 133
157 158 36 134
158 159 36 135
161 160 36 184
163 162 36 200
164 163 36 216
166 165 36 232
167 166 36 248
168 152 36 249
168 167 36 249
170 171 36 159
171 172 36 158
172 173 36 157
173 174 36 156
174 175 36 155
175 191 36 154
176 160 36 242
177 193 36 166
178 177 36 165
179 178 36 164
180 179 36 163
181 180 36 162
182 181 36 161
184 185 36 161
185 186 36 162
186 187 36 163
187 188 36 164
188 189 36 165
189 190 36 166
190 191 36 167
193 192 36 216
195 194 36 232
196 195 36 248
197 196 36 249
198 197 36 250
199 198 36 251
200 184 36 252
200 199 36 252
202 203 36 191
203 204 36 190
204 205 36 189
205 206 36 188
206 207 36 187
207 223 36 186
208 192 36 245
209 225 36 198
210 209 36 197
211 210 36 196
212 211 36 195
213 212 36 194
214 213 36 193
216 217 36 193
217 218 36 194
218 219 36 195
219 220 36 196
220 221 36 197
221 222 36 198
222 223 36 199
225 224 36 248
226 225 36 249
227 226 36 250
228 227 36 251
229 228 36 252
230 229 36 253
231 230 36 254
232 216 36 255
232 231 36 255
234 235 36 223
235 236 36 222
236 237 36 221
237 238 36 220
238 239 36 219
239 255 36 218
240 224 36 231
241 240 36 230
242 241 36 229
243 242 36 228
244 243 36 227
245 244 36 226
246 245 36 225
248 249 36 225
249 250 36 226
250 251 36 227
251 252 36 228
252 253 36 229
253 254 36 230
254 255 36 231
0 16 37 23
1 0 37 22
2 1 37 21
3 2 37 20
4 3 37 19
5 4 37 18
6 5 37 17
7 6 37 33
7 8 37 33
8 9 37 17
9 10 37 18
10 11 37 19
11 12 37 20
12 13 37 21
13 14 37 22
14 15 37 23
17 16 37 8
18 17 37 9
19 18 37 10
20 19 37 11
21 20 37 12
22 21 37 13
23 22 37 14
24 23 37 15
24 40 37 15
25 26 37 63
26 27 37 47
27 28 37 46
28 29 37 45
29 30 37 44
30 31 37 43
31 15 37 42
32 48 37 6
33 17 37 54
34 33 37 53
35 34 37 52
36 35 37 51
37 36 37 50
38 37 37 49
39 38 37 65
39 40 37 65
40 41 37 49
41 42 37 50
42 43 37 51
43 44 37 52
44 45 37 53
45 46 37 54
46 47 37 55
49 48 37 40
50 49 37 24
52 51 37 8
53 52 37 9
54 53 37 10
55 54 37 11
56 55 37 12
56 72 37 12
57 58 37 95
58 59 37 79
59 60 37 78
60 61 37 77
61 62 37 76
62 63 37 75
63 47 37 74
64 80 37 3
65 49 37 86
66 65 37 85
67 66 37 84
68 67 37 83
69 68 37 82
70 69 37 81
71 70 37 97
71 72 37 97
72 73 37 81
73 74 37 82
74 75 37 83
75 76 37 84
76 77 37 85
77 78 37 86
78 79 37 87
81 80 37 72
82 81 37 56
84 83 37 40
85 84 37 24
87 86 37 8
88 87 37 9
88 104 37 9
89 90 37 127
90 91 37 111
91 92 37 110
92 93 37 109
93 94 37 108
94 95 37 107
95 79 37 106
96 112 37 0
97 81 37 118
98 97 37 117
99 98 37 116
100 99 37 115
101 100 37 114
102 101 37 113
103 102 37 129
103 104 37 129
104 105 37 113
105 106 37 114
106 107 37 115
107 108 37 116
108 109 37 117
109 110 37 118
110 111 37 119
113 112 37 104
114 113 37 88
116 115 37 72
117 116 37 56
119 118 37 40
120 119 37 24
120 136 37 24
121 122 37 159
122 123 37 143
123 124 37 142
124 125 37 141
125 126 37 140
126 127 37 139
127 111 37 138
128 144 37 32
129 113 37 150
130 129 37 149
131 130 37 148
132 131 37 147
133 132 37 146
134 133 37 145
135 134 37 161
135 136 37 161
136 137 37 145
137 138 37 146
138 139 37 147
139 140 37 148
140 141 37 149
141 142 37 150
142 143 37 151
145 144 37 136
146 145 37 120
148 147 37 104
149 148 37 88
151 150 37 72
152 151 37 56
152 168 37 56
153 154 37 191
154 155 37 175
155 156 37 174
156 157 37 173
157 158 37 172
158 159 37 171
159 143 37 170
160 176 37 64
161 145 37 182
162 161 37 181
163 162 37 180
164 163 37 179
165 164 37 178
166 165 37 177
167 166 37 193
167 168 37 193
168 169 37 177
169 170 37 178
170 171 37 179
171 172 37 180
172 173 37 181
173 174 37 182
174 175 37 183
177 176 37 168
178 177 37 152
180 179 37 136
181 180 37 120
183 182 37 104
184 183 37 88
184 200 37 88
185 186 37 223
186 187 37 207
187 188 37 206
188 189 37 205
189 190 37 204
190 191 37 203
191 175 37 202
192 208 37 96
193 177 37 214
194 193 37 213
195 194 37 212
196 195 37 211
197 196 37 210
198 197 37 209
199 198 37 225
199 200 37 225
200 201 37 209
201 202 37 210
202 203 37 211
203 204 37 212
204 205 37 213
205 206 37 214
206 207 37 215
209 208 37 200
210 209 37 184
212 211 37 168
213 212 37 152
215 214 37 136
216 215 37 120
216 232 37 120
217 218 37 255
218 219 37 239
219 220 37 238
220 221 37 237
221 222 37 236
222 223 37 235
223 207 37 234
224 240 37 128
225 209 37 246
226 225 37 245
227 226 37 244
228 227 37 243
229 228 37 242
230 229 37 241
231 230 37 240
231 232 37 240
232 233 37 241
233 234 37 242
234 235 37 243
235 236 37 244
236 237 37 245
237 238 37 246
238 239 37 247
241 240 37 232
242 241 37 216
244 243 37 200
245 244 37 184
247 246 37 168
248 247 37 152
248 249 37 152
249 250 37 168
251 252 37 184
252 253 37 200
254 255 37 216
255 239 37 232
0 1 38 96
1 2 38 80
3 4 38 64
4 5 38 48
6 7 38 32
7 8 38 16
7 23 38 16
9 10 38 0
10 11 38 1
11 12 38 2
12 13 38 3
13 14 38 4
14 15 38 5
17 16 38 40
18 17 38 56
20 19 38 72
21 20 38 88
23 22 38 104
24 8 38 120
24 23 38 120
25 41 38 14
26 25 38 13
27 26 38 12
28 27 38 11
29 28 38 10
30 29 38 9
31 30 38 8
32 16 38 128
33 34 38 7
34 35 38 23
35 36 38 22
36 37 38 21
37 38 38 20
38 39 38 19
39 40 38 18
39 55 38 18
40 41 38 17
42 43 38 33
43 44 38 34
44 45 38 35
45 46 38 36
46 47 38 37
49 48 38 72
50 49 38 88
52 51 38 104
53 52 38 120
55 54 38 136
56 40 38 152
56 55 38 152
57 73 38 46
58 57 38 45
59 58 38 44
60 59 38 43
61 60 38 42
62 61 38 41
63 62 38 25
64 48 38 160
65 66 38 39
66 67 38 55
67 68 38 54
68 69 38 53
69 70 38 52
70 71 38 51
71 72 38 50
71 87 38 50
72 73 38 49
74 75 38 65
75 76 38 66
76 77 38 67
77 78 38 68
78 79 38 69
81 80 38 104
82 81 38 120
84 83 38 136
85 84 38 152
87 86 38 168
88 72 38 184
88 87 38 184
89 105 38 78
90 89 38 77
91 90 38 76
92 91 38 75
93 92 38 74
94 93 38 73
95 94 38 57
96 80 38 192
97 98 38 71
98 99 38 87
99 100 38 86
100 101 38 85
101 102 38 84
102 103 38 83
103 104 38 82
103 119 38 82
104 105 38 81
106 107 38 97
107 108 38 98
108 109 38 99
109 110 38 100
110 111 38 101
113 112 38 136
114 113 38 152
116 115 38 168
117 116 38 184
119 118 38 200
120 104 38 216
120 119 38 216
121 137 38 110
122 121 38 109
123 122 38 108
124 123 38 107
125 124 38 106
126 125 38 105
127 126 38 89
128 112 38 224
129 130 38 103
130 131 38 119
131 132 38 118
132 133 38 117
133 134 38 116
134 135 38 115
135 136 38 114
135 151 38 114
136 137 38 113
138 139 38 129
139 140 38 130
140 141 38 131
141 142 38 132
142 143 38 133
145 144 38 168
146 145 38 184
148 147 38 200
149 148 38 216
151 150 38 232
152 136 38 248
152 151 38 248
153 169 38 142
154 153 38 141
155 154 38 140
156 155 38 139
157 156 38 138
158 157 38 137
159 158 38 121
160 144 38 241
161 162 38 135
162 163 38 151
163 164 38 150
164 165 38 149
165 166 38 148
166 167 38 147
167 168 38 146
167 183 38 146
168 169 38 145
170 171 38 161
171 172 38 162
172 173 38 163
173 174 38 164
174 175 38 165
177 176 38 200
178 177 38 216
180 179 38 232
181 180 38 248
182 181 38 249
183 182 38 250
184 168 38 251
184 183 38 251
185 201 38 174
186 185 38 173
187 186 38 172
188 187 38 171
189 188 38 170
190 189 38 169
191 190 38 153
192 176 38 244
193 194 38 167
194 195 38 183
195 196 38 182
196 197 38 181
197 198 38 180
198 199 38 179
199 200 38 178
199 215 38 178
200 201 38 177
202 203 38 193
203 204 38 194
204 205 38 195
205 206 38 196
206 207 38 197
209 208 38 232
210 209 38 248
211 210 38 249
212 211 38 250
213 212 38 251
214 213 38 252
215 214 38 253
216 200 38 254
216 215 38 254
217 233 38 206
218 217 38 205
219 218 38 204
220 219 38 203
221 220 38 202
222 221 38 201
223 222 38 185
224 208 38 247
225 226 38 199
226 227 38 215
227 228 38 214
228 229 38 213
229 230 38 212
230 231 38 211
231 232 38 210
231 247 38 210
232 233 38 209
234 235 38 225
235 236 38 226
236 237 38 227
237 238 38 228
238 239 38 229
241 240 38 250
242 241 38 251
243 242 38 252
244 243 38 253
245 244 38 254
246 245 38 255
248 232 38 239
248 247 38 239
249 248 38 238
250 249 38 237
251 250 38 236
252 251 38 235
253 252 38 234
254 253 38 233
255 254 38 217
1 0 39 10
2 1 39 11
3 2 39 12
4 3 39 13
5 4 39 14
6 5 39 15
7 6 39 31
8 7 39 30
8 24 39 30
9 8 39 29
10 9 39 28
11 10 39 27
12 11 39 26
13 12 39 25
15 14 39 41
17 18 39 55
19 20 39 39
20 21 39 38
21 22 39 37
22 23 39 36
23 7 39 35
23 24 39 35
24 25 39 34
25 26 39 33
26 27 39 17
27 28 39 18
28 29 39 19
29 30 39 20
30 31 39 21
34 33 39 8
35 34 39 9
36 35 39 10
37 36 39 11
38 37 39 12
39 38 39 13
40 39 39 14
40 56 39 14
41 25 39 61
42 41 39 60
43 42 39 59
44 43 39 58
45 44 39 57
47 46 39 73
48 64 39 5
49 50 39 87
51 52 39 71
52 53 39 70
53 54 39 69
54 55 39 68
55 39 39 67
55 56 39 67
56 57 39 66
57 58 39 65
58 59 39 49
59 60 39 50
60 61 39 51
61 62 39 52
62 63 39 53
66 65 39 40
67 66 39 24
69 68 39 8
70 69 39 9
71 70 39 10
72 71 39 11
72 88 39 11
73 57 39 93
74 73 39 92
75 74 39 91
76 75 39 90
77 76 39 89
79 78 39 105
80 96 39 2
81 82 39 119
83 84 39 103
84 85 39 102
85 86 39 101
86 87 39 100
87 71 39 99
87 88 39 99
88 89 39 98
89 90 39 97
90 91 39 81
91 92 39 82
92 93 39 83
93 94 39 84
94 95 39 85
98 97 39 72
99 98 39 56
101 100 39 40
102 101 39 24
104 103 39 8
104 120 39 8
105 89 39 125
106 105 39 124
107 106 39 123
108 107 39 122
109 108 39 121
111 110 39 137
112 128 39 16
113 114 39 151
115 116 39 135
116 117 39 134
117 118 39 133
118 119 39 132
119 103 39 131
119 120 39 131
120 121 39 130
121 122 39 129
122 123 39 113
123 124 39 114
124 125 39 115
125 126 39 116
126 127 39 117
130 129 39 104
131 130 39 88
133 132 39 72
134 133 39 56
136 135 39 40
136 152 39 40
137 121 39 157
138 137 39 156
139 138 39 155
140 139 39 154
141 140 39 153
143 142 39 169
144 160 39 48
145 146 39 183
147 148 39 167
148 149 39 166
149 150 39 165
150 151 39 164
151 135 39 163
151 152 39 163
152 153 39 162
153 154 39 161
154 155 39 145
155 156 39 146
156 157 39 147
157 158 39 148
158 159 39 149
162 161 39 136
163 162 39 120
165 164 39 104
166 165 39 88
168 167 39 72
168 184 39 72
169 153 39 189
170 169 39 188
171 170 39 187
172 171 39 186
173 172 39 185
175 174 39 201
176 192 39 80
177 178 39 215
179 180 39 199
180 181 39 198
181 182 39 197
182 183 39 196
183 167 39 195
183 184 39 195
184 185 39 194
185 186 39 193
186 187 39 177
187 188 39 178
188 189 39 179
189 190 39 180
190 191 39 181
194 193 39 168
195 194 39 152
197 196 39 136
198 197 39 120
200 199 39 104
200 216 39 104
201 185 39 221
202 201 39 220
203 202 39 219
204 203 39 218
205 204 39 217
207 206 39 233
208 224 39 112
209 210 39 247
211 212 39 231
212 213 39 230
213 214 39 229
214 215 39 228
215 199 39 227
215 216 39 227
216 217 39 226
217 218 39 225
218 219 39 209
219 220 39 210
220 221 39 211
221 222 39 212
222 223 39 213
226 225 39 200
227 226 39 184
229 228 39 168
230 229 39 152
232 231 39 136
232 248 39 136
233 217 39 253
234 233 39 252
235 234 39 251
236 235 39 250
237 236 39 249
238 237 39 248
240 241 39 144
242 243 39 160
243 244 39 176
245 246 39 192
246 247 39 208
248 249 39 224
249 250 39 240
250 251 39 241
251 252 39 242
252 253 39 243
253 254 39 244
254 255 39 245
2 1 40 40
3 2 40 56
5 4 40 72
6 5 40 88
8 7 40 104
8 9 40 104
10 11 40 88
11 12 40 72
13 14 40 56
14 15 40 40
16 0 40 112
17 33 40 5
18 17 40 4
19 18 40 3
20 19 40 2
21 20 40 1
22 21 40 0
24 25 40 0
25 26 40 1
26 27 40 2
27 28 40 3
28 29 40 4
29 30 40 5
30 31 40 6
34 33 40 72
35 34 40 88
37 36 40 104
38 37 40 120
40 24 40 136
40 39 40 136
41 42 40 15
43 44 40 31
44 45 40 30
45 46 40 29
46 47 40 28
47 63 40 27
48 32 40 144
49 65 40 37
50 49 40 36
51 50 40 35
52 51 40 34
53 52 40 33
55 54 40 17
55 56 40 17
57 58 40 33
58 59 40 34
59 60 40 35
60 61 40 36
61 62 40 37
62 63 40 38
66 65 40 104
67 66 40 120
69 68 40 136
70 69 40 152
72 56 40 168
72 71 40 168
73 74 40 47
75 76 40 63
76 77 40 62
77 78 40 61
78 79 40 60
79 95 40 59
80 64 40 176
81 97 40 69
82 81 40 68
83 82 40 67
84 83 40 66
85 84 40 65
87 86 40 49
87 88 40 49
89 90 40 65
90 91 40 66
91 92 40 67
92 93 40 68
93 94 40 69
94 95 40 70
98 97 40 136
99 98 40 152
101 100 40 168
102 101 40 184
104 88 40 200
104 103 40 200
105 106 40 79
107 108 40 95
108 109 40 94
109 110 40 93
110 111 40 92
111 127 40 91
112 96 40 208
113 129 40 101
114 113 40 100
115 114 40 99
116 115 40 98
117 116 40 97
119 118 40 81
119 120 40 81
121 122 40 97
122 123 40 98
123 124 40 99
124 125 40 100
125 126 40 101
126 127 40 102
130 129 40 168
131 130 40 184
133 132 40 200
134 133 40 216
136 120 40 232
136 135 40 232
137 138 40 111
139 140 40 127
140 141 40 126
141 142 40 125
142 143 40 124
143 159 40 123
144 128 40 240
145 161 40 133
146 145 40 132
147 146 40 131
148 147 40 130
149 148 40 129
151 150 40 113
151 152 40 113
153 154 40 129
154 155 40 130
155 156 40 131
156 157 40 132
157 158 40 133
158 159 40 134
162 161 40 200
163 162 40 216
165 164 40 232
166 165 40 248
167 166 40 249
168 152 40 250
168 167 40 250
169 170 40 143
171 172 40 159
172 173 40 158
173 174 40 157
174 175 40 156
175 191 40 155
176 160 40 243
177 193 40 165
178 177 40 164
179 178 40 163
180 179 40 162
181 180 40 161
183 182 40 145
183 184 40 145
185 186 40 161
186 187 40 162
187 188 40 163
188 189 40 164
189 190 40 165
190 191 40 166
194 193 40 232
195 194 40 248
196 195 40 249
197 196 40 250
198 197 40 251
199 198 40 252
200 184 40 253
200 199 40 253
201 202 40 175
203 204 40 191
204 205 40 190
205 206 40 189
206 207 40 188
207 223 40 187
208 192 40 246
209 225 40 197
210 209 40 196
211 210 40 195
212 211 40 194
213 212 40 193
215 214 40 177
215 216 40 177
217 218 40 193
218 219 40 194
219 220 40 195
220 221 40 196
221 222 40 197
222 223 40 198
225 224 40 249
226 225 40 250
227 226 40 251
228 227 40 252
229 228 40 253
230 229 40 254
231 230 40 255
233 234 40 207
235 236 40 223
236 237 40 222
237 238 40 221
238 239 40 220
239 255 40 219
240 224 40 230
241 240 40 229
242 241 40 228
243 242 40 227
244 243 40 226
245 244 40 225
247 246 40 209
247 248 40 209
249 250 40 225
250 251 40 226
251 252 40 227
252 253 40 228
253 254 40 229
254 255 40 230
0 16 41 22
1 0 41 21
2 1 41 20
3 2 41 19
4 3 41 18
5 4 41 17
6 5 41 33
7 6 41 34
7 8 41 34
8 9 41 33
9 10 41 17
10 11 41 18
11 12 41 19
12 13 41 20
13 14 41 21
14 15 41 22
17 16 41 9
18 17 41 10
19 18 41 11
20 19 41 12
21 20 41 13
22 21 41 14
23 22 41 15
24 23 41 31
24 40 41 31
25 26 41 62
26 27 41 63
27 28 41 47
28 29 41 46
29 30 41 45
30 31 41 44
31 15 41 43
32 48 41 7
33 17 41 53
34 33 41 52
35 34 41 51
36 35 41 50
37 36 41 49
38 37 41 65
39 38 41 66
39 40 41 66
40 41 41 65
41 42 41 49
42 43 41 50
43 44 41 51
44 45 41 52
45 46 41 53
46 47 41 54
49 48 41 24
51 50 41 8
52 51 41 9
53 52 41 10
54 53 41 11
55 54 41 12
56 55 41 13
56 72 41 13
57 58 41 94
58 59 41 95
59 60 41 79
60 61 41 78
61 62 41 77
62 63 41 76
63 47 41 75
64 80 41 4
65 49 41 85
66 65 41 84
67 66 41 83
68 67 41 82
69 68 41 81
70 69 41 97
71 70 41 98
71 72 41 98
72 73 41 97
73 74 41 81
74 75 41 82
75 76 41 83
76 77 41 84
77 78 41 85
78 79 41 86
81 80 41 56
83 82 41 40
84 83 41 24
86 85 41 8
87 86 41 9
88 87 41 10
88 104 41 10
89 90 41 126
90 91 41 127
91 92 41 111
92 93 41 110
93 94 41 109
94 95 41 108
95 79 41 107
96 112 41 1
97 81 41 117
98 97 41 116
99 98 41 115
100 99 41 114
101 100 41 113
102 101 41 129
103 102 41 130
103 104 41 130
104 105 41 129
105 106 41 113
106 107 41 114
107 108 41 115
108 109 41 116
109 110 41 117
110 111 41 118
113 112 41 88
115 114 41 72
116 115 41 56
118 117 41 40
119 118 41 24
121 122 41 158
122 123 41 159
123 124 41 143
124 125 41 142
125 126 41 141
126 127 41 140
127 111 41 139
129 113 41 149
130 129 41 148
131 130 41 147
132 131 41 146
133 132 41 145
134 133 41 161
135 134 41 162
135 136 41 162
136 137 41 161
137 138 41 145
138 139 41 146
139 140 41 147
140 141 41 148
141 142 41 149
142 143 41 150
145 144 41 120
147 146 41 104
148 147 41 88
150 149 41 72
151 150 41 56
153 154 41 190
154 155 41 191
155 156 41 175
156 157 41 174
157 158 41 173
158 159 41 172
159 143 41 171
161 145 41 181
162 161 41 180
163 162 41 179
164 163 41 178
165 164 41 177
166 165 41 193
167 166 41 194
167 168 41 194
168 169 41 193
169 170 41 177
170 171 41 178
171 172 41 179
172 173 41 180
173 174 41 181
174 175 41 182
177 176 41 152
179 178 41 136
180 179 41 120
182 181 41 104
183 182 41 88
185 186 41 222
186 187 41 223
187 188 41 207
188 189 41 206
189 190 41 205
190 191 41 204
191 175 41 203
193 177 41 213
194 193 41 212
195 194 41 211
196 195 41 210
197 196 41 209
198 197 41 225
199 198 41 226
199 200 41 226
200 201 41 225
201 202 41 209
202 203 41 210
203 204 41 211
204 205 41 212
205 206 41 213
206 207 41 214
209 208 41 184
211 210 41 168
212 211 41 152
214 213 41 136
215 214 41 120
217 218 41 254
218 219 41 255
219 220 41 239
220 221 41 238
221 222 41 237
222 223 41 236
223 207 41 235
225 209 41 245
226 225 41 244
227 226 41 243
228 227 41 242
229 228 41 241
230 229 41 240
231 230 41 224
231 232 41 224
232 233 41 240
233 234 41 241
234 235 41 242
235 236 41 243
236 237 41 244
237 238 41 245
238 239 41 246
241 240 41 216
243 242 41 200
244 243 41 184
246 245 41 168
247 246 41 152
249 250 41 152
250 251 41 168
252 253 41 184
253 254 41 200
255 239 41 216
1 2 42 96
2 3 42 80
4 5 42 64
5 6 42 48
7 8 42 32
7 23 42 32
8 9 42 16
10 11 42 0
11 12 42 1
12 13 42 2
13 14 42 3
14 15 42 4
17 16 42 56
19 18 42 72
20 19 42 88
22 21 42 104
23 22 42 120
25 41 42 13
26 25 42 12
27 26 42 11
28 27 42 10
29 28 42 9
30 29 42 8
31 30 42 24
33 34 42 6
34 35 42 7
35 36 42 23
36 37 42 22
37 38 42 21
38 39 42 20
39 40 42 19
39 55 42 19
40 41 42 18
41 42 42 17
43 44 42 33
44 45 42 34
45 46 42 35
46 47 42 36
49 48 42 88
51 50 42 104
52 51 42 120
54 53 42 136
55 54 42 152
57 73 42 45
58 57 42 44
59 58 42 43
60 59 42 42
61 60 42 41
62 61 42 25
63 62 42 26
65 66 42 38
66 67 42 39
67 68 42 55
68 69 42 54
69 70 42 53
70 71 42 52
71 72 42 51
71 87 42 51
72 73 42 50
73 74 42 49
75 76 42 65
76 77 42 66
77 78 42 67
78 79 42 68
81 80 42 120
83 82 42 136
84 83 42 152
86 85 42 168
87 86 42 184
89 105 42 77
90 89 42 76
91 90 42 75
92 91 42 74
93 92 42 73
94 93 42 57
95 94 42 58
97 98 42 70
98 99 42 71
99 100 42 87
100 101 42 86
101 102 42 85
102 103 42 84
103 104 42 83
103 119 42 83
104 105 42 82
105 106 42 81
107 108 42 97
108 109 42 98
109 110 42 99
110 111 42 100
113 112 42 152
115 114 42 168
116 115 42 184
118 117 42 200
119 118 42 216
121 137 42 109
122 121 42 108
123 122 42 107
124 123 42 106
125 124 42 105
126 125 42 89
127 126 42 90
129 130 42 102
130 131 42 103
131 132 42 119
132 133 42 118
133 134 42 117
134 135 42 116
135 136 42 115
135 151 42 115
136 137 42 114
137 138 42 113
139 140 42 129
140 141 42 130
141 142 42 131
142 143 42 132
145 144 42 184
147 146 42 200
148 147 42 216
150 149 42 232
151 150 42 248
152 136 42 249
152 151 42 249
153 169 42 141
154 153 42 140
155 154 42 139
156 155 42 138
157 156 42 137
158 157 42 121
159 158 42 122
160 144 42 242
161 162 42 134
162 163 42 135
163 164 42 151
164 165 42 150
165 166 42 149
166 167 42 148
167 168 42 147
167 183 42 147
168 169 42 146
169 170 42 145
171 172 42 161
172 173 42 162
173 174 42 163
174 175 42 164
177 176 42 216
179 178 42 232
180 179 42 248
181 180 42 249
182 181 42 250
183 182 42 251
184 168 42 252
184 183 42 252
185 201 42 173
186 185 42 172
187 186 42 171
188 187 42 170
189 188 42 169
190 189 42 153
191 190 42 154
192 176 42 245
193 194 42 166
194 195 42 167
195 196 42 183
196 197 42 182
197 198 42 181
198 199 42 180
199 200 42 179
199 215 42 179
200 201 42 178
201 202 42 177
203 204 42 193
204 205 42 194
205 206 42 195
206 207 42 196
209 208 42 248
210 209 42 249
211 210 42 250
212 211 42 251
213 212 42 252
214 213 42 253
215 214 42 254
216 200 42 255
216 215 42 255
217 233 42 205
218 217 42 204
219 218 42 203
220 219 42 202
221 220 42 201
222 221 42 185
223 222 42 186
224 208 42 231
225 226 42 198
226 227 42 199
227 228 42 215
228 229 42 214
229 230 42 213
230 231 42 212
231 232 42 211
231 247 42 211
232 233 42 210
233 234 42 209
235 236 42 225
236 237 42 226
237 238 42 227
238 239 42 228
241 240 42 251
242 241 42 252
243 242 42 253
244 243 42 254
245 244 42 255
247 246 42 239
248 232 42 238
248 247 42 238
249 248 42 237
250 249 42 236
251 250 42 235
252 251 42 234
253 252 42 233
254 253 42 217
255 254 42 218
1 0 43 11
2 1 43 12
3 2 43 13
4 3 43 14
5 4 43 15
6 5 43 31
7 6 43 30
8 7 43 29
8 24 43 29
9 8 43 28
10 9 43 27
11 10 43 26
12 11 43 25
14 13 43 41
15 14 43 42
16 32 43 23
17 18 43 54
18 19 43 55
20 21 43 39
21 22 43 38
22 23 43 37
23 7 43 36
23 24 43 36
24 25 43 35
25 26 43 34
26 27 43 33
27 28 43 17
28 29 43 18
29 30 43 19
30 31 43 20
33 32 43 8
34 33 43 9
35 34 43 10
36 35 43 11
37 36 43 12
38 37 43 13
39 38 43 14
40 39 43 15
40 56 43 15
41 25 43 60
42 41 43 59
43 42 43 58
44 43 43 57
46 45 43 73
47 46 43 74
48 64 43 6
49 50 43 86
50 51 43 87
52 53 43 71
53 54 43 70
54 55 43 69
55 39 43 68
55 56 43 68
56 57 43 67
57 58 43 66
58 59 43 65
59 60 43 49
60 61 43 50
61 62 43 51
62 63 43 52
65 64 43 40
66 65 43 24
68 67 43 8
69 68 43 9
70 69 43 10
71 70 43 11
72 71 43 12
72 88 43 12
73 57 43 92
74 73 43 91
75 74 43 90
76 75 43 89
78 77 43 105
79 78 43 106
80 96 43 3
81 82 43 118
82 83 43 119
84 85 43 103
85 86 43 102
86 87 43 101
87 71 43 100
87 88 43 100
88 89 43 99
89 90 43 98
90 91 43 97
91 92 43 81
92 93 43 82
93 94 43 83
94 95 43 84
97 96 43 72
98 97 43 56
100 99 43 40
101 100 43 24
103 102 43 8
104 103 43 9
104 120 43 9
105 89 43 124
106 105 43 123
107 106 43 122
108 107 43 121
110 109 43 137
111 110 43 138
112 128 43 0
113 114 43 150
114 115 43 151
116 117 43 135
117 118 43 134
118 119 43 133
119 103 43 132
119 120 43 132
120 121 43 131
121 122 43 130
122 123 43 129
123 124 43 113
124 125 43 114
125 126 43 115
126 127 43 116
129 128 43 104
130 129 43 88
132 131 43 72
133 132 43 56
135 134 43 40
136 135 43 24
136 152 43 24
137 121 43 156
138 137 43 155
139 138 43 154
140 139 43 153
142 141 43 169
143 142 43 170
144 160 43 32
145 146 43 182
146 147 43 183
148 149 43 167
149 150 43 166
150 151 43 165
151 135 43 164
151 152 43 164
152 153 43 163
153 154 43 162
154 155 43 161
155 156 43 145
156 157 43 146
157 158 43 147
158 159 43 148
161 160 43 136
162 161 43 120
164 163 43 104
165 164 43 88
167 166 43 72
168 167 43 56
168 184 43 56
169 153 43 188
170 169 43 187
171 170 43 186
172 171 43 185
174 173 43 201
175 174 43 202
176 192 43 64
177 178 43 214
178 179 43 215
180 181 43 199
181 182 43 198
182 183 43 197
183 167 43 196
183 184 43 196
184 185 43 195
185 186 43 194
186 187 43 193
187 188 43 177
188 189 43 178
189 190 43 179
190 191 43 180
193 192 43 168
194 193 43 152
196 195 43 136
197 196 43 120
199 198 43 104
200 199 43 88
200 216 43 88
201 185 43 220
202 201 43 219
203 202 43 218
204 203 43 217
206 205 43 233
207 206 43 234
208 224 43 96
209 210 43 246
210 211 43 247
212 213 43 231
213 214 43 230
214 215 43 229
215 199 43 228
215 216 43 228
216 217 43 227
217 218 43 226
218 219 43 225
219 220 43 209
220 221 43 210
221 222 43 211
222 223 43 212
225 224 43 200
226 225 43 184
228 227 43 168
229 228 43 152
231 230 43 136
232 231 43 120
232 248 43 120
233 217 43 252
234 233 43 251
235 234 43 250
236 235 43 249
237 236 43 248
239 238 43 232
240 241 43 128
241 242 43 144
243 244 43 160
244 245 43 176
246 247 43 192
247 231 43 208
247 248 43 208
249 250 43 224
250 251 43 240
251 252 43 241
252 253 43 242
253 254 43 243
254 255 43 244
1 0 44 40
2 1 44 56
4 3 44 72
5 4 44 88
7 6 44 104
8 7 44 120
8 9 44 120
9 10 44 104
11 12 44 88
12 13 44 72
14 15 44 56
15 31 44 40
16 0 44 128
17 33 44 4
18 17 44 3
19 18 44 2
20 19 44 1
21 20 44 0
23 22 44 16
23 24 44 16
25 26 44 0
26 27 44 1
27 28 44 2
28 29 44 3
29 30 44 4
30 31 44 5
33 32 44 72
34 33 44 88
36 35 44 104
37 36 44 120
39 38 44 136
40 24 44 152
40 39 44 152
41 42 44 14
42 43 44 15
44 45 44 31
45 46 44 30
46 47 44 29
47 63 44 28
48 32 44 160
49 65 44 36
50 49 44 35
51 50 44 34
52 51 44 33
54 53 44 17
55 54 44 18
55 56 44 18
56 57 44 17
58 59 44 33
59 60 44 34
60 61 44 35
61 62 44 36
62 63 44 37
65 64 44 104
66 65 44 120
68 67 44 136
69 68 44 152
71 70 44 168
72 56 44 184
72 71 44 184
73 74 44 46
74 75 44 47
76 77 44 63
77 78 44 62
78 79 44 61
79 95 44 60
80 64 44 192
81 97 44 68
82 81 44 67
83 82 44 66
84 83 44 65
86 85 44 49
87 86 44 50
87 88 44 50
88 89 44 49
90 91 44 65
91 92 44 66
92 93 44 67
93 94 44 68
94 95 44 69
97 96 44 136
98 97 44 152
100 99 44 168
101 100 44 184
103 102 44 200
104 88 44 216
104 103 44 216
105 106 44 78
106 107 44 79
108 109 44 95
109 110 44 94
110 111 44 93
111 127 44 92
112 96 44 224
113 129 44 100
114 113 44 99
115 114 44 98
116 115 44 97
118 117 44 81
119 118 44 82
119 120 44 82
120 121 44 81
122 123 44 97
123 124 44 98
124 125 44 99
125 126 44 100
126 127 44 101
129 128 44 168
130 129 44 184
132 131 44 200
133 132 44 216
135 134 44 232
136 120 44 248
136 135 44 248
137 138 44 110
138 139 44 111
140 141 44 127
141 142 44 126
142 143 44 125
143 159 44 124
144 128 44 241
145 161 44 132
146 145 44 131
147 146 44 130
148 147 44 129
150 149 44 113
151 150 44 114
151 152 44 114
152 153 44 113
154 155 44 129
155 156 44 130
156 157 44 131
157 158 44 132
158 159 44 133
161 160 44 200
162 161 44 216
164 163 44 232
165 164 44 248
166 165 44 249
167 166 44 250
168 152 44 251
168 167 44 251
169 170 44 142
170 171 44 143
172 173 44 159
173 174 44 158
174 175 44 157
175 191 44 156
176 160 44 244
177 193 44 164
178 177 44 163
179 178 44 162
180 179 44 161
182 181 44 145
183 182 44 146
183 184 44 146
184 185 44 145
186 187 44 161
187 188 44 162
188 189 44 163
189 190 44 164
190 191 44 165
193 192 44 232
194 193 44 248
195 194 44 249
196 195 44 250
197 196 44 251
198 197 44 252
199 198 44 253
200 184 44 254
200 199 44 254
201 202 44 174
202 203 44 175
204 205 44 191
205 206 44 190
206 207 44 189
207 223 44 188
208 192 44 247
209 225 44 196
210 209 44 195
211 210 44 194
212 211 44 193
214 213 44 177
215 214 44 178
215 216 44 178
216 217 44 177
218 219 44 193
219 220 44 194
220 221 44 195
221 222 44 196
222 223 44 197
225 224 44 250
226 225 44 251
227 226 44 252
228 227 44 253
229 228 44 254
230 229 44 255
232 216 44 239
232 231 44 239
233 234 44 206
234 235 44 207
236 237 44 223
237 238 44 222
238 239 44 221
239 255 44 220
240 224 44 229
241 240 44 228
242 241 44 227
243 242 44 226
244 243 44 225
246 245 44 209
247 246 44 210
247 248 44 210
248 249 44 209
250 251 44 225
251 252 44 226
252 253 44 227
253 254 44 228
254 255 44 229
0 16 45 21
1 0 45 20
2 1 45 19
3 2 45 18
4 3 45 17
5 4 45 33
6 5 45 34
7 6 45 35
7 8 45 35
8 9 45 34
9 10 45 33
10 11 45 17
11 12 45 18
12 13 45 19
13 14 45 20
14 15 45 21
17 16 45 10
18 17 45 11
19 18 45 12
20 19 45 13
21 20 45 14
22 21 45 15
23 22 45 31
24 23 45 30
24 40 45 30
25 26 45 61
26 27 45 62
27 28 45 63
28 29 45 47
29 30 45 46
30 31 45 45
31 15 45 44
33 17 45 52
34 33 45 51
35 34 45 50
36 35 45 49
37 36 45 65
38 37 45 66
39 38 45 67
39 40 45 67
40 41 45 66
41 42 45 65
42 43 45 49
43 44 45 50
44 45 45 51
45 46 45 52
46 47 45 53
50 49 45 8
51 50 45 9
52 51 45 10
53 52 45 11
54 53 45 12
55 54 45 13
56 55 45 14
56 72 45 14
57 58 45 93
58 59 45 94
59 60 45 95
60 61 45 79
61 62 45 78
62 63 45 77
63 47 45 76
64 80 45 5
65 49 45 84
66 65 45 83
67 66 45 82
68 67 45 81
69 68 45 97
70 69 45 98
71 70 45 99
71 72 45 99
72 73 45 98
73 74 45 97
74 75 45 81
75 76 45 82
76 77 45 83
77 78 45 84
78 79 45 85
82 81 45 40
83 82 45 24
85 84 45 8
86 85 45 9
87 86 45 10
88 87 45 11
88 104 45 11
89 90 45 125
90 91 45 126
91 92 45 127
92 93 45 111
93 94 45 110
94 95 45 109
95 79 45 108
96 112 45 2
97 81 45 116
98 97 45 115
99 98 45 114
100 99 45 113
101 100 45 129
102 101 45 130
103 102 45 131
103 104 45 131
104 105 45 130
105 106 45 129
106 107 45 113
107 108 45 114
108 109 45 115
109 110 45 116
110 111 45 117
114 113 45 72
115 114 45 56
117 116 45 40
118 117 45 24
120 119 45 8
120 136 45 8
121 122 45 157
122 123 45 158
123 124 45 159
124 125 45 143
125 126 45 142
126 127 45 141
127 111 45 140
128 144 45 16
129 113 45 148
130 129 45 147
131 130 45 146
132 131 45 145
133 132 45 161
134 133 45 162
135 134 45 163
135 136 45 163
136 137 45 162
137 138 45 161
138 139 45 145
139 140 45 146
140 141 45 147
141 142 45 148
142 143 45 149
146 145 45 104
147 146 45 88
149 148 45 72
150 149 45 56
152 151 45 40
152 168 45 40
153 154 45 189
154 155 45 190
155 156 45 191
156 157 45 175
157 158 45 174
158 159 45 173
159 143 45 172
160 176 45 48
161 145 45 180
162 161 45 179
163 162 45 178
164 163 45 177
165 164 45 193
166 165 45 194
167 166 45 195
167 168 45 195
168 169 45 194
169 170 45 193
170 171 45 177
171 172 45 178
172 173 45 179
173 174 45 180
174 175 45 181
178 177 45 136
179 178 45 120
181 180 45 104
182 181 45 88
184 183 45 72
184 200 45 72
185 186 45 221
186 187 45 222
187 188 45 223
188 189 45 207
189 190 45 206
190 191 45 205
191 175 45 204
192 208 45 80
193 177 45 212
194 193 45 211
195 194 45 210
196 195 45 209
197 196 45 225
198 197 45 226
199 198 45 227
199 200 45 227
200 201 45 226
201 202 45 225
202 203 45 209
203 204 45 210
204 205 45 211
205 206 45 212
206 207 45 213
210 209 45 168
211 210 45 152
213 212 45 136
214 213 45 120
216 215 45 104
216 232 45 104
217 218 45 253
218 219 45 254
219 220 45 255
220 221 45 239
221 222 45 238
222 223 45 237
223 207 45 236
224 240 45 112
225 209 45 244
226 225 45 243
227 226 45 242
228 227 45 241
229 228 45 240
230 229 45 224
232 233 45 224
233 234 45 240
234 235 45 241
235 236 45 242
236 237 45 243
237 238 45 244
238 239 45 245
242 241 45 200
243 242 45 184
245 244 45 168
246 245 45 152
248 247 45 136
248 249 45 136
250 251 45 152
251 252 45 168
253 254 45 184
254 255 45 200
0 1 46 112
2 3 46 96
3 4 46 80
5 6 46 64
6 7 46 48
8 9 46 32
9 10 46 16
11 12 46 0
12 13 46 1
13 14 46 2
14 15 46 3
18 17 46 72
19 18 46 88
21 20 46 104
22 21 46 120
24 8 46 136
24 23 46 136
25 41 46 12
26 25 46 11
27 26 46 10
28 27 46 9
29 28 46 8
30 29 46 24
32 16 46 144
33 34 46 5
34 35 46 6
35 36 46 7
36 37 46 23
37 38 46 22
38 39 46 21
39 40 46 20
39 55 46 20
40 41 46 19
41 42 46 18
42 43 46 17
44 45 46 33
45 46 46 34
46 47 46 35
50 49 46 104
51 50 46 120
53 52 46 136
54 53 46 152
56 40 46 168
56 55 46 168
57 73 46 44
58 57 46 43
59 58 46 42
60 59 46 41
61 60 46 25
62 61 46 26
63 62 46 27
64 48 46 176
65 66 46 37
66 67 46 38
67 68 46 39
68 69 46 55
69 70 46 54
70 71 46 53
71 72 46 52
71 87 46 52
72 73 46 51
73 74 46 50
74 75 46 49
76 77 46 65
77 78 46 66
78 79 46 67
82 81 46 136
83 82 46 152
85 84 46 168
86 85 46 184
88 72 46 200
88 87 46 200
89 105 46 76
90 89 46 75
91 90 46 74
92 91 46 73
93 92 46 57
94 93 46 58
95 94 46 59
96 80 46 208
97 98 46 69
98 99 46 70
99 100 46 71
100 101 46 87
101 102 46 86
102 103 46 85
103 104 46 84
103 119 46 84
104 105 46 83
105 106 46 82
106 107 46 81
108 109 46 97
109 110 46 98
110 111 46 99
114 113 46 168
115 114 46 184
117 116 46 200
118 117 46 216
120 104 46 232
120 119 46 232
121 137 46 108
122 121 46 107
123 122 46 106
124 123 46 105
125 124 46 89
126 125 46 90
127 126 46 91
128 112 46 240
129 130 46 101
130 131 46 102
131 132 46 103
132 133 46 119
133 134 46 118
134 135 46 117
135 136 46 116
135 151 46 116
136 137 46 115
137 138 46 114
138 139 46 113
140 141 46 129
141 142 46 130
142 143 46 131
146 145 46 200
147 146 46 216
149 148 46 232
150 149 46 248
151 150 46 249
152 136 46 250
152 151 46 250
153 169 46 140
154 153 46 139
155 154 46 138
156 155 46 137
157 156 46 121
158 157 46 122
159 158 46 123
160 144 46 243
161 162 46 133
162 163 46 134
163 164 46 135
164 165 46 151
165 166 46 150
166 167 46 149
167 168 46 148
167 183 46 148
168 169 46 147
169 170 46 146
170 171 46 145
172 173 46 161
173 174 46 162
174 175 46 163
178 177 46 232
179 178 46 248
180 179 46 249
181 180 46 250
182 181 46 251
183 182 46 252
184 168 46 253
184 183 46 253
185 201 46 172
186 185 46 171
187 186 46 170
188 187 46 169
189 188 46 153
190 189 46 154
191 190 46 155
192 176 46 246
193 194 46 165
194 195 46 166
195 196 46 167
196 197 46 183
197 198 46 182
198 199 46 181
199 200 46 180
199 215 46 180
200 201 46 179
201 202 46 178
202 203 46 177
204 205 46 193
205 206 46 194
206 207 46 195
209 208 46 249
210 209 46 250
211 210 46 251
212 211 46 252
213 212 46 253
214 213 46 254
215 214 46 255
217 233 46 204
218 217 46 203
219 218 46 202
220 219 46 201
221 220 46 185
222 221 46 186
223 222 46 187
224 208 46 230
225 226 46 197
226 227 46 198
227 228 46 199
228 229 46 215
229 230 46 214
230 231 46 213
231 232 46 212
231 247 46 212
232 233 46 211
233 234 46 210
234 235 46 209
236 237 46 225
237 238 46 226
238 239 46 227
241 240 46 252
242 241 46 253
243 242 46 254
244 243 46 255
246 245 46 239
247 246 46 238
248 232 46 237
248 247 46 237
249 248 46 236
250 249 46 235
251 250 46 234
252 251 46 233
253 252 46 217
254 253 46 218
255 254 46 219
1 0 47 12
2 1 47 13
3 2 47 14
4 3 47 15
5 4 47 31
6 5 47 30
7 6 47 29
8 7 47 28
8 24 47 28
9 8 47 27
10 9 47 26
11 10 47 25
13 12 47 41
14 13 47 42
15 14 47 43
16 32 47 22
17 18 47 53
18 19 47 54
19 20 47 55
21 22 47 39
22 23 47 38
23 7 47 37
23 24 47 37
24 25 47 36
25 26 47 35
26 27 47 34
27 28 47 33
28 29 47 17
29 30 47 18
30 31 47 19
33 32 47 9
34 33 47 10
35 34 47 11
36 35 47 12
37 36 47 13
38 37 47 14
39 38 47 15
40 39 47 31
40 56 47 31
41 25 47 59
42 41 47 58
43 42 47 57
45 44 47 73
46 45 47 74
47 46 47 75
48 64 47 7
49 50 47 85
50 51 47 86
51 52 47 87
53 54 47 71
54 55 47 70
55 39 47 69
55 56 47 69
56 57 47 68
57 58 47 67
58 59 47 66
59 60 47 65
60 61 47 49
61 62 47 50
62 63 47 51
65 64 47 24
67 66 47 8
68 67 47 9
69 68 47 10
70 69 47 11
71 70 47 12
72 71 47 13
72 88 47 13
73 57 47 91
74 73 47 90
75 74 47 89
77 76 47 105
78 77 47 106
79 78 47 107
80 96 47 4
81 82 47 117
82 83 47 118
83 84 47 119
85 86 47 103
86 87 47 102
87 71 47 101
87 88 47 101
88 89 47 100
89 90 47 99
90 91 47 98
91 92 47 97
92 93 47 81
93 94 47 82
94 95 47 83
97 96 47 56
99 98 47 40
100 99 47 24
102 101 47 8
103 102 47 9
104 103 47 10
104 120 47 10
105 89 47 123
106 105 47 122
107 106 47 121
109 108 47 137
110 109 47 138
111 110 47 139
112 128 47 1
113 114 47 149
114 115 47 150
115 116 47 151
117 118 47 135
118 119 47 134
119 103 47 133
119 120 47 133
120 121 47 132
121 122 47 131
122 123 47 130
123 124 47 129
124 125 47 113
125 126 47 114
126 127 47 115
129 128 47 88
131 130 47 72
132 131 47 56
134 133 47 40
135 134 47 24
137 121 47 155
138 137 47 154
139 138 47 153
141 140 47 169
142 141 47 170
143 142 47 171
145 146 47 181
146 147 47 182
147 148 47 183
149 150 47 167
150 151 47 166
151 135 47 165
151 152 47 165
152 153 47 164
153 154 47 163
154 155 47 162
155 156 47 161
156 157 47 145
157 158 47 146
158 159 47 147
161 160 47 120
163 162 47 104
164 163 47 88
166 165 47 72
167 166 47 56
169 153 47 187
170 169 47 186
171 170 47 185
173 172 47 201
174 173 47 202
175 174 47 203
177 178 47 213
178 179 47 214
179 180 47 215
181 182 47 199
182 183 47 198
183 167 47 197
183 184 47 197
184 185 47 196
185 186 47 195
186 187 47 194
187 188 47 193
188 189 47 177
189 190 47 178
190 191 47 179
193 192 47 152
195 194 47 136
196 195 47 120
198 197 47 104
199 198 47 88
201 185 47 219
202 201 47 218
203 202 47 217
205 204 47 233
206 205 47 234
207 206 47 235
209 210 47 245
210 211 47 246
211 212 47 247
213 214 47 231
214 215 47 230
215 199 47 229
215 216 47 229
216 217 47 228
217 218 47 227
218 219 47 226
219 220 47 225
220 221 47 209
221 222 47 210
222 223 47 211
225 224 47 184
227 226 47 168
228 227 47 152
230 229 47 136
231 230 47 120
233 217 47 251
234 233 47 250
235 234 47 249
236 235 47 248
238 237 47 232
239 238 47 216
241 242 47 128
242 243 47 144
244 245 47 160
245 246 47 176
247 231 47 192
247 248 47 192
248 249 47 208
250 251 47 224
251 252 47 240
252 253 47 241
253 254 47 242
254 255 47 243
1 0 48 56
3 2 48 72
4 3 48 88
6 5 48 104
7 6 48 120
9 10 48 120
10 11 48 104
12 13 48 88
13 14 48 72
15 31 48 56
17 33 48 3
18 17 48 2
19 18 48 1
20 19 48 0
22 21 48 16
23 22 48 32
23 24 48 32
24 25 48 16
26 27 48 0
27 28 48 1
28 29 48 2
29 30 48 3
30 31 48 4
33 32 48 88
35 34 48 104
36 35 48 120
38 37 48 136
39 38 48 152
41 42 48 13
42 43 48 14
43 44 48 15
45 46 48 31
46 47 48 30
47 63 48 29
49 65 48 35
50 49 48 34
51 50 48 33
53 52 48 17
54 53 48 18
55 54 48 19
55 56 48 19
56 57 48 18
57 58 48 17
59 60 48 33
60 61 48 34
61 62 48 35
62 63 48 36
65 64 48 120
67 66 48 136
68 67 48 152
70 69 48 168
71 70 48 184
73 74 48 45
74 75 48 46
75 76 48 47
77 78 48 63
78 79 48 62
79 95 48 61
81 97 48 67
82 81 48 66
83 82 48 65
85 84 48 49
86 85 48 50
87 86 48 51
87 88 48 51
88 89 48 50
89 90 48 49
91 92 48 65
92 93 48 66
93 94 48 67
94 95 48 68
97 96 48 152
99 98 48 168
100 99 48 184
102 101 48 200
103 102 48 216
105 106 48 77
106 107 48 78
107 108 48 79
109 110 48 95
110 111 48 94
111 127 48 93
113 129 48 99
114 113 48 98
115 114 48 97
117 116 48 81
118 117 48 82
119 118 48 83
119 120 48 83
120 121 48 82
121 122 48 81
123 124 48 97
124 125 48 98
125 126 48 99
126 127 48 100
129 128 48 184
131 130 48 200
132 131 48 216
134 133 48 232
135 134 48 248
136 120 48 249
136 135 48 249
137 138 48 109
138 139 48 110
139 140 48 111
141 142 48 127
142 143 48 126
143 159 48 125
144 128 48 242
145 161 48 131
146 145 48 130
147 146 48 129
149 148 48 113
150 149 48 114
151 150 48 115
151 152 48 115
152 153 48 114
153 154 48 113
155 156 48 129
156 157 48 130
157 158 48 131
158 159 48 132
161 160 48 216
163 162 48 232
164 163 48 248
165 164 48 249
166 165 48 250
167 166 48 251
168 152 48 252
168 167 48 252
169 170 48 141
170 171 48 142
171 172 48 143
173 174 48 159
174 175 48 158
175 191 48 157
176 160 48 245
177 193 48 163
178 177 48 162
179 178 48 161
181 180 48 145
182 181 48 146
183 182 48 147
183 184 48 147
184 185 48 146
185 186 48 145
187 188 48 161
188 189 48 162
189 190 48 163
190 191 48 164
193 192 48 248
194 193 48 249
195 194 48 250
196 195 48 251
197 196 48 252
198 197 48 253
199 198 48 254
200 184 48 255
200 199 48 255
201 202 48 173
202 203 48 174
203 204 48 175
205 206 48 191
206 207 48 190
207 223 48 189
208 192 48 231
209 225 48 195
210 209 48 194
211 210 48 193
213 212 48 177
214 213 48 178
215 214 48 179
215 216 48 179
216 217 48 178
217 218 48 177
219 220 48 193
220 221 48 194
221 222 48 195
222 223 48 196
225 224 48 251
226 225 48 252
227 226 48 253
228 227 48 254
229 228 48 255
231 230 48 239
232 216 48 238
232 231 48 238
233 234 48 205
234 235 48 206
235 236 48 207
237 238 48 223
238 239 48 222
239 255 48 221
240 224 48 228
241 240 48 227
242 241 48 226
243 242 48 225
245 244 48 209
246 245 48 210
247 246 48 211
247 248 48 211
248 249 48 210
249 250 48 209
251 252 48 225
252 253 48 226
253 254 48 227
254 255 48 228
0 16 49 20
1 0 49 19
2 1 49 18
3 2 49 17
4 3 49 33
5 4 49 34
6 5 49 35
7 6 49 36
7 8 49 36
8 9 49 35
9 10 49 34
10 11 49 33
11 12 49 17
12 13 49 18
13 14 49 19
14 15 49 20
17 16 49 11
18 17 49 12
19 18 49 13
20 19 49 14
21 20 49 15
22 21 49 31
23 22 49 30
24 23 49 29
24 40 49 29
25 26 49 60
26 27 49 61
27 28 49 62
28 29 49 63
29 30 49 47
30 31 49 46
31 15 49 45
32 48 49 23
33 17 49 51
34 33 49 50
35 34 49 49
36 35 49 65
37 36 49 66
38 37 49 67
39 38 49 68
39 40 49 68
40 41 49 67
41 42 49 66
42 43 49 65
43 44 49 49
44 45 49 50
45 46 49 51
46 47 49 52
49 48 49 8
50 49 49 9
51 50 49 10
52 51 49 11
53 52 49 12
54 53 49 13
55 54 49 14
56 55 49 15
56 72 49 15
57 58 49 92
58 59 49 93
59 60 49 94
60 61 49 95
61 62 49 79
62 63 49 78
63 47 49 77
64 80 49 6
65 49 49 83
66 65 49 82
67 66 49 81
68 67 49 97
69 68 49 98
70 69 49 99
71 70 49 100
71 72 49 100
72 73 49 99
73 74 49 98
74 75 49 97
75 76 49 81
76 77 49 82
77 78 49 83
78 79 49 84
81 80 49 40
82 81 49 24
84 83 49 8
85 84 49 9
86 85 49 10
87 86 49 11
88 87 49 12
88 104 49 12
89 90 49 124
90 91 49 125
91 92 49 126
92 93 49 127
93 94 49 111
94 95 49 110
95 79 49 109
96 112 49 3
97 81 49 115
98 97 49 114
99 98 49 113
100 99 49 129
101 100 49 130
102 101 49 131
103 102 49 132
103 104 49 132
104 105 49 131
105 106 49 130
106 107 49 129
107 108 49 113
108 109 49 114
109 110 49 115
110 111 49 116
113 112 49 72
114 113 49 56
116 115 49 40
117 116 49 24
119 118 49 8
120 119 49 9
120 136 49 9
121 122 49 156
122 123 49 157
123 124 49 158
124 125 49 159
125 126 49 143
126 127 49 142
127 111 49 141
128 144 49 0
129 113 49 147
130 129 49 146
131 130 49 145
132 131 49 161
133 132 49 162
134 133 49 163
135 134 49 164
135 136 49 164
136 137 49 163
137 138 49 162
138 139 49 161
139 140 49 145
140 141 49 146
141 142 49 147
142 143 49 148
145 144 49 104
146 145 49 88
148 147 49 72
149 148 49 56
151 150 49 40
152 151 49 24
152 168 49 24
153 154 49 188
154 155 49 189
155 156 49 190
156 157 49 191
157 158 49 175
158 159 49 174
159 143 49 173
160 176 49 32
161 145 49 179
162 161 49 178
163 162 49 177
164 163 49 193
165 164 49 194
166 165 49 195
167 166 49 196
167 168 49 196
168 169 49 195
169 170 49 194
170 171 49 193
171 172 49 177
172 173 49 178
173 174 49 179
174 175 49 180
177 176 49 136
178 177 49 120
180 179 49 104
181 180 49 88
183 182 49 72
184 183 49 56
184 200 49 56
185 186 49 220
186 187 49 221
187 188 49 222
188 189 49 223
189 190 49 207
190 191 49 206
191 175 49 205
192 208 49 64
193 177 49 211
194 193 49 210
195 194 49 209
196 195 49 225
197 196 49 226
198 197 49 227
199 198 49 228
199 200 49 228
200 201 49 227
201 202 49 226
202 203 49 225
203 204 49 209
204 205 49 210
205 206 49 211
206 207 49 212
209 208 49 168
210 209 49 152
212 211 49 136
213 212 49 120
215 214 49 104
216 215 49 88
216 232 49 88
217 218 49 252
218 219 49 253
219 220 49 254
220 221 49 255
221 222 49 239
222 223 49 238
223 207 49 237
224 240 49 96
225 209 49 243
226 225 49 242
227 226 49 241
228 227 49 240
229 228 49 224
231 230 49 208
231 232 49 208
233 234 49 224
234 235 49 240
235 236 49 241
236 237 49 242
237 238 49 243
238 239 49 244
241 240 49 200
242 241 49 184
244 243 49 168
245 244 49 152
247 246 49 136
248 247 49 120
248 249 49 120
249 250 49 136
251 252 49 152
252 253 49 168
254 255 49 184
255 239 49 200
0 1 50 128
1 2 50 112
3 4 50 96
4 5 50 80
6 7 50 64
7 8 50 48
7 23 50 48
9 10 50 32
10 11 50 16
12 13 50 0
13 14 50 1
14 15 50 2
17 16 50 72
18 17 50 88
20 19 50 104
21 20 50 120
23 22 50 136
24 8 50 152
24 23 50 152
25 41 50 11
26 25 50 10
27 26 50 9
28 27 50 8
29 28 50 24
31 30 50 40
32 16 50 160
33 34 50 4
34 35 50 5
35 36 50 6
36 37 50 7
37 38 50 23
38 39 50 22
39 40 50 21
39 55 50 21
40 41 50 20
41 42 50 19
42 43 50 18
43 44 50 17
45 46 50 33
46 47 50 34
49 48 50 104
50 49 50 120
52 51 50 136
53 52 50 152
55 54 50 168
56 40 50 184
56 55 50 184
57 73 50 43
58 57 50 42
59 58 50 41
60 59 50 25
61 60 50 26
62 61 50 27
63 62 50 28
64 48 50 192
65 66 50 36
66 67 50 37
67 68 50 38
68 69 50 39
69 70 50 55
70 71 50 54
71 72 50 53
71 87 50 53
72 73 50 52
73 74 50 51
74 75 50 50
75 76 50 49
77 78 50 65
78 79 50 66
81 80 50 136
82 81 50 152
84 83 50 168
85 84 50 184
87 86 50 200
88 72 50 216
88 87 50 216
89 105 50 75
90 89 50 74
91 90 50 73
92 91 50 57
93 92 50 58
94 93 50 59
95 94 50 60
96 80 50 224
97 98 50 68
98 99 50 69
99 100 50 70
100 101 50 71
101 102 50 87
102 103 50 86
103 104 50 85
103 119 50 85
104 105 50 84
105 106 50 83
106 107 50 82
107 108 50 81
109 110 50 97
110 111 50 98
113 112 50 168
114 113 50 184
116 115 50 200
117 116 50 216
119 118 50 232
120 104 50 248
120 119 50 248
121 137 50 107
122 121 50 106
123 122 50 105
124 123 50 89
125 124 50 90
126 125 50 91
127 126 50 92
128 112 50 241
129 130 50 100
130 131 50 101
131 132 50 102
132 133 50 103
133 134 50 119
134 135 50 118
135 136 50 117
135 151 50 117
136 137 50 116
137 138 50 115
138 139 50 114
139 140 50 113
141 142 50 129
142 143 50 130
145 144 50 200
146 145 50 216
148 147 50 232
149 148 50 248
150 149 50 249
151 150 50 250
152 136 50 251
152 151 50 251
153 169 50 139
154 153 50 138
155 154 50 137
156 155 50 121
157 156 50 122
158 157 50 123
159 158 50 124
160 144 50 244
161 162 50 132
162 163 50 133
163 164 50 134
164 165 50 135
165 166 50 151
166 167 50 150
167 168 50 149
167 183 50 149
168 169 50 148
169 170 50 147
170 171 50 146
171 172 50 145
173 174 50 161
174 175 50 162
177 176 50 232
178 177 50 248
179 178 50 249
180 179 50 250
181 180 50 251
182 181 50 252
183 182 50 253
184 168 50 254
184 183 50 254
185 201 50 171
186 185 50 170
187 186 50 169
188 187 50 153
189 188 50 154
190 189 50 155
191 190 50 156
192 176 50 247
193 194 50 164
194 195 50 165
195 196 50 166
196 197 50 167
197 198 50 183
198 199 50 182
199 200 50 181
199 215 50 181
200 201 50 180
201 202 50 179
202 203 50 178
203 204 50 177
205 206 50 193
206 207 50 194
209 208 50 250
210 209 50 251
211 210 50 252
212 211 50 253
213 212 50 254
214 213 50 255
216 200 50 239
216 215 50 239
217 233 50 203
218 217 50 202
219 218 50 201
220 219 50 185
221 220 50 186
222 221 50 187
223 222 50 188
224 208 50 229
225 226 50 196
226 227 50 197
227 228 50 198
228 229 50 199
229 230 50 215
230 231 50 214
231 232 50 213
231 247 50 213
232 233 50 212
233 234 50 211
234 235 50 210
235 236 50 209
237 238 50 225
238 239 50 226
241 240 50 253
242 241 50 254
243 242 50 255
245 244 50 239
246 245 50 238
247 246 50 237
248 232 50 236
248 247 50 236
249 248 50 235
250 249 50 234
251 250 50 233
252 251 50 217
253 252 50 218
254 253 50 219
255 254 50 220
1 0 51 13
2 1 51 14
3 2 51 15
4 3 51 31
5 4 51 30
6 5 51 29
7 6 51 28
8 7 51 27
8 24 51 27
9 8 51 26
10 9 51 25
12 11 51 41
13 12 51 42
14 13 51 43
15 14 51 44
16 32 51 21
17 18 51 52
18 19 51 53
19 20 51 54
20 21 51 55
22 23 51 39
23 7 51 38
23 24 51 38
24 25 51 37
25 26 51 36
26 27 51 35
27 28 51 34
28 29 51 33
29 30 51 17
30 31 51 18
33 32 51 10
34 33 51 11
35 34 51 12
36 35 51 13
37 36 51 14
38 37 51 15
39 38 51 31
40 39 51 30
40 56 51 30
41 25 51 58
42 41 51 57
44 43 51 73
45 44 51 74
46 45 51 75
47 46 51 76
49 50 51 84
50 51 51 85
51 52 51 86
52 53 51 87
54 55 51 71
55 39 51 70
55 56 51 70
56 57 51 69
57 58 51 68
58 59 51 67
59 60 51 66
60 61 51 65
61 62 51 49
62 63 51 50
66 65 51 8
67 66 51 9
68 67 51 10
69 68 51 11
70 69 51 12
71 70 51 13
72 71 51 14
72 88 51 14
73 57 51 90
74 73 51 89
76 75 51 105
77 76 51 106
78 77 51 107
79 78 51 108
80 96 51 5
81 82 51 116
82 83 51 117
83 84 51 118
84 85 51 119
86 87 51 103
87 71 51 102
87 88 51 102
88 89 51 101
89 90 51 100
90 91 51 99
91 92 51 98
92 93 51 97
93 94 51 81
94 95 51 82
98 97 51 40
99 98 51 24
101 100 51 8
102 101 51 9
103 102 51 10
104 103 51 11
104 120 51 11
105 89 51 122
106 105 51 121
108 107 51 137
109 108 51 138
110 109 51 139
111 110 51 140
112 128 51 2
113 114 51 148
114 115 51 149
115 116 51 150
116 117 51 151
118 119 51 135
119 103 51 134
119 120 51 134
120 121 51 133
121 122 51 132
122 123 51 131
123 124 51 130
124 125 51 129
125 126 51 113
126 127 51 114
130 129 51 72
131 130 51 56
133 132 51 40
134 133 51 24
136 135 51 8
136 152 51 8
137 121 51 154
138 137 51 153
140 139 51 169
141 140 51 170
142 141 51 171
143 142 51 172
144 160 51 16
145 146 51 180
146 147 51 181
147 148 51 182
148 149 51 183
150 151 51 167
151 135 51 166
151 152 51 166
152 153 51 165
153 154 51 164
154 155 51 163
155 156 51 162
156 157 51 161
157 158 51 145
158 159 51 146
162 161 51 104
163 162 51 88
165 164 51 72
166 165 51 56
168 167 51 40
168 184 51 40
169 153 51 186
170 169 51 185
172 171 51 201
173 172 51 202
174 173 51 203
175 174 51 204
176 192 51 48
177 178 51 212
178 179 51 213
179 180 51 214
180 181 51 215
182 183 51 199
183 167 51 198
183 184 51 198
184 185 51 197
185 186 51 196
186 187 51 195
187 188 51 194
188 189 51 193
189 190 51 177
190 191 51 178
194 193 51 136
195 194 51 120
197 196 51 104
198 197 51 88
200 199 51 72
200 216 51 72
201 185 51 218
202 201 51 217
204 203 51 233
205 204 51 234
206 205 51 235
207 206 51 236
208 224 51 80
209 210 51 244
210 211 51 245
211 212 51 246
212 213 51 247
214 215 51 231
215 199 51 230
215 216 51 230
216 217 51 229
217 218 51 228
218 219 51 227
219 220 51 226
220 221 51 225
221 222 51 209
222 223 51 210
226 225 51 168
227 226 51 152
229 228 51 136
230 229 51 120
232 231 51 104
232 248 51 104
233 217 51 250
234 233 51 249
235 234 51 248
237 236 51 232
238 237 51 216
240 241 51 112
242 243 51 128
243 244 51 144
245 246 51 160
246 247 51 176
248 249 51 192
249 250 51 208
251 252 51 224
252 253 51 240
253 254 51 241
254 255 51 242
2 1 52 72
3 2 52 88
5 4 52 104
6 5 52 120
8 7 52 136
8 9 52 136
10 11 52 120
11 12 52 104
13 14 52 88
14 15 52 72
16 0 52 144
17 33 52 2
18 17 52 1
19 18 52 0
21 20 52 16
22 21 52 32
24 25 52 32
25 26 52 16
27 28 52 0
28 29 52 1
29 30 52 2
30 31 52 3
34 33 52 104
35 34 52 120
37 36 52 136
38 37 52 152
40 24 52 168
40 39 52 168
41 42 52 12
42 43 52 13
43 44 52 14
44 45 52 15
46 47 52 31
47 63 52 30
48 32 52 176
49 65 52 34
50 49 52 33
52 51 52 17
53 52 52 18
54 53 52 19
55 54 52 20
55 56 52 20
56 57 52 19
57 58 52 18
58 59 52 17
60 61 52 33
61 62 52 34
62 63 52 35
66 65 52 136
67 66 52 152
69 68 52 168
70 69 52 184
72 56 52 200
72 71 52 200
73 74 52 44
74 75 52 45
75 76 52 46
76 77 52 47
78 79 52 63
79 95 52 62
80 64 52 208
81 97 52 66
82 81 52 65
84 83 52 49
85 84 52 50
86 85 52 51
87 86 52 52
87 88 52 52
88 89 52 51
89 90 52 50
90 91 52 49
92 93 52 65
93 94 52 66
94 95 52 67
98 97 52 168
99 98 52 184
101 100 52 200
102 101 52 216
104 88 52 232
104 103 52 232
105 106 52 76
106 107 52 77
107 108 52 78
108 109 52 79
110 111 52 95
111 127 52 94
112 96 52 240
113 129 52 98
114 113 52 97
116 115 52 81
117 116 52 82
118 117 52 83
119 118 52 84
119 120 52 84
120 121 52 83
121 122 52 82
122 123 52 81
124 125 52 97
125 126 52 98
126 127 52 99
130 129 52 200
131 130 52 216
133 132 52 232
134 133 52 248
135 134 52 249
136 120 52 250
136 135 52 250
137 138 52 108
138 139 52 109
139 140 52 110
140 141 52 111
142 143 52 127
143 159 52 126
144 128 52 243
145 161 52 130
146 145 52 129
148 147 52 113
149 148 52 114
150 149 52 115
151 150 52 116
151 152 52 116
152 153 52 115
153 154 52 114
154 155 52 113
156 157 52 129
157 158 52 130
158 159 52 131
162 161 52 232
163 162 52 248
164 163 52 249
165 164 52 250
166 165 52 251
167 166 52 252
168 152 52 253
168 167 52 253
169 170 52 140
170 171 52 141
171 172 52 142
172 173 52 143
174 175 52 159
175 191 52 158
176 160 52 246
177 193 52 162
178 177 52 161
180 179 52 145
181 180 52 146
182 181 52 147
183 182 52 148
183 184 52 148
184 185 52 147
185 186 52 146
186 187 52 145
188 189 52 161
189 190 52 162
190 191 52 163
193 192 52 249
194 193 52 250
195 194 52 251
196 195 52 252
197 196 52 253
198 197 52 254
199 198 52 255
201 202 52 172
202 203 52 173
203 204 52 174
204 205 52 175
206 207 52 191
207 223 52 190
208 192 52 230
209 225 52 194
210 209 52 193
212 211 52 177
213 212 52 178
214 213 52 179
215 214 52 180
215 216 52 180
216 217 52 179
217 218 52 178
218 219 52 177
220 221 52 193
221 222 52 194
222 223 52 195
225 224 52 252
226 225 52 253
227 226 52 254
228 227 52 255
230 229 52 239
231 230 52 238
232 216 52 237
232 231 52 237
233 234 52 204
234 235 52 205
235 236 52 206
236 237 52 207
238 239 52 223
239 255 52 222
240 224 52 227
241 240 52 226
242 241 52 225
244 243 52 209
245 244 52 210
246 245 52 211
247 246 52 212
247 248 52 212
248 249 52 211
249 250 52 210
250 251 52 209
252 253 52 225
253 254 52 226
254 255 52 227
0 16 53 19
1 0 53 18
2 1 53 17
3 2 53 33
4 3 53 34
5 4 53 35
6 5 53 36
7 6 53 37
7 8 53 37
8 9 53 36
9 10 53 35
10 11 53 34
11 12 53 33
12 13 53 17
13 14 53 18
14 15 53 19
17 16 53 12
18 17 53 13
19 18 53 14
20 19 53 15
21 20 53 31
22 21 53 30
23 22 53 29
24 23 53 28
24 40 53 28
25 26 53 59
26 27 53 60
27 28 53 61
28 29 53 62
29 30 53 63
30 31 53 47
31 15 53 46
32 48 53 22
33 17 53 50
34 33 53 49
35 34 53 65
36 35 53 66
37 36 53 67
38 37 53 68
39 38 53 69
39 40 53 69
40 41 53 68
41 42 53 67
42 43 53 66
43 44 53 65
44 45 53 49
45 46 53 50
46 47 53 51
49 48 53 9
50 49 53 10
51 50 53 11
52 51 53 12
53 52 53 13
54 53 53 14
55 54 53 15
56 55 53 31
56 72 53 31
57 58 53 91
58 59 53 92
59 60 53 93
60 61 53 94
61 62 53 95
62 63 53 79
63 47 53 78
64 80 53 7
65 49 53 82
66 65 53 81
67 66 53 97
68 67 53 98
69 68 53 99
70 69 53 100
71 70 53 101
71 72 53 101
72 73 53 100
73 74 53 99
74 75 53 98
75 76 53 97
76 77 53 81
77 78 53 82
78 79 53 83
81 80 53 24
83 82 53 8
84 83 53 9
85 84 53 10
86 85 53 11
87 86 53 12
88 87 53 13
88 104 53 13
89 90 53 123
90 91 53 124
91 92 53 125
92 93 53 126
93 94 53 127
94 95 53 111
95 79 53 110
96 112 53 4
97 81 53 114
98 97 53 113
99 98 53 129
100 99 53 130
101 100 53 131
102 101 53 132
103 102 53 133
103 104 53 133
104 105 53 132
105 106 53 131
106 107 53 130
107 108 53 129
108 109 53 113
109 110 53 114
110 111 53 115
113 112 53 56
115 114 53 40
116 115 53 24
118 117 53 8
119 118 53 9
120 119 53 10
120 136 53 10
121 122 53 155
122 123 53 156
123 124 53 157
124 125 53 158
125 126 53 159
126 127 53 143
127 111 53 142
128 144 53 1
129 113 53 146
130 129 53 145
131 130 53 161
132 131 53 162
133 132 53 163
134 133 53 164
135 134 53 165
135 136 53 165
136 137 53 164
137 138 53 163
138 139 53 162
139 140 53 161
140 141 53 145
141 142 53 146
142 143 53 147
145 144 53 88
147 146 53 72
148 147 53 56
150 149 53 40
151 150 53 24
153 154 53 187
154 155 53 188
155 156 53 189
156 157 53 190
157 158 53 191
158 159 53 175
159 143 53 174
161 145 53 178
162 161 53 177
163 162 53 193
164 163 53 194
165 164 53 195
166 165 53 196
167 166 53 197
167 168 53 197
168 169 53 196
169 170 53 195
170 171 53 194
171 172 53 193
172 173 53 177
173 174 53 178
174 175 53 179
177 176 53 120
179 178 53 104
180 179 53 88
182 181 53 72
183 182 53 56
185 186 53 219
186 187 53 220
187 188 53 221
188 189 53 222
189 190 53 223
190 191 53 207
191 175 53 206
193 177 53 210
194 193 53 209
195 194 53 225
196 195 53 226
197 196 53 227
198 197 53 228
199 198 53 229
199 200 53 229
200 201 53 228
201 202 53 227
202 203 53 226
203 204 53 225
204 205 53 209
205 206 53 210
206 207 53 211
209 208 53 152
211 210 53 136
212 211 53 120
214 213 53 104
215 214 53 88
217 218 53 251
218 219 53 252
219 220 53 253
220 221 53 254
221 222 53 255
222 223 53 239
223 207 53 238
225 209 53 242
226 225 53 241
227 226 53 240
228 227 53 224
230 229 53 208
231 230 53 192
231 232 53 192
232 233 53 208
234 235 53 224
235 236 53 240
236 237 53 241
237 238 53 242
238 239 53 243
241 240 53 184
243 242 53 168
244 243 53 152
246 245 53 136
247 246 53 120
249 250 53 120
250 251 53 136
252 253 53 152
253 254 53 168
255 239 53 184
1 2 54 128
2 3 54 112
4 5 54 96
5 6 54 80
7 8 54 64
7 23 54 64
8 9 54 48
10 11 54 32
11 12 54 16
13 14 54 0
14 15 54 1
17 16 54 88
19 18 54 104
20 19 54 120
22 21 54 136
23 22 54 152
25 41 54 10
26 25 54 9
27 26 54 8
28 27 54 24
30 29 54 40
31 30 54 56
33 34 54 3
34 35 54 4
35 36 54 5
36 37 54 6
37 38 54 7
38 39 54 23
39 40 54 22
39 55 54 22
40 41 54 21
41 42 54 20
42 43 54 19
43 44 54 18
44 45 54 17
46 47 54 33
49 48 54 120
51 50 54 136
52 51 54 152
54 53 54 168
55 54 54 184
57 73 54 42
58 57 54 41
59 58 54 25
60 59 54 26
61 60 54 27
62 61 54 28
63 62 54 29
65 66 54 35
66 67 54 36
67 68 54 37
68 69 54 38
69 70 54 39
70 71 54 55
71 72 54 54
71 87 54 54
72 73 54 53
73 74 54 52
74 75 54 51
75 76 54 50
76 77 54 49
78 79 54 65
81 80 54 152
83 82 54 168
84 83 54 184
86 85 54 200
87 86 54 216
89 105 54 74
90 89 54 73
91 90 54 57
92 91 54 58
93 92 54 59
94 93 54 60
95 94 54 61
97 98 54 67
98 99 54 68
99 100 54 69
100 101 54 70
101 102 54 71
102 103 54 87
103 104 54 86
103 119 54 86
104 105 54 85
105 106 54 84
106 107 54 83
107 108 54 82
108 109 54 81
110 111 54 97
113 112 54 184
115 114 54 200
116 115 54 216
118 117 54 232
119 118 54 248
120 104 54 249
120 119 54 249
121 137 54 106
122 121 54 105
123 122 54 89
124 123 54 90
125 124 54 91
126 125 54 92
127 126 54 93
128 112 54 242
129 130 54 99
130 131 54 100
131 132 54 101
132 133 54 102
133 134 54 103
134 135 54 119
135 136 54 118
135 151 54 118
136 137 54 117
137 138 54 116
138 139 54 115
139 140 54 114
140 141 54 113
142 143 54 129
145 144 54 216
147 146 54 232
148 147 54 248
149 148 54 249
150 149 54 250
151 150 54 251
152 136 54 252
152 151 54 252
153 169 54 138
154 153 54 137
155 154 54 121
156 155 54 122
157 156 54 123
158 157 54 124
159 158 54 125
160 144 54 245
161 162 54 131
162 163 54 132
163 164 54 133
164 165 54 134
165 166 54 135
166 167 54 151
167 168 54 150
167 183 54 150
168 169 54 149
169 170 54 148
170 171 54 147
171 172 54 146
172 173 54 145
174 175 54 161
177 176 54 248
178 177 54 249
179 178 54 250
180 179 54 251
181 180 54 252
182 181 54 253
183 182 54 254
184 168 54 255
184 183 54 255
185 201 54 170
186 185 54 169
187 186 54 153
188 187 54 154
189 188 54 155
190 189 54 156
191 190 54 157
192 176 54 231
193 194 54 163
194 195 54 164
195 196 54 165
196 197 54 166
197 198 54 167
198 199 54 183
199 200 54 182
199 215 54 182
200 201 54 181
201 202 54 180
202 203 54 179
203 204 54 178
204 205 54 177
206 207 54 193
209 208 54 251
210 209 54 252
211 210 54 253
212 211 54 254
213 212 54 255
215 214 54 239
216 200 54 238
216 215 54 238
217 233 54 202
218 217 54 201
219 218 54 185
220 219 54 186
221 220 54 187
222 221 54 188
223 222 54 189
224 208 54 228
225 226 54 195
226 227 54 196
227 228 54 197
228 229 54 198
229 230 54 199
230 231 54 215
231 232 54 214
231 247 54 214
232 233 54 213
233 234 54 212
234 235 54 211
235 236 54 210
236 237 54 209
238 239 54 225
241 240 54 254
242 241 54 255
244 243 54 239
245 244 54 238
246 245 54 237
247 246 54 236
248 232 54 235
248 247 54 235
249 248 54 234
250 249 54 233
251 250 54 217
252 251 54 218
253 252 54 219
254 253 54 220
255 254 54 221
1 0 55 14
2 1 55 15
3 2 55 31
4 3 55 30
5 4 55 29
6 5 55 28
7 6 55 27
8 7 55 26
8 24 55 26
9 8 55 25
11 10 55 41
12 11 55 42
13 12 55 43
14 13 55 44
15 14 55 45
16 32 55 20
17 18 55 51
18 19 55 52
19 20 55 53
20 21 55 54
21 22 55 55
23 7 55 39
23 24 55 39
24 25 55 38
25 26 55 37
26 27 55 36
27 28 55 35
28 29 55 34
29 30 55 33
30 31 55 17
33 32 55 11
34 33 55 12
35 34 55 13
36 35 55 14
37 36 55 15
38 37 55 31
39 38 55 30
40 39 55 29
40 56 55 29
41 25 55 57
43 42 55 73
44 43 55 74
45 44 55 75
46 45 55 76
47 46 55 77
48 64 55 23
49 50 55 83
50 51 55 84
51 52 55 85
52 53 55 86
53 54 55 87
55 39 55 71
55 56 55 71
56 57 55 70
57 58 55 69
58 59 55 68
59 60 55 67
60 61 55 66
61 62 55 65
62 63 55 49
65 64 55 8
66 65 55 9
67 66 55 10
68 67 55 11
69 68 55 12
70 69 55 13
71 70 55 14
72 71 55 15
72 88 55 15
73 57 55 89
75 74 55 105
76 75 55 106
77 76 55 107
78 77 55 108
79 78 55 109
80 96 55 6
81 82 55 115
82 83 55 116
83 84 55 117
84 85 55 118
85 86 55 119
87 71 55 103
87 88 55 103
88 89 55 102
89 90 55 101
90 91 55 100
91 92 55 99
92 93 55 98
93 94 55 97
94 95 55 81
97 96 55 40
98 97 55 24
100 99 55 8
101 100 55 9
102 101 55 10
103 102 55 11
104 103 55 12
104 120 55 12
105 89 55 121
107 106 55 137
108 107 55 138
109 108 55 139
110 109 55 140
111 110 55 141
112 128 55 3
113 114 55 147
114 115 55 148
115 116 55 149
116 117 55 150
117 118 55 151
119 103 55 135
119 120 55 135
120 121 55 134
121 122 55 133
122 123 55 132
123 124 55 131
124 125 55 130
125 126 55 129
126 127 55 113
129 128 55 72
130 129 55 56
132 131 55 40
133 132 55 24
135 134 55 8
136 135 55 9
136 152 55 9
137 121 55 153
139 138 55 169
140 139 55 170
141 140 55 171
142 141 55 172
143 142 55 173
144 160 55 0
145 146 55 179
146 147 55 180
147 148 55 181
148 149 55 182
149 150 55 183
151 135 55 167
151 152 55 167
152 153 55 166
153 154 55 165
154 155 55 164
155 156 55 163
156 157 55 162
157 158 55 161
158 159 55 145
161 160 55 104
162 161 55 88
164 163 55 72
165 164 55 56
167 166 55 40
168 167 55 24
168 184 55 24
169 153 55 185
171 170 55 201
172 171 55 202
173 172 55 203
174 173 55 204
175 174 55 205
176 192 55 32
177 178 55 211
178 179 55 212
179 180 55 213
180 181 55 214
181 182 55 215
183 167 55 199
183 184 55 199
184 185 55 198
185 186 55 197
186 187 55 196
187 188 55 195
188 189 55 194
189 190 55 193
190 191 55 177
193 192 55 136
194 193 55 120
196 195 55 104
197 196 55 88
199 198 55 72
200 199 55 56
200 216 55 56
201 185 55 217
203 202 55 233
204 203 55 234
205 204 55 235
206 205 55 236
207 206 55 237
208 224 55 64
209 210 55 243
210 211 55 244
211 212 55 245
212 213 55 246
213 214 55 247
215 199 55 231
215 216 55 231
216 217 55 230
217 218 55 229
218 219 55 228
219 220 55 227
220 221 55 226
221 222 55 225
222 223 55 209
225 224 55 168
226 225 55 152
228 227 55 136
229 228 55 120
231 230 55 104
232 231 55 88
232 248 55 88
233 217 55 249
234 233 55 248
236 235 55 232
237 236 55 216
239 238 55 200
240 241 55 96
241 242 55 112
243 244 55 128
244 245 55 144
246 247 55 160
247 231 55 176
247 248 55 176
249 250 55 192
250 251 55 208
252 253 55 224
253 254 55 240
254 255 55 241
1 0 56 72
2 1 56 88
4 3 56 104
5 4 56 120
7 6 56 136
8 7 56 152
8 9 56 152
9 10 56 136
11 12 56 120
12 13 56 104
14 15 56 88
15 31 56 72
16 0 56 160
17 33 56 1
18 17 56 0
20 19 56 16
21 20 56 32
23 22 56 48
23 24 56 48
25 26 56 32
26 27 56 16
28 29 56 0
29 30 56 1
30 31 56 2
33 32 56 104
34 33 56 120
36 35 56 136
37 36 56 152
39 38 56 168
40 24 56 184
40 39 56 184
41 42 56 11
42 43 56 12
43 44 56 13
44 45 56 14
45 46 56 15
47 63 56 31
48 32 56 192
49 65 56 33
51 50 56 17
52 51 56 18
53 52 56 19
54 53 56 20
55 54 56 21
55 56 56 21
56 57 56 20
57 58 56 19
58 59 56 18
59 60 56 17
61 62 56 33
62 63 56 34
65 64 56 136
66 65 56 152
68 67 56 168
69 68 56 184
71 70 56 200
72 56 56 216
72 71 56 216
73 74 56 43
74 75 56 44
75 76 56 45
76 77 56 46
77 78 56 47
79 95 56 63
80 64 56 224
81 97 56 65
83 82 56 49
84 83 56 50
85 84 56 51
86 85 56 52
87 86 56 53
87 88 56 53
88 89 56 52
89 90 56 51
90 91 56 50
91 92 56 49
93 94 56 65
94 95 56 66
97 96 56 168
98 97 56 184
100 99 56 200
101 100 56 216
103 102 56 232
104 88 56 248
104 103 56 248
105 106 56 75
106 107 56 76
107 108 56 77
108 109 56 78
109 110 56 79
111 127 56 95
112 96 56 241
113 129 56 97
115 114 56 81
116 115 56 82
117 116 56 83
118 117 56 84
119 118 56 85
119 120 56 85
120 121 56 84
121 122 56 83
122 123 56 82
123 124 56 81
125 126 56 97
126 127 56 98
129 128 56 200
130 129 56 216
132 131 56 232
133 132 56 248
134 133 56 249
135 134 56 250
136 120 56 251
136 135 56 251
137 138 56 107
138 139 56 108
139 140 56 109
140 141 56 110
141 142 56 111
143 159 56 127
144 128 56 244
145 161 56 129
147 146 56 113
148 147 56 114
149 148 56 115
150 149 56 116
151 150 56 117
151 152 56 117
152 153 56 116
153 154 56 115
154 155 56 114
155 156 56 113
157 158 56 129
158 159 56 130
161 160 56 232
162 161 56 248
163 162 56 249
164 163 56 250
165 164 56 251
166 165 56 252
167 166 56 253
168 152 56 254
168 167 56 254
169 170 56 139
170 171 56 140
171 172 56 141
172 173 56 142
173 174 56 143
175 191 56 159
176 160 56 247
177 193 56 161
179 178 56 145
180 179 56 146
181 180 56 147
182 181 56 148
183 182 56 149
183 184 56 149
184 185 56 148
185 186 56 147
186 187 56 146
187 188 56 145
189 190 56 161
190 191 56 162
193 192 56 250
194 193 56 251
195 194 56 252
196 195 56 253
197 196 56 254
198 197 56 255
200 184 56 239
200 199 56 239
201 202 56 171
202 203 56 172
203 204 56 173
204 205 56 174
205 206 56 175
207 223 56 191
208 192 56 229
209 225 56 193
211 210 56 177
212 211 56 178
213 212 56 179
214 213 56 180
215 214 56 181
215 216 56 181
216 217 56 180
217 218 56 179
218 219 56 178
219 220 56 177
221 222 56 193
222 223 56 194
225 224 56 253
226 225 56 254
227 226 56 255
229 228 56 239
230 229 56 238
231 230 56 237
232 216 56 236
232 231 56 236
233 234 56 203
234 235 56 204
235 236 56 205
236 237 56 206
237 238 56 207
239 255 56 223
240 224 56 226
241 240 56 225
243 242 56 209
244 243 56 210
245 244 56 211
246 245 56 212
247 246 56 213
247 248 56 213
248 249 56 212
249 250 56 211
250 251 56 210
251 252 56 209
253 254 56 225
254 255 56 226
0 16 57 18
1 0 57 17
2 1 57 33
3 2 57 34
4 3 57 35
5 4 57 36
6 5 57 37
7 6 57 38
7 8 57 38
8 9 57 37
9 10 57 36
10 11 57 35
11 12 57 34
12 13 57 33
13 14 57 17
14 15 57 18
17 16 57 13
18 17 57 14
19 18 57 15
20 19 57 31
21 20 57 30
22 21 57 29
23 22 57 28
24 23 57 27
24 40 57 27
25 26 57 58
26 27 57 59
27 28 57 60
28 29 57 61
29 30 57 62
30 31 57 63
31 15 57 47
32 48 57 21
33 17 57 49
34 33 57 65
35 34 57 66
36 35 57 67
37 36 57 68
38 37 57 69
39 38 57 70
39 40 57 70
40 41 57 69
41 42 57 68
42 43 57 67
43 44 57 66
44 45 57 65
45 46 57 49
46 47 57 50
49 48 57 10
50 49 57 11
51 50 57 12
52 51 57 13
53 52 57 14
54 53 57 15
55 54 57 31
56 55 57 30
56 72 57 30
57 58 57 90
58 59 57 91
59 60 57 92
60 61 57 93
61 62 57 94
62 63 57 95
63 47 57 79
65 49 57 81
66 65 57 97
67 66 57 98
68 67 57 99
69 68 57 100
70 69 57 101
71 70 57 102
71 72 57 102
72 73 57 101
73 74 57 100
74 75 57 99
75 76 57 98
76 77 57 97
77 78 57 81
78 79 57 82
82 81 57 8
83 82 57 9
84 83 57 10
85 84 57 11
86 85 57 12
87 86 57 13
88 87 57 14
88 104 57 14
89 90 57 122
90 91 57 123
91 92 57 124
92 93 57 125
93 94 57 126
94 95 57 127
95 79 57 111
96 112 57 5
97 81 57 113
98 97 57 129
99 98 57 130
100 99 57 131
101 100 57 132
102 101 57 133
103 102 57 134
103 104 57 134
104 105 57 133
105 106 57 132
106 107 57 131
107 108 57 130
108 109 57 129
109 110 57 113
110 111 57 114
114 113 57 40
115 114 57 24
117 116 57 8
118 117 57 9
119 118 57 10
120 119 57 11
120 136 57 11
121 122 57 154
122 123 57 155
123 124 57 156
124 125 57 157
125 126 57 158
126 127 57 159
127 111 57 143
128 144 57 2
129 113 57 145
130 129 57 161
131 130 57 162
132 131 57 163
133 132 57 164
134 133 57 165
135 134 57 166
135 136 57 166
136 137 57 165
137 138 57 164
138 139 57 163
139 140 57 162
140 141 57 161
141 142 57 145
142 143 57 146
146 145 57 72
147 146 57 56
149 148 57 40
150 149 57 24
152 151 57 8
152 168 57 8
153 154 57 186
154 155 57 187
155 156 57 188
156 157 57 189
157 158 57 190
158 159 57 191
159 143 57 175
160 176 57 16
161 145 57 177
162 161 57 193
163 162 57 194
164 163 57 195
165 164 57 196
166 165 57 197
167 166 57 198
167 168 57 198
168 169 57 197
169 170 57 196
170 171 57 195
171 172 57 194
172 173 57 193
173 174 57 177
174 175 57 178
178 177 57 104
179 178 57 88
181 180 57 72
182 181 57 56
184 183 57 40
184 200 57 40
185 186 57 218
186 187 57 219
187 188 57 220
188 189 57 221
189 190 57 222
190 191 57 223
191 175 57 207
192 208 57 48
193 177 57 209
194 193 57 225
195 194 57 226
196 195 57 227
197 196 57 228
198 197 57 229
199 198 57 230
199 200 57 230
200 201 57 229
201 202 57 228
202 203 57 227
203 204 57 226
204 205 57 225
205 206 57 209
206 207 57 210
210 209 57 136
211 210 57 120
213 212 57 104
214 213 57 88
216 215 57 72
216 232 57 72
217 218 57 250
218 219 57 251
219 220 57 252
220 221 57 253
221 222 57 254
222 223 57 255
223 207 57 239
224 240 57 80
225 209 57 241
226 225 57 240
227 226 57 224
229 228 57 208
230 229 57 192
232 233 57 192
233 234 57 208
235 236 57 224
236 237 57 240
237 238 57 241
238 239 57 242
242 241 57 168
243 242 57 152
245 244 57 136
246 245 57 120
248 247 57 104
248 249 57 104
250 251 57 120
251 252 57 136
253 254 57 152
254 255 57 168
0 1 58 144
2 3 58 128
3 4 58 112
5 6 58 96
6 7 58 80
8 9 58 64
9 10 58 48
11 12 58 32
12 13 58 16
14 15 58 0
18 17 58 104
19 18 58 120
21 20 58 136
22 21 58 152
24 8 58 168
24 23 58 168
25 41 58 9
26 25 58 8
27 26 58 24
29 28 58 40
30 29 58 56
32 16 58 176
33 34 58 2
34 35 58 3
35 36 58 4
36 37 58 5
37 38 58 6
38 39 58 7
39 40 58 23
39 55 58 23
40 41 58 22
41 42 58 21
42 43 58 20
43 44 58 19
44 45 58 18
45 46 58 17
50 49 58 136
51 50 58 152
53 52 58 168
54 53 58 184
56 40 58 200
56 55 58 200
57 73 58 41
58 57 58 25
59 58 58 26
60 59 58 27
61 60 58 28
62 61 58 29
63 62 58 30
64 48 58 208
65 66 58 34
66 67 58 35
67 68 58 36
68 69 58 37
69 70 58 38
70 71 58 39
71 72 58 55
71 87 58 55
72 73 58 54
73 74 58 53
74 75 58 52
75 76 58 51
76 77 58 50
77 78 58 49
82 81 58 168
83 82 58 184
85 84 58 200
86 85 58 216
88 72 58 232
88 87 58 232
89 105 58 73
90 89 58 57
91 90 58 58
92 91 58 59
93 92 58 60
94 93 58 61
95 94 58 62
96 80 58 240
97 98 58 66
98 99 58 67
99 100 58 68
100 101 58 69
101 102 58 70
102 103 58 71
103 104 58 87
103 119 58 87
104 105 58 86
105 106 58 85
106 107 58 84
107 108 58 83
108 109 58 82
109 110 58 81
114 113 58 200
115 114 58 216
117 116 58 232
118 117 58 248
119 118 58 249
120 104 58 250
120 119 58 250
121 137 58 105
122 121 58 89
123 122 58 90
124 123 58 91
125 124 58 92
126 125 58 93
127 126 58 94
128 112 58 243
129 130 58 98
130 131 58 99
131 132 58 100
132 133 58 101
133 134 58 102
134 135 58 103
135 136 58 119
135 151 58 119
136 137 58 118
137 138 58 117
138 139 58 116
139 140 58 115
140 141 58 114
141 142 58 113
146 145 58 232
147 146 58 248
148 147 58 249
149 148 58 250
150 149 58 251
151 150 58 252
152 136 58 253
152 151 58 253
153 169 58 137
154 153 58 121
155 154 58 122
156 155 58 123
157 156 58 124
158 157 58 125
159 158 58 126
160 144 58 246
161 162 58 130
162 163 58 131
163 164 58 132
164 165 58 133
165 166 58 134
166 167 58 135
167 168 58 151
167 183 58 151
168 169 58 150
169 170 58 149
170 171 58 148
171 172 58 147
172 173 58 146
173 174 58 145
177 176 58 249
178 177 58 250
179 178 58 251
180 179 58 252
181 180 58 253
182 181 58 254
183 182 58 255
185 201 58 169
186 185 58 153
187 186 58 154
188 187 58 155
189 188 58 156
190 189 58 157
191 190 58 158
192 176 58 230
193 194 58 162
194 195 58 163
195 196 58 164
196 197 58 165
197 198 58 166
198 199 58 167
199 200 58 183
199 215 58 183
200 201 58 182
201 202 58 181
202 203 58 180
203 204 58 179
204 205 58 178
205 206 58 177
209 208 58 252
210 209 58 253
211 210 58 254
212 211 58 255
214 213 58 239
215 214 58 238
216 200 58 237
216 215 58 237
217 233 58 201
218 217 58 185
219 218 58 186
220 219 58 187
221 220 58 188
222 221 58 189
223 222 58 190
224 208 58 227
225 226 58 194
226 227 58 195
227 228 58 196
228 229 58 197
229 230 58 198
230 231 58 199
231 232 58 215
231 247 58 215
232 233 58 214
233 234 58 213
234 235 58 212
235 236 58 211
236 237 58 210
237 238 58 209
241 240 58 255
243 242 58 239
244 243 58 238
245 244 58 237
246 245 58 236
247 246 58 235
248 232 58 234
248 247 58 234
249 248 58 233
250 249 58 217
251 250 58 218
252 251 58 219
253 252 58 220
254 253 58 221
255 254 58 222
1 0 59 15
2 1 59 31
3 2 59 30
4 3 59 29
5 4 59 28
6 5 59 27
7 6 59 26
8 7 59 25
8 24 59 25
10 9 59 41
11 10 59 42
12 11 59 43
13 12 59 44
14 13 59 45
15 14 59 46
16 32 59 19
17 18 59 50
18 19 59 51
19 20 59 52
20 21 59 53
21 22 59 54
22 23 59 55
24 25 59 39
25 26 59 38
26 27 59 37
27 28 59 36
28 29 59 35
29 30 59 34
30 31 59 33
33 32 59 12
34 33 59 13
35 34 59 14
36 35 59 15
37 36 59 31
38 37 59 30
39 38 59 29
40 39 59 28
40 56 59 28
42 41 59 73
43 42 59 74
44 43 59 75
45 44 59 76
46 45 59 77
47 46 59 78
48 64 59 22
49 50 59 82
50 51 59 83
51 52 59 84
52 53 59 85
53 54 59 86
54 55 59 87
56 57 59 71
57 58 59 70
58 59 59 69
59 60 59 68
60 61 59 67
61 62 59 66
62 63 59 65
65 64 59 9
66 65 59 10
67 66 59 11
68 67 59 12
69 68 59 13
70 69 59 14
71 70 59 15
72 71 59 31
72 88 59 31
74 73 59 105
75 74 59 106
76 75 59 107
77 76 59 108
78 77 59 109
79 78 59 110
80 96 59 7
81 82 59 114
82 83 59 115
83 84 59 116
84 85 59 117
85 86 59 118
86 87 59 119
88 89 59 103
89 90 59 102
90 91 59 101
91 92 59 100
92 93 59 99
93 94 59 98
94 95 59 97
97 96 59 24
99 98 59 8
100 99 59 9
101 100 59 10
102 101 59 11
103 102 59 12
104 103 59 13
104 120 59 13
106 105 59 137
107 106 59 138
108 107 59 139
109 108 59 140
110 109 59 141
111 110 59 142
112 128 59 4
113 114 59 146
114 115 59 147
115 116 59 148
116 117 59 149
117 118 59 150
118 119 59 151
120 121 59 135
121 122 59 134
122 123 59 133
123 124 59 132
124 125 59 131
125 126 59 130
126 127 59 129
129 128 59 56
131 130 59 40
132 131 59 24
134 133 59 8
135 134 59 9
136 135 59 10
136 152 59 10
138 137 59 169
139 138 59 170
140 139 59 171
141 140 59 172
142 141 59 173
143 142 59 174
144 160 59 1
145 146 59 178
146 147 59 179
147 148 59 180
148 149 59 181
149 150 59 182
150 151 59 183
152 153 59 167
153 154 59 166
154 155 59 165
155 156 59 164
156 157 59 163
157 158 59 162
158 159 59 161
161 160 59 88
163 162 59 72
164 163 59 56
166 165 59 40
167 166 59 24
170 169 59 201
171 170 59 202
172 171 59 203
173 172 59 204
174 173 59 205
175 174 59 206
177 178 59 210
178 179 59 211
179 180 59 212
180 181 59 213
181 182 59 214
182 183 59 215
184 185 59 199
185 186 59 198
186 187 59 197
187 188 59 196
188 189 59 195
189 190 59 194
190 191 59 193
193 192 59 120
195 194 59 104
196 195 59 88
198 197 59 72
199 198 59 56
202 201 59 233
203 202 59 234
204 203 59 235
205 204 59 236
206 205 59 237
207 206 59 238
209 210 59 242
210 211 59 243
211 212 59 244
212 213 59 245
213 214 59 246
214 215 59 247
216 217 59 231
217 218 59 230
218 219 59 229
219 220 59 228
220 221 59 227
221 222 59 226
222 223 59 225
225 224 59 152
227 226 59 136
228 227 59 120
230 229 59 104
231 230 59 88
233 217 59 248
235 234 59 232
236 235 59 216
238 237 59 200
239 238 59 184
241 242 59 96
242 243 59 112
244 245 59 128
245 246 59 144
247 231 59 160
247 248 59 160
248 249 59 176
250 251 59 192
251 252 59 208
253 254 59 224
254 255 59 240
1 0 60 88
3 2 60 104
4 3 60 120
6 5 60 136
7 6 60 152
9 10 60 152
10 11 60 136
12 13 60 120
13 14 60 104
15 31 60 88
17 33 60 0
19 18 60 16
20 19 60 32
22 21 60 48
23 22 60 64
23 24 60 64
24 25 60 48
26 27 60 32
27 28 60 16
29 30 60 0
30 31 60 1
33 32 60 120
35 34 60 136
36 35 60 152
38 37 60 168
39 38 60 184
41 42 60 10
42 43 60 11
43 44 60 12
44 45 60 13
45 46 60 14
46 47 60 15
50 49 60 17
51 50 60 18
52 51 60 19
53 52 60 20
54 53 60 21
55 54 60 22
55 56 60 22
56 57 60 21
57 58 60 20
58 59 60 19
59 60 60 18
60 61 60 17
62 63 60 33
65 64 60 152
67 66 60 168
68 67 60 184
70 69 60 200
71 70 60 216
73 74 60 42
74 75 60 43
75 76 60 44
76 77 60 45
77 78 60 46
78 79 60 47
82 81 60 49
83 82 60 50
84 83 60 51
85 84 60 52
86 85 60 53
87 86 60 54
87 88 60 54
88 89 60 53
89 90 60 52
90 91 60 51
91 92 60 50
92 93 60 49
94 95 60 65
97 96 60 184
99 98 60 200
100 99 60 216
102 101 60 232
103 102 60 248
104 88 60 249
104 103 60 249
105 106 60 74
106 107 60 75
107 108 60 76
108 109 60 77
109 110 60 78
110 111 60 79
112 96 60 242
114 113 60 81
115 114 60 82
116 115 60 83
117 116 60 84
118 117 60 85
119 118 60 86
119 120 60 86
120 121 60 85
121 122 60 84
122 123 60 83
123 124 60 82
124 125 60 81
126 127 60 97
129 128 60 216
131 130 60 232
132 131 60 248
133 132 60 249
134 133 60 250
135 134 60 251
136 120 60 252
136 135 60 252
137 138 60 106
138 139 60 107
139 140 60 108
140 141 60 109
141 142 60 110
142 143 60 111
144 128 60 245
146 145 60 113
147 146 60 114
148 147 60 115
149 148 60 116
150 149 60 117
151 150 60 118
151 152 60 118
152 153 60 117
153 154 60 116
154 155 60 115
155 156 60 114
156 157 60 113
158 159 60 129
161 160 60 248
162 161 60 249
163 162 60 250
164 163 60 251
165 164 60 252
166 165 60 253
167 166 60 254
168 152 60 255
168 167 60 255
169 170 60 138
170 171 60 139
171 172 60 140
172 173 60 141
173 174 60 142
174 175 60 143
176 160 60 231
178 177 60 145
179 178 60 146
180 179 60 147
181 180 60 148
182 181 60 149
183 182 60 150
183 184 60 150
184 185 60 149
185 186 60 148
186 187 60 147
187 188 60 146
188 189 60 145
190 191 60 161
193 192 60 251
194 193 60 252
195 194 60 253
196 195 60 254
197 196 60 255
199 198 60 239
200 184 60 238
200 199 60 238
201 202 60 170
202 203 60 171
203 204 60 172
204 205 60 173
205 206 60 174
206 207 60 175
208 192 60 228
210 209 60 177
211 210 60 178
212 211 60 179
213 212 60 180
214 213 60 181
215 214 60 182
215 216 60 182
216 217 60 181
217 218 60 180
218 219 60 179
219 220 60 178
220 221 60 177
222 223 60 193
225 224 60 254
226 225 60 255
228 227 60 239
229 228 60 238
230 229 60 237
231 230 60 236
232 216 60 235
232 231 60 235
233 234 60 202
234 235 60 203
235 236 60 204
236 237 60 205
237 238 60 206
238 239 60 207
240 224 60 225
242 241 60 209
243 242 60 210
244 243 60 211
245 244 60 212
246 245 60 213
247 246 60 214
247 248 60 214
248 249 60 213
249 250 60 212
250 251 60 211
251 252 60 210
252 253 60 209
254 255 60 225
0 16 61 17
1 0 61 33
2 1 61 34
3 2 61 35
4 3 61 36
5 4 61 37
6 5 61 38
7 6 61 39
7 8 61 39
8 9 61 38
9 10 61 37
10 11 61 36
11 12 61 35
12 13 61 34
13 14 61 33
14 15 61 17
17 16 61 14
18 17 61 15
19 18 61 31
20 19 61 30
21 20 61 29
22 21 61 28
23 22 61 27
24 23 61 26
24 40 61 26
25 26 61 57
26 27 61 58
27 28 61 59
28 29 61 60
29 30 61 61
30 31 61 62
31 15 61 63
32 48 61 20
33 17 61 65
34 33 61 66
35 34 61 67
36 35 61 68
37 36 61 69
38 37 61 70
39 38 61 71
39 40 61 71
40 41 61 70
41 42 61 69
42 43 61 68
43 44 61 67
44 45 61 66
45 46 61 65
46 47 61 49
49 48 61 11
50 49 61 12
51 50 61 13
52 51 61 14
53 52 61 15
54 53 61 31
55 54 61 30
56 55 61 29
56 72 61 29
57 58 61 89
58 59 61 90
59 60 61 91
60 61 61 92
61 62 61 93
62 63 61 94
63 47 61 95
64 80 61 23
65 49 61 97
66 65 61 98
67 66 61 99
68 67 61 100
69 68 61 101
70 69 61 102
71 70 61 103
71 72 61 103
72 73 61 102
73 74 61 101
74 75 61 100
75 76 61 99
76 77 61 98
77 78 61 97
78 79 61 81
81 80 61 8
82 81 61 9
83 82 61 10
84 83 61 11
85 84 61 12
86 85 61 13
87 86 61 14
88 87 61 15
88 104 61 15
89 90 61 121
90 91 61 122
91 92 61 123
92 93 61 124
93 94 61 125
94 95 61 126
95 79 61 127
96 112 61 6
97 81 61 129
98 97 61 130
99 98 61 131
100 99 61 132
101 100 61 133
102 101 61 134
103 102 61 135
103 104 61 135
104 105 61 134
105 106 61 133
106 107 61 132
107 108 61 131
108 109 61 130
109 110 61 129
110 111 61 113
113 112 61 40
114 113 61 24
116 115 61 8
117 116 61 9
118 117 61 10
119 118 61 11
120 119 61 12
120 136 61 12
121 122 61 153
122 123 61 154
123 124 61 155
124 125 61 156
125 126 61 157
126 127 61 158
127 111 61 159
128 144 61 3
129 113 61 161
130 129 61 162
131 130 61 163
132 131 61 164
133 132 61 165
134 133 61 166
135 134 61 167
135 136 61 167
136 137 61 166
137 138 61 165
138 139 61 164
139 140 61 163
140 141 61 162
141 142 61 161
142 143 61 145
145 144 61 72
146 145 61 56
148 147 61 40
149 148 61 24
151 150 61 8
152 151 61 9
152 168 61 9
153 154 61 185
154 155 61 186
155 156 61 187
156 157 61 188
157 158 61 189
158 159 61 190
159 143 61 191
160 176 61 0
161 145 61 193
162 161 61 194
163 162 61 195
164 163 61 196
165 164 61 197
166 165 61 198
167 166 61 199
167 168 61 199
168 169 61 198
169 170 61 197
170 171 61 196
171 172 61 195
172 173 61 194
173 174 61 193
174 175 61 177
177 176 61 104
178 177 61 88
180 179 61 72
181 180 61 56
183 182 61 40
184 183 61 24
184 200 61 24
185 186 61 217
186 187 61 218
187 188 61 219
188 189 61 220
189 190 61 221
190 191 61 222
191 175 61 223
192 208 61 32
193 177 61 225
194 193 61 226
195 194 61 227
196 195 61 228
197 196 61 229
198 197 61 230
199 198 61 231
199 200 61 231
200 201 61 230
201 202 61 229
202 203 61 228
203 204 61 227
204 205 61 226
205 206 61 225
206 207 61 209
209 208 61 136
210 209 61 120
212 211 61 104
213 212 61 88
215 214 61 72
216 215 61 56
216 232 61 56
217 218 61 249
218 219 61 250
219 220 61 251
220 221 61 252
221 222 61 253
222 223 61 254
223 207 61 255
224 240 61 64
225 209 61 240
226 225 61 224
228 227 61 208
229 228 61 192
231 230 61 176
231 232 61 176
233 234 61 192
234 235 61 208
236 237 61 224
237 238 61 240
238 239 61 241
241 240 61 168
242 241 61 152
244 243 61 136
245 244 61 120
247 246 61 104
248 247 61 88
248 249 61 88
249 250 61 104
251 252 61 120
252 253 61 136
254 255 61 152
255 239 61 168
0 1 62 160
1 2 62 144
3 4 62 128
4 5 62 112
6 7 62 96
7 8 62 80
7 23 62 80
9 10 62 64
10 11 62 48
12 13 62 32
13 14 62 16
17 16 62 104
18 17 62 120
20 19 62 136
21 20 62 152
23 22 62 168
24 8 62 184
24 23 62 184
25 41 62 8
26 25 62 24
28 27 62 40
29 28 62 56
31 30 62 72
32 16 62 192
33 34 62 1
34 35 62 2
35 36 62 3
36 37 62 4
37 38 62 5
38 39 62 6
39 40 62 7
39 55 62 7
40 41 62 23
41 42 62 22
42 43 62 21
43 44 62 20
44 45 62 19
45 46 62 18
46 47 62 17
49 48 62 136
50 49 62 152
52 51 62 168
53 52 62 184
55 54 62 200
56 40 62 216
56 55 62 216
57 73 62 25
58 57 62 26
59 58 62 27
60 59 62 28
61 60 62 29
62 61 62 30
63 62 62 31
64 48 62 224
65 66 62 33
66 67 62 34
67 68 62 35
68 69 62 36
69 70 62 37
70 71 62 38
71 72 62 39
71 87 62 39
72 73 62 55
73 74 62 54
74 75 62 53
75 76 62 52
76 77 62 51
77 78 62 50
78 79 62 49
81 80 62 168
82 81 62 184
84 83 62 200
85 84 62 216
87 86 62 232
88 72 62 248
88 87 62 248
89 105 62 57
90 89 62 58
91 90 62 59
92 91 62 60
93 92 62 61
94 93 62 62
95 94 62 63
96 80 62 241
97 98 62 65
98 99 62 66
99 100 62 67
100 101 62 68
101 102 62 69
102 103 62 70
103 104 62 71
103 119 62 71
104 105 62 87
105 106 62 86
106 107 62 85
107 108 62 84
108 109 62 83
109 110 62 82
110 111 62 81
113 112 62 200
114 113 62 216
116 115 62 232
117 116 62 248
118 117 62 249
119 118 62 250
120 104 62 251
120 119 62 251
121 137 62 89
122 121 62 90
123 122 62 91
124 123 62 92
125 124 62 93
126 125 62 94
127 126 62 95
128 112 62 244
129 130 62 97
130 131 62 98
131 132 62 99
132 133 62 100
133 134 62 101
134 135 62 102
135 136 62 103
135 151 62 103
136 137 62 119
137 138 62 118
138 139 62 117
139 140 62 116
140 141 62 115
141 142 62 114
142 143 62 113
145 144 62 232
146 145 62 248
147 146 62 249
148 147 62 250
149 148 62 251
150 149 62 252
151 150 62 253
152 136 62 254
152 151 62 254
153 169 62 121
154 153 62 122
155 154 62 123
156 155 62 124
157 156 62 125
158 157 62 126
159 158 62 127
160 144 62 247
161 162 62 129
162 163 62 130
163 164 62 131
164 165 62 132
165 166 62 133
166 167 62 134
167 168 62 135
167 183 62 135
168 169 62 151
169 170 62 150
170 171 62 149
171 172 62 148
172 173 62 147
173 174 62 146
174 175 62 145
177 176 62 250
178 177 62 251
179 178 62 252
180 179 62 253
181 180 62 254
182 181 62 255
184 168 62 239
184 183 62 239
185 201 62 153
186 185 62 154
187 186 62 155
188 187 62 156
189 188 62 157
190 189 62 158
191 190 62 159
192 176 62 229
193 194 62 161
194 195 62 162
195 196 62 163
196 197 62 164
197 198 62 165
198 199 62 166
199 200 62 167
199 215 62 167
200 201 62 183
201 202 62 182
202 203 62 181
203 204 62 180
204 205 62 179
205 206 62 178
206 207 62 177
209 208 62 253
210 209 62 254
211 210 62 255
213 212 62 239
214 213 62 238
215 214 62 237
216 200 62 236
216 215 62 236
217 233 62 185
218 217 62 186
219 218 62 187
220 219 62 188
221 220 62 189
222 221 62 190
223 222 62 191
224 208 62 226
225 226 62 193
226 227 62 194
227 228 62 195
228 229 62 196
229 230 62 197
230 231 62 198
231 232 62 199
231 247 62 199
232 233 62 215
233 234 62 214
234 235 62 213
235 236 62 212
236 237 62 211
237 238 62 210
238 239 62 209
242 241 62 239
243 242 62 238
244 243 62 237
245 244 62 236
246 245 62 235
247 246 62 234
248 232 62 233
248 247 62 233
249 248 62 217
250 249 62 218
251 250 62 219
252 251 62 220
253 252 62 221
254 253 62 222
255 254 62 223
1 0 63 31
2 1 63 30
3 2 63 29
4 3 63 28
5 4 63 27
6 5 63 26
7 6 63 25
9 8 63 41
10 9 63 42
11 10 63 43
12 11 63 44
13 12 63 45
14 13 63 46
15 14 63 47
16 32 63 18
17 18 63 49
18 19 63 50
19 20 63 51
20 21 63 52
21 22 63 53
22 23 63 54
23 7 63 55
23 24 63 55
25 26 63 39
26 27 63 38
27 28 63 37
28 29 63 36
29 30 63 35
30 31 63 34
33 32 63 13
34 33 63 14
35 34 63 15
36 35 63 31
37 36 63 30
38 37 63 29
39 38 63 28
40 39 63 27
40 56 63 27
41 25 63 73
42 41 63 74
43 42 63 75
44 43 63 76
45 44 63 77
46 45 63 78
47 46 63 79
48 64 63 21
49 50 63 81
50 51 63 82
51 52 63 83
52 53 63 84
53 54 63 85
54 55 63 86
55 39 63 87
55 56 63 87
57 58 63 71
58 59 63 70
59 60 63 69
60 61 63 68
61 62 63 67
62 63 63 66
65 64 63 10
66 65 63 11
67 66 63 12
68 67 63 13
69 68 63 14
70 69 63 15
71 70 63 31
72 71 63 30
72 88 63 30
73 57 63 105
74 73 63 106
75 74 63 107
76 75 63 108
77 76 63 109
78 77 63 110
79 78 63 111
81 82 63 113
82 83 63 114
83 84 63 115
84 85 63 116
85 86 63 117
86 87 63 118
87 71 63 119
87 88 63 119
89 90 63 103
90 91 63 102
91 92 63 101
92 93 63 100
93 94 63 99
94 95 63 98
98 97 63 8
99 98 63 9
100 99 63 10
101 100 63 11
102 101 63 12
103 102 63 13
104 103 63 14
104 120 63 14
105 89 63 137
106 105 63 138
107 106 63 139
108 107 63 140
109 108 63 141
110 109 63 142
111 110 63 143
112 128 63 5
113 114 63 145
114 115 63 146
115 116 63 147
116 117 63 148
117 118 63 149
118 119 63 150
119 103 63 151
119 120 63 151
121 122 63 135
122 123 63 134
123 124 63 133
124 125 63 132
125 126 63 131
126 127 63 130
130 129 63 40
131 130 63 24
133 132 63 8
134 133 63 9
135 134 63 10
136 135 63 11
136 152 63 11
137 121 63 169
138 137 63 170
139 138 63 171
140 139 63 172
141 140 63 173
142 141 63 174
143 142 63 175
144 160 63 2
145 146 63 177
146 147 63 178
147 148 63 179
148 149 63 180
149 150 63 181
150 151 63 182
151 135 63 183
151 152 63 183
153 154 63 167
154 155 63 166
155 156 63 165
156 157 63 164
157 158 63 163
158 159 63 162
162 161 63 72
163 162 63 56
165 164 63 40
166 165 63 24
168 167 63 8
168 184 63 8
169 153 63 201
170 169 63 202
171 170 63 203
172 171 63 204
173 172 63 205
174 173 63 206
175 174 63 207
176 192 63 16
177 178 63 209
178 179 63 210
179 180 63 211
180 181 63 212
181 182 63 213
182 183 63 214
183 167 63 215
183 184 63 215
185 186 63 199
186 187 63 198
187 188 63 197
188 189 63 196
189 190 63 195
190 191 63 194
194 193 63 104
195 194 63 88
197 196 63 72
198 197 63 56
200 199 63 40
200 216 63 40
201 185 63 233
202 201 63 234
203 202 63 235
204 203 63 236
205 204 63 237
206 205 63 238
207 206 63 239
208 224 63 48
209 210 63 241
210 211 63 242
211 212 63 243
212 213 63 244
213 214 63 245
214 215 63 246
215 199 63 247
215 216 63 247
217 218 63 231
218 219 63 230
219 220 63 229
220 221 63 228
221 222 63 227
222 223 63 226
226 225 63 136
227 226 63 120
229 228 63 104
230 229 63 88
232 231 63 72
232 248 63 72
234 233 63 232
235 234 63 216
237 236 63 200
238 237 63 184
240 241 63 80
242 243 63 96
243 244 63 112
245 246 63 128
246 247 63 144
248 249 63 160
249 250 63 176
251 252 63 192
252 253 63 208
254 255 63 224
2 1 64 104
3 2 64 120
5 4 64 136
6 5 64 152
8 7 64 168
8 9 64 168
10 11 64 152
11 12 64 136
13 14 64 120
14 15 64 104
16 0 64 176
18 17 64 16
19 18 64 32
21 20 64 48
22 21 64 64
24 25 64 64
25 26 64 48
27 28 64 32
28 29 64 16
30 31 64 0
34 33 64 136
35 34 64 152
37 36 64 168
38 37 64 184
40 24 64 200
40 39 64 200
41 42 64 9
42 43 64 10
43 44 64 11
44 45 64 12
45 46 64 13
46 47 64 14
47 63 64 15
48 32 64 208
49 65 64 17
50 49 64 18
51 50 64 19
52 51 64 20
53 52 64 21
54 53 64 22
55 54 64 23
55 56 64 23
56 57 64 22
57 58 64 21
58 59 64 20
59 60 64 19
60 61 64 18
61 62 64 17
66 65 64 168
67 66 64 184
69 68 64 200
70 69 64 216
72 56 64 232
72 71 64 232
73 74 64 41
74 75 64 42
75 76 64 43
76 77 64 44
77 78 64 45
78 79 64 46
79 95 64 47
80 64 64 240
81 97 64 49
82 81 64 50
83 82 64 51
84 83 64 52
85 84 64 53
86 85 64 54
87 86 64 55
87 88 64 55
88 89 64 54
89 90 64 53
90 91 64 52
91 92 64 51
92 93 64 50
93 94 64 49
98 97 64 200
99 98 64 216
101 100 64 232
102 101 64 248
103 102 64 249
104 88 64 250
104 103 64 250
105 106 64 73
106 107 64 74
107 108 64 75
108 109 64 76
109 110 64 77
110 111 64 78
111 127 64 79
112 96 64 243
113 129 64 81
114 113 64 82
115 114 64 83
116 115 64 84
117 116 64 85
118 117 64 86
119 118 64 87
119 120 64 87
120 121 64 86
121 122 64 85
122 123 64 84
123 124 64 83
124 125 64 82
125 126 64 81
130 129 64 232
131 130 64 248
132 131 64 249
133 132 64 250
134 133 64 251
135 134 64 252
136 120 64 253
136 135 64 253
137 138 64 105
138 139 64 106
139 140 64 107
140 141 64 108
141 142 64 109
142 143 64 110
143 159 64 111
144 128 64 246
145 161 64 113
146 145 64 114
147 146 64 115
148 147 64 116
149 148 64 117
150 149 64 118
151 150 64 119
151 152 64 119
152 153 64 118
153 154 64 117
154 155 64 116
155 156 64 115
156 157 64 114
157 158 64 113
161 160 64 249
162 161 64 250
163 162 64 251
164 163 64 252
165 164 64 253
166 165 64 254
167 166 64 255
169 170 64 137
170 171 64 138
171 172 64 139
172 173 64 140
173 174 64 141
174 175 64 142
175 191 64 143
176 160 64 230
177 193 64 145
178 177 64 146
179 178 64 147
180 179 64 148
181 180 64 149
182 181 64 150
183 182 64 151
183 184 64 151
184 185 64 150
185 186 64 149
186 187 64 148
187 188 64 147
188 189 64 146
189 190 64 145
193 192 64 252
194 193 64 253
195 194 64 254
196 195 64 255
198 197 64 239
199 198 64 238
200 184 64 237
200 199 64 237
201 202 64 169
202 203 64 170
203 204 64 171
204 205 64 172
205 206 64 173
206 207 64 174
207 223 64 175
208 192 64 227
209 225 64 177
210 209 64 178
211 210 64 179
212 211 64 180
213 212 64 181
214 213 64 182
215 214 64 183
215 216 64 183
216 217 64 182
217 218 64 181
218 219 64 180
219 220 64 179
220 221 64 178
221 222 64 177
225 224 64 255
227 226 64 239
228 227 64 238
229 228 64 237
230 229 64 236
231 230 64 235
232 216 64 234
232 231 64 234
233 234 64 201
234 235 64 202
235 236 64 203
236 237 64 204
237 238 64 205
238 239 64 206
239 255 64 207
241 240 64 209
242 241 64 210
243 242 64 211
244 243 64 212
245 244 64 213
246 245 64 214
247 246 64 215
247 248 64 215
248 249 64 214
249 250 64 213
250 251 64 212
251 252 64 211
252 253 64 210
253 254 64 209
0 16 65 33
1 0 65 34
2 1 65 35
3 2 65 36
4 3 65 37
5 4 65 38
6 5 65 39
8 9 65 39
9 10 65 38
10 11 65 37
11 12 65 36
12 13 65 35
13 14 65 34
14 15 65 33
17 16 65 15
18 17 65 31
19 18 65 30
20 19 65 29
21 20 65 28
22 21 65 27
23 22 65 26
24 23 65 25
24 40 65 25
26 27 65 57
27 28 65 58
28 29 65 59
29 30 65 60
30 31 65 61
31 15 65 62
32 48 65 19
33 17 65 66
34 33 65 67
35 34 65 68
36 35 65 69
37 36 65 70
38 37 65 71
40 41 65 71
41 42 65 70
42 43 65 69
43 44 65 68
44 45 65 67
45 46 65 66
46 47 65 65
49 48 65 12
50 49 65 13
51 50 65 14
52 51 65 15
53 52 65 31
54 53 65 30
55 54 65 29
56 55 65 28
56 72 65 28
58 59 65 89
59 60 65 90
60 61 65 91
61 62 65 92
62 63 65 93
63 47 65 94
64 80 65 22
65 49 65 98
66 65 65 99
67 66 65 100
68 67 65 101
69 68 65 102
70 69 65 103
72 73 65 103
73 74 65 102
74 75 65 101
75 76 65 100
76 77 65 99
77 78 65 98
78 79 65 97
81 80 65 9
82 81 65 10
83 82 65 11
84 83 65 12
85 84 65 13
86 85 65 14
87 86 65 15
88 87 65 31
88 104 65 31
90 91 65 121
91 92 65 122
92 93 65 123
93 94 65 124
94 95 65 125
95 79 65 126
96 112 65 7
97 81 65 130
98 97 65 131
99 98 65 132
100 99 65 133
101 100 65 134
102 101 65 135
104 105 65 135
105 106 65 134
106 107 65 133
107 108 65 132
108 109 65 131
109 110 65 130
110 111 65 129
113 112 65 24
115 114 65 8
116 115 65 9
117 116 65 10
118 117 65 11
119 118 65 12
120 119 65 13
120 136 65 13
122 123 65 153
123 124 65 154
124 125 65 155
125 126 65 156
126 127 65 157
127 111 65 158
128 144 65 4
129 113 65 162
130 129 65 163
131 130 65 164
132 131 65 165
133 132 65 166
134 133 65 167
136 137 65 167
137 138 65 166
138 139 65 165
139 140 65 164
140 141 65 163
141 142 65 162
142 143 65 161
145 144 65 56
147 146 65 40
148 147 65 24
150 149 65 8
151 150 65 9
152 151 65 10
152 168 65 10
154 155 65 185
155 156 65 186
156 157 65 187
157 158 65 188
158 159 65 189
159 143 65 190
160 176 65 1
161 145 65 194
162 161 65 195
163 162 65 196
164 163 65 197
165 164 65 198
166 165 65 199
168 169 65 199
169 170 65 198
170 171 65 197
171 172 65 196
172 173 65 195
173 174 65 194
174 175 65 193
177 176 65 88
179 178 65 72
180 179 65 56
182 181 65 40
183 182 65 24
186 187 65 217
187 188 65 218
188 189 65 219
189 190 65 220
190 191 65 221
191 175 65 222
193 177 65 226
194 193 65 227
195 194 65 228
196 195 65 229
197 196 65 230
198 197 65 231
200 201 65 231
201 202 65 230
202 203 65 229
203 204 65 228
204 205 65 227
205 206 65 226
206 207 65 225
209 208 65 120
211 210 65 104
212 211 65 88
214 213 65 72
215 214 65 56
217 218 65 248
218 219 65 249
219 220 65 250
220 221 65 251
221 222 65 252
222 223 65 253
223 207 65 254
225 209 65 224
227 226 65 208
228 227 65 192
230 229 65 176
231 230 65 160
231 232 65 160
232 233 65 176
234 235 65 192
235 236 65 208
237 238 65 224
238 239 65 240
241 240 65 152
243 242 65 136
244 243 65 120
246 245 65 104
247 246 65 88
249 250 65 88
250 251 65 104
252 253 65 120
253 254 65 136
255 239 65 152
1 2 66 160
2 3 66 144
4 5 66 128
5 6 66 112
7 8 66 96
7 23 66 96
8 9 66 80
10 11 66 64
11 12 66 48
13 14 66 32
14 15 66 16
17 16 66 120
19 18 66 136
20 19 66 152
22 21 66 168
23 22 66 184
25 41 66 24
27 26 66 40
28 27 66 56
30 29 66 72
31 30 66 88
33 34 66 0
34 35 66 1
35 36 66 2
36 37 66 3
37 38 66 4
38 39 66 5
39 40 66 6
39 55 66 6
40 41 66 7
41 42 66 23
42 43 66 22
43 44 66 21
44 45 66 20
45 46 66 19
46 47 66 18
49 48 66 152
51 50 66 168
52 51 66 184
54 53 66 200
55 54 66 216
57 73 66 26
58 57 66 27
59 58 66 28
60 59 66 29
61 60 66 30
62 61 66 31
66 67 66 33
67 68 66 34
68 69 66 35
69 70 66 36
70 71 66 37
71 72 66 38
71 87 66 38
72 73 66 39
73 74 66 55
74 75 66 54
75 76 66 53
76 77 66 52
77 78 66 51
78 79 66 50
81 80 66 184
83 82 66 200
84 83 66 216
86 85 66 232
87 86 66 248
88 72 66 249
88 87 66 249
89 105 66 58
90 89 66 59
91 90 66 60
92 91 66 61
93 92 66 62
94 93 66 63
96 80 66 242
98 99 66 65
99 100 66 66
100 101 66 67
101 102 66 68
102 103 66 69
103 104 66 70
103 119 66 70
104 105 66 71
105 106 66 87
106 107 66 86
107 108 66 85
108 109 66 84
109 110 66 83
110 111 66 82
113 112 66 216
115 114 66 232
116 115 66 248
117 116 66 249
118 117 66 250
119 118 66 251
120 104 66 252
120 119 66 252
121 137 66 90
122 121 66 91
123 122 66 92
124 123 66 93
125 124 66 94
126 125 66 95
128 112 66 245
130 131 66 97
131 132 66 98
132 133 66 99
133 134 66 100
134 135 66 101
135 136 66 102
135 151 66 102
136 137 66 103
137 138 66 119
138 139 66 118
139 140 66 117
140 141 66 116
141 142 66 115
142 143 66 114
145 144 66 248
146 145 66 249
147 146 66 250
148 147 66 251
149 148 66 252
150 149 66 253
151 150 66 254
152 136 66 255
152 151 66 255
153 169 66 122
154 153 66 123
155 154 66 124
156 155 66 125
157 156 66 126
158 157 66 127
160 144 66 231
162 163 66 129
163 164 66 130
164 165 66 131
165 166 66 132
166 167 66 133
167 168 66 134
167 183 66 134
168 169 66 135
169 170 66 151
170 171 66 150
171 172 66 149
172 173 66 148
173 174 66 147
174 175 66 146
177 176 66 251
178 177 66 252
179 178 66 253
180 179 66 254
181 180 66 255
183 182 66 239
184 168 66 238
184 183 66 238
185 201 66 154
186 185 66 155
187 186 66 156
188 187 66 157
189 188 66 158
190 189 66 159
192 176 66 228
194 195 66 161
195 196 66 162
196 197 66 163
197 198 66 164
198 199 66 165
199 200 66 166
199 215 66 166
200 201 66 167
201 202 66 183
202 203 66 182
203 204 66 181
204 205 66 180
205 206 66 179
206 207 66 178
209 208 66 254
210 209 66 255
212 211 66 239
213 212 66 238
214 213 66 237
215 214 66 236
216 200 66 235
216 215 66 235
217 233 66 186
218 217 66 187
219 218 66 188
220 219 66 189
221 220 66 190
222 221 66 191
224 208 66 225
226 227 66 193
227 228 66 194
228 229 66 195
229 230 66 196
230 231 66 197
231 232 66 198
231 247 66 198
232 233 66 199
233 234 66 215
234 235 66 214
235 236 66 213
236 237 66 212
237 238 66 211
238 239 66 210
241 240 66 239
242 241 66 238
243 242 66 237
244 243 66 236
245 244 66 235
246 245 66 234
247 246 66 233
248 232 66 217
248 247 66 217
249 248 66 218
250 249 66 219
251 250 66 220
252 251 66 221
253 252 66 222
254 253 66 223
1 0 67 30
2 1 67 29
3 2 67 28
4 3 67 27
5 4 67 26
6 5 67 25
8 7 67 41
8 24 67 41
9 8 67 42
10 9 67 43
11 10 67 44
12 11 67 45
13 12 67 46
14 13 67 47
15 14 67 63
16 32 67 17
17 18 67 65
18 19 67 49
19 20 67 50
20 21 67 51
21 22 67 52
22 23 67 53
23 7 67 54
23 24 67 54
24 25 67 55
26 27 67 39
27 28 67 38
28 29 67 37
29 30 67 36
30 31 67 35
33 32 67 14
34 33 67 15
35 34 67 31
36 35 67 30
37 36 67 29
38 37 67 28
39 38 67 27
40 39 67 26
40 56 67 26
41 25 67 74
42 41 67 75
43 42 67 76
44 43 67 77
45 44 67 78
46 45 67 79
47 46 67 95
48 64 67 20
49 50 67 97
50 51 67 81
51 52 67 82
52 53 67 83
53 54 67 84
54 55 67 85
55 39 67 86
55 56 67 86
56 57 67 87
58 59 67 71
59 60 67 70
60 61 67 69
61 62 67 68
62 63 67 67
65 64 67 11
66 65 67 12
67 66 67 13
68 67 67 14
69 68 67 15
70 69 67 31
71 70 67 30
72 71 67 29
72 88 67 29
73 57 67 106
74 73 67 107
75 74 67 108
76 75 67 109
77 76 67 110
78 77 67 111
79 78 67 127
80 96 67 23
81 82 67 129
82 83 67 113
83 84 67 114
84 85 67 115
85 86 67 116
86 87 67 117
87 71 67 118
87 88 67 118
88 89 67 119
90 91 67 103
91 92 67 102
92 93 67 101
93 94 67 100
94 95 67 99
97 96 67 8
98 97 67 9
99 98 67 10
100 99 67 11
101 100 67 12
102 101 67 13
103 102 67 14
104 103 67 15
104 120 67 15
105 89 67 138
106 105 67 139
107 106 67 140
108 107 67 141
109 108 67 142
110 109 67 143
111 110 67 159
112 128 67 6
113 114 67 161
114 115 67 145
115 116 67 146
116 117 67 147
117 118 67 148
118 119 67 149
119 103 67 150
119 120 67 150
120 121 67 151
122 123 67 135
123 124 67 134
124 125 67 133
125 126 67 132
126 127 67 131
129 128 67 40
130 129 67 24
132 131 67 8
133 132 67 9
134 133 67 10
135 134 67 11
136 135 67 12
136 152 67 12
137 121 67 170
138 137 67 171
139 138 67 172
140 139 67 173
141 140 67 174
142 141 67 175
143 142 67 191
144 160 67 3
145 146 67 193
146 147 67 177
147 148 67 178
148 149 67 179
149 150 67 180
150 151 67 181
151 135 67 182
151 152 67 182
152 153 67 183
154 155 67 167
155 156 67 166
156 157 67 165
157 158 67 164
158 159 67 163
161 160 67 72
162 161 67 56
164 163 67 40
165 164 67 24
167 166 67 8
168 167 67 9
168 184 67 9
169 153 67 202
170 169 67 203
171 170 67 204
172 171 67 205
173 172 67 206
174 173 67 207
175 174 67 223
176 192 67 0
177 178 67 225
178 179 67 209
179 180 67 210
180 181 67 211
181 182 67 212
182 183 67 213
183 167 67 214
183 184 67 214
184 185 67 215
186 187 67 199
187 188 67 198
188 189 67 197
189 190 67 196
190 191 67 195
193 192 67 104
194 193 67 88
196 195 67 72
197 196 67 56
199 198 67 40
200 199 67 24
200 216 67 24
201 185 67 234
202 201 67 235
203 202 67 236
204 203 67 237
205 204 67 238
206 205 67 239
207 206 67 255
208 224 67 32
209 210 67 240
210 211 67 241
211 212 67 242
212 213 67 243
213 214 67 244
214 215 67 245
215 199 67 246
215 216 67 246
216 217 67 247
218 219 67 231
219 220 67 230
220 221 67 229
221 222 67 228
222 223 67 227
225 224 67 136
226 225 67 120
228 227 67 104
229 228 67 88
231 230 67 72
232 231 67 56
232 248 67 56
233 217 67 232
234 233 67 216
236 235 67 200
237 236 67 184
239 238 67 168
240 241 67 64
241 242 67 80
243 244 67 96
244 245 67 112
246 247 67 128
247 231 67 144
247 248 67 144
249 250 67 160
250 251 67 176
252 253 67 192
253 254 67 208
1 0 68 104
2 1 68 120
4 3 68 136
5 4 68 152
7 6 68 168
8 7 68 184
8 9 68 184
9 10 68 168
11 12 68 152
12 13 68 136
14 15 68 120
15 31 68 104
16 0 68 192
17 33 68 16
18 17 68 32
20 19 68 48
21 20 68 64
23 22 68 80
23 24 68 80
25 26 68 64
26 27 68 48
28 29 68 32
29 30 68 16
33 32 68 136
34 33 68 152
36 35 68 168
37 36 68 184
39 38 68 200
40 24 68 216
40 39 68 216
41 42 68 8
42 43 68 9
43 44 68 10
44 45 68 11
45 46 68 12
46 47 68 13
47 63 68 14
48 32 68 224
49 65 68 18
50 49 68 19
51 50 68 20
52 51 68 21
53 52 68 22
54 53 68 23
55 54 68 7
55 56 68 7
56 57 68 23
57 58 68 22
58 59 68 21
59 60 68 20
60 61 68 19
61 62 68 18
62 63 68 17
65 64 68 168
66 65 68 184
68 67 68 200
69 68 68 216
71 70 68 232
72 56 68 248
72 71 68 248
73 74 68 25
74 75 68 41
75 76 68 42
76 77 68 43
77 78 68 44
78 79 68 45
79 95 68 46
80 64 68 241
81 97 68 50
82 81 68 51
83 82 68 52
84 83 68 53
85 84 68 54
86 85 68 55
87 86 68 39
87 88 68 39
88 89 68 55
89 90 68 54
90 91 68 53
91 92 68 52
92 93 68 51
93 94 68 50
94 95 68 49
97 96 68 200
98 97 68 216
100 99 68 232
101 100 68 248
102 101 68 249
103 102 68 250
104 88 68 251
104 103 68 251
105 106 68 57
106 107 68 73
107 108 68 74
108 109 68 75
109 110 68 76
110 111 68 77
111 127 68 78
112 96 68 244
113 129 68 82
114 113 68 83
115 114 68 84
116 115 68 85
117 116 68 86
118 117 68 87
119 118 68 71
119 120 68 71
120 121 68 87
121 122 68 86
122 123 68 85
123 124 68 84
124 125 68 83
125 126 68 82
126 127 68 81
129 128 68 232
130 129 68 248
131 130 68 249
132 131 68 250
133 132 68 251
134 133 68 252
135 134 68 253
136 120 68 254
136 135 68 254
137 138 68 89
138 139 68 105
139 140 68 106
140 141 68 107
141 142 68 108
142 143 68 109
143 159 68 110
144 128 68 247
145 161 68 114
146 145 68 115
147 146 68 116
148 147 68 117
149 148 68 118
150 149 68 119
151 150 68 103
151 152 68 103
152 153 68 119
153 154 68 118
154 155 68 117
155 156 68 116
156 157 68 115
157 158 68 114
158 159 68 113
161 160 68 250
162 161 68 251
163 162 68 252
164 163 68 253
165 164 68 254
166 165 68 255
168 152 68 239
168 167 68 239
169 170 68 121
170 171 68 137
171 172 68 138
172 173 68 139
173 174 68 140
174 175 68 141
175 191 68 142
176 160 68 229
177 193 68 146
178 177 68 147
179 178 68 148
180 179 68 149
181 180 68 150
182 181 68 151
183 182 68 135
183 184 68 135
184 185 68 151
185 186 68 150
186 187 68 149
187 188 68 148
188 189 68 147
189 190 68 146
190 191 68 145
193 192 68 253
194 193 68 254
195 194 68 255
197 196 68 239
198 197 68 238
199 198 68 237
200 184 68 236
200 199 68 236
201 202 68 153
202 203 68 169
203 204 68 170
204 205 68 171
205 206 68 172
206 207 68 173
207 223 68 174
208 192 68 226
209 225 68 178
210 209 68 179
211 210 68 180
212 211 68 181
213 212 68 182
214 213 68 183
215 214 68 167
215 216 68 167
216 217 68 183
217 218 68 182
218 219 68 181
219 220 68 180
220 221 68 179
221 222 68 178
222 223 68 177
226 225 68 239
227 226 68 238
228 227 68 237
229 228 68 236
230 229 68 235
231 230 68 234
232 216 68 233
232 231 68 233
233 234 68 185
234 235 68 201
235 236 68 202
236 237 68 203
237 238 68 204
238 239 68 205
239 255 68 206
240 224 68 209
241 240 68 210
242 241 68 211
243 242 68 212
244 243 68 213
245 244 68 214
246 245 68 215
247 246 68 199
247 248 68 199
248 249 68 215
249 250 68 214
250 251 68 213
251 252 68 212
252 253 68 211
253 254 68 210
254 255 68 209
0 16 69 34
1 0 69 35
2 1 69 36
3 2 69 37
4 3 69 38
5 4 69 39
7 6 69 55
7 8 69 55
9 10 69 39
10 11 69 38
11 12 69 37
12 13 69 36
13 14 69 35
14 15 69 34
17 16 69 31
18 17 69 30
19 18 69 29
20 19 69 28
21 20 69 27
22 21 69 26
23 22 69 25
25 26 69 73
27 28 69 57
28 29 69 58
29 30 69 59
30 31 69 60
31 15 69 61
32 48 69 18
33 17 69 67
34 33 69 68
35 34 69 69
36 35 69 70
37 36 69 71
39 38 69 87
39 40 69 87
41 42 69 71
42 43 69 70
43 44 69 69
44 45 69 68
45 46 69 67
46 47 69 66
49 48 69 13
50 49 69 14
51 50 69 15
52 51 69 31
53 52 69 30
54 53 69 29
55 54 69 28
56 55 69 27
56 72 69 27
57 58 69 105
59 60 69 89
60 61 69 90
61 62 69 91
62 63 69 92
63 47 69 93
64 80 69 21
65 49 69 99
66 65 69 100
67 66 69 101
68 67 69 102
69 68 69 103
71 70 69 119
71 72 69 119
73 74 69 103
74 75 69 102
75 76 69 101
76 77 69 100
77 78 69 99
78 79 69 98
81 80 69 10
82 81 69 11
83 82 69 12
84 83 69 13
85 84 69 14
86 85 69 15
87 86 69 31
88 87 69 30
88 104 69 30
89 90 69 137
91 92 69 121
92 93 69 122
93 94 69 123
94 95 69 124
95 79 69 125
97 81 69 131
98 97 69 132
99 98 69 133
100 99 69 134
101 100 69 135
103 102 69 151
103 104 69 151
105 106 69 135
106 107 69 134
107 108 69 133
108 109 69 132
109 110 69 131
110 111 69 130
114 113 69 8
115 114 69 9
116 115 69 10
117 116 69 11
118 117 69 12
119 118 69 13
120 119 69 14
120 136 69 14
121 122 69 169
123 124 69 153
124 125 69 154
125 126 69 155
126 127 69 156
127 111 69 157
128 144 69 5
129 113 69 163
130 129 69 164
131 130 69 165
132 131 69 166
133 132 69 167
135 134 69 183
135 136 69 183
137 138 69 167
138 139 69 166
139 140 69 165
140 141 69 164
141 142 69 163
142 143 69 162
146 145 69 40
147 146 69 24
149 148 69 8
150 149 69 9
151 150 69 10
152 151 69 11
152 168 69 11
153 154 69 201
155 156 69 185
156 157 69 186
157 158 69 187
158 159 69 188
159 143 69 189
160 176 69 2
161 145 69 195
162 161 69 196
163 162 69 197
164 163 69 198
165 164 69 199
167 166 69 215
167 168 69 215
169 170 69 199
170 171 69 198
171 172 69 197
172 173 69 196
173 174 69 195
174 175 69 194
178 177 69 72
179 178 69 56
181 180 69 40
182 181 69 24
184 183 69 8
184 200 69 8
185 186 69 233
187 188 69 217
188 189 69 218
189 190 69 219
190 191 69 220
191 175 69 221
192 208 69 16
193 177 69 227
194 193 69 228
195 194 69 229
196 195 69 230
197 196 69 231
199 198 69 247
199 200 69 247
201 202 69 231
202 203 69 230
203 204 69 229
204 205 69 228
205 206 69 227
206 207 69 226
210 209 69 104
211 210 69 88
213 212 69 72
214 213 69 56
216 215 69 40
216 232 69 40
218 219 69 248
219 220 69 249
220 221 69 250
221 222 69 251
222 223 69 252
223 207 69 253
224 240 69 48
226 225 69 208
227 226 69 192
229 228 69 176
230 229 69 160
232 233 69 160
233 234 69 176
235 236 69 192
236 237 69 208
238 239 69 224
242 241 69 136
243 242 69 120
245 244 69 104
246 245 69 88
248 247 69 72
248 249 69 72
250 251 69 88
251 252 69 104
253 254 69 120
254 255 69 136
0 1 70 176
2 3 70 160
3 4 70 144
5 6 70 128
6 7 70 112
8 9 70 96
9 10 70 80
11 12 70 64
12 13 70 48
14 15 70 32
18 17 70 136
19 18 70 152
21 20 70 168
22 21 70 184
24 8 70 200
24 23 70 200
26 25 70 40
27 26 70 56
29 28 70 72
30 29 70 88
32 16 70 208
34 35 70 0
35 36 70 1
36 37 70 2
37 38 70 3
38 39 70 4
39 40 70 5
39 55 70 5
40 41 70 6
41 42 70 7
42 43 70 23
43 44 70 22
44 45 70 21
45 46 70 20
46 47 70 19
50 49 70 168
51 50 70 184
53 52 70 200
54 53 70 216
56 40 70 232
56 55 70 232
57 73 70 27
58 57 70 28
59 58 70 29
60 59 70 30
61 60 70 31
63 62 70 15
64 48 70 240
65 66 70 17
67 68 70 33
68 69 70 34
69 70 70 35
70 71 70 36
71 72 70 37
71 87 70 37
72 73 70 38
73 74 70 39
74 75 70 55
75 76 70 54
76 77 70 53
77 78 70 52
78 79 70 51
82 81 70 200
83 82 70 216
85 84 70 232
86 85 70 248
87 86 70 249
88 72 70 250
88 87 70 250
89 105 70 59
90 89 70 60
91 90 70 61
92 91 70 62
93 92 70 63
95 94 70 47
96 80 70 243
97 98 70 49
99 100 70 65
100 101 70 66
101 102 70 67
102 103 70 68
103 104 70 69
103 119 70 69
104 105 70 70
105 106 70 71
106 107 70 87
107 108 70 86
108 109 70 85
109 110 70 84
110 111 70 83
114 113 70 232
115 114 70 248
116 115 70 249
117 116 70 250
118 117 70 251
119 118 70 252
120 104 70 253
120 119 70 253
121 137 70 91
122 121 70 92
123 122 70 93
124 123 70 94
125 124 70 95
127 126 70 79
128 112 70 246
129 130 70 81
131 132 70 97
132 133 70 98
133 134 70 99
134 135 70 100
135 136 70 101
135 151 70 101
136 137 70 102
137 138 70 103
138 139 70 119
139 140 70 118
140 141 70 117
141 142 70 116
142 143 70 115
145 144 70 249
146 145 70 250
147 146 70 251
148 147 70 252
149 148 70 253
150 149 70 254
151 150 70 255
153 169 70 123
154 153 70 124
155 154 70 125
156 155 70 126
157 156 70 127
159 158 70 111
160 144 70 230
161 162 70 113
163 164 70 129
164 165 70 130
165 166 70 131
166 167 70 132
167 168 70 133
167 183 70 133
168 169 70 134
169 170 70 135
170 171 70 151
171 172 70 150
172 173 70 149
173 174 70 148
174 175 70 147
177 176 70 252
178 177 70 253
179 178 70 254
180 179 70 255
182 181 70 239
183 182 70 238
184 168 70 237
184 183 70 237
185 201 70 155
186 185 70 156
187 186 70 157
188 187 70 158
189 188 70 159
191 190 70 143
192 176 70 227
193 194 70 145
195 196 70 161
196 197 70 162
197 198 70 163
198 199 70 164
199 200 70 165
199 215 70 165
200 201 70 166
201 202 70 167
202 203 70 183
203 204 70 182
204 205 70 181
205 206 70 180
206 207 70 179
209 208 70 255
211 210 70 239
212 211 70 238
213 212 70 237
214 213 70 236
215 214 70 235
216 200 70 234
216 215 70 234
217 233 70 187
218 217 70 188
219 218 70 189
220 219 70 190
221 220 70 191
223 222 70 175
225 226 70 177
227 228 70 193
228 229 70 194
229 230 70 195
230 231 70 196
231 232 70 197
231 247 70 197
232 233 70 198
233 234 70 199
234 235 70 215
235 236 70 214
236 237 70 213
237 238 70 212
238 239 70 211
241 240 70 238
242 241 70 237
243 242 70 236
244 243 70 235
245 244 70 234
246 245 70 233
247 246 70 217
248 232 70 218
248 247 70 218
249 248 70 219
250 249 70 220
251 250 70 221
252 251 70 222
253 252 70 223
255 254 70 207
1 0 71 29
2 1 71 28
3 2 71 27
4 3 71 26
5 4 71 25
7 6 71 41
8 7 71 42
8 24 71 42
9 8 71 43
10 9 71 44
11 10 71 45
12 11 71 46
13 12 71 47
14 13 71 63
15 14 71 62
16 32 71 33
17 18 71 66
18 19 71 65
19 20 71 49
20 21 71 50
21 22 71 51
22 23 71 52
23 7 71 53
23 24 71 53
24 25 71 54
25 26 71 55
27 28 71 39
28 29 71 38
29 30 71 37
30 31 71 36
33 32 71 15
34 33 71 31
35 34 71 30
36 35 71 29
37 36 71 28
38 37 71 27
39 38 71 26
40 39 71 25
40 56 71 25
41 25 71 75
42 41 71 76
43 42 71 77
44 43 71 78
45 44 71 79
46 45 71 95
47 46 71 94
48 64 71 19
49 50 71 98
50 51 71 97
51 52 71 81
52 53 71 82
53 54 71 83
54 55 71 84
55 39 71 85
55 56 71 85
56 57 71 86
57 58 71 87
59 60 71 71
60 61 71 70
61 62 71 69
62 63 71 68
65 64 71 12
66 65 71 13
67 66 71 14
68 67 71 15
69 68 71 31
70 69 71 30
71 70 71 29
72 71 71 28
72 88 71 28
73 57 71 107
74 73 71 108
75 74 71 109
76 75 71 110
77 76 71 111
78 77 71 127
79 78 71 126
80 96 71 22
81 82 71 130
82 83 71 129
83 84 71 113
84 85 71 114
85 86 71 115
86 87 71 116
87 71 71 117
87 88 71 117
88 89 71 118
89 90 71 119
91 92 71 103
92 93 71 102
93 94 71 101
94 95 71 100
97 96 71 9
98 97 71 10
99 98 71 11
100 99 71 12
101 100 71 13
102 101 71 14
103 102 71 15
104 103 71 31
104 120 71 31
105 89 71 139
106 105 71 140
107 106 71 141
108 107 71 142
109 108 71 143
110 109 71 159
111 110 71 158
112 128 71 7
113 114 71 162
114 115 71 161
115 116 71 145
116 117 71 146
117 118 71 147
118 119 71 148
119 103 71 149
119 120 71 149
120 121 71 150
121 122 71 151
123 124 71 135
124 125 71 134
125 126 71 133
126 127 71 132
129 128 71 24
131 130 71 8
132 131 71 9
133 132 71 10
134 133 71 11
135 134 71 12
136 135 71 13
136 152 71 13
137 121 71 171
138 137 71 172
139 138 71 173
140 139 71 174
141 140 71 175
142 141 71 191
143 142 71 190
144 160 71 4
145 146 71 194
146 147 71 193
147 148 71 177
148 149 71 178
149 150 71 179
150 151 71 180
151 135 71 181
151 152 71 181
152 153 71 182
153 154 71 183
155 156 71 167
156 157 71 166
157 158 71 165
158 159 71 164
161 160 71 56
163 162 71 40
164 163 71 24
166 165 71 8
167 166 71 9
168 167 71 10
168 184 71 10
169 153 71 203
170 169 71 204
171 170 71 205
172 171 71 206
173 172 71 207
174 173 71 223
175 174 71 222
176 192 71 1
177 178 71 226
178 179 71 225
179 180 71 209
180 181 71 210
181 182 71 211
182 183 71 212
183 167 71 213
183 184 71 213
184 185 71 214
185 186 71 215
187 188 71 199
188 189 71 198
189 190 71 197
190 191 71 196
193 192 71 88
195 194 71 72
196 195 71 56
198 197 71 40
199 198 71 24
201 185 71 235
202 201 71 236
203 202 71 237
204 203 71 238
205 204 71 239
206 205 71 255
207 206 71 254
209 210 71 224
210 211 71 240
211 212 71 241
212 213 71 242
213 214 71 243
214 215 71 244
215 199 71 245
215 216 71 245
216 217 71 246
217 218 71 247
219 220 71 231
220 221 71 230
221 222 71 229
222 223 71 228
225 224 71 120
227 226 71 104
228 227 71 88
230 229 71 72
231 230 71 56
233 217 71 216
235 234 71 200
236 235 71 184
238 237 71 168
239 238 71 152
241 242 71 64
242 243 71 80
244 245 71 96
245 246 71 112
247 231 71 128
247 248 71 128
248 249 71 144
250 251 71 160
251 252 71 176
253 254 71 192
254 255 71 208
1 0 72 120
3 2 72 136
4 3 72 152
6 5 72 168
7 6 72 184
9 10 72 184
10 11 72 168
12 13 72 152
13 14 72 136
15 31 72 120
17 33 72 32
19 18 72 48
20 19 72 64
22 21 72 80
23 22 72 96
23 24 72 96
24 25 72 80
26 27 72 64
27 28 72 48
29 30 72 32
30 31 72 16
33 32 72 152
35 34 72 168
36 35 72 184
38 37 72 200
39 38 72 216
41 42 72 24
42 43 72 8
43 44 72 9
44 45 72 10
45 46 72 11
46 47 72 12
47 63 72 13
49 65 72 19
50 49 72 20
51 50 72 21
52 51 72 22
53 52 72 23
54 53 72 7
55 54 72 6
55 56 72 6
56 57 72 7
57 58 72 23
58 59 72 22
59 60 72 21
60 61 72 20
61 62 72 19
62 63 72 18
65 64 72 184
67 66 72 200
68 67 72 216
70 69 72 232
71 70 72 248
72 56 72 249
72 71 72 249
73 74 72 26
74 75 72 25
75 76 72 41
76 77 72 42
77 78 72 43
78 79 72 44
79 95 72 45
80 64 72 242
81 97 72 51
82 81 72 52
83 82 72 53
84 83 72 54
85 84 72 55
86 85 72 39
87 86 72 38
87 88 72 38
88 89 72 39
89 90 72 55
90 91 72 54
91 92 72 53
92 93 72 52
93 94 72 51
94 95 72 50
97 96 72 216
99 98 72 232
100 99 72 248
101 100 72 249
102 101 72 250
103 102 72 251
104 88 72 252
104 103 72 252
105 106 72 58
106 107 72 57
107 108 72 73
108 109 72 74
109 110 72 75
110 111 72 76
111 127 72 77
112 96 72 245
113 129 72 83
114 113 72 84
115 114 72 85
116 115 72 86
117 116 72 87
118 117 72 71
119 118 72 70
119 120 72 70
120 121 72 71
121 122 72 87
122 123 72 86
123 124 72 85
124 125 72 84
125 126 72 83
126 127 72 82
129 128 72 248
130 129 72 249
131 130 72 250
132 131 72 251
133 132 72 252
134 133 72 253
135 134 72 254
136 120 72 255
136 135 72 255
137 138 72 90
138 139 72 89
139 140 72 105
140 141 72 106
141 142 72 107
142 143 72 108
143 159 72 109
144 128 72 231
145 161 72 115
146 145 72 116
147 146 72 117
148 147 72 118
149 148 72 119
150 149 72 103
151 150 72 102
151 152 72 102
152 153 72 103
153 154 72 119
154 155 72 118
155 156 72 117
156 157 72 116
157 158 72 115
158 159 72 114
161 160 72 251
162 161 72 252
163 162 72 253
164 163 72 254
165 164 72 255
167 166 72 239
168 152 72 238
168 167 72 238
169 170 72 122
170 171 72 121
171 172 72 137
172 173 72 138
173 174 72 139
174 175 72 140
175 191 72 141
176 160 72 228
177 193 72 147
178 177 72 148
179 178 72 149
180 179 72 150
181 180 72 151
182 181 72 135
183 182 72 134
183 184 72 134
184 185 72 135
185 186 72 151
186 187 72 150
187 188 72 149
188 189 72 148
189 190 72 147
190 191 72 146
193 192 72 254
194 193 72 255
196 195 72 239
197 196 72 238
198 197 72 237
199 198 72 236
200 184 72 235
200 199 72 235
201 202 72 154
202 203 72 153
203 204 72 169
204 205 72 170
205 206 72 171
206 207 72 172
207 223 72 173
208 192 72 225
209 225 72 179
210 209 72 180
211 210 72 181
212 211 72 182
213 212 72 183
214 213 72 167
215 214 72 166
215 216 72 166
216 217 72 167
217 218 72 183
218 219 72 182
219 220 72 181
220 221 72 180
221 222 72 179
222 223 72 178
225 224 72 239
226 225 72 238
227 226 72 237
228 227 72 236
229 228 72 235
230 229 72 234
231 230 72 233
232 216 72 217
232 231 72 217
233 234 72 186
234 235 72 185
235 236 72 201
236 237 72 202
237 238 72 203
238 239 72 204
239 255 72 205
240 224 72 210
241 240 72 211
242 241 72 212
243 242 72 213
244 243 72 214
245 244 72 215
246 245 72 199
247 246 72 198
247 248 72 198
248 249 72 199
249 250 72 215
250 251 72 214
251 252 72 213
252 253 72 212
253 254 72 211
254 255 72 210
0 16 73 35
1 0 73 36
2 1 73 37
3 2 73 38
4 3 73 39
6 5 73 55
7 6 73 54
7 8 73 54
8 9 73 55
10 11 73 39
11 12 73 38
12 13 73 37
13 14 73 36
14 15 73 35
17 16 73 30
18 17 73 29
19 18 73 28
20 19 73 27
21 20 73 26
22 21 73 25
24 23 73 41
24 40 73 41
25 26 73 74
26 27 73 73
28 29 73 57
29 30 73 58
30 31 73 59
31 15 73 60
32 48 73 17
33 17 73 68
34 33 73 69
35 34 73 70
36 35 73 71
38 37 73 87
39 38 73 86
39 40 73 86
40 41 73 87
42 43 73 71
43 44 73 70
44 45 73 69
45 46 73 68
46 47 73 67
49 48 73 14
50 49 73 15
51 50 73 31
52 51 73 30
53 52 73 29
54 53 73 28
55 54 73 27
56 55 73 26
56 72 73 26
57 58 73 106
58 59 73 105
60 61 73 89
61 62 73 90
62 63 73 91
63 47 73 92
64 80 73 20
65 49 73 100
66 65 73 101
67 66 73 102
68 67 73 103
70 69 73 119
71 70 73 118
71 72 73 118
72 73 73 119
74 75 73 103
75 76 73 102
76 77 73 101
77 78 73 100
78 79 73 99
81 80 73 11
82 81 73 12
83 82 73 13
84 83 73 14
85 84 73 15
86 85 73 31
87 86 73 30
88 87 73 29
88 104 73 29
89 90 73 138
90 91 73 137
92 93 73 121
93 94 73 122
94 95 73 123
95 79 73 124
96 112 73 23
97 81 73 132
98 97 73 133
99 98 73 134
100 99 73 135
102 101 73 151
103 102 73 150
103 104 73 150
104 105 73 151
106 107 73 135
107 108 73 134
108 109 73 133
109 110 73 132
110 111 73 131
113 112 73 8
114 113 73 9
115 114 73 10
116 115 73 11
117 116 73 12
118 117 73 13
119 118 73 14
120 119 73 15
120 136 73 15
121 122 73 170
122 123 73 169
124 125 73 153
125 126 73 154
126 127 73 155
127 111 73 156
128 144 73 6
129 113 73 164
130 129 73 165
131 130 73 166
132 131 73 167
134 133 73 183
135 134 73 182
135 136 73 182
136 137 73 183
138 139 73 167
139 140 73 166
140 141 73 165
141 142 73 164
142 143 73 163
145 144 73 40
146 145 73 24
148 147 73 8
149 148 73 9
150 149 73 10
151 150 73 11
152 151 73 12
152 168 73 12
153 154 73 202
154 155 73 201
156 157 73 185
157 158 73 186
158 159 73 187
159 143 73 188
160 176 73 3
161 145 73 196
162 161 73 197
163 162 73 198
164 163 73 199
166 165 73 215
167 166 73 214
167 168 73 214
168 169 73 215
170 171 73 199
171 172 73 198
172 173 73 197
173 174 73 196
174 175 73 195
177 176 73 72
178 177 73 56
180 179 73 40
181 180 73 24
183 182 73 8
184 183 73 9
184 200 73 9
185 186 73 234
186 187 73 233
188 189 73 217
189 190 73 218
190 191 73 219
191 175 73 220
192 208 73 0
193 177 73 228
194 193 73 229
195 194 73 230
196 195 73 231
198 197 73 247
199 198 73 246
199 200 73 246
200 201 73 247
202 203 73 231
203 204 73 230
204 205 73 229
205 206 73 228
206 207 73 227
209 208 73 104
210 209 73 88
212 211 73 72
213 212 73 56
215 214 73 40
216 215 73 24
216 232 73 24
217 218 73 232
219 220 73 248
220 221 73 249
221 222 73 250
222 223 73 251
223 207 73 252
224 240 73 32
225 209 73 208
226 225 73 192
228 227 73 176
229 228 73 160
231 230 73 144
231 232 73 144
233 234 73 160
234 235 73 176
236 237 73 192
237 238 73 208
241 240 73 136
242 241 73 120
244 243 73 104
245 244 73 88
247 246 73 72
248 247 73 56
248 249 73 56
249 250 73 72
251 252 73 88
252 253 73 104
254 255 73 120
255 239 73 136
0 1 74 192
1 2 74 176
3 4 74 160
4 5 74 144
6 7 74 128
7 8 74 112
7 23 74 112
9 10 74 96
10 11 74 80
12 13 74 64
13 14 74 48
17 16 74 136
18 17 74 152
20 19 74 168
21 20 74 184
23 22 74 200
24 8 74 216
24 23 74 216
25 41 74 40
26 25 74 56
28 27 74 72
29 28 74 88
31 30 74 104
32 16 74 224
33 34 74 16
35 36 74 0
36 37 74 1
37 38 74 2
38 39 74 3
39 40 74 4
39 55 74 4
40 41 74 5
41 42 74 6
42 43 74 7
43 44 74 23
44 45 74 22
45 46 74 21
46 47 74 20
49 48 74 168
50 49 74 184
52 51 74 200
53 52 74 216
55 54 74 232
56 40 74 248
56 55 74 248
57 73 74 28
58 57 74 29
59 58 74 30
60 59 74 31
62 61 74 15
63 62 74 14
64 48 74 241
65 66 74 18
66 67 74 17
68 69 74 33
69 70 74 34
70 71 74 35
71 72 74 36
71 87 74 36
72 73 74 37
73 74 74 38
74 75 74 39
75 76 74 55
76 77 74 54
77 78 74 53
78 79 74 52
81 80 74 200
82 81 74 216
84 83 74 232
85 84 74 248
86 85 74 249
87 86 74 250
88 72 74 251
88 87 74 251
89 105 74 60
90 89 74 61
91 90 74 62
92 91 74 63
94 93 74 47
95 94 74 46
96 80 74 244
97 98 74 50
98 99 74 49
100 101 74 65
101 102 74 66
102 103 74 67
103 104 74 68
103 119 74 68
104 105 74 69
105 106 74 70
106 107 74 71
107 108 74 87
108 109 74 86
109 110 74 85
110 111 74 84
113 112 74 232
114 113 74 248
115 114 74 249
116 115 74 250
117 116 74 251
118 117 74 252
119 118 74 253
120 104 74 254
120 119 74 254
121 137 74 92
122 121 74 93
123 122 74 94
124 123 74 95
126 125 74 79
127 126 74 78
128 112 74 247
129 130 74 82
130 131 74 81
132 133 74 97
133 134 74 98
134 135 74 99
135 136 74 100
135 151 74 100
136 137 74 101
137 138 74 102
138 139 74 103
139 140 74 119
140 141 74 118
141 142 74 117
142 143 74 116
145 144 74 250
146 145 74 251
147 146 74 252
148 147 74 253
149 148 74 254
150 149 74 255
152 136 74 239
152 151 74 239
153 169 74 124
154 153 74 125
155 154 74 126
156 155 74 127
158 157 74 111
159 158 74 110
160 144 74 229
161 162 74 114
162 163 74 113
164 165 74 129
165 166 74 130
166 167 74 131
167 168 74 132
167 183 74 132
168 169 74 133
169 170 74 134
170 171 74 135
171 172 74 151
172 173 74 150
173 174 74 149
174 175 74 148
177 176 74 253
178 177 74 254
179 178 74 255
181 180 74 239
182 181 74 238
183 182 74 237
184 168 74 236
184 183 74 236
185 201 74 156
186 185 74 157
187 186 74 158
188 187 74 159
190 189 74 143
191 190 74 142
192 176 74 226
193 194 74 146
194 195 74 145
196 197 74 161
197 198 74 162
198 199 74 163
199 200 74 164
199 215 74 164
200 201 74 165
201 202 74 166
202 203 74 167
203 204 74 183
204 205 74 182
205 206 74 181
206 207 74 180
210 209 74 239
211 210 74 238
212 211 74 237
213 212 74 236
214 213 74 235
215 214 74 234
216 200 74 233
216 215 74 233
217 233 74 188
218 217 74 189
219 218 74 190
220 219 74 191
222 221 74 175
223 222 74 174
224 208 74 209
225 226 74 178
226 227 74 177
228 229 74 193
229 230 74 194
230 231 74 195
231 232 74 196
231 247 74 196
232 233 74 197
233 234 74 198
234 235 74 199
235 236 74 215
236 237 74 214
237 238 74 213
238 239 74 212
241 240 74 237
242 241 74 236
243 242 74 235
244 243 74 234
245 244 74 233
246 245 74 217
247 246 74 218
248 232 74 219
248 247 74 219
249 248 74 220
250 249 74 221
251 250 74 222
252 251 74 223
254 253 74 207
255 254 74 206
1 0 75 28
2 1 75 27
3 2 75 26
4 3 75 25
6 5 75 41
7 6 75 42
8 7 75 43
8 24 75 43
9 8 75 44
10 9 75 45
11 10 75 46
12 11 75 47
13 12 75 63
14 13 75 62
15 14 75 61
16 32 75 34
17 18 75 67
18 19 75 66
19 20 75 65
20 21 75 49
21 22 75 50
22 23 75 51
23 7 75 52
23 24 75 52
24 25 75 53
25 26 75 54
26 27 75 55
28 29 75 39
29 30 75 38
30 31 75 37
33 32 75 31
34 33 75 30
35 34 75 29
36 35 75 28
37 36 75 27
38 37 75 26
39 38 75 25
41 25 75 76
42 41 75 77
43 42 75 78
44 43 75 79
45 44 75 95
46 45 75 94
47 46 75 93
48 64 75 18
49 50 75 99
50 51 75 98
51 52 75 97
52 53 75 81
53 54 75 82
54 55 75 83
55 39 75 84
55 56 75 84
56 57 75 85
57 58 75 86
58 59 75 87
60 61 75 71
61 62 75 70
62 63 75 69
65 64 75 13
66 65 75 14
67 66 75 15
68 67 75 31
69 68 75 30
70 69 75 29
71 70 75 28
72 71 75 27
72 88 75 27
73 57 75 108
74 73 75 109
75 74 75 110
76 75 75 111
77 76 75 127
78 77 75 126
79 78 75 125
80 96 75 21
81 82 75 131
82 83 75 130
83 84 75 129
84 85 75 113
85 86 75 114
86 87 75 115
87 71 75 116
87 88 75 116
88 89 75 117
89 90 75 118
90 91 75 119
92 93 75 103
93 94 75 102
94 95 75 101
97 96 75 10
98 97 75 11
99 98 75 12
100 99 75 13
101 100 75 14
102 101 75 15
103 102 75 31
104 103 75 30
104 120 75 30
105 89 75 140
106 105 75 141
107 106 75 142
108 107 75 143
109 108 75 159
110 109 75 158
111 110 75 157
113 114 75 163
114 115 75 162
115 116 75 161
116 117 75 145
117 118 75 146
118 119 75 147
119 103 75 148
119 120 75 148
120 121 75 149
121 122 75 150
122 123 75 151
124 125 75 135
125 126 75 134
126 127 75 133
130 129 75 8
131 130 75 9
132 131 75 10
133 132 75 11
134 133 75 12
135 134 75 13
136 135 75 14
136 152 75 14
137 121 75 172
138 137 75 173
139 138 75 174
140 139 75 175
141 140 75 191
142 141 75 190
143 142 75 189
144 160 75 5
145 146 75 195
146 147 75 194
147 148 75 193
148 149 75 177
149 150 75 178
150 151 75 179
151 135 75 180
151 152 75 180
152 153 75 181
153 154 75 182
154 155 75 183
156 157 75 167
157 158 75 166
158 159 75 165
162 161 75 40
163 162 75 24
165 164 75 8
166 165 75 9
167 166 75 10
168 167 75 11
168 184 75 11
169 153 75 204
170 169 75 205
171 170 75 206
172 171 75 207
173 172 75 223
174 173 75 222
175 174 75 221
176 192 75 2
177 178 75 227
178 179 75 226
179 180 75 225
180 181 75 209
181 182 75 210
182 183 75 211
183 167 75 212
183 184 75 212
184 185 75 213
185 186 75 214
186 187 75 215
188 189 75 199
189 190 75 198
190 191 75 197
194 193 75 72
195 194 75 56
197 196 75 40
198 197 75 24
200 199 75 8
200 216 75 8
201 185 75 236
202 201 75 237
203 202 75 238
204 203 75 239
205 204 75 255
206 205 75 254
207 206 75 253
208 224 75 16
210 211 75 224
211 212 75 240
212 213 75 241
213 214 75 242
214 215 75 243
215 199 75 244
215 216 75 244
216 217 75 245
217 218 75 246
218 219 75 247
220 221 75 231
221 222 75 230
222 223 75 229
226 225 75 104
227 226 75 88
229 228 75 72
230 229 75 56
232 231 75 40
232 248 75 40
234 233 75 200
235 234 75 184
237 236 75 168
238 237 75 152
240 241 75 48
242 243 75 64
243 244 75 80
245 246 75 96
246 247 75 112
248 249 75 128
249 250 75 144
251 252 75 160
252 253 75 176
254 255 75 192
2 1 76 136
3 2 76 152
5 4 76 168
6 5 76 184
8 7 76 200
8 9 76 200
10 11 76 184
11 12 76 168
13 14 76 152
14 15 76 136
16 0 76 208
18 17 76 48
19 18 76 64
21 20 76 80
22 21 76 96
24 25 76 96
25 26 76 80
27 28 76 64
28 29 76 48
30 31 76 32
34 33 76 168
35 34 76 184
37 36 76 200
38 37 76 216
40 24 76 232
40 39 76 232
42 43 76 24
43 44 76 8
44 45 76 9
45 46 76 10
46 47 76 11
47 63 76 12
48 32 76 240
49 65 76 20
50 49 76 21
51 50 76 22
52 51 76 23
53 52 76 7
54 53 76 6
55 54 76 5
55 56 76 5
56 57 76 6
57 58 76 7
58 59 76 23
59 60 76 22
60 61 76 21
61 62 76 20
62 63 76 19
66 65 76 200
67 66 76 216
69 68 76 232
70 69 76 248
71 70 76 249
72 56 76 250
72 71 76 250
73 74 76 27
74 75 76 26
75 76 76 25
76 77 76 41
77 78 76 42
78 79 76 43
79 95 76 44
80 64 76 243
81 97 76 52
82 81 76 53
83 82 76 54
84 83 76 55
85 84 76 39
86 85 76 38
87 86 76 37
87 88 76 37
88 89 76 38
89 90 76 39
90 91 76 55
91 92 76 54
92 93 76 53
93 94 76 52
94 95 76 51
98 97 76 232
99 98 76 248
100 99 76 249
101 100 76 250
102 101 76 251
103 102 76 252
104 88 76 253
104 103 76 253
105 106 76 59
106 107 76 58
107 108 76 57
108 109 76 73
109 110 76 74
110 111 76 75
111 127 76 76
112 96 76 246
113 129 76 84
114 113 76 85
115 114 76 86
116 115 76 87
117 116 76 71
118 117 76 70
119 118 76 69
119 120 76 69
120 121 76 70
121 122 76 71
122 123 76 87
123 124 76 86
124 125 76 85
125 126 76 84
126 127 76 83
129 128 76 249
130 129 76 250
131 130 76 251
132 131 76 252
133 132 76 253
134 133 76 254
135 134 76 255
137 138 76 91
138 139 76 90
139 140 76 89
140 141 76 105
141 142 76 106
142 143 76 107
143 159 76 108
144 128 76 230
145 161 76 116
146 145 76 117
147 146 76 118
148 147 76 119
149 148 76 103
150 149 76 102
151 150 76 101
151 152 76 101
152 153 76 102
153 154 76 103
154 155 76 119
155 156 76 118
156 157 76 117
157 158 76 116
158 159 76 115
161 160 76 252
162 161 76 253
163 162 76 254
164 163 76 255
166 165 76 239
167 166 76 238
168 152 76 237
168 167 76 237
169 170 76 123
170 171 76 122
171 172 76 121
172 173 76 137
173 174 76 138
174 175 76 139
175 191 76 140
176 160 76 227
177 193 76 148
178 177 76 149
179 178 76 150
180 179 76 151
181 180 76 135
182 181 76 134
183 182 76 133
183 184 76 133
184 185 76 134
185 186 76 135
186 187 76 151
187 188 76 150
188 189 76 149
189 190 76 148
190 191 76 147
193 192 76 255
195 194 76 239
196 195 76 238
197 196 76 237
198 197 76 236
199 198 76 235
200 184 76 234
200 199 76 234
201 202 76 155
202 203 76 154
203 204 76 153
204 205 76 169
205 206 76 170
206 207 76 171
207 223 76 172
209 225 76 180
210 209 76 181
211 210 76 182
212 211 76 183
213 212 76 167
214 213 76 166
215 214 76 165
215 216 76 165
216 217 76 166
217 218 76 167
218 219 76 183
219 220 76 182
220 221 76 181
221 222 76 180
222 223 76 179
225 224 76 238
226 225 76 237
227 226 76 236
228 227 76 235
229 228 76 234
230 229 76 233
231 230 76 217
232 216 76 218
232 231 76 218
233 234 76 187
234 235 76 186
235 236 76 185
236 237 76 201
237 238 76 202
238 239 76 203
239 255 76 204
240 224 76 211
241 240 76 212
242 241 76 213
243 242 76 214
244 243 76 215
245 244 76 199
246 245 76 198
247 246 76 197
247 248 76 197
248 249 76 198
249 250 76 199
250 251 76 215
251 252 76 214
252 253 76 213
253 254 76 212
254 255 76 211
0 16 77 36
1 0 77 37
2 1 77 38
3 2 77 39
5 4 77 55
6 5 77 54
7 6 77 53
7 8 77 53
8 9 77 54
9 10 77 55
11 12 77 39
12 13 77 38
13 14 77 37
14 15 77 36
17 16 77 29
18 17 77 28
19 18 77 27
20 19 77 26
21 20 77 25
23 22 77 41
24 23 77 42
24 40 77 42
25 26 77 75
26 27 77 74
27 28 77 73
29 30 77 57
30 31 77 58
31 15 77 59
32 48 77 33
33 17 77 69
34 33 77 70
35 34 77 71
37 36 77 87
38 37 77 86
39 38 77 85
39 40 77 85
40 41 77 86
41 42 77 87
43 44 77 71
44 45 77 70
45 46 77 69
46 47 77 68
49 48 77 15
50 49 77 31
51 50 77 30
52 51 77 29
53 52 77 28
54 53 77 27
55 54 77 26
56 55 77 25
56 72 77 25
57 58 77 107
58 59 77 106
59 60 77 105
61 62 77 89
62 63 77 90
63 47 77 91
64 80 77 19
65 49 77 101
66 65 77 102
67 66 77 103
69 68 77 119
70 69 77 118
71 70 77 117
71 72 77 117
72 73 77 118
73 74 77 119
75 76 77 103
76 77 77 102
77 78 77 101
78 79 77 100
81 80 77 12
82 81 77 13
83 82 77 14
84 83 77 15
85 84 77 31
86 85 77 30
87 86 77 29
88 87 77 28
88 104 77 28
89 90 77 139
90 91 77 138
91 92 77 137
93 94 77 121
94 95 77 122
95 79 77 123
96 112 77 22
97 81 77 133
98 97 77 134
99 98 77 135
101 100 77 151
102 101 77 150
103 102 77 149
103 104 77 149
104 105 77 150
105 106 77 151
107 108 77 135
108 109 77 134
109 110 77 133
110 111 77 132
113 112 77 9
114 113 77 10
115 114 77 11
116 115 77 12
117 116 77 13
118 117 77 14
119 118 77 15
120 119 77 31
120 136 77 31
121 122 77 171
122 123 77 170
123 124 77 169
125 126 77 153
126 127 77 154
127 111 77 155
128 144 77 7
129 113 77 165
130 129 77 166
131 130 77 167
133 132 77 183
134 133 77 182
135 134 77 181
135 136 77 181
136 137 77 182
137 138 77 183
139 140 77 167
140 141 77 166
141 142 77 165
142 143 77 164
145 144 77 24
147 146 77 8
148 147 77 9
149 148 77 10
150 149 77 11
151 150 77 12
152 151 77 13
152 168 77 13
153 154 77 203
154 155 77 202
155 156 77 201
157 158 77 185
158 159 77 186
159 143 77 187
160 176 77 4
161 145 77 197
162 161 77 198
163 162 77 199
165 164 77 215
166 165 77 214
167 166 77 213
167 168 77 213
168 169 77 214
169 170 77 215
171 172 77 199
172 173 77 198
173 174 77 197
174 175 77 196
177 176 77 56
179 178 77 40
180 179 77 24
182 181 77 8
183 182 77 9
184 183 77 10
184 200 77 10
185 186 77 235
186 187 77 234
187 188 77 233
189 190 77 217
190 191 77 218
191 175 77 219
192 208 77 1
193 177 77 229
194 193 77 230
195 194 77 231
197 196 77 247
198 197 77 246
199 198 77 245
199 200 77 245
200 201 77 246
201 202 77 247
203 204 77 231
204 205 77 230
205 206 77 229
206 207 77 228
209 208 77 88
211 210 77 72
212 211 77 56
214 213 77 40
215 214 77 24
217 218 77 216
218 219 77 232
220 221 77 248
221 222 77 249
222 223 77 250
223 207 77 251
225 209 77 192
227 226 77 176
228 227 77 160
230 229 77 144
231 230 77 128
231 232 77 128
232 233 77 144
234 235 77 160
235 236 77 176
237 238 77 192
238 239 77 208
241 240 77 120
243 242 77 104
244 243 77 88
246 245 77 72
247 246 77 56
249 250 77 56
250 251 77 72
252 253 77 88
253 254 77 104
255 239 77 120
1 2 78 192
2 3 78 176
4 5 78 160
5 6 78 144
7 8 78 128
7 23 78 128
8 9 78 112
10 11 78 96
11 12 78 80
13 14 78 64
14 15 78 48
17 16 78 152
19 18 78 168
20 19 78 184
22 21 78 200
23 22 78 216
25 41 78 56
27 26 78 72
28 27 78 88
30 29 78 104
31 30 78 120
33 34 78 32
34 35 78 16
36 37 78 0
37 38 78 1
38 39 78 2
39 40 78 3
39 55 78 3
40 41 78 4
41 42 78 5
42 43 78 6
43 44 78 7
44 45 78 23
45 46 78 22
46 47 78 21
49 48 78 184
51 50 78 200
52 51 78 216
54 53 78 232
55 54 78 248
56 40 78 249
56 55 78 249
57 73 78 29
58 57 78 30
59 58 78 31
61 60 78 15
62 61 78 14
63 62 78 13
64 48 78 242
65 66 78 19
66 67 78 18
67 68 78 17
69 70 78 33
70 71 78 34
71 72 78 35
71 87 78 35
72 73 78 36
73 74 78 37
74 75 78 38
75 76 78 39
76 77 78 55
77 78 78 54
78 79 78 53
81 80 78 216
83 82 78 232
84 83 78 248
85 84 78 249
86 85 78 250
87 86 78 251
88 72 78 252
88 87 78 252
89 105 78 61
90 89 78 62
91 90 78 63
93 92 78 47
94 93 78 46
95 94 78 45
96 80 78 245
97 98 78 51
98 99 78 50
99 100 78 49
101 102 78 65
102 103 78 66
103 104 78 67
103 119 78 67
104 105 78 68
105 106 78 69
106 107 78 70
107 108 78 71
108 109 78 87
109 110 78 86
110 111 78 85
113 112 78 248
114 113 78 249
115 114 78 250
116 115 78 251
117 116 78 252
118 117 78 253
119 118 78 254
120 104 78 255
120 119 78 255
121 137 78 93
122 121 78 94
123 122 78 95
125 124 78 79
126 125 78 78
127 126 78 77
128 112 78 231
129 130 78 83
130 131 78 82
131 132 78 81
133 134 78 97
134 135 78 98
135 136 78 99
135 151 78 99
136 137 78 100
137 138 78 101
138 139 78 102
139 140 78 103
140 141 78 119
141 142 78 118
142 143 78 117
145 144 78 251
146 145 78 252
147 146 78 253
148 147 78 254
149 148 78 255
151 150 78 239
152 136 78 238
152 151 78 238
153 169 78 125
154 153 78 126
155 154 78 127
157 156 78 111
158 157 78 110
159 158 78 109
160 144 78 228
161 162 78 115
162 163 78 114
163 164 78 113
165 166 78 129
166 167 78 130
167 168 78 131
167 183 78 131
168 169 78 132
169 170 78 133
170 171 78 134
171 172 78 135
172 173 78 151
173 174 78 150
174 175 78 149
177 176 78 254
178 177 78 255
180 179 78 239
181 180 78 238
182 181 78 237
183 182 78 236
184 168 78 235
184 183 78 235
185 201 78 157
186 185 78 158
187 186 78 159
189 188 78 143
190 189 78 142
191 190 78 141
192 176 78 225
193 194 78 147
194 195 78 146
195 196 78 145
197 198 78 161
198 199 78 162
199 200 78 163
199 215 78 163
200 201 78 164
201 202 78 165
202 203 78 166
203 204 78 167
204 205 78 183
205 206 78 182
206 207 78 181
209 208 78 239
210 209 78 238
211 210 78 237
212 211 78 236
213 212 78 235
214 213 78 234
215 214 78 233
216 200 78 217
216 215 78 217
217 233 78 189
218 217 78 190
219 218 78 191
221 220 78 175
222 221 78 174
223 222 78 173
224 208 78 210
225 226 78 179
226 227 78 178
227 228 78 177
229 230 78 193
230 231 78 194
231 232 78 195
231 247 78 195
232 233 78 196
233 234 78 197
234 235 78 198
235 236 78 199
236 237 78 215
237 238 78 214
238 239 78 213
241 240 78 236
242 241 78 235
243 242 78 234
244 243 78 233
245 244 78 217
246 245 78 218
247 246 78 219
248 232 78 220
248 247 78 220
249 248 78 221
250 249 78 222
251 250 78 223
253 252 78 207
254 253 78 206
255 254 78 205
1 0 79 27
2 1 79 26
3 2 79 25
5 4 79 41
6 5 79 42
7 6 79 43
8 7 79 44
8 24 79 44
9 8 79 45
10 9 79 46
11 10 79 47
12 11 79 63
13 12 79 62
14 13 79 61
15 14 79 60
16 32 79 35
17 18 79 68
18 19 79 67
19 20 79 66
20 21 79 65
21 22 79 49
22 23 79 50
23 7 79 51
23 24 79 51
24 25 79 52
25 26 79 53
26 27 79 54
27 28 79 55
29 30 79 39
30 31 79 38
33 32 79 30
34 33 79 29
35 34 79 28
36 35 79 27
37 36 79 26
38 37 79 25
40 39 79 41
40 56 79 41
41 25 79 77
42 41 79 78
43 42 79 79
44 43 79 95
45 44 79 94
46 45 79 93
47 46 79 92
48 64 79 17
49 50 79 100
50 51 79 99
51 52 79 98
52 53 79 97
53 54 79 81
54 55 79 82
55 39 79 83
55 56 79 83
56 57 79 84
57 58 79 85
58 59 79 86
59 60 79 87
61 62 79 71
62 63 79 70
65 64 79 14
66 65 79 15
67 66 79 31
68 67 79 30
69 68 79 29
70 69 79 28
71 70 79 27
72 71 79 26
72 88 79 26
73 57 79 109
74 73 79 110
75 74 79 111
76 75 79 127
77 76 79 126
78 77 79 125
79 78 79 124
80 96 79 20
81 82 79 132
82 83 79 131
83 84 79 130
84 85 79 129
85 86 79 113
86 87 79 114
87 71 79 115
87 88 79 115
88 89 79 116
89 90 79 117
90 91 79 118
91 92 79 119
93 94 79 103
94 95 79 102
97 96 79 11
98 97 79 12
99 98 79 13
100 99 79 14
101 100 79 15
102 101 79 31
103 102 79 30
104 103 79 29
104 120 79 29
105 89 79 141
106 105 79 142
107 106 79 143
108 107 79 159
109 108 79 158
110 109 79 157
111 110 79 156
112 128 79 23
113 114 79 164
114 115 79 163
115 116 79 162
116 117 79 161
117 118 79 145
118 119 79 146
119 103 79 147
119 120 79 147
120 121 79 148
121 122 79 149
122 123 79 150
123 124 79 151
125 126 79 135
126 127 79 134
129 128 79 8
130 129 79 9
131 130 79 10
132 131 79 11
133 132 79 12
134 133 79 13
135 134 79 14
136 135 79 15
136 152 79 15
137 121 79 173
138 137 79 174
139 138 79 175
140 139 79 191
141 140 79 190
142 141 79 189
143 142 79 188
144 160 79 6
145 146 79 196
146 147 79 195
147 148 79 194
148 149 79 193
149 150 79 177
150 151 79 178
151 135 79 179
151 152 79 179
152 153 79 180
153 154 79 181
154 155 79 182
155 156 79 183
157 158 79 167
158 159 79 166
161 160 79 40
162 161 79 24
164 163 79 8
165 164 79 9
166 165 79 10
167 166 79 11
168 167 79 12
168 184 79 12
169 153 79 205
170 169 79 206
171 170 79 207
172 171 79 223
173 172 79 222
174 173 79 221
175 174 79 220
176 192 79 3
177 178 79 228
178 179 79 227
179 180 79 226
180 181 79 225
181 182 79 209
182 183 79 210
183 167 79 211
183 184 79 211
184 185 79 212
185 186 79 213
186 187 79 214
187 188 79 215
189 190 79 199
190 191 79 198
193 192 79 72
194 193 79 56
196 195 79 40
197 196 79 24
199 198 79 8
200 199 79 9
200 216 79 9
201 185 79 237
202 201 79 238
203 202 79 239
204 203 79 255
205 204 79 254
206 205 79 253
207 206 79 252
208 224 79 0
209 210 79 208
211 212 79 224
212 213 79 240
213 214 79 241
214 215 79 242
215 199 79 243
215 216 79 243
216 217 79 244
217 218 79 245
218 219 79 246
219 220 79 247
221 222 79 231
222 223 79 230
225 224 79 104
226 225 79 88
228 227 79 72
229 228 79 56
231 230 79 40
232 231 79 24
232 248 79 24
233 217 79 200
234 233 79 184
236 235 79 168
237 236 79 152
239 238 79 136
240 241 79 32
241 242 79 48
243 244 79 64
244 245 79 80
246 247 79 96
247 231 79 112
247 248 79 112
249 250 79 128
250 251 79 144
252 253 79 160
253 254 79 176
1 0 80 136
2 1 80 152
4 3 80 168
5 4 80 184
7 6 80 200
8 7 80 216
8 9 80 216
9 10 80 200
11 12 80 184
12 13 80 168
14 15 80 152
15 31 80 136
16 0 80 224
17 33 80 48
18 17 80 64
20 19 80 80
21 20 80 96
23 22 80 112
23 24 80 112
25 26 80 96
26 27 80 80
28 29 80 64
29 30 80 48
33 32 80 168
34 33 80 184
36 35 80 200
37 36 80 216
39 38 80 232
40 24 80 248
40 39 80 248
41 42 80 40
43 44 80 24
44 45 80 8
45 46 80 9
46 47 80 10
47 63 80 11
48 32 80 241
49 65 80 21
50 49 80 22
51 50 80 23
52 51 80 7
53 52 80 6
54 53 80 5
55 54 80 4
55 56 80 4
56 57 80 5
57 58 80 6
58 59 80 7
59 60 80 23
60 61 80 22
61 62 80 21
62 63 80 20
65 64 80 200
66 65 80 216
68 67 80 232
69 68 80 248
70 69 80 249
71 70 80 250
72 56 80 251
72 71 80 251
73 74 80 28
74 75 80 27
75 76 80 26
76 77 80 25
77 78 80 41
78 79 80 42
79 95 80 43
80 64 80 244
81 97 80 53
82 81 80 54
83 82 80 55
84 83 80 39
85 84 80 38
86 85 80 37
87 86 80 36
87 88 80 36
88 89 80 37
89 90 80 38
90 91 80 39
91 92 80 55
92 93 80 54
93 94 80 53
94 95 80 52
97 96 80 232
98 97 80 248
99 98 80 249
100 99 80 250
101 100 80 251
102 101 80 252
103 102 80 253
104 88 80 254
104 103 80 254
105 106 80 60
106 107 80 59
107 108 80 58
108 109 80 57
109 110 80 73
110 111 80 74
111 127 80 75
112 96 80 247
113 129 80 85
114 113 80 86
115 114 80 87
116 115 80 71
117 116 80 70
118 117 80 69
119 118 80 68
119 120 80 68
120 121 80 69
121 122 80 70
122 123 80 71
123 124 80 87
124 125 80 86
125 126 80 85
126 127 80 84
129 128 80 250
130 129 80 251
131 130 80 252
132 131 80 253
133 132 80 254
134 133 80 255
136 120 80 239
136 135 80 239
137 138 80 92
138 139 80 91
139 140 80 90
140 141 80 89
141 142 80 105
142 143 80 106
143 159 80 107
144 128 80 229
145 161 80 117
146 145 80 118
147 146 80 119
148 147 80 103
149 148 80 102
150 149 80 101
151 150 80 100
151 152 80 100
152 153 80 101
153 154 80 102
154 155 80 103
155 156 80 119
156 157 80 118
157 158 80 117
158 159 80 116
161 160 80 253
162 161 80 254
163 162 80 255
165 164 80 239
166 165 80 238
167 166 80 237
168 152 80 236
168 167 80 236
169 170 80 124
170 171 80 123
171 172 80 122
172 173 80 121
173 174 80 137
174 175 80 138
175 191 80 139
176 160 80 226
177 193 80 149
178 177 80 150
179 178 80 151
180 179 80 135
181 180 80 134
182 181 80 133
183 182 80 132
183 184 80 132
184 185 80 133
185 186 80 134
186 187 80 135
187 188 80 151
188 189 80 150
189 190 80 149
190 191 80 148
194 193 80 239
195 194 80 238
196 195 80 237
197 196 80 236
198 197 80 235
199 198 80 234
200 184 80 233
200 199 80 233
201 202 80 156
202 203 80 155
203 204 80 154
204 205 80 153
205 206 80 169
206 207 80 170
207 223 80 171
208 192 80 209
209 225 80 181
210 209 80 182
211 210 80 183
212 211 80 167
213 212 80 166
214 213 80 165
215 214 80 164
215 216 80 164
216 217 80 165
217 218 80 166
218 219 80 167
219 220 80 183
220 221 80 182
221 222 80 181
222 223 80 180
225 224 80 237
226 225 80 236
227 226 80 235
228 227 80 234
229 228 80 233
230 229 80 217
231 230 80 218
232 216 80 219
232 231 80 219
233 234 80 188
234 235 80 187
235 236 80 186
236 237 80 185
237 238 80 201
238 239 80 202
239 255 80 203
240 224 80 212
241 240 80 213
242 241 80 214
243 242 80 215
244 243 80 199
245 244 80 198
246 245 80 197
247 246 80 196
247 248 80 196
248 249 80 197
249 250 80 198
250 251 80 199
251 252 80 215
252 253 80 214
253 254 80 213
254 255 80 212
0 16 81 37
1 0 81 38
2 1 81 39
4 3 81 55
5 4 81 54
6 5 81 53
7 6 81 52
7 8 81 52
8 9 81 53
9 10 81 54
10 11 81 55
12 13 81 39
13 14 81 38
14 15 81 37
17 16 81 28
18 17 81 27
19 18 81 26
20 19 81 25
22 21 81 41
23 22 81 42
24 23 81 43
24 40 81 43
25 26 81 76
26 27 81 75
27 28 81 74
28 29 81 73
30 31 81 57
31 15 81 58
32 48 81 34
33 17 81 70
34 33 81 71
36 35 81 87
37 36 81 86
38 37 81 85
39 38 81 84
39 40 81 84
40 41 81 85
41 42 81 86
42 43 81 87
44 45 81 71
45 46 81 70
46 47 81 69
49 48 81 31
50 49 81 30
51 50 81 29
52 51 81 28
53 52 81 27
54 53 81 26
55 54 81 25
57 58 81 108
58 59 81 107
59 60 81 106
60 61 81 105
62 63 81 89
63 47 81 90
64 80 81 18
65 49 81 102
66 65 81 103
68 67 81 119
69 68 81 118
70 69 81 117
71 70 81 116
71 72 81 116
72 73 81 117
73 74 81 118
74 75 81 119
76 77 81 103
77 78 81 102
78 79 81 101
81 80 81 13
82 81 81 14
83 82 81 15
84 83 81 31
85 84 81 30
86 85 81 29
87 86 81 28
88 87 81 27
88 104 81 27
89 90 81 140
90 91 81 139
91 92 81 138
92 93 81 137
94 95 81 121
95 79 81 122
96 112 81 21
97 81 81 134
98 97 81 135
100 99 81 151
101 100 81 150
102 101 81 149
103 102 81 148
103 104 81 148
104 105 81 149
105 106 81 150
106 107 81 151
108 109 81 135
109 110 81 134
110 111 81 133
113 112 81 10
114 113 81 11
115 114 81 12
116 115 81 13
117 116 81 14
118 117 81 15
119 118 81 31
120 119 81 30
120 136 81 30
121 122 81 172
122 123 81 171
123 124 81 170
124 125 81 169
126 127 81 153
127 111 81 154
129 113 81 166
130 129 81 167
132 131 81 183
133 132 81 182
134 133 81 181
135 134 81 180
135 136 81 180
136 137 81 181
137 138 81 182
138 139 81 183
140 141 81 167
141 142 81 166
142 143 81 165
146 145 81 8
147 146 81 9
148 147 81 10
149 148 81 11
150 149 81 12
151 150 81 13
152 151 81 14
152 168 81 14
153 154 81 204
154 155 81 203
155 156 81 202
156 157 81 201
158 159 81 185
159 143 81 186
160 176 81 5
161 145 81 198
162 161 81 199
164 163 81 215
165 164 81 214
166 165 81 213
167 166 81 212
167 168 81 212
168 169 81 213
169 170 81 214
170 171 81 215
172 173 81 199
173 174 81 198
174 175 81 197
178 177 81 40
179 178 81 24
181 180 81 8
182 181 81 9
183 182 81 10
184 183 81 11
184 200 81 11
185 186 81 236
186 187 81 235
187 188 81 234
188 189 81 233
190 191 81 217
191 175 81 218
192 208 81 2
193 177 81 230
194 193 81 231
196 195 81 247
197 196 81 246
198 197 81 245
199 198 81 244
199 200 81 244
200 201 81 245
201 202 81 246
202 203 81 247
204 205 81 231
205 206 81 230
206 207 81 229
210 209 81 72
211 210 81 56
213 212 81 40
214 213 81 24
216 215 81 8
216 232 81 8
218 219 81 216
219 220 81 232
221 222 81 248
222 223 81 249
223 207 81 250
224 240 81 16
226 225 81 176
227 226 81 160
229 228 81 144
230 229 81 128
232 233 81 128
233 234 81 144
235 236 81 160
236 237 81 176
238 239 81 192
242 241 81 104
243 242 81 88
245 244 81 72
246 245 81 56
248 247 81 40
248 249 81 40
250 251 81 56
251 252 81 72
253 254 81 88
254 255 81 104
0 1 82 208
2 3 82 192
3 4 82 176
5 6 82 160
6 7 82 144
8 9 82 128
9 10 82 112
11 12 82 96
12 13 82 80
14 15 82 64
18 17 82 168
19 18 82 184
21 20 82 200
22 21 82 216
24 8 82 232
24 23 82 232
26 25 82 72
27 26 82 88
29 28 82 104
30 29 82 120
32 16 82 240
34 35 82 32
35 36 82 16
37 38 82 0
38 39 82 1
39 40 82 2
39 55 82 2
40 41 82 3
41 42 82 4
42 43 82 5
43 44 82 6
44 45 82 7
45 46 82 23
46 47 82 22
50 49 82 200
51 50 82 216
53 52 82 232
54 53 82 248
55 54 82 249
56 40 82 250
56 55 82 250
57 73 82 30
58 57 82 31
60 59 82 15
61 60 82 14
62 61 82 13
63 62 82 12
64 48 82 243
65 66 82 20
66 67 82 19
67 68 82 18
68 69 82 17
70 71 82 33
71 72 82 34
71 87 82 34
72 73 82 35
73 74 82 36
74 75 82 37
75 76 82 38
76 77 82 39
77 78 82 55
78 79 82 54
82 81 82 232
83 82 82 248
84 83 82 249
85 84 82 250
86 85 82 251
87 86 82 252
88 72 82 253
88 87 82 253
89 105 82 62
90 89 82 63
92 91 82 47
93 92 82 46
94 93 82 45
95 94 82 44
96 80 82 246
97 98 82 52
98 99 82 51
99 100 82 50
100 101 82 49
102 103 82 65
103 104 82 66
103 119 82 66
104 105 82 67
105 106 82 68
106 107 82 69
107 108 82 70
108 109 82 71
109 110 82 87
110 111 82 86
113 112 82 249
114 113 82 250
115 114 82 251
116 115 82 252
117 116 82 253
118 117 82 254
119 118 82 255
121 137 82 94
122 121 82 95
124 123 82 79
125 124 82 78
126 125 82 77
127 126 82 76
128 112 82 230
129 130 82 84
130 131 82 83
131 132 82 82
132 133 82 81
134 135 82 97
135 136 82 98
135 151 82 98
136 137 82 99
137 138 82 100
138 139 82 101
139 140 82 102
140 141 82 103
141 142 82 119
142 143 82 118
145 144 82 252
146 145 82 253
147 146 82 254
148 147 82 255
150 149 82 239
151 150 82 238
152 136 82 237
152 151 82 237
153 169 82 126
154 153 82 127
156 155 82 111
157 156 82 110
158 157 82 109
159 158 82 108
160 144 82 227
161 162 82 116
162 163 82 115
163 164 82 114
164 165 82 113
166 167 82 129
167 168 82 130
167 183 82 130
168 169 82 131
169 170 82 132
170 171 82 133
171 172 82 134
172 173 82 135
173 174 82 151
174 175 82 150
177 176 82 255
179 178 82 239
180 179 82 238
181 180 82 237
182 181 82 236
183 182 82 235
184 168 82 234
184 183 82 234
185 201 82 158
186 185 82 159
188 187 82 143
189 188 82 142
190 189 82 141
191 190 82 140
193 194 82 148
194 195 82 147
195 196 82 146
196 197 82 145
198 199 82 161
199 200 82 162
199 215 82 162
200 201 82 163
201 202 82 164
202 203 82 165
203 204 82 166
204 205 82 167
205 206 82 183
206 207 82 182
209 208 82 238
210 209 82 237
211 210 82 236
212 211 82 235
213 212 82 234
214 213 82 233
215 214 82 217
216 200 82 218
216 215 82 218
217 233 82 190
218 217 82 191
220 219 82 175
221 220 82 174
222 221 82 173
223 222 82 172
224 208 82 211
225 226 82 180
226 227 82 179
227 228 82 178
228 229 82 177
230 231 82 193
231 232 82 194
231 247 82 194
232 233 82 195
233 234 82 196
234 235 82 197
235 236 82 198
236 237 82 199
237 238 82 215
238 239 82 214
241 240 82 235
242 241 82 234
243 242 82 233
244 243 82 217
245 244 82 218
246 245 82 219
247 246 82 220
248 232 82 221
248 247 82 221
249 248 82 222
250 249 82 223
252 251 82 207
253 252 82 206
254 253 82 205
255 254 82 204
1 0 83 26
2 1 83 25
4 3 83 41
5 4 83 42
6 5 83 43
7 6 83 44
8 7 83 45
8 24 83 45
9 8 83 46
10 9 83 47
11 10 83 63
12 11 83 62
13 12 83 61
14 13 83 60
15 14 83 59
16 32 83 36
17 18 83 69
18 19 83 68
19 20 83 67
20 21 83 66
21 22 83 65
22 23 83 49
23 7 83 50
23 24 83 50
24 25 83 51
25 26 83 52
26 27 83 53
27 28 83 54
28 29 83 55
30 31 83 39
33 32 83 29
34 33 83 28
35 34 83 27
36 35 83 26
37 36 83 25
39 38 83 41
40 39 83 42
40 56 83 42
41 25 83 78
42 41 83 79
43 42 83 95
44 43 83 94
45 44 83 93
46 45 83 92
47 46 83 91
48 64 83 33
49 50 83 101
50 51 83 100
51 52 83 99
52 53 83 98
53 54 83 97
54 55 83 81
55 39 83 82
55 56 83 82
56 57 83 83
57 58 83 84
58 59 83 85
59 60 83 86
60 61 83 87
62 63 83 71
65 64 83 15
66 65 83 31
67 66 83 30
68 67 83 29
69 68 83 28
70 69 83 27
71 70 83 26
72 71 83 25
72 88 83 25
73 57 83 110
74 73 83 111
75 74 83 127
76 75 83 126
77 76 83 125
78 77 83 124
79 78 83 123
80 96 83 19
81 82 83 133
82 83 83 132
83 84 83 131
84 85 83 130
85 86 83 129
86 87 83 113
87 71 83 114
87 88 83 114
88 89 83 115
89 90 83 116
90 91 83 117
91 92 83 118
92 93 83 119
94 95 83 103
97 96 83 12
98 97 83 13
99 98 83 14
100 99 83 15
101 100 83 31
102 101 83 30
103 102 83 29
104 103 83 28
104 120 83 28
105 89 83 142
106 105 83 143
107 106 83 159
108 107 83 158
109 108 83 157
110 109 83 156
111 110 83 155
112 128 83 22
113 114 83 165
114 115 83 164
115 116 83 163
116 117 83 162
117 118 83 161
118 119 83 145
119 103 83 146
119 120 83 146
120 121 83 147
121 122 83 148
122 123 83 149
123 124 83 150
124 125 83 151
126 127 83 135
129 128 83 9
130 129 83 10
131 130 83 11
132 131 83 12
133 132 83 13
134 133 83 14
135 134 83 15
136 135 83 31
136 152 83 31
137 121 83 174
138 137 83 175
139 138 83 191
140 139 83 190
141 140 83 189
142 141 83 188
143 142 83 187
144 160 83 7
145 146 83 197
146 147 83 196
147 148 83 195
148 149 83 194
149 150 83 193
150 151 83 177
151 135 83 178
151 152 83 178
152 153 83 179
153 154 83 180
154 155 83 181
155 156 83 182
156 157 83 183
158 159 83 167
161 160 83 24
163 162 83 8
164 163 83 9
165 164 83 10
166 165 83 11
167 166 83 12
168 167 83 13
168 184 83 13
169 153 83 206
170 169 83 207
171 170 83 223
172 171 83 222
173 172 83 221
174 173 83 220
175 174 83 219
176 192 83 4
177 178 83 229
178 179 83 228
179 180 83 227
180 181 83 226
181 182 83 225
182 183 83 209
183 167 83 210
183 184 83 210
184 185 83 211
185 186 83 212
186 187 83 213
187 188 83 214
188 189 83 215
190 191 83 199
193 192 83 56
195 194 83 40
196 195 83 24
198 197 83 8
199 198 83 9
200 199 83 10
200 216 83 10
201 185 83 238
202 201 83 239
203 202 83 255
204 203 83 254
205 204 83 253
206 205 83 252
207 206 83 251
208 224 83 1
209 210 83 192
210 211 83 208
212 213 83 224
213 214 83 240
214 215 83 241
215 199 83 242
215 216 83 242
216 217 83 243
217 218 83 244
218 219 83 245
219 220 83 246
220 221 83 247
222 223 83 231
225 224 83 88
227 226 83 72
228 227 83 56
230 229 83 40
231 230 83 24
233 217 83 184
235 234 83 168
236 235 83 152
238 237 83 136
239 238 83 120
241 242 83 32
242 243 83 48
244 245 83 64
245 246 83 80
247 231 83 96
247 248 83 96
248 249 83 112
250 251 83 128
251 252 83 144
253 254 83 160
254 255 83 176
1 0 84 152
3 2 84 168
4 3 84 184
6 5 84 200
7 6 84 216
9 10 84 216
10 11 84 200
12 13 84 184
13 14 84 168
15 31 84 152
17 33 84 64
19 18 84 80
20 19 84 96
22 21 84 112
23 22 84 128
23 24 84 128
24 25 84 112
26 27 84 96
27 28 84 80
29 30 84 64
30 31 84 48
33 32 84 184
35 34 84 200
36 35 84 216
38 37 84 232
39 38 84 248
40 24 84 249
40 39 84 249
41 42 84 56
42 43 84 40
44 45 84 24
45 46 84 8
46 47 84 9
47 63 84 10
48 32 84 242
49 65 84 22
50 49 84 23
51 50 84 7
52 51 84 6
53 52 84 5
54 53 84 4
55 54 84 3
55 56 84 3
56 57 84 4
57 58 84 5
58 59 84 6
59 60 84 7
60 61 84 23
61 62 84 22
62 63 84 21
65 64 84 216
67 66 84 232
68 67 84 248
69 68 84 249
70 69 84 250
71 70 84 251
72 56 84 252
72 71 84 252
73 74 84 29
74 75 84 28
75 76 84 27
76 77 84 26
77 78 84 25
78 79 84 41
79 95 84 42
80 64 84 245
81 97 84 54
82 81 84 55
83 82 84 39
84 83 84 38
85 84 84 37
86 85 84 36
87 86 84 35
87 88 84 35
88 89 84 36
89 90 84 37
90 91 84 38
91 92 84 39
92 93 84 55
93 94 84 54
94 95 84 53
97 96 84 248
98 97 84 249
99 98 84 250
100 99 84 251
101 100 84 252
102 101 84 253
103 102 84 254
104 88 84 255
104 103 84 255
105 106 84 61
106 107 84 60
107 108 84 59
108 109 84 58
109 110 84 57
110 111 84 73
111 127 84 74
112 96 84 231
113 129 84 86
114 113 84 87
115 114 84 71
116 115 84 70
117 116 84 69
118 117 84 68
119 118 84 67
119 120 84 67
120 121 84 68
121 122 84 69
122 123 84 70
123 124 84 71
124 125 84 87
125 126 84 86
126 127 84 85
129 128 84 251
130 129 84 252
131 130 84 253
132 131 84 254
133 132 84 255
135 134 84 239
136 120 84 238
136 135 84 238
137 138 84 93
138 139 84 92
139 140 84 91
140 141 84 90
141 142 84 89
142 143 84 105
143 159 84 106
144 128 84 228
145 161 84 118
146 145 84 119
147 146 84 103
148 147 84 102
149 148 84 101
150 149 84 100
151 150 84 99
151 152 84 99
152 153 84 100
153 154 84 101
154 155 84 102
155 156 84 103
156 157 84 119
157 158 84 118
158 159 84 117
161 160 84 254
162 161 84 255
164 163 84 239
165 164 84 238
166 165 84 237
167 166 84 236
168 152 84 235
168 167 84 235
169 170 84 125
170 171 84 124
171 172 84 123
172 173 84 122
173 174 84 121
174 175 84 137
175 191 84 138
176 160 84 225
177 193 84 150
178 177 84 151
179 178 84 135
180 179 84 134
181 180 84 133
182 181 84 132
183 182 84 131
183 184 84 131
184 185 84 132
185 186 84 133
186 187 84 134
187 188 84 135
188 189 84 151
189 190 84 150
190 191 84 149
193 192 84 239
194 193 84 238
195 194 84 237
196 195 84 236
197 196 84 235
198 197 84 234
199 198 84 233
200 184 84 217
200 199 84 217
201 202 84 157
202 203 84 156
203 204 84 155
204 205 84 154
205 206 84 153
206 207 84 169
207 223 84 170
208 192 84 210
209 225 84 182
210 209 84 183
211 210 84 167
212 211 84 166
213 212 84 165
214 213 84 164
215 214 84 163
215 216 84 163
216 217 84 164
217 218 84 165
218 219 84 166
219 220 84 167
220 221 84 183
221 222 84 182
222 223 84 181
225 224 84 236
226 225 84 235
227 226 84 234
228 227 84 233
229 228 84 217
230 229 84 218
231 230 84 219
232 216 84 220
232 231 84 220
233 234 84 189
234 235 84 188
235 236 84 187
236 237 84 186
237 238 84 185
238 239 84 201
239 255 84 202
240 224 84 213
241 240 84 214
242 241 84 215
243 242 84 199
244 243 84 198
245 244 84 197
246 245 84 196
247 246 84 195
247 248 84 195
248 249 84 196
249 250 84 197
250 251 84 198
251 252 84 199
252 253 84 215
253 254 84 214
254 255 84 213
0 16 85 38
1 0 85 39
3 2 85 55
4 3 85 54
5 4 85 53
6 5 85 52
7 6 85 51
7 8 85 51
8 9 85 52
9 10 85 53
10 11 85 54
11 12 85 55
13 14 85 39
14 15 85 38
17 16 85 27
18 17 85 26
19 18 85 25
21 20 85 41
22 21 85 42
23 22 85 43
24 23 85 44
24 40 85 44
25 26 85 77
26 27 85 76
27 28 85 75
28 29 85 74
29 30 85 73
31 15 85 57
32 48 85 35
33 17 85 71
35 34 85 87
36 35 85 86
37 36 85 85
38 37 85 84
39 38 85 83
39 40 85 83
40 41 85 84
41 42 85 85
42 43 85 86
43 44 85 87
45 46 85 71
46 47 85 70
49 48 85 30
50 49 85 29
51 50 85 28
52 51 85 27
53 52 85 26
54 53 85 25
56 55 85 41
56 72 85 41
57 58 85 109
58 59 85 108
59 60 85 107
60 61 85 106
61 62 85 105
63 47 85 89
64 80 85 17
65 49 85 103
67 66 85 119
68 67 85 118
69 68 85 117
70 69 85 116
71 70 85 115
71 72 85 115
72 73 85 116
73 74 85 117
74 75 85 118
75 76 85 119
77 78 85 103
78 79 85 102
81 80 85 14
82 81 85 15
83 82 85 31
84 83 85 30
85 84 85 29
86 85 85 28
87 86 85 27
88 87 85 26
88 104 85 26
89 90 85 141
90 91 85 140
91 92 85 139
92 93 85 138
93 94 85 137
95 79 85 121
96 112 85 20
97 81 85 135
99 98 85 151
100 99 85 150
101 100 85 149
102 101 85 148
103 102 85 147
103 104 85 147
104 105 85 148
105 106 85 149
106 107 85 150
107 108 85 151
109 110 85 135
110 111 85 134
113 112 85 11
114 113 85 12
115 114 85 13
116 115 85 14
117 116 85 15
118 117 85 31
119 118 85 30
120 119 85 29
120 136 85 29
121 122 85 173
122 123 85 172
123 124 85 171
124 125 85 170
125 126 85 169
127 111 85 153
128 144 85 23
129 113 85 167
131 130 85 183
132 131 85 182
133 132 85 181
134 133 85 180
135 134 85 179
135 136 85 179
136 137 85 180
137 138 85 181
138 139 85 182
139 140 85 183
141 142 85 167
142 143 85 166
145 144 85 8
146 145 85 9
147 146 85 10
148 147 85 11
149 148 85 12
150 149 85 13
151 150 85 14
152 151 85 15
152 168 85 15
153 154 85 205
154 155 85 204
155 156 85 203
156 157 85 202
157 158 85 201
159 143 85 185
160 176 85 6
161 145 85 199
163 162 85 215
164 163 85 214
165 164 85 213
166 165 85 212
167 166 85 211
167 168 85 211
168 169 85 212
169 170 85 213
170 171 85 214
171 172 85 215
173 174 85 199
174 175 85 198
177 176 85 40
178 177 85 24
180 179 85 8
181 180 85 9
182 181 85 10
183 182 85 11
184 183 85 12
184 200 85 12
185 186 85 237
186 187 85 236
187 188 85 235
188 189 85 234
189 190 85 233
191 175 85 217
192 208 85 3
193 177 85 231
195 194 85 247
196 195 85 246
197 196 85 245
198 197 85 244
199 198 85 243
199 200 85 243
200 201 85 244
201 202 85 245
202 203 85 246
203 204 85 247
205 206 85 231
206 207 85 230
209 208 85 72
210 209 85 56
212 211 85 40
213 212 85 24
215 214 85 8
216 215 85 9
216 232 85 9
217 218 85 200
219 220 85 216
220 221 85 232
222 223 85 248
223 207 85 249
224 240 85 0
225 209 85 176
226 225 85 160
228 227 85 144
229 228 85 128
231 230 85 112
231 232 85 112
233 234 85 128
234 235 85 144
236 237 85 160
237 238 85 176
241 240 85 104
242 241 85 88
244 243 85 72
245 244 85 56
247 246 85 40
248 247 85 24
248 249 85 24
249 250 85 40
251 252 85 56
252 253 85 72
254 255 85 88
255 239 85 104
0 1 86 224
1 2 86 208
3 4 86 192
4 5 86 176
6 7 86 160
7 8 86 144
7 23 86 144
9 10 86 128
10 11 86 112
12 13 86 96
13 14 86 80
17 16 86 168
18 17 86 184
20 19 86 200
21 20 86 216
23 22 86 232
24 8 86 248
24 23 86 248
25 41 86 72
26 25 86 88
28 27 86 104
29 28 86 120
31 30 86 136
32 16 86 241
33 34 86 48
35 36 86 32
36 37 86 16
38 39 86 0
39 40 86 1
39 55 86 1
40 41 86 2
41 42 86 3
42 43 86 4
43 44 86 5
44 45 86 6
45 46 86 7
46 47 86 23
49 48 86 200
50 49 86 216
52 51 86 232
53 52 86 248
54 53 86 249
55 54 86 250
56 40 86 251
56 55 86 251
57 73 86 31
59 58 86 15
60 59 86 14
61 60 86 13
62 61 86 12
63 62 86 11
64 48 86 244
65 66 86 21
66 67 86 20
67 68 86 19
68 69 86 18
69 70 86 17
71 72 86 33
71 87 86 33
72 73 86 34
73 74 86 35
74 75 86 36
75 76 86 37
76 77 86 38
77 78 86 39
78 79 86 55
81 80 86 232
82 81 86 248
83 82 86 249
84 83 86 250
85 84 86 251
86 85 86 252
87 86 86 253
88 72 86 254
88 87 86 254
89 105 86 63
91 90 86 47
92 91 86 46
93 92 86 45
94 93 86 44
95 94 86 43
96 80 86 247
97 98 86 53
98 99 86 52
99 100 86 51
100 101 86 50
101 102 86 49
103 104 86 65
103 119 86 65
104 105 86 66
105 106 86 67
106 107 86 68
107 108 86 69
108 109 86 70
109 110 86 71
110 111 86 87
113 112 86 250
114 113 86 251
115 114 86 252
116 115 86 253
117 116 86 254
118 117 86 255
120 104 86 239
120 119 86 239
121 137 86 95
123 122 86 79
124 123 86 78
125 124 86 77
126 125 86 76
127 126 86 75
128 112 86 229
129 130 86 85
130 131 86 84
131 132 86 83
132 133 86 82
133 134 86 81
135 136 86 97
135 151 86 97
136 137 86 98
137 138 86 99
138 139 86 100
139 140 86 101
140 141 86 102
141 142 86 103
142 143 86 119
145 144 86 253
146 145 86 254
147 146 86 255
149 148 86 239
150 149 86 238
151 150 86 237
152 136 86 236
152 151 86 236
153 169 86 127
155 154 86 111
156 155 86 110
157 156 86 109
158 157 86 108
159 158 86 107
160 144 86 226
161 162 86 117
162 163 86 116
163 164 86 115
164 165 86 114
165 166 86 113
167 168 86 129
167 183 86 129
168 169 86 130
169 170 86 131
170 171 86 132
171 172 86 133
172 173 86 134
173 174 86 135
174 175 86 151
178 177 86 239
179 178 86 238
180 179 86 237
181 180 86 236
182 181 86 235
183 182 86 234
184 168 86 233
184 183 86 233
185 201 86 159
187 186 86 143
188 187 86 142
189 188 86 141
190 189 86 140
191 190 86 139
192 176 86 209
193 194 86 149
194 195 86 148
195 196 86 147
196 197 86 146
197 198 86 145
199 200 86 161
199 215 86 161
200 201 86 162
201 202 86 163
202 203 86 164
203 204 86 165
204 205 86 166
205 206 86 167
206 207 86 183
209 208 86 237
210 209 86 236
211 210 86 235
212 211 86 234
213 212 86 233
214 213 86 217
215 214 86 218
216 200 86 219
216 215 86 219
217 233 86 191
219 218 86 175
220 219 86 174
221 220 86 173
222 221 86 172
223 222 86 171
224 208 86 212
225 226 86 181
226 227 86 180
227 228 86 179
228 229 86 178
229 230 86 177
231 232 86 193
231 247 86 193
232 233 86 194
233 234 86 195
234 235 86 196
235 236 86 197
236 237 86 198
237 238 86 199
238 239 86 215
241 240 86 234
242 241 86 233
243 242 86 217
244 243 86 218
245 244 86 219
246 245 86 220
247 246 86 221
248 232 86 222
248 247 86 222
249 248 86 223
251 250 86 207
252 251 86 206
253 252 86 205
254 253 86 204
255 254 86 203
1 0 87 25
3 2 87 41
4 3 87 42
5 4 87 43
6 5 87 44
7 6 87 45
8 7 87 46
8 24 87 46
9 8 87 47
10 9 87 63
11 10 87 62
12 11 87 61
13 12 87 60
14 13 87 59
15 14 87 58
16 32 87 37
17 18 87 70
18 19 87 69
19 20 87 68
20 21 87 67
21 22 87 66
22 23 87 65
23 7 87 49
23 24 87 49
24 25 87 50
25 26 87 51
26 27 87 52
27 28 87 53
28 29 87 54
29 30 87 55
33 32 87 28
34 33 87 27
35 34 87 26
36 35 87 25
38 37 87 41
39 38 87 42
40 39 87 43
40 56 87 43
41 25 87 79
42 41 87 95
43 42 87 94
44 43 87 93
45 44 87 92
46 45 87 91
47 46 87 90
48 64 87 34
49 50 87 102
50 51 87 101
51 52 87 100
52 53 87 99
53 54 87 98
54 55 87 97
55 39 87 81
55 56 87 81
56 57 87 82
57 58 87 83
58 59 87 84
59 60 87 85
60 61 87 86
61 62 87 87
65 64 87 31
66 65 87 30
67 66 87 29
68 67 87 28
69 68 87 27
70 69 87 26
71 70 87 25
73 57 87 111
74 73 87 127
75 74 87 126
76 75 87 125
77 76 87 124
78 77 87 123
79 78 87 122
80 96 87 18
81 82 87 134
82 83 87 133
83 84 87 132
84 85 87 131
85 86 87 130
86 87 87 129
87 71 87 113
87 88 87 113
88 89 87 114
89 90 87 115
90 91 87 116
91 92 87 117
92 93 87 118
93 94 87 119
97 96 87 13
98 97 87 14
99 98 87 15
100 99 87 31
101 100 87 30
102 101 87 29
103 102 87 28
104 103 87 27
104 120 87 27
105 89 87 143
106 105 87 159
107 106 87 158
108 107 87 157
109 108 87 156
110 109 87 155
111 110 87 154
112 128 87 21
113 114 87 166
114 115 87 165
115 116 87 164
116 117 87 163
117 118 87 162
118 119 87 161
119 103 87 145
119 120 87 145
120 121 87 146
121 122 87 147
122 123 87 148
123 124 87 149
124 125 87 150
125 126 87 151
129 128 87 10
130 129 87 11
131 130 87 12
132 131 87 13
133 132 87 14
134 133 87 15
135 134 87 31
136 135 87 30
136 152 87 30
137 121 87 175
138 137 87 191
139 138 87 190
140 139 87 189
141 140 87 188
142 141 87 187
143 142 87 186
145 146 87 198
146 147 87 197
147 148 87 196
148 149 87 195
149 150 87 194
150 151 87 193
151 135 87 177
151 152 87 177
152 153 87 178
153 154 87 179
154 155 87 180
155 156 87 181
156 157 87 182
157 158 87 183
162 161 87 8
163 162 87 9
164 163 87 10
165 164 87 11
166 165 87 12
167 166 87 13
168 167 87 14
168 184 87 14
169 153 87 207
170 169 87 223
171 170 87 222
172 171 87 221
173 172 87 220
174 173 87 219
175 174 87 218
176 192 87 5
177 178 87 230
178 179 87 229
179 180 87 228
180 181 87 227
181 182 87 226
182 183 87 225
183 167 87 209
183 184 87 209
184 185 87 210
185 186 87 211
186 187 87 212
187 188 87 213
188 189 87 214
189 190 87 215
194 193 87 40
195 194 87 24
197 196 87 8
198 197 87 9
199 198 87 10
200 199 87 11
200 216 87 11
201 185 87 239
202 201 87 255
203 202 87 254
204 203 87 253
205 204 87 252
206 205 87 251
207 206 87 250
208 224 87 2
210 211 87 192
211 212 87 208
213 214 87 224
214 215 87 240
215 199 87 241
215 216 87 241
216 217 87 242
217 218 87 243
218 219 87 244
219 220 87 245
220 221 87 246
221 222 87 247
226 225 87 72
227 226 87 56
229 228 87 40
230 229 87 24
232 231 87 8
232 248 87 8
234 233 87 168
235 234 87 152
237 236 87 136
238 237 87 120
240 241 87 16
242 243 87 32
243 244 87 48
245 246 87 64
246 247 87 80
248 249 87 96
249 250 87 112
251 252 87 128
252 253 87 144
254 255 87 160
2 1 88 168
3 2 88 184
5 4 88 200
6 5 88 216
8 7 88 232
8 9 88 232
10 11 88 216
11 12 88 200
13 14 88 184
14 15 88 168
16 0 88 240
18 17 88 80
19 18 88 96
21 20 88 112
22 21 88 128
24 25 88 128
25 26 88 112
27 28 88 96
28 29 88 80
30 31 88 64
34 33 88 200
35 34 88 216
37 36 88 232
38 37 88 248
39 38 88 249
40 24 88 250
40 39 88 250
42 43 88 56
43 44 88 40
45 46 88 24
46 47 88 8
47 63 88 9
48 32 88 243
49 65 88 23
50 49 88 7
51 50 88 6
52 51 88 5
53 52 88 4
54 53 88 3
55 54 88 2
55 56 88 2
56 57 88 3
57 58 88 4
58 59 88 5
59 60 88 6
60 61 88 7
61 62 88 23
62 63 88 22
66 65 88 232
67 66 88 248
68 67 88 249
69 68 88 250
70 69 88 251
71 70 88 252
72 56 88 253
72 71 88 253
73 74 88 30
74 75 88 29
75 76 88 28
76 77 88 27
77 78 88 26
78 79 88 25
79 95 88 41
80 64 88 246
81 97 88 55
82 81 88 39
83 82 88 38
84 83 88 37
85 84 88 36
86 85 88 35
87 86 88 34
87 88 88 34
88 89 88 35
89 90 88 36
90 91 88 37
91 92 88 38
92 93 88 39
93 94 88 55
94 95 88 54
97 96 88 249
98 97 88 250
99 98 88 251
100 99 88 252
101 100 88 253
102 101 88 254
103 102 88 255
105 106 88 62
106 107 88 61
107 108 88 60
108 109 88 59
109 110 88 58
110 111 88 57
111 127 88 73
112 96 88 230
113 129 88 87
114 113 88 71
115 114 88 70
116 115 88 69
117 116 88 68
118 117 88 67
119 118 88 66
119 120 88 66
120 121 88 67
121 122 88 68
122 123 88 69
123 124 88 70
124 125 88 71
125 126 88 87
126 127 88 86
129 128 88 252
130 129 88 253
131 130 88 254
132 131 88 255
134 133 88 239
135 134 88 238
136 120 88 237
136 135 88 237
137 138 88 94
138 139 88 93
139 140 88 92
140 141 88 91
141 142 88 90
142 143 88 89
143 159 88 105
144 128 88 227
145 161 88 119
146 145 88 103
147 146 88 102
148 147 88 101
149 148 88 100
150 149 88 99
151 150 88 98
151 152 88 98
152 153 88 99
153 154 88 100
154 155 88 101
155 156 88 102
156 157 88 103
157 158 88 119
158 159 88 118
161 160 88 255
163 162 88 239
164 163 88 238
165 164 88 237
166 165 88 236
167 166 88 235
168 152 88 234
168 167 88 234
169 170 88 126
170 171 88 125
171 172 88 124
172 173 88 123
173 174 88 122
174 175 88 121
175 191 88 137
177 193 88 151
178 177 88 135
179 178 88 134
180 179 88 133
181 180 88 132
182 181 88 131
183 182 88 130
183 184 88 130
184 185 88 131
185 186 88 132
186 187 88 133
187 188 88 134
188 189 88 135
189 190 88 151
190 191 88 150
193 192 88 238
194 193 88 237
195 194 88 236
196 195 88 235
197 196 88 234
198 197 88 233
199 198 88 217
200 184 88 218
200 199 88 218
201 202 88 158
202 203 88 157
203 204 88 156
204 205 88 155
205 206 88 154
206 207 88 153
207 223 88 169
208 192 88 211
209 225 88 183
210 209 88 167
211 210 88 166
212 211 88 165
213 212 88 164
214 213 88 163
215 214 88 162
215 216 88 162
216 217 88 163
217 218 88 164
218 219 88 165
219 220 88 166
220 221 88 167
221 222 88 183
222 223 88 182
225 224 88 235
226 225 88 234
227 226 88 233
228 227 88 217
229 228 88 218
230 229 88 219
231 230 88 220
232 216 88 221
232 231 88 221
233 234 88 190
234 235 88 189
235 236 88 188
236 237 88 187
237 238 88 186
238 239 88 185
239 255 88 201
240 224 88 214
241 240 88 215
242 241 88 199
243 242 88 198
244 243 88 197
245 244 88 196
246 245 88 195
247 246 88 194
247 248 88 194
248 249 88 195
249 250 88 196
250 251 88 197
251 252 88 198
252 253 88 199
253 254 88 215
254 255 88 214
0 16 89 39
2 1 89 55
3 2 89 54
4 3 89 53
5 4 89 52
6 5 89 51
7 6 89 50
7 8 89 50
8 9 89 51
9 10 89 52
10 11 89 53
11 12 89 54
12 13 89 55
14 15 89 39
17 16 89 26
18 17 89 25
20 19 89 41
21 20 89 42
22 21 89 43
23 22 89 44
24 23 89 45
24 40 89 45
25 26 89 78
26 27 89 77
27 28 89 76
28 29 89 75
29 30 89 74
30 31 89 73
32 48 89 36
34 33 89 87
35 34 89 86
36 35 89 85
37 36 89 84
38 37 89 83
39 38 89 82
39 40 89 82
40 41 89 83
41 42 89 84
42 43 89 85
43 44 89 86
44 45 89 87
46 47 89 71
49 48 89 29
50 49 89 28
51 50 89 27
52 51 89 26
53 52 89 25
55 54 89 41
56 55 89 42
56 72 89 42
57 58 89 110
58 59 89 109
59 60 89 108
60 61 89 107
61 62 89 106
62 63 89 105
64 80 89 33
66 65 89 119
67 66 89 118
68 67 89 117
69 68 89 116
70 69 89 115
71 70 89 114
71 72 89 114
72 73 89 115
73 74 89 116
74 75 89 117
75 76 89 118
76 77 89 119
78 79 89 103
81 80 89 15
82 81 89 31
83 82 89 30
84 83 89 29
85 84 89 28
86 85 89 27
87 86 89 26
88 87 89 25
88 104 89 25
89 90 89 142
90 91 89 141
91 92 89 140
92 93 89 139
93 94 89 138
94 95 89 137
96 112 89 19
98 97 89 151
99 98 89 150
100 99 89 149
101 100 89 148
102 101 89 147
103 102 89 146
103 104 89 146
104 105 89 147
105 106 89 148
106 107 89 149
107 108 89 150
108 109 89 151
110 111 89 135
113 112 89 12
114 113 89 13
115 114 89 14
116 115 89 15
117 116 89 31
118 117 89 30
119 118 89 29
120 119 89 28
120 136 89 28
121 122 89 174
122 123 89 173
123 124 89 172
124 125 89 171
125 126 89 170
126 127 89 169
128 144 89 22
130 129 89 183
131 130 89 182
132 131 89 181
133 132 89 180
134 133 89 179
135 134 89 178
135 136 89 178
136 137 89 179
137 138 89 180
138 139 89 181
139 140 89 182
140 141 89 183
142 143 89 167
145 144 89 9
146 145 89 10
147 146 89 11
148 147 89 12
149 148 89 13
150 149 89 14
151 150 89 15
152 151 89 31
152 168 89 31
153 154 89 206
154 155 89 205
155 156 89 204
156 157 89 203
157 158 89 202
158 159 89 201
160 176 89 7
162 161 89 215
163 162 89 214
164 163 89 213
165 164 89 212
166 165 89 211
167 166 89 210
167 168 89 210
168 169 89 211
169 170 89 212
170 171 89 213
171 172 89 214
172 173 89 215
174 175 89 199
177 176 89 24
179 178 89 8
180 179 89 9
181 180 89 10
182 181 89 11
183 182 89 12
184 183 89 13
184 200 89 13
185 186 89 238
186 187 89 237
187 188 89 236
188 189 89 235
189 190 89 234
190 191 89 233
192 208 89 4
194 193 89 247
195 194 89 246
196 195 89 245
197 196 89 244
198 197 89 243
199 198 89 242
199 200 89 242
200 201 89 243
201 202 89 244
202 203 89 245
203 204 89 246
204 205 89 247
206 207 89 231
209 208 89 56
211 210 89 40
212 211 89 24
214 213 89 8
215 214 89 9
216 215 89 10
216 232 89 10
217 218 89 184
218 219 89 200
220 221 89 216
221 222 89 232
223 207 89 248
224 240 89 1
225 209 89 160
227 226 89 144
228 227 89 128
230 229 89 112
231 230 89 96
231 232 89 96
232 233 89 112
234 235 89 128
235 236 89 144
237 238 89 160
238 239 89 176
241 240 89 88
243 242 89 72
244 243 89 56
246 245 89 40
247 246 89 24
249 250 89 24
250 251 89 40
252 253 89 56
253 254 89 72
255 239 89 88
1 2 90 224
2 3 90 208
4 5 90 192
5 6 90 176
7 8 90 160
7 23 90 160
8 9 90 144
10 11 90 128
11 12 90 112
13 14 90 96
14 15 90 80
17 16 90 184
19 18 90 200
20 19 90 216
22 21 90 232
23 22 90 248
24 8 90 249
24 23 90 249
25 41 90 88
27 26 90 104
28 27 90 120
30 29 90 136
31 30 90 152
32 16 90 242
33 34 90 64
34 35 90 48
36 37 90 32
37 38 90 16
39 40 90 0
39 55 90 0
40 41 90 1
41 42 90 2
42 43 90 3
43 44 90 4
44 45 90 5
45 46 90 6
46 47 90 7
49 48 90 216
51 50 90 232
52 51 90 248
53 52 90 249
54 53 90 250
55 54 90 251
56 40 90 252
56 55 90 252
58 57 90 15
59 58 90 14
60 59 90 13
61 60 90 12
62 61 90 11
63 62 90 10
64 48 90 245
65 66 90 22
66 67 90 21
67 68 90 20
68 69 90 19
69 70 90 18
70 71 90 17
72 73 90 33
73 74 90 34
74 75 90 35
75 76 90 36
76 77 90 37
77 78 90 38
78 79 90 39
81 80 90 248
82 81 90 249
83 82 90 250
84 83 90 251
85 84 90 252
86 85 90 253
87 86 90 254
88 72 90 255
88 87 90 255
90 89 90 47
91 90 90 46
92 91 90 45
93 92 90 44
94 93 90 43
95 94 90 42
96 80 90 231
97 98 90 54
98 99 90 53
99 100 90 52
100 101 90 51
101 102 90 50
102 103 90 49
104 105 90 65
105 106 90 66
106 107 90 67
107 108 90 68
108 109 90 69
109 110 90 70
110 111 90 71
113 112 90 251
114 113 90 252
115 114 90 253
116 115 90 254
117 116 90 255
119 118 90 239
120 104 90 238
120 119 90 238
122 121 90 79
123 122 90 78
124 123 90 77
125 124 90 76
126 125 90 75
127 126 90 74
128 112 90 228
129 130 90 86
130 131 90 85
131 132 90 84
132 133 90 83
133 134 90 82
134 135 90 81
136 137 90 97
137 138 90 98
138 139 90 99
139 140 90 100
140 141 90 101
141 142 90 102
142 143 90 103
145 144 90 254
146 145 90 255
148 147 90 239
149 148 90 238
150 149 90 237
151 150 90 236
152 136 90 235
152 151 90 235
154 153 90 111
155 154 90 110
156 155 90 109
157 156 90 108
158 157 90 107
159 158 90 106
160 144 90 225
161 162 90 118
162 163 90 117
163 164 90 116
164 165 90 115
165 166 90 114
166 167 90 113
168 169 90 129
169 170 90 130
170 171 90 131
171 172 90 132
172 173 90 133
173 174 90 134
174 175 90 135
177 176 90 239
178 177 90 238
179 178 90 237
180 179 90 236
181 180 90 235
182 181 90 234
183 182 90 233
184 168 90 217
184 183 90 217
186 185 90 143
187 186 90 142
188 187 90 141
189 188 90 140
190 189 90 139
191 190 90 138
192 176 90 210
193 194 90 150
194 195 90 149
195 196 90 148
196 197 90 147
197 198 90 146
198 199 90 145
200 201 90 161
201 202 90 162
202 203 90 163
203 204 90 164
204 205 90 165
205 206 90 166
206 207 90 167
209 208 90 236
210 209 90 235
211 210 90 234
212 211 90 233
213 212 90 217
214 213 90 218
215 214 90 219
216 200 90 220
216 215 90 220
218 217 90 175
219 218 90 174
220 219 90 173
221 220 90 172
222 221 90 171
223 222 90 170
224 208 90 213
225 226 90 182
226 227 90 181
227 228 90 180
228 229 90 179
229 230 90 178
230 231 90 177
232 233 90 193
233 234 90 194
234 235 90 195
235 236 90 196
236 237 90 197
237 238 90 198
238 239 90 199
241 240 90 233
242 241 90 217
243 242 90 218
244 243 90 219
245 244 90 220
246 245 90 221
247 246 90 222
248 232 90 223
248 247 90 223
250 249 90 207
251 250 90 206
252 251 90 205
253 252 90 204
254 253 90 203
255 254 90 202
2 1 91 41
3 2 91 42
4 3 91 43
5 4 91 44
6 5 91 45
7 6 91 46
8 7 91 47
8 24 91 47
9 8 91 63
10 9 91 62
11 10 91 61
12 11 91 60
13 12 91 59
14 13 91 58
15 14 91 57
16 32 91 38
17 18 91 71
18 19 91 70
19 20 91 69
20 21 91 68
21 22 91 67
22 23 91 66
23 7 91 65
23 24 91 65
24 25 91 49
25 26 91 50
26 27 91 51
27 28 91 52
28 29 91 53
29 30 91 54
30 31 91 55
33 32 91 27
34 33 91 26
35 34 91 25
37 36 91 41
38 37 91 42
39 38 91 43
40 39 91 44
40 56 91 44
41 25 91 95
42 41 91 94
43 42 91 93
44 43 91 92
45 44 91 91
46 45 91 90
47 46 91 89
48 64 91 35
49 50 91 103
50 51 91 102
51 52 91 101
52 53 91 100
53 54 91 99
54 55 91 98
55 39 91 97
55 56 91 97
56 57 91 81
57 58 91 82
58 59 91 83
59 60 91 84
60 61 91 85
61 62 91 86
62 63 91 87
65 64 91 30
66 65 91 29
67 66 91 28
68 67 91 27
69 68 91 26
70 69 91 25
72 71 91 41
72 88 91 41
73 57 91 127
74 73 91 126
75 74 91 125
76 75 91 124
77 76 91 123
78 77 91 122
79 78 91 121
80 96 91 17
81 82 91 135
82 83 91 134
83 84 91 133
84 85 91 132
85 86 91 131
86 87 91 130
87 71 91 129
87 88 91 129
88 89 91 113
89 90 91 114
90 91 91 115
91 92 91 116
92 93 91 117
93 94 91 118
94 95 91 119
97 96 91 14
98 97 91 15
99 98 91 31
100 99 91 30
101 100 91 29
102 101 91 28
103 102 91 27
104 103 91 26
104 120 91 26
105 89 91 159
106 105 91 158
107 106 91 157
108 107 91 156
109 108 91 155
110 109 91 154
111 110 91 153
112 128 91 20
113 114 91 167
114 115 91 166
115 116 91 165
116 117 91 164
117 118 91 163
118 119 91 162
119 103 91 161
119 120 91 161
120 121 91 145
121 122 91 146
122 123 91 147
123 124 91 148
124 125 91 149
125 126 91 150
126 127 91 151
129 128 91 11
130 129 91 12
131 130 91 13
132 131 91 14
133 132 91 15
134 133 91 31
135 134 91 30
136 135 91 29
136 152 91 29
137 121 91 191
138 137 91 190
139 138 91 189
140 139 91 188
141 140 91 187
142 141 91 186
143 142 91 185
144 160 91 23
145 146 91 199
146 147 91 198
147 148 91 197
148 149 91 196
149 150 91 195
150 151 91 194
151 135 91 193
151 152 91 193
152 153 91 177
153 154 91 178
154 155 91 179
155 156 91 180
156 157 91 181
157 158 91 182
158 159 91 183
161 160 91 8
162 161 91 9
163 162 91 10
164 163 91 11
165 164 91 12
166 165 91 13
167 166 91 14
168 167 91 15
168 184 91 15
169 153 91 223
170 169 91 222
171 170 91 221
172 171 91 220
173 172 91 219
174 173 91 218
175 174 91 217
176 192 91 6
177 178 91 231
178 179 91 230
179 180 91 229
180 181 91 228
181 182 91 227
182 183 91 226
183 167 91 225
183 184 91 225
184 185 91 209
185 186 91 210
186 187 91 211
187 188 91 212
188 189 91 213
189 190 91 214
190 191 91 215
193 192 91 40
194 193 91 24
196 195 91 8
197 196 91 9
198 197 91 10
199 198 91 11
200 199 91 12
200 216 91 12
201 185 91 255
202 201 91 254
203 202 91 253
204 203 91 252
205 204 91 251
206 205 91 250
207 206 91 249
208 224 91 3
209 210 91 176
211 212 91 192
212 213 91 208
214 215 91 224
215 199 91 240
215 216 91 240
216 217 91 241
217 218 91 242
218 219 91 243
219 220 91 244
220 221 91 245
221 222 91 246
222 223 91 247
225 224 91 72
226 225 91 56
228 227 91 40
229 228 91 24
231 230 91 8
232 231 91 9
232 248 91 9
233 217 91 168
234 233 91 152
236 235 91 136
237 236 91 120
239 238 91 104
240 241 91 0
241 242 91 16
243 244 91 32
244 245 91 48
246 247 91 64
247 231 91 80
247 248 91 80
249 250 91 96
250 251 91 112
252 253 91 128
253 254 91 144
1 0 92 168
2 1 92 184
4 3 92 200
5 4 92 216
7 6 92 232
8 7 92 248
8 9 92 248
9 10 92 232
11 12 92 216
12 13 92 200
14 15 92 184
15 31 92 168
16 0 92 241
17 33 92 80
18 17 92 96
20 19 92 112
21 20 92 128
23 22 92 144
23 24 92 144
25 26 92 128
26 27 92 112
28 29 92 96
29 30 92 80
33 32 92 200
34 33 92 216
36 35 92 232
37 36 92 248
38 37 92 249
39 38 92 250
40 24 92 251
40 39 92 251
41 42 92 72
43 44 92 56
44 45 92 40
46 47 92 24
47 63 92 8
48 32 92 244
49 65 92 7
50 49 92 6
51 50 92 5
52 51 92 4
53 52 92 3
54 53 92 2
55 54 92 1
55 56 92 1
56 57 92 2
57 58 92 3
58 59 92 4
59 60 92 5
60 61 92 6
61 62 92 7
62 63 92 23
65 64 92 232
66 65 92 248
67 66 92 249
68 67 92 250
69 68 92 251
70 69 92 252
71 70 92 253
72 56 92 254
72 71 92 254
73 74 92 31
74 75 92 30
75 76 92 29
76 77 92 28
77 78 92 27
78 79 92 26
79 95 92 25
80 64 92 247
81 97 92 39
82 81 92 38
83 82 92 37
84 83 92 36
85 84 92 35
86 85 92 34
87 86 92 33
87 88 92 33
88 89 92 34
89 90 92 35
90 91 92 36
91 92 92 37
92 93 92 38
93 94 92 39
94 95 92 55
97 96 92 250
98 97 92 251
99 98 92 252
100 99 92 253
101 100 92 254
102 101 92 255
104 88 92 239
104 103 92 239
105 106 92 63
106 107 92 62
107 108 92 61
108 109 92 60
109 110 92 59
110 111 92 58
111 127 92 57
112 96 92 229
113 129 92 71
114 113 92 70
115 114 92 69
116 115 92 68
117 116 92 67
118 117 92 66
119 118 92 65
119 120 92 65
120 121 92 66
121 122 92 67
122 123 92 68
123 124 92 69
124 125 92 70
125 126 92 71
126 127 92 87
129 128 92 253
130 129 92 254
131 130 92 255
133 132 92 239
134 133 92 238
135 134 92 237
136 120 92 236
136 135 92 236
137 138 92 95
138 139 92 94
139 140 92 93
140 141 92 92
141 142 92 91
142 143 92 90
143 159 92 89
144 128 92 226
145 161 92 103
146 145 92 102
147 146 92 101
148 147 92 100
149 148 92 99
150 149 92 98
151 150 92 97
151 152 92 97
152 153 92 98
153 154 92 99
154 155 92 100
155 156 92 101
156 157 92 102
157 158 92 103
158 159 92 119
162 161 92 239
163 162 92 238
164 163 92 237
165 164 92 236
166 165 92 235
167 166 92 234
168 152 92 233
168 167 92 233
169 170 92 127
170 171 92 126
171 172 92 125
172 173 92 124
173 174 92 123
174 175 92 122
175 191 92 121
176 160 92 209
177 193 92 135
178 177 92 134
179 178 92 133
180 179 92 132
181 180 92 131
182 181 92 130
183 182 92 129
183 184 92 129
184 185 92 130
185 186 92 131
186 187 92 132
187 188 92 133
188 189 92 134
189 190 92 135
190 191 92 151
193 192 92 237
194 193 92 236
195 194 92 235
196 195 92 234
197 196 92 233
198 197 92 217
199 198 92 218
200 184 92 219
200 199 92 219
201 202 92 159
202 203 92 158
203 204 92 157
204 205 92 156
205 206 92 155
206 207 92 154
207 223 92 153
208 192 92 212
209 225 92 167
210 209 92 166
211 210 92 165
212 211 92 164
213 212 92 163
214 213 92 162
215 214 92 161
215 216 92 161
216 217 92 162
217 218 92 163
218 219 92 164
219 220 92 165
220 221 92 166
221 222 92 167
222 223 92 183
225 224 92 234
226 225 92 233
227 226 92 217
228 227 92 218
229 228 92 219
230 229 92 220
231 230 92 221
232 216 92 222
232 231 92 222
233 234 92 191
234 235 92 190
235 236 92 189
236 237 92 188
237 238 92 187
238 239 92 186
239 255 92 185
240 224 92 215
241 240 92 199
242 241 92 198
243 242 92 197
244 243 92 196
245 244 92 195
246 245 92 194
247 246 92 193
247 248 92 193
248 249 92 194
249 250 92 195
250 251 92 196
251 252 92 197
252 253 92 198
253 254 92 199
254 255 92 215
1 0 93 55
2 1 93 54
3 2 93 53
4 3 93 52
5 4 93 51
6 5 93 50
7 6 93 49
7 8 93 49
8 9 93 50
9 10 93 51
10 11 93 52
11 12 93 53
12 13 93 54
13 14 93 55
17 16 93 25
19 18 93 41
20 19 93 42
21 20 93 43
22 21 93 44
23 22 93 45
24 23 93 46
24 40 93 46
25 26 93 79
26 27 93 78
27 28 93 77
28 29 93 76
29 30 93 75
30 31 93 74
31 15 93 73
32 48 93 37
33 17 93 87
34 33 93 86
35 34 93 85
36 35 93 84
37 36 93 83
38 37 93 82
39 38 93 81
39 40 93 81
40 41 93 82
41 42 93 83
42 43 93 84
43 44 93 85
44 45 93 86
45 46 93 87
49 48 93 28
50 49 93 27
51 50 93 26
52 51 93 25
54 53 93 41
55 54 93 42
56 55 93 43
56 72 93 43
57 58 93 111
58 59 93 110
59 60 93 109
60 61 93 108
61 62 93 107
62 63 93 106
63 47 93 105
64 80 93 34
65 49 93 119
66 65 93 118
67 66 93 117
68 67 93 116
69 68 93 115
70 69 93 114
71 70 93 113
71 72 93 113
72 73 93 114
73 74 93 115
74 75 93 116
75 76 93 117
76 77 93 118
77 78 93 119
81 80 93 31
82 81 93 30
83 82 93 29
84 83 93 28
85 84 93 27
86 85 93 26
87 86 93 25
89 90 93 143
90 91 93 142
91 92 93 141
92 93 93 140
93 94 93 139
94 95 93 138
95 79 93 137
96 112 93 18
97 81 93 151
98 97 93 150
99 98 93 149
100 99 93 148
101 100 93 147
102 101 93 146
103 102 93 145
103 104 93 145
104 105 93 146
105 106 93 147
106 107 93 148
107 108 93 149
108 109 93 150
109 110 93 151
113 112 93 13
114 113 93 14
115 114 93 15
116 115 93 31
117 116 93 30
118 117 93 29
119 118 93 28
120 119 93 27
120 136 93 27
121 122 93 175
122 123 93 174
123 124 93 173
124 125 93 172
125 126 93 171
126 127 93 170
127 111 93 169
128 144 93 21
129 113 93 183
130 129 93 182
131 130 93 181
132 131 93 180
133 132 93 179
134 133 93 178
135 134 93 177
135 136 93 177
136 137 93 178
137 138 93 179
138 139 93 180
139 140 93 181
140 141 93 182
141 142 93 183
145 144 93 10
146 145 93 11
147 146 93 12
148 147 93 13
149 148 93 14
150 149 93 15
151 150 93 31
152 151 93 30
152 168 93 30
153 154 93 207
154 155 93 206
155 156 93 205
156 157 93 204
157 158 93 203
158 159 93 202
159 143 93 201
161 145 93 215
162 161 93 214
163 162 93 213
164 163 93 212
165 164 93 211
166 165 93 210
167 166 93 209
167 168 93 209
168 169 93 210
169 170 93 211
170 171 93 212
171 172 93 213
172 173 93 214
173 174 93 215
178 177 93 8
179 178 93 9
180 179 93 10
181 180 93 11
182 181 93 12
183 182 93 13
184 183 93 14
184 200 93 14
185 186 93 239
186 187 93 238
187 188 93 237
188 189 93 236
189 190 93 235
190 191 93 234
191 175 93 233
192 208 93 5
193 177 93 247
194 193 93 246
195 194 93 245
196 195 93 244
197 196 93 243
198 197 93 242
199 198 93 241
199 200 93 241
200 201 93 242
201 202 93 243
202 203 93 244
203 204 93 245
204 205 93 246
205 206 93 247
210 209 93 40
211 210 93 24
213 212 93 8
214 213 93 9
215 214 93 10
216 215 93 11
216 232 93 11
218 219 93 184
219 220 93 200
221 222 93 216
222 223 93 232
224 240 93 2
226 225 93 144
227 226 93 128
229 228 93 112
230 229 93 96
232 233 93 96
233 234 93 112
235 236 93 128
236 237 93 144
238 239 93 160
242 241 93 72
243 242 93 56
245 244 93 40
246 245 93 24
248 247 93 8
248 249 93 8
250 251 93 24
251 252 93 40
253 254 93 56
254 255 93 72
0 1 94 240
2 3 94 224
3 4 94 208
5 6 94 192
6 7 94 176
8 9 94 160
9 10 94 144
11 12 94 128
12 13 94 112
14 15 94 96
18 17 94 200
19 18 94 216
21 20 94 232
22 21 94 248
23 22 94 249
24 8 94 250
24 23 94 250
26 25 94 104
27 26 94 120
29 28 94 136
30 29 94 152
32 16 94 243
34 35 94 64
35 36 94 48
37 38 94 32
38 39 94 16
40 41 94 0
41 42 94 1
42 43 94 2
43 44 94 3
44 45 94 4
45 46 94 5
46 47 94 6
50 49 94 232
51 50 94 248
52 51 94 249
53 52 94 250
54 53 94 251
55 54 94 252
56 40 94 253
56 55 94 253
57 73 94 15
58 57 94 14
59 58 94 13
60 59 94 12
61 60 94 11
62 61 94 10
63 62 94 9
64 48 94 246
65 66 94 23
66 67 94 22
67 68 94 21
68 69 94 20
69 70 94 19
70 71 94 18
71 72 94 17
71 87 94 17
73 74 94 33
74 75 94 34
75 76 94 35
76 77 94 36
77 78 94 37
78 79 94 38
81 80 94 249
82 81 94 250
83 82 94 251
84 83 94 252
85 84 94 253
86 85 94 254
87 86 94 255
89 105 94 47
90 89 94 46
91 90 94 45
92 91 94 44
93 92 94 43
94 93 94 42
95 94 94 41
96 80 94 230
97 98 94 55
98 99 94 54
99 100 94 53
100 101 94 52
101 102 94 51
102 103 94 50
103 104 94 49
103 119 94 49
105 106 94 65
106 107 94 66
107 108 94 67
108 109 94 68
109 110 94 69
110 111 94 70
113 112 94 252
114 113 94 253
115 114 94 254
116 115 94 255
118 117 94 239
119 118 94 238
120 104 94 237
120 119 94 237
121 137 94 79
122 121 94 78
123 122 94 77
124 123 94 76
125 124 94 75
126 125 94 74
127 126 94 73
128 112 94 227
129 130 94 87
130 131 94 86
131 132 94 85
132 133 94 84
133 134 94 83
134 135 94 82
135 136 94 81
135 151 94 81
137 138 94 97
138 139 94 98
139 140 94 99
140 141 94 100
141 142 94 101
142 143 94 102
145 144 94 255
147 146 94 239
148 147 94 238
149 148 94 237
150 149 94 236
151 150 94 235
152 136 94 234
152 151 94 234
153 169 94 111
154 153 94 110
155 154 94 109
156 155 94 108
157 156 94 107
158 157 94 106
159 158 94 105
161 162 94 119
162 163 94 118
163 164 94 117
164 165 94 116
165 166 94 115
166 167 94 114
167 168 94 113
167 183 94 113
169 170 94 129
170 171 94 130
171 172 94 131
172 173 94 132
173 174 94 133
174 175 94 134
177 176 94 238
178 177 94 237
179 178 94 236
180 179 94 235
181 180 94 234
182 181 94 233
183 182 94 217
184 168 94 218
184 183 94 218
185 201 94 143
186 185 94 142
187 186 94 141
188 187 94 140
189 188 94 139
190 189 94 138
191 190 94 137
192 176 94 211
193 194 94 151
194 195 94 150
195 196 94 149
196 197 94 148
197 198 94 147
198 199 94 146
199 200 94 145
199 215 94 145
201 202 94 161
202 203 94 162
203 204 94 163
204 205 94 164
205 206 94 165
206 207 94 166
209 208 94 235
210 209 94 234
211 210 94 233
212 211 94 217
213 212 94 218
214 213 94 219
215 214 94 220
216 200 94 221
216 215 94 221
217 233 94 175
218 217 94 174
219 218 94 173
220 219 94 172
221 220 94 171
222 221 94 170
223 222 94 169
224 208 94 214
225 226 94 183
226 227 94 182
227 228 94 181
228 229 94 180
229 230 94 179
230 231 94 178
231 232 94 177
231 247 94 177
233 234 94 193
234 235 94 194
235 236 94 195
236 237 94 196
237 238 94 197
238 239 94 198
241 240 94 217
242 241 94 218
243 242 94 219
244 243 94 220
245 244 94 221
246 245 94 222
247 246 94 223
249 248 94 207
250 249 94 206
251 250 94 205
252 251 94 204
253 252 94 203
254 253 94 202
255 254 94 201
1 0 95 41
2 1 95 42
3 2 95 43
4 3 95 44
5 4 95 45
6 5 95 46
7 6 95 47
8 7 95 63
8 24 95 63
9 8 95 62
10 9 95 61
11 10 95 60
12 11 95 59
13 12 95 58
14 13 95 57
16 32 95 39
18 19 95 71
19 20 95 70
20 21 95 69
21 22 95 68
22 23 95 67
23 7 95 66
23 24 95 66
24 25 95 65
25 26 95 49
26 27 95 50
27 28 95 51
28 29 95 52
29 30 95 53
30 31 95 54
33 32 95 26
34 33 95 25
36 35 95 41
37 36 95 42
38 37 95 43
39 38 95 44
40 39 95 45
40 56 95 45
41 25 95 94
42 41 95 93
43 42 95 92
44 43 95 91
45 44 95 90
46 45 95 89
48 64 95 36
50 51 95 103
51 52 95 102
52 53 95 101
53 54 95 100
54 55 95 99
55 39 95 98
55 56 95 98
56 57 95 97
57 58 95 81
58 59 95 82
59 60 95 83
60 61 95 84
61 62 95 85
62 63 95 86
65 64 95 29
66 65 95 28
67 66 95 27
68 67 95 26
69 68 95 25
71 70 95 41
72 71 95 42
72 88 95 42
73 57 95 126
74 73 95 125
75 74 95 124
76 75 95 123
77 76 95 122
78 77 95 121
80 96 95 33
82 83 95 135
83 84 95 134
84 85 95 133
85 86 95 132
86 87 95 131
87 71 95 130
87 88 95 130
88 89 95 129
89 90 95 113
90 91 95 114
91 92 95 115
92 93 95 116
93 94 95 117
94 95 95 118
97 96 95 15
98 97 95 31
99 98 95 30
100 99 95 29
101 100 95 28
102 101 95 27
103 102 95 26
104 103 95 25
104 120 95 25
105 89 95 158
106 105 95 157
107 106 95 156
108 107 95 155
109 108 95 154
110 109 95 153
112 128 95 19
114 115 95 167
115 116 95 166
116 117 95 165
117 118 95 164
118 119 95 163
119 103 95 162
119 120 95 162
120 121 95 161
121 122 95 145
122 123 95 146
123 124 95 147
124 125 95 148
125 126 95 149
126 127 95 150
129 128 95 12
130 129 95 13
131 130 95 14
132 131 95 15
133 132 95 31
134 133 95 30
135 134 95 29
136 135 95 28
136 152 95 28
137 121 95 190
138 137 95 189
139 138 95 188
140 139 95 187
141 140 95 186
142 141 95 185
144 160 95 22
146 147 95 199
147 148 95 198
148 149 95 197
149 150 95 196
150 151 95 195
151 135 95 194
151 152 95 194
152 153 95 193
153 154 95 177
154 155 95 178
155 156 95 179
156 157 95 180
157 158 95 181
158 159 95 182
161 160 95 9
162 161 95 10
163 162 95 11
164 163 95 12
165 164 95 13
166 165 95 14
167 166 95 15
168 167 95 31
168 184 95 31
169 153 95 222
170 169 95 221
171 170 95 220
172 171 95 219
173 172 95 218
174 173 95 217
176 192 95 7
178 179 95 231
179 180 95 230
180 181 95 229
181 182 95 228
182 183 95 227
183 167 95 226
183 184 95 226
184 185 95 225
185 186 95 209
186 187 95 210
187 188 95 211
188 189 95 212
189 190 95 213
190 191 95 214
193 192 95 24
195 194 95 8
196 195 95 9
197 196 95 10
198 197 95 11
199 198 95 12
200 199 95 13
200 216 95 13
201 185 95 254
202 201 95 253
203 202 95 252
204 203 95 251
205 204 95 250
206 205 95 249
207 206 95 248
208 224 95 4
209 210 95 160
210 211 95 176
212 213 95 192
213 214 95 208
215 199 95 224
215 216 95 224
216 217 95 240
217 218 95 241
218 219 95 242
219 220 95 243
220 221 95 244
221 222 95 245
222 223 95 246
225 224 95 56
227 226 95 40
228 227 95 24
230 229 95 8
231 230 95 9
232 231 95 10
232 248 95 10
233 217 95 152
235 234 95 136
236 235 95 120
238 237 95 104
239 238 95 88
240 241 95 1
241 242 95 0
242 243 95 16
244 245 95 32
245 246 95 48
247 231 95 64
247 248 95 64
248 249 95 80
250 251 95 96
251 252 95 112
253 254 95 128
254 255 95 144
1 0 96 184
3 2 96 200
4 3 96 216
6 5 96 232
7 6 96 248
8 7 96 249
8 9 96 249
9 10 96 248
10 11 96 232
12 13 96 216
13 14 96 200
15 31 96 184
16 0 96 242
17 33 96 96
19 18 96 112
20 19 96 128
22 21 96 144
23 22 96 160
23 24 96 160
24 25 96 144
26 27 96 128
27 28 96 112
29 30 96 96
30 31 96 80
33 32 96 216
35 34 96 232
36 35 96 248
37 36 96 249
38 37 96 250
39 38 96 251
40 24 96 252
40 39 96 252
41 42 96 88
42 43 96 72
44 45 96 56
45 46 96 40
47 63 96 24
48 32 96 245
49 65 96 6
50 49 96 5
51 50 96 4
52 51 96 3
53 52 96 2
54 53 96 1
55 54 96 0
55 56 96 0
56 57 96 1
57 58 96 2
58 59 96 3
59 60 96 4
60 61 96 5
61 62 96 6
62 63 96 7
65 64 96 248
66 65 96 249
67 66 96 250
68 67 96 251
69 68 96 252
70 69 96 253
71 70 96 254
72 56 96 255
72 71 96 255
74 75 96 31
75 76 96 30
76 77 96 29
77 78 96 28
78 79 96 27
79 95 96 26
80 64 96 231
81 97 96 38
82 81 96 37
83 82 96 36
84 83 96 35
85 84 96 34
86 85 96 33
88 89 96 33
89 90 96 34
90 91 96 35
91 92 96 36
92 93 96 37
93 94 96 38
94 95 96 39
97 96 96 251
98 97 96 252
99 98 96 253
100 99 96 254
101 100 96 255
103 102 96 239
104 88 96 238
104 103 96 238
106 107 96 63
107 108 96 62
108 109 96 61
109 110 96 60
110 111 96 59
111 127 96 58
112 96 96 228
113 129 96 70
114 113 96 69
115 114 96 68
116 115 96 67
117 116 96 66
118 117 96 65
120 121 96 65
121 122 96 66
122 123 96 67
123 124 96 68
124 125 96 69
125 126 96 70
126 127 96 71
129 128 96 254
130 129 96 255
132 131 96 239
133 132 96 238
134 133 96 237
135 134 96 236
136 120 96 235
136 135 96 235
138 139 96 95
139 140 96 94
140 141 96 93
141 142 96 92
142 143 96 91
143 159 96 90
144 128 96 225
145 161 96 102
146 145 96 101
147 146 96 100
148 147 96 99
149 148 96 98
150 149 96 97
152 153 96 97
153 154 96 98
154 155 96 99
155 156 96 100
156 157 96 101
157 158 96 102
158 159 96 103
161 160 96 239
162 161 96 238
163 162 96 237
164 163 96 236
165 164 96 235
166 165 96 234
167 166 96 233
168 152 96 217
168 167 96 217
170 171 96 127
171 172 96 126
172 173 96 125
173 174 96 124
174 175 96 123
175 191 96 122
176 160 96 210
177 193 96 134
178 177 96 133
179 178 96 132
180 179 96 131
181 180 96 130
182 181 96 129
184 185 96 129
185 186 96 130
186 187 96 131
187 188 96 132
188 189 96 133
189 190 96 134
190 191 96 135
193 192 96 236
194 193 96 235
195 194 96 234
196 195 96 233
197 196 96 217
198 197 96 218
199 198 96 219
200 184 96 220
200 199 96 220
202 203 96 159
203 204 96 158
204 205 96 157
205 206 96 156
206 207 96 155
207 223 96 154
208 192 96 213
209 225 96 166
210 209 96 165
211 210 96 164
212 211 96 163
213 212 96 162
214 213 96 161
216 217 96 161
217 218 96 162
218 219 96 163
219 220 96 164
220 221 96 165
221 222 96 166
222 223 96 167
225 224 96 233
226 225 96 217
227 226 96 218
228 227 96 219
229 228 96 220
230 229 96 221
231 230 96 222
232 216 96 223
232 231 96 223
234 235 96 191
235 236 96 190
236 237 96 189
237 238 96 188
238 239 96 187
239 255 96 186
240 224 96 199
241 240 96 198
242 241 96 197
243 242 96 196
244 243 96 195
245 244 96 194
246 245 96 193
248 249 96 193
249 250 96 194
250 251 96 195
251 252 96 196
252 253 96 197
253 254 96 198
254 255 96 199
0 16 97 55
1 0 97 54
2 1 97 53
3 2 97 52
4 3 97 51
5 4 97 50
6 5 97 49
7 6 97 65
7 8 97 65
8 9 97 49
9 10 97 50
10 11 97 51
11 12 97 52
12 13 97 53
13 14 97 54
14 15 97 55
18 17 97 41
19 18 97 42
20 19 97 43
21 20 97 44
22 21 97 45
23 22 97 46
24 23 97 47
24 40 97 47
25 26 97 95
26 27 97 79
27 28 97 78
28 29 97 77
29 30 97 76
30 31 97 75
31 15 97 74
32 48 97 38
33 17 97 86
34 33 97 85
35 34 97 84
36 35 97 83
37 36 97 82
38 37 97 81
39 38 97 97
39 40 97 97
40 41 97 81
41 42 97 82
42 43 97 83
43 44 97 84
44 45 97 85
45 46 97 86
46 47 97 87
49 48 97 27
50 49 97 26
51 50 97 25
53 52 97 41
54 53 97 42
55 54 97 43
56 55 97 44
56 72 97 44
57 58 97 127
58 59 97 111
59 60 97 110
60 61 97 109
61 62 97 108
62 63 97 107
63 47 97 106
64 80 97 35
65 49 97 118
66 65 97 117
67 66 97 116
68 67 97 115
69 68 97 114
70 69 97 113
71 70 97 129
71 72 97 129
72 73 97 113
73 74 97 114
74 75 97 115
75 76 97 116
76 77 97 117
77 78 97 118
78 79 97 119
81 80 97 30
82 81 97 29
83 82 97 28
84 83 97 27
85 84 97 26
86 85 97 25
88 87 97 41
88 104 97 41
89 90 97 159
90 91 97 143
91 92 97 142
92 93 97 141
93 94 97 140
94 95 97 139
95 79 97 138
96 112 97 17
97 81 97 150
98 97 97 149
99 98 97 148
100 99 97 147
101 100 97 146
102 101 97 145
103 102 97 161
103 104 97 161
104 105 97 145
105 106 97 146
106 107 97 147
107 108 97 148
108 109 97 149
109 110 97 150
110 111 97 151
113 112 97 14
114 113 97 15
115 114 97 31
116 115 97 30
117 116 97 29
118 117 97 28
119 118 97 27
120 119 97 26
120 136 97 26
121 122 97 191
122 123 97 175
123 124 97 174
124 125 97 173
125 126 97 172
126 127 97 171
127 111 97 170
128 144 97 20
129 113 97 182
130 129 97 181
131 130 97 180
132 131 97 179
133 132 97 178
134 133 97 177
135 134 97 193
135 136 97 193
136 137 97 177
137 138 97 178
138 139 97 179
139 140 97 180
140 141 97 181
141 142 97 182
142 143 97 183
145 144 97 11
146 145 97 12
147 146 97 13
148 147 97 14
149 148 97 15
150 149 97 31
151 150 97 30
152 151 97 29
152 168 97 29
153 154 97 223
154 155 97 207
155 156 97 206
156 157 97 205
157 158 97 204
158 159 97 203
159 143 97 202
160 176 97 23
161 145 97 214
162 161 97 213
163 162 97 212
164 163 97 211
165 164 97 210
166 165 97 209
167 166 97 225
167 168 97 225
168 169 97 209
169 170 97 210
170 171 97 211
171 172 97 212
172 173 97 213
173 174 97 214
174 175 97 215
177 176 97 8
178 177 97 9
179 178 97 10
180 179 97 11
181 180 97 12
182 181 97 13
183 182 97 14
184 183 97 15
184 200 97 15
185 186 97 255
186 187 97 239
187 188 97 238
188 189 97 237
189 190 97 236
190 191 97 235
191 175 97 234
192 208 97 6
193 177 97 246
194 193 97 245
195 194 97 244
196 195 97 243
197 196 97 242
198 197 97 241
199 198 97 240
199 200 97 240
200 201 97 241
201 202 97 242
202 203 97 243
203 204 97 244
204 205 97 245
205 206 97 246
206 207 97 247
209 208 97 40
210 209 97 24
212 211 97 8
213 212 97 9
214 213 97 10
215 214 97 11
216 215 97 12
216 232 97 12
217 218 97 168
219 220 97 184
220 221 97 200
222 223 97 216
223 207 97 232
224 240 97 3
225 209 97 144
226 225 97 128
228 227 97 112
229 228 97 96
231 230 97 80
231 232 97 80
233 234 97 96
234 235 97 112
236 237 97 128
237 238 97 144
241 240 97 72
242 241 97 56
244 243 97 40
245 244 97 24
247 246 97 8
248 247 97 9
248 249 97 9
249 250 97 8
251 252 97 24
252 253 97 40
254 255 97 56
255 239 97 72
0 1 98 241
1 2 98 240
3 4 98 224
4 5 98 208
6 7 98 192
7 8 98 176
7 23 98 176
9 10 98 160
10 11 98 144
12 13 98 128
13 14 98 112
17 16 98 200
18 17 98 216
20 19 98 232
21 20 98 248
22 21 98 249
23 22 98 250
24 8 98 251
24 23 98 251
25 41 98 104
26 25 98 120
28 27 98 136
29 28 98 152
31 30 98 168
32 16 98 244
33 34 98 80
35 36 98 64
36 37 98 48
38 39 98 32
39 40 98 16
39 55 98 16
41 42 98 0
42 43 98 1
43 44 98 2
44 45 98 3
45 46 98 4
46 47 98 5
49 48 98 232
50 49 98 248
51 50 98 249
52 51 98 250
53 52 98 251
54 53 98 252
55 54 98 253
56 40 98 254
56 55 98 254
57 73 98 14
58 57 98 13
59 58 98 12
60 59 98 11
61 60 98 10
62 61 98 9
63 62 98 8
64 48 98 247
65 66 98 7
66 67 98 23
67 68 98 22
68 69 98 21
69 70 98 20
70 71 98 19
71 72 98 18
71 87 98 18
72 73 98 17
74 75 98 33
75 76 98 34
76 77 98 35
77 78 98 36
78 79 98 37
81 80 98 250
82 81 98 251
83 82 98 252
84 83 98 253
85 84 98 254
86 85 98 255
88 72 98 239
88 87 98 239
89 105 98 46
90 89 98 45
91 90 98 44
92 91 98 43
93 92 98 42
94 93 98 41
95 94 98 25
96 80 98 229
97 98 98 39
98 99 98 55
99 100 98 54
100 101 98 53
101 102 98 52
102 103 98 51
103 104 98 50
103 119 98 50
104 105 98 49
106 107 98 65
107 108 98 66
108 109 98 67
109 110 98 68
110 111 98 69
113 112 98 253
114 113 98 254
115 114 98 255
117 116 98 239
118 117 98 238
119 118 98 237
120 104 98 236
120 119 98 236
121 137 98 78
122 121 98 77
123 122 98 76
124 123 98 75
125 124 98 74
126 125 98 73
127 126 98 57
128 112 98 226
129 130 98 71
130 131 98 87
131 132 98 86
132 133 98 85
133 134 98 84
134 135 98 83
135 136 98 82
135 151 98 82
136 137 98 81
138 139 98 97
139 140 98 98
140 141 98 99
141 142 98 100
142 143 98 101
146 145 98 239
147 146 98 238
148 147 98 237
149 148 98 236
150 149 98 235
151 150 98 234
152 136 98 233
152 151 98 233
153 169 98 110
154 153 98 109
155 154 98 108
156 155 98 107
157 156 98 106
158 157 98 105
159 158 98 89
160 144 98 209
161 162 98 103
162 163 98 119
163 164 98 118
164 165 98 117
165 166 98 116
166 167 98 115
167 168 98 114
167 183 98 114
168 169 98 113
170 171 98 129
171 172 98 130
172 173 98 131
173 174 98 132
174 175 98 133
177 176 98 237
178 177 98 236
179 178 98 235
180 179 98 234
181 180 98 233
182 181 98 217
183 182 98 218
184 168 98 219
184 183 98 219
185 201 98 142
186 185 98 141
187 186 98 140
188 187 98 139
189 188 98 138
190 189 98 137
191 190 98 121
192 176 98 212
193 194 98 135
194 195 98 151
195 196 98 150
196 197 98 149
197 198 98 148
198 199 98 147
199 200 98 146
199 215 98 146
200 201 98 145
202 203 98 161
203 204 98 162
204 205 98 163
205 206 98 164
206 207 98 165
209 208 98 234
210 209 98 233
211 210 98 217
212 211 98 218
213 212 98 219
214 213 98 220
215 214 98 221
216 200 98 222
216 215 98 222
217 233 98 174
218 217 98 173
219 218 98 172
220 219 98 171
221 220 98 170
222 221 98 169
223 222 98 153
224 208 98 215
225 226 98 167
226 227 98 183
227 228 98 182
228 229 98 181
229 230 98 180
230 231 98 179
231 232 98 178
231 247 98 178
232 233 98 177
234 235 98 193
235 236 98 194
236 237 98 195
237 238 98 196
238 239 98 197
241 240 98 218
242 241 98 219
243 242 98 220
244 243 98 221
245 244 98 222
246 245 98 223
248 232 98 207
248 247 98 207
249 248 98 206
250 249 98 205
251 250 98 204
252 251 98 203
253 252 98 202
254 253 98 201
255 254 98 185
1 0 99 42
2 1 99 43
3 2 99 44
4 3 99 45
5 4 99 46
6 5 99 47
7 6 99 63
8 7 99 62
8 24 99 62
9 8 99 61
10 9 99 60
11 10 99 59
12 11 99 58
13 12 99 57
15 14 99 73
17 18 99 87
19 20 99 71
20 21 99 70
21 22 99 69
22 23 99 68
23 7 99 67
23 24 99 67
24 25 99 66
25 26 99 65
26 27 99 49
27 28 99 50
28 29 99 51
29 30 99 52
30 31 99 53
33 32 99 25
35 34 99 41
36 35 99 42
37 36 99 43
38 37 99 44
39 38 99 45
40 39 99 46
40 56 99 46
41 25 99 93
42 41 99 92
43 42 99 91
44 43 99 90
45 44 99 89
47 46 99 105
48 64 99 37
49 50 99 119
51 52 99 103
52 53 99 102
53 54 99 101
54 55 99 100
55 39 99 99
55 56 99 99
56 57 99 98
57 58 99 97
58 59 99 81
59 60 99 82
60 61 99 83
61 62 99 84
62 63 99 85
65 64 99 28
66 65 99 27
67 66 99 26
68 67 99 25
70 69 99 41
71 70 99 42
72 71 99 43
72 88 99 43
73 57 99 125
74 73 99 124
75 74 99 123
76 75 99 122
77 76 99 121
79 78 99 137
80 96 99 34
81 82 99 151
83 84 99 135
84 85 99 134
85 86 99 133
86 87 99 132
87 71 99 131
87 88 99 131
88 89 99 130
89 90 99 129
90 91 99 113
91 92 99 114
92 93 99 115
93 94 99 116
94 95 99 117
97 96 99 31
98 97 99 30
99 98 99 29
100 99 99 28
101 100 99 27
102 101 99 26
103 102 99 25
105 89 99 157
106 105 99 156
107 106 99 155
108 107 99 154
109 108 99 153
111 110 99 169
112 128 99 18
113 114 99 183
115 116 99 167
116 117 99 166
117 118 99 165
118 119 99 164
119 103 99 163
119 120 99 163
120 121 99 162
121 122 99 161
122 123 99 145
123 124 99 146
124 125 99 147
125 126 99 148
126 127 99 149
129 128 99 13
130 129 99 14
131 130 99 15
132 131 99 31
133 132 99 30
134 133 99 29
135 134 99 28
136 135 99 27
136 152 99 27
137 121 99 189
138 137 99 188
139 138 99 187
140 139 99 186
141 140 99 185
143 142 99 201
144 160 99 21
145 146 99 215
147 148 99 199
148 149 99 198
149 150 99 197
150 151 99 196
151 135 99 195
151 152 99 195
152 153 99 194
153 154 99 193
154 155 99 177
155 156 99 178
156 157 99 179
157 158 99 180
158 159 99 181
161 160 99 10
162 161 99 11
163 162 99 12
164 163 99 13
165 164 99 14
166 165 99 15
167 166 99 31
168 167 99 30
168 184 99 30
169 153 99 221
170 169 99 220
171 170 99 219
172 171 99 218
173 172 99 217
175 174 99 233
177 178 99 247
179 180 99 231
180 181 99 230
181 182 99 229
182 183 99 228
183 167 99 227
183 184 99 227
184 185 99 226
185 186 99 225
186 187 99 209
187 188 99 210
188 189 99 211
189 190 99 212
190 191 99 213
194 193 99 8
195 194 99 9
196 195 99 10
197 196 99 11
198 197 99 12
199 198 99 13
200 199 99 14
200 216 99 14
201 185 99 253
202 201 99 252
203 202 99 251
204 203 99 250
205 204 99 249
206 205 99 248
208 224 99 5
210 211 99 160
211 212 99 176
213 214 99 192
214 215 99 208
216 217 99 224
217 218 99 240
218 219 99 241
219 220 99 242
220 221 99 243
221 222 99 244
222 223 99 245
226 225 99 40
227 226 99 24
229 228 99 8
230 229 99 9
231 230 99 10
232 231 99 11
232 248 99 11
234 233 99 136
235 234 99 120
237 236 99 104
238 237 99 88
240 241 99 2
241 242 99 1
242 243 99 0
243 244 99 16
245 246 99 32
246 247 99 48
248 249 99 64
249 250 99 80
251 252 99 96
252 253 99 112
254 255 99 128
2 1 100 200
3 2 100 216
5 4 100 232
6 5 100 248
7 6 100 249
8 7 100 250
8 9 100 250
9 10 100 249
10 11 100 248
11 12 100 232
13 14 100 216
14 15 100 200
16 0 100 243
18 17 100 112
19 18 100 128
21 20 100 144
22 21 100 160
24 25 100 160
25 26 100 144
27 28 100 128
28 29 100 112
30 31 100 96
34 33 100 232
35 34 100 248
36 35 100 249
37 36 100 250
38 37 100 251
39 38 100 252
40 24 100 253
40 39 100 253
42 43 100 88
43 44 100 72
45 46 100 56
46 47 100 40
48 32 100 246
49 65 100 5
50 49 100 4
51 50 100 3
52 51 100 2
53 52 100 1
54 53 100 0
56 57 100 0
57 58 100 1
58 59 100 2
59 60 100 3
60 61 100 4
61 62 100 5
62 63 100 6
65 64 100 249
66 65 100 250
67 66 100 251
68 67 100 252
69 68 100 253
70 69 100 254
71 70 100 255
73 74 100 15
75 76 100 31
76 77 100 30
77 78 100 29
78 79 100 28
79 95 100 27
80 64 100 230
81 97 100 37
82 81 100 36
83 82 100 35
84 83 100 34
85 84 100 33
87 86 100 17
87 88 100 17
89 90 100 33
90 91 100 34
91 92 100 35
92 93 100 36
93 94 100 37
94 95 100 38
97 96 100 252
98 97 100 253
99 98 100 254
100 99 100 255
102 101 100 239
103 102 100 238
104 88 100 237
104 103 100 237
105 106 100 47
107 108 100 63
108 109 100 62
109 110 100 61
110 111 100 60
111 127 100 59
112 96 100 227
113 129 100 69
114 113 100 68
115 114 100 67
116 115 100 66
117 116 100 65
119 118 100 49
119 120 100 49
121 122 100 65
122 123 100 66
123 124 100 67
124 125 100 68
125 126 100 69
126 127 100 70
129 128 100 255
131 130 100 239
132 131 100 238
133 132 100 237
134 133 100 236
135 134 100 235
136 120 100 234
136 135 100 234
137 138 100 79
139 140 100 95
140 141 100 94
141 142 100 93
142 143 100 92
143 159 100 91
145 161 100 101
146 145 100 100
147 146 100 99
148 147 100 98
149 148 100 97
151 150 100 81
151 152 100 81
153 154 100 97
154 155 100 98
155 156 100 99
156 157 100 100
157 158 100 101
158 159 100 102
161 160 100 238
162 161 100 237
163 162 100 236
164 163 100 235
165 164 100 234
166 165 100 233
167 166 100 217
168 152 100 218
168 167 100 218
169 170 100 111
171 172 100 127
172 173 100 126
173 174 100 125
174 175 100 124
175 191 100 123
176 160 100 211
177 193 100 133
178 177 100 132
179 178 100 131
180 179 100 130
181 180 100 129
183 182 100 113
183 184 100 113
185 186 100 129
186 187 100 130
187 188 100 131
188 189 100 132
189 190 100 133
190 191 100 134
193 192 100 235
194 193 100 234
195 194 100 233
196 195 100 217
197 196 100 218
198 197 100 219
199 198 100 220
200 184 100 221
200 199 100 221
201 202 100 143
203 204 100 159
204 205 100 158
205 206 100 157
206 207 100 156
207 223 100 155
208 192 100 214
209 225 100 165
210 209 100 164
211 210 100 163
212 211 100 162
213 212 100 161
215 214 100 145
215 216 100 145
217 218 100 161
218 219 100 162
219 220 100 163
220 221 100 164
221 222 100 165
222 223 100 166
225 224 100 217
226 225 100 218
227 226 100 219
228 227 100 220
229 228 100 221
230 229 100 222
231 230 100 223
233 234 100 175
235 236 100 191
236 237 100 190
237 238 100 189
238 239 100 188
239 255 100 187
240 224 100 198
241 240 100 197
242 241 100 196
243 242 100 195
244 243 100 194
245 244 100 193
247 246 100 177
247 248 100 177
249 250 100 193
250 251 100 194
251 252 100 195
252 253 100 196
253 254 100 197
254 255 100 198
0 16 101 54
1 0 101 53
2 1 101 52
3 2 101 51
4 3 101 50
5 4 101 49
6 5 101 65
7 6 101 66
7 8 101 66
8 9 101 65
9 10 101 49
10 11 101 50
11 12 101 51
12 13 101 52
13 14 101 53
14 15 101 54
17 16 101 41
18 17 101 42
19 18 101 43
20 19 101 44
21 20 101 45
22 21 101 46
23 22 101 47
24 23 101 63
24 40 101 63
25 26 101 94
26 27 101 95
27 28 101 79
28 29 101 78
29 30 101 77
30 31 101 76
31 15 101 75
32 48 101 39
33 17 101 85
34 33 101 84
35 34 101 83
36 35 101 82
37 36 101 81
38 37 101 97
39 38 101 98
39 40 101 98
40 41 101 97
41 42 101 81
42 43 101 82
43 44 101 83
44 45 101 84
45 46 101 85
46 47 101 86
49 48 101 26
50 49 101 25
52 51 101 41
53 52 101 42
54 53 101 43
55 54 101 44
56 55 101 45
56 72 101 45
57 58 101 126
58 59 101 127
59 60 101 111
60 61 101 110
61 62 101 109
62 63 101 108
63 47 101 107
64 80 101 36
65 49 101 117
66 65 101 116
67 66 101 115
68 67 101 114
69 68 101 113
70 69 101 129
71 70 101 130
71 72 101 130
72 73 101 129
73 74 101 113
74 75 101 114
75 76 101 115
76 77 101 116
77 78 101 117
78 79 101 118
81 80 101 29
82 81 101 28
83 82 101 27
84 83 101 26
85 84 101 25
87 86 101 41
88 87 101 42
88 104 101 42
89 90 101 158
90 91 101 159
91 92 101 143
92 93 101 142
93 94 101 141
94 95 101 140
95 79 101 139
96 112 101 33
97 81 101 149
98 97 101 148
99 98 101 147
100 99 101 146
101 100 101 145
102 101 101 161
103 102 101 162
103 104 101 162
104 105 101 161
105 106 101 145
106 107 101 146
107 108 101 147
108 109 101 148
109 110 101 149
110 111 101 150
113 112 101 15
114 113 101 31
115 114 101 30
116 115 101 29
117 116 101 28
118 117 101 27
119 118 101 26
120 119 101 25
120 136 101 25
121 122 101 190
122 123 101 191
123 124 101 175
124 125 101 174
125 126 101 173
126 127 101 172
127 111 101 171
128 144 101 19
129 113 101 181
130 129 101 180
131 130 101 179
132 131 101 178
133 132 101 177
134 133 101 193
135 134 101 194
135 136 101 194
136 137 101 193
137 138 101 177
138 139 101 178
139 140 101 179
140 141 101 180
141 142 101 181
142 143 101 182
145 144 101 12
146 145 101 13
147 146 101 14
148 147 101 15
149 148 101 31
150 149 101 30
151 150 101 29
152 151 101 28
152 168 101 28
153 154 101 222
154 155 101 223
155 156 101 207
156 157 101 206
157 158 101 205
158 159 101 204
159 143 101 203
160 176 101 22
161 145 101 213
162 161 101 212
163 162 101 211
164 163 101 210
165 164 101 209
166 165 101 225
167 166 101 226
167 168 101 226
168 169 101 225
169 170 101 209
170 171 101 210
171 172 101 211
172 173 101 212
173 174 101 213
174 175 101 214
177 176 101 9
178 177 101 10
179 178 101 11
180 179 101 12
181 180 101 13
182 181 101 14
183 182 101 15
184 183 101 31
184 200 101 31
185 186 101 254
186 187 101 255
187 188 101 239
188 189 101 238
189 190 101 237
190 191 101 236
191 175 101 235
192 208 101 7
193 177 101 245
194 193 101 244
195 194 101 243
196 195 101 242
197 196 101 241
198 197 101 240
199 198 101 224
199 200 101 224
200 201 101 240
201 202 101 241
202 203 101 242
203 204 101 243
204 205 101 244
205 206 101 245
206 207 101 246
209 208 101 24
211 210 101 8
212 211 101 9
213 212 101 10
214 213 101 11
215 214 101 12
216 215 101 13
216 232 101 13
217 218 101 152
218 219 101 168
220 221 101 184
221 222 101 200
223 207 101 216
224 240 101 4
225 209 101 128
227 226 101 112
228 227 101 96
230 229 101 80
231 230 101 64
231 232 101 64
232 233 101 80
234 235 101 96
235 236 101 112
237 238 101 128
238 239 101 144
241 240 101 56
243 242 101 40
244 243 101 24
246 245 101 8
247 246 101 9
248 247 101 10
248 249 101 10
249 250 101 9
250 251 101 8
252 253 101 24
253 254 101 40
255 239 101 56
0 1 102 242
1 2 102 241
2 3 102 240
4 5 102 224
5 6 102 208
7 8 102 192
7 23 102 192
8 9 102 176
10 11 102 160
11 12 102 144
13 14 102 128
14 15 102 112
17 16 102 216
19 18 102 232
20 19 102 248
21 20 102 249
22 21 102 250
23 22 102 251
24 8 102 252
24 23 102 252
25 41 102 120
27 26 102 136
28 27 102 152
30 29 102 168
31 30 102 184
32 16 102 245
33 34 102 96
34 35 102 80
36 37 102 64
37 38 102 48
39 40 102 32
39 55 102 32
40 41 102 16
42 43 102 0
43 44 102 1
44 45 102 2
45 46 102 3
46 47 102 4
49 48 102 248
50 49 102 249
51 50 102 250
52 51 102 251
53 52 102 252
54 53 102 253
55 54 102 254
56 40 102 255
56 55 102 255
57 73 102 13
58 57 102 12
59 58 102 11
60 59 102 10
61 60 102 9
62 61 102 8
63 62 102 24
64 48 102 231
65 66 102 6
66 67 102 7
67 68 102 23
68 69 102 22
69 70 102 21
70 71 102 20
71 72 102 19
71 87 102 19
72 73 102 18
73 74 102 17
75 76 102 33
76 77 102 34
77 78 102 35
78 79 102 36
81 80 102 251
82 81 102 252
83 82 102 253
84 83 102 254
85 84 102 255
87 86 102 239
88 72 102 238
88 87 102 238
89 105 102 45
90 89 102 44
91 90 102 43
92 91 102 42
93 92 102 41
94 93 102 25
95 94 102 26
96 80 102 228
97 98 102 38
98 99 102 39
99 100 102 55
100 101 102 54
101 102 102 53
102 103 102 52
103 104 102 51
103 119 102 51
104 105 102 50
105 106 102 49
107 108 102 65
108 109 102 66
109 110 102 67
110 111 102 68
113 112 102 254
114 113 102 255
116 115 102 239
117 116 102 238
118 117 102 237
119 118 102 236
120 104 102 235
120 119 102 235
121 137 102 77
122 121 102 76
123 122 102 75
124 123 102 74
125 124 102 73
126 125 102 57
127 126 102 58
128 112 102 225
129 130 102 70
130 131 102 71
131 132 102 87
132 133 102 86
133 134 102 85
134 135 102 84
135 136 102 83
135 151 102 83
136 137 102 82
137 138 102 81
139 140 102 97
140 141 102 98
141 142 102 99
142 143 102 100
145 144 102 239
146 145 102 238
147 146 102 237
148 147 102 236
149 148 102 235
150 149 102 234
151 150 102 233
152 136 102 217
152 151 102 217
153 169 102 109
154 153 102 108
155 154 102 107
156 155 102 106
157 156 102 105
158 157 102 89
159 158 102 90
160 144 102 210
161 162 102 102
162 163 102 103
163 164 102 119
164 165 102 118
165 166 102 117
166 167 102 116
167 168 102 115
167 183 102 115
168 169 102 114
169 170 102 113
171 172 102 129
172 173 102 130
173 174 102 131
174 175 102 132
177 176 102 236
178 177 102 235
179 178 102 234
180 179 102 233
181 180 102 217
182 181 102 218
183 182 102 219
184 168 102 220
184 183 102 220
185 201 102 141
186 185 102 140
187 186 102 139
188 187 102 138
189 188 102 137
190 189 102 121
191 190 102 122
192 176 102 213
193 194 102 134
194 195 102 135
195 196 102 151
196 197 102 150
197 198 102 149
198 199 102 148
199 200 102 147
199 215 102 147
200 201 102 146
201 202 102 145
203 204 102 161
204 205 102 162
205 206 102 163
206 207 102 164
209 208 102 233
210 209 102 217
211 210 102 218
212 211 102 219
213 212 102 220
214 213 102 221
215 214 102 222
216 200 102 223
216 215 102 223
217 233 102 173
218 217 102 172
219 218 102 171
220 219 102 170
221 220 102 169
222 221 102 153
223 222 102 154
224 208 102 199
225 226 102 166
226 227 102 167
227 228 102 183
228 229 102 182
229 230 102 181
230 231 102 180
231 232 102 179
231 247 102 179
232 233 102 178
233 234 102 177
235 236 102 193
236 237 102 194
237 238 102 195
238 239 102 196
241 240 102 219
242 241 102 220
243 242 102 221
244 243 102 222
245 244 102 223
247 246 102 207
248 232 102 206
248 247 102 206
249 248 102 205
250 249 102 204
251 250 102 203
252 251 102 202
253 252 102 201
254 253 102 185
255 254 102 186
1 0 103 43
2 1 103 44
3 2 103 45
4 3 103 46
5 4 103 47
6 5 103 63
7 6 103 62
8 7 103 61
8 24 103 61
9 8 103 60
10 9 103 59
11 10 103 58
12 11 103 57
14 13 103 73
15 14 103 74
16 32 103 55
17 18 103 86
18 19 103 87
20 21 103 71
21 22 103 70
22 23 103 69
23 7 103 68
23 24 103 68
24 25 103 67
25 26 103 66
26 27 103 65
27 28 103 49
28 29 103 50
29 30 103 51
30 31 103 52
34 33 103 41
35 34 103 42
36 35 103 43
37 36 103 44
38 37 103 45
39 38 103 46
40 39 103 47
40 56 103 47
41 25 103 92
42 41 103 91
43 42 103 90
44 43 103 89
46 45 103 105
47 46 103 106
48 64 103 38
49 50 103 118
50 51 103 119
52 53 103 103
53 54 103 102
54 55 103 101
55 39 103 100
55 56 103 100
56 57 103 99
57 58 103 98
58 59 103 97
59 60 103 81
60 61 103 82
61 62 103 83
62 63 103 84
65 64 103 27
66 65 103 26
67 66 103 25
69 68 103 41
70 69 103 42
71 70 103 43
72 71 103 44
72 88 103 44
73 57 103 124
74 73 103 123
75 74 103 122
76 75 103 121
78 77 103 137
79 78 103 138
80 96 103 35
81 82 103 150
82 83 103 151
84 85 103 135
85 86 103 134
86 87 103 133
87 71 103 132
87 88 103 132
88 89 103 131
89 90 103 130
90 91 103 129
91 92 103 113
92 93 103 114
93 94 103 115
94 95 103 116
97 96 103 30
98 97 103 29
99 98 103 28
100 99 103 27
101 100 103 26
102 101 103 25
104 103 103 41
104 120 103 41
105 89 103 156
106 105 103 155
107 106 103 154
108 107 103 153
110 109 103 169
111 110 103 170
112 128 103 17
113 114 103 182
114 115 103 183
116 117 103 167
117 118 103 166
118 119 103 165
119 103 103 164
119 120 103 164
120 121 103 163
121 122 103 162
122 123 103 161
123 124 103 145
124 125 103 146
125 126 103 147
126 127 103 148
129 128 103 14
130 129 103 15
131 130 103 31
132 131 103 30
133 132 103 29
134 133 103 28
135 134 103 27
136 135 103 26
136 152 103 26
137 121 103 188
138 137 103 187
139 138 103 186
140 139 103 185
142 141 103 201
143 142 103 202
144 160 103 20
145 146 103 214
146 147 103 215
148 149 103 199
149 150 103 198
150 151 103 197
151 135 103 196
151 152 103 196
152 153 103 195
153 154 103 194
154 155 103 193
155 156 103 177
156 157 103 178
157 158 103 179
158 159 103 180
161 160 103 11
162 161 103 12
163 162 103 13
164 163 103 14
165 164 103 15
166 165 103 31
167 166 103 30
168 167 103 29
168 184 103 29
169 153 103 220
170 169 103 219
171 170 103 218
172 171 103 217
174 173 103 233
175 174 103 234
176 192 103 23
177 178 103 246
178 179 103 247
180 181 103 231
181 182 103 230
182 183 103 229
183 167 103 228
183 184 103 228
184 185 103 227
185 186 103 226
186 187 103 225
187 188 103 209
188 189 103 210
189 190 103 211
190 191 103 212
193 192 103 8
194 193 103 9
195 194 103 10
196 195 103 11
197 196 103 12
198 197 103 13
199 198 103 14
200 199 103 15
200 216 103 15
201 185 103 252
202 201 103 251
203 202 103 250
204 203 103 249
205 204 103 248
207 206 103 232
208 224 103 6
209 210 103 144
211 212 103 160
212 213 103 176
214 215 103 192
215 199 103 208
215 216 103 208
217 218 103 224
218 219 103 240
219 220 103 241
220 221 103 242
221 222 103 243
222 223 103 244
225 224 103 40
226 225 103 24
228 227 103 8
229 228 103 9
230 229 103 10
231 230 103 11
232 231 103 12
232 248 103 12
233 217 103 136
234 233 103 120
236 235 103 104
237 236 103 88
239 238 103 72
240 241 103 3
241 242 103 2
242 243 103 1
243 244 103 0
244 245 103 16
246 247 103 32
247 231 103 48
247 248 103 48
249 250 103 64
250 251 103 80
252 253 103 96
253 254 103 112
1 0 104 200
2 1 104 216
4 3 104 232
5 4 104 248
6 5 104 249
7 6 104 250
8 7 104 251
8 9 104 251
9 10 104 250
10 11 104 249
11 12 104 248
12 13 104 232
14 15 104 216
15 31 104 200
16 0 104 244
17 33 104 112
18 17 104 128
20 19 104 144
21 20 104 160
23 22 104 176
23 24 104 176
25 26 104 160
26 27 104 144
28 29 104 128
29 30 104 112
33 32 104 232
34 33 104 248
35 34 104 249
36 35 104 250
37 36 104 251
38 37 104 252
39 38 104 253
40 24 104 254
40 39 104 254
41 42 104 104
43 44 104 88
44 45 104 72
46 47 104 56
47 63 104 40
48 32 104 247
49 65 104 4
50 49 104 3
51 50 104 2
52 51 104 1
53 52 104 0
55 54 104 16
55 56 104 16
57 58 104 0
58 59 104 1
59 60 104 2
60 61 104 3
61 62 104 4
62 63 104 5
65 64 104 250
66 65 104 251
67 66 104 252
68 67 104 253
69 68 104 254
70 69 104 255
72 56 104 239
72 71 104 239
73 74 104 14
74 75 104 15
76 77 104 31
77 78 104 30
78 79 104 29
79 95 104 28
80 64 104 229
81 97 104 36
82 81 104 35
83 82 104 34
84 83 104 33
86 85 104 17
87 86 104 18
87 88 104 18
88 89 104 17
90 91 104 33
91 92 104 34
92 93 104 35
93 94 104 36
94 95 104 37
97 96 104 253
98 97 104 254
99 98 104 255
101 100 104 239
102 101 104 238
103 102 104 237
104 88 104 236
104 103 104 236
105 106 104 46
106 107 104 47
108 109 104 63
109 110 104 62
110 111 104 61
111 127 104 60
112 96 104 226
113 129 104 68
114 113 104 67
115 114 104 66
116 115 104 65
118 117 104 49
119 118 104 50
119 120 104 50
120 121 104 49
122 123 104 65
123 124 104 66
124 125 104 67
125 126 104 68
126 127 104 69
130 129 104 239
131 130 104 238
132 131 104 237
133 132 104 236
134 133 104 235
135 134 104 234
136 120 104 233
136 135 104 233
137 138 104 78
138 139 104 79
140 141 104 95
141 142 104 94
142 143 104 93
143 159 104 92
144 128 104 209
145 161 104 100
146 145 104 99
147 146 104 98
148 147 104 97
150 149 104 81
151 150 104 82
151 152 104 82
152 153 104 81
154 155 104 97
155 156 104 98
156 157 104 99
157 158 104 100
158 159 104 101
161 160 104 237
162 161 104 236
163 162 104 235
164 163 104 234
165 164 104 233
166 165 104 217
167 166 104 218
168 152 104 219
168 167 104 219
169 170 104 110
170 171 104 111
172 173 104 127
173 174 104 126
174 175 104 125
175 191 104 124
176 160 104 212
177 193 104 132
178 177 104 131
179 178 104 130
180 179 104 129
182 181 104 113
183 182 104 114
183 184 104 114
184 185 104 113
186 187 104 129
187 188 104 130
188 189 104 131
189 190 104 132
190 191 104 133
193 192 104 234
194 193 104 233
195 194 104 217
196 195 104 218
197 196 104 219
198 197 104 220
199 198 104 221
200 184 104 222
200 199 104 222
201 202 104 142
202 203 104 143
204 205 104 159
205 206 104 158
206 207 104 157
207 223 104 156
208 192 104 215
209 225 104 164
210 209 104 163
211 210 104 162
212 211 104 161
214 213 104 145
215 214 104 146
215 216 104 146
216 217 104 145
218 219 104 161
219 220 104 162
220 221 104 163
221 222 104 164
222 223 104 165
225 224 104 218
226 225 104 219
227 226 104 220
228 227 104 221
229 228 104 222
230 229 104 223
232 216 104 207
232 231 104 207
233 234 104 174
234 235 104 175
236 237 104 191
237 238 104 190
238 239 104 189
239 255 104 188
240 224 104 197
241 240 104 196
242 241 104 195
243 242 104 194
244 243 104 193
246 245 104 177
247 246 104 178
247 248 104 178
248 249 104 177
250 251 104 193
251 252 104 194
252 253 104 195
253 254 104 196
254 255 104 197
0 16 105 53
1 0 105 52
2 1 105 51
3 2 105 50
4 3 105 49
5 4 105 65
6 5 105 66
7 6 105 67
7 8 105 67
8 9 105 66
9 10 105 65
10 11 105 49
11 12 105 50
12 13 105 51
13 14 105 52
14 15 105 53
17 16 105 42
18 17 105 43
19 18 105 44
20 19 105 45
21 20 105 46
22 21 105 47
23 22 105 63
24 23 105 62
24 40 105 62
25 26 105 93
26 27 105 94
27 28 105 95
28 29 105 79
29 30 105 78
30 31 105 77
31 15 105 76
33 17 105 84
34 33 105 83
35 34 105 82
36 35 105 81
37 36 105 97
38 37 105 98
39 38 105 99
39 40 105 99
40 41 105 98
41 42 105 97
42 43 105 81
43 44 105 82
44 45 105 83
45 46 105 84
46 47 105 85
49 48 105 25
51 50 105 41
52 51 105 42
53 52 105 43
54 53 105 44
55 54 105 45
56 55 105 46
56 72 105 46
57 58 105 125
58 59 105 126
59 60 105 127
60 61 105 111
61 62 105 110
62 63 105 109
63 47 105 108
64 80 105 37
65 49 105 116
66 65 105 115
67 66 105 114
68 67 105 113
69 68 105 129
70 69 105 130
71 70 105 131
71 72 105 131
72 73 105 130
73 74 105 129
74 75 105 113
75 76 105 114
76 77 105 115
77 78 105 116
78 79 105 117
81 80 105 28
82 81 105 27
83 82 105 26
84 83 105 25
86 85 105 41
87 86 105 42
88 87 105 43
88 104 105 43
89 90 105 157
90 91 105 158
91 92 105 159
92 93 105 143
93 94 105 142
94 95 105 141
95 79 105 140
96 112 105 34
97 81 105 148
98 97 105 147
99 98 105 146
100 99 105 145
101 100 105 161
102 101 105 162
103 102 105 163
103 104 105 163
104 105 105 162
105 106 105 161
106 107 105 145
107 108 105 146
108 109 105 147
109 110 105 148
110 111 105 149
113 112 105 31
114 113 105 30
115 114 105 29
116 115 105 28
117 116 105 27
118 117 105 26
119 118 105 25
121 122 105 189
122 123 105 190
123 124 105 191
124 125 105 175
125 126 105 174
126 127 105 173
127 111 105 172
128 144 105 18
129 113 105 180
130 129 105 179
131 130 105 178
132 131 105 177
133 132 105 193
134 133 105 194
135 134 105 195
135 136 105 195
136 137 105 194
137 138 105 193
138 139 105 177
139 140 105 178
140 141 105 179
141 142 105 180
142 143 105 181
145 144 105 13
146 145 105 14
147 146 105 15
148 147 105 31
149 148 105 30
150 149 105 29
151 150 105 28
152 151 105 27
152 168 105 27
153 154 105 221
154 155 105 222
155 156 105 223
156 157 105 207
157 158 105 206
158 159 105 205
159 143 105 204
160 176 105 21
161 145 105 212
162 161 105 211
163 162 105 210
164 163 105 209
165 164 105 225
166 165 105 226
167 166 105 227
167 168 105 227
168 169 105 226
169 170 105 225
170 171 105 209
171 172 105 210
172 173 105 211
173 174 105 212
174 175 105 213
177 176 105 10
178 177 105 11
179 178 105 12
180 179 105 13
181 180 105 14
182 181 105 15
183 182 105 31
184 183 105 30
184 200 105 30
185 186 105 253
186 187 105 254
187 188 105 255
188 189 105 239
189 190 105 238
190 191 105 237
191 175 105 236
193 177 105 244
194 193 105 243
195 194 105 242
196 195 105 241
197 196 105 240
198 197 105 224
200 201 105 224
201 202 105 240
202 203 105 241
203 204 105 242
204 205 105 243
205 206 105 244
206 207 105 245
210 209 105 8
211 210 105 9
212 211 105 10
213 212 105 11
214 213 105 12
215 214 105 13
216 215 105 14
216 232 105 14
218 219 105 152
219 220 105 168
221 222 105 184
222 223 105 200
224 240 105 5
226 225 105 112
227 226 105 96
229 228 105 80
230 229 105 64
232 233 105 64
233 234 105 80
235 236 105 96
236 237 105 112
238 239 105 128
242 241 105 40
243 242 105 24
245 244 105 8
246 245 105 9
247 246 105 10
248 247 105 11
248 249 105 11
249 250 105 10
250 251 105 9
251 252 105 8
253 254 105 24
254 255 105 40
0 1 106 243
1 2 106 242
2 3 106 241
3 4 106 240
5 6 106 224
6 7 106 208
8 9 106 192
9 10 106 176
11 12 106 160
12 13 106 144
14 15 106 128
18 17 106 232
19 18 106 248
20 19 106 249
21 20 106 250
22 21 106 251
23 22 106 252
24 8 106 253
24 23 106 253
26 25 106 136
27 26 106 152
29 28 106 168
30 29 106 184
32 16 106 246
34 35 106 96
35 36 106 80
37 38 106 64
38 39 106 48
40 41 106 32
41 42 106 16
43 44 106 0
44 45 106 1
45 46 106 2
46 47 106 3
49 48 106 249
50 49 106 250
51 50 106 251
52 51 106 252
53 52 106 253
54 53 106 254
55 54 106 255
57 73 106 12
58 57 106 11
59 58 106 10
60 59 106 9
61 60 106 8
62 61 106 24
64 48 106 230
65 66 106 5
66 67 106 6
67 68 106 7
68 69 106 23
69 70 106 22
70 71 106 21
71 72 106 20
71 87 106 20
72 73 106 19
73 74 106 18
74 75 106 17
76 77 106 33
77 78 106 34
78 79 106 35
81 80 106 252
82 81 106 253
83 82 106 254
84 83 106 255
86 85 106 239
87 86 106 238
88 72 106 237
88 87 106 237
89 105 106 44
90 89 106 43
91 90 106 42
92 91 106 41
93 92 106 25
94 93 106 26
95 94 106 27
96 80 106 227
97 98 106 37
98 99 106 38
99 100 106 39
100 101 106 55
101 102 106 54
102 103 106 53
103 104 106 52
103 119 106 52
104 105 106 51
105 106 106 50
106 107 106 49
108 109 106 65
109 110 106 66
110 111 106 67
113 112 106 255
115 114 106 239
116 115 106 238
117 116 106 237
118 117 106 236
119 118 106 235
120 104 106 234
120 119 106 234
121 137 106 76
122 121 106 75
123 122 106 74
124 123 106 73
125 124 106 57
126 125 106 58
127 126 106 59
129 130 106 69
130 131 106 70
131 132 106 71
132 133 106 87
133 134 106 86
134 135 106 85
135 136 106 84
135 151 106 84
136 137 106 83
137 138 106 82
138 139 106 81
140 141 106 97
141 142 106 98
142 143 106 99
145 144 106 238
146 145 106 237
147 146 106 236
148 147 106 235
149 148 106 234
150 149 106 233
151 150 106 217
152 136 106 218
152 151 106 218
153 169 106 108
154 153 106 107
155 154 106 106
156 155 106 105
157 156 106 89
158 157 106 90
159 158 106 91
160 144 106 211
161 162 106 101
162 163 106 102
163 164 106 103
164 165 106 119
165 166 106 118
166 167 106 117
167 168 106 116
167 183 106 116
168 169 106 115
169 170 106 114
170 171 106 113
172 173 106 129
173 174 106 130
174 175 106 131
177 176 106 235
178 177 106 234
179 178 106 233
180 179 106 217
181 180 106 218
182 181 106 219
183 182 106 220
184 168 106 221
184 183 106 221
185 201 106 140
186 185 106 139
187 186 106 138
188 187 106 137
189 188 106 121
190 189 106 122
191 190 106 123
192 176 106 214
193 194 106 133
194 195 106 134
195 196 106 135
196 197 106 151
197 198 106 150
198 199 106 149
199 200 106 148
199 215 106 148
200 201 106 147
201 202 106 146
202 203 106 145
204 205 106 161
205 206 106 162
206 207 106 163
209 208 106 217
210 209 106 218
211 210 106 219
212 211 106 220
213 212 106 221
214 213 106 222
215 214 106 223
217 233 106 172
218 217 106 171
219 218 106 170
220 219 106 169
221 220 106 153
222 221 106 154
223 222 106 155
224 208 106 198
225 226 106 165
226 227 106 166
227 228 106 167
228 229 106 183
229 230 106 182
230 231 106 181
231 232 106 180
231 247 106 180
232 233 106 179
233 234 106 178
234 235 106 177
236 237 106 193
237 238 106 194
238 239 106 195
241 240 106 220
242 241 106 221
243 242 106 222
244 243 106 223
246 245 106 207
247 246 106 206
248 232 106 205
248 247 106 205
249 248 106 204
250 249 106 203
251 250 106 202
252 251 106 201
253 252 106 185
254 253 106 186
255 254 106 187
1 0 107 44
2 1 107 45
3 2 107 46
4 3 107 47
5 4 107 63
6 5 107 62
7 6 107 61
8 7 107 60
8 24 107 60
9 8 107 59
10 9 107 58
11 10 107 57
13 12 107 73
14 13 107 74
15 14 107 75
16 32 107 54
17 18 107 85
18 19 107 86
19 20 107 87
21 22 107 71
22 23 107 70
23 7 107 69
23 24 107 69
24 25 107 68
25 26 107 67
26 27 107 66
27 28 107 65
28 29 107 49
29 30 107 50
30 31 107 51
33 32 107 41
34 33 107 42
35 34 107 43
36 35 107 44
37 36 107 45
38 37 107 46
39 38 107 47
40 39 107 63
40 56 107 63
41 25 107 91
42 41 107 90
43 42 107 89
45 44 107 105
46 45 107 106
47 46 107 107
48 64 107 39
49 50 107 117
50 51 107 118
51 52 107 119
53 54 107 103
54 55 107 102
55 39 107 101
55 56 107 101
56 57 107 100
57 58 107 99
58 59 107 98
59 60 107 97
60 61 107 81
61 62 107 82
62 63 107 83
65 64 107 26
66 65 107 25
68 67 107 41
69 68 107 42
70 69 107 43
71 70 107 44
72 71 107 45
72 88 107 45
73 57 107 123
74 73 107 122
75 74 107 121
77 76 107 137
78 77 107 138
79 78 107 139
80 96 107 36
81 82 107 149
82 83 107 150
83 84 107 151
85 86 107 135
86 87 107 134
87 71 107 133
87 88 107 133
88 89 107 132
89 90 107 131
90 91 107 130
91 92 107 129
92 93 107 113
93 94 107 114
94 95 107 115
97 96 107 29
98 97 107 28
99 98 107 27
100 99 107 26
101 100 107 25
103 102 107 41
104 103 107 42
104 120 107 42
105 89 107 155
106 105 107 154
107 106 107 153
109 108 107 169
110 109 107 170
111 110 107 171
112 128 107 33
113 114 107 181
114 115 107 182
115 116 107 183
117 118 107 167
118 119 107 166
119 103 107 165
119 120 107 165
120 121 107 164
121 122 107 163
122 123 107 162
123 124 107 161
124 125 107 145
125 126 107 146
126 127 107 147
129 128 107 15
130 129 107 31
131 130 107 30
132 131 107 29
133 132 107 28
134 133 107 27
135 134 107 26
136 135 107 25
136 152 107 25
137 121 107 187
138 137 107 186
139 138 107 185
141 140 107 201
142 141 107 202
143 142 107 203
144 160 107 19
145 146 107 213
146 147 107 214
147 148 107 215
149 150 107 199
150 151 107 198
151 135 107 197
151 152 107 197
152 153 107 196
153 154 107 195
154 155 107 194
155 156 107 193
156 157 107 177
157 158 107 178
158 159 107 179
161 160 107 12
162 161 107 13
163 162 107 14
164 163 107 15
165 164 107 31
166 165 107 30
167 166 107 29
168 167 107 28
168 184 107 28
169 153 107 219
170 169 107 218
171 170 107 217
173 172 107 233
174 173 107 234
175 174 107 235
176 192 107 22
177 178 107 245
178 179 107 246
179 180 107 247
181 182 107 231
182 183 107 230
183 167 107 229
183 184 107 229
184 185 107 228
185 186 107 227
186 187 107 226
187 188 107 225
188 189 107 209
189 190 107 210
190 191 107 211
193 192 107 9
194 193 107 10
195 194 107 11
196 195 107 12
197 196 107 13
198 197 107 14
199 198 107 15
200 199 107 31
200 216 107 31
201 185 107 251
202 201 107 250
203 202 107 249
204 203 107 248
206 205 107 232
207 206 107 216
208 224 107 7
209 210 107 128
210 211 107 144
212 213 107 160
213 214 107 176
215 199 107 192
215 216 107 192
216 217 107 208
218 219 107 224
219 220 107 240
220 221 107 241
221 222 107 242
222 223 107 243
225 224 107 24
227 226 107 8
228 227 107 9
229 228 107 10
230 229 107 11
231 230 107 12
232 231 107 13
232 248 107 13
233 217 107 120
235 234 107 104
236 235 107 88
238 237 107 72
239 238 107 56
240 241 107 4
241 242 107 3
242 243 107 2
243 244 107 1
244 245 107 0
245 246 107 16
247 231 107 32
247 248 107 32
248 249 107 48
250 251 107 64
251 252 107 80
253 254 107 96
254 255 107 112
1 0 108 216
3 2 108 232
4 3 108 248
5 4 108 249
6 5 108 250
7 6 108 251
8 7 108 252
8 9 108 252
9 10 108 251
10 11 108 250
11 12 108 249
12 13 108 248
13 14 108 232
15 31 108 216
16 0 108 245
17 33 108 128
19 18 108 144
20 19 108 160
22 21 108 176
23 22 108 192
23 24 108 192
24 25 108 176
26 27 108 160
27 28 108 144
29 30 108 128
30 31 108 112
33 32 108 248
34 33 108 249
35 34 108 250
36 35 108 251
37 36 108 252
38 37 108 253
39 38 108 254
40 24 108 255
40 39 108 255
41 42 108 120
42 43 108 104
44 45 108 88
45 46 108 72
47 63 108 56
48 32 108 231
49 65 108 3
50 49 108 2
51 50 108 1
52 51 108 0
54 53 108 16
55 54 108 32
55 56 108 32
56 57 108 16
58 59 108 0
59 60 108 1
60 61 108 2
61 62 108 3
62 63 108 4
65 64 108 251
66 65 108 252
67 66 108 253
68 67 108 254
69 68 108 255
71 70 108 239
72 56 108 238
72 71 108 238
73 74 108 13
74 75 108 14
75 76 108 15
77 78 108 31
78 79 108 30
79 95 108 29
80 64 108 228
81 97 108 35
82 81 108 34
83 82 108 33
85 84 108 17
86 85 108 18
87 86 108 19
87 88 108 19
88 89 108 18
89 90 108 17
91 92 108 33
92 93 108 34
93 94 108 35
94 95 108 36
97 96 108 254
98 97 108 255
100 99 108 239
101 100 108 238
102 101 108 237
103 102 108 236
104 88 108 235
104 103 108 235
105 106 108 45
106 107 108 46
107 108 108 47
109 110 108 63
110 111 108 62
111 127 108 61
112 96 108 225
113 129 108 67
114 113 108 66
115 114 108 65
117 116 108 49
118 117 108 50
119 118 108 51
119 120 108 51
120 121 108 50
121 122 108 49
123 124 108 65
124 125 108 66
125 126 108 67
126 127 108 68
129 128 108 239
130 129 108 238
131 130 108 237
132 131 108 236
133 132 108 235
134 133 108 234
135 134 108 233
136 120 108 217
136 135 108 217
137 138 108 77
138 139 108 78
139 140 108 79
141 142 108 95
142 143 108 94
143 159 108 93
144 128 108 210
145 161 108 99
146 145 108 98
147 146 108 97
149 148 108 81
150 149 108 82
151 150 108 83
151 152 108 83
152 153 108 82
153 154 108 81
155 156 108 97
156 157 108 98
157 158 108 99
158 159 108 100
161 160 108 236
162 161 108 235
163 162 108 234
164 163 108 233
165 164 108 217
166 165 108 218
167 166 108 219
168 152 108 220
168 167 108 220
169 170 108 109
170 171 108 110
171 172 108 111
173 174 108 127
174 175 108 126
175 191 108 125
176 160 108 213
177 193 108 131
178 177 108 130
179 178 108 129
181 180 108 113
182 181 108 114
183 182 108 115
183 184 108 115
184 185 108 114
185 186 108 113
187 188 108 129
188 189 108 130
189 190 108 131
190 191 108 132
193 192 108 233
194 193 108 217
195 194 108 218
196 195 108 219
197 196 108 220
198 197 108 221
199 198 108 222
200 184 108 223
200 199 108 223
201 202 108 141
202 203 108 142
203 204 108 143
205 206 108 159
206 207 108 158
207 223 108 157
208 192 108 199
209 225 108 163
210 209 108 162
211 210 108 161
213 212 108 145
214 213 108 146
215 214 108 147
215 216 108 147
216 217 108 146
217 218 108 145
219 220 108 161
220 221 108 162
221 222 108 163
222 223 108 164
225 224 108 219
226 225 108 220
227 226 108 221
228 227 108 222
229 228 108 223
231 230 108 207
232 216 108 206
232 231 108 206
233 234 108 173
234 235 108 174
235 236 108 175
237 238 108 191
238 239 108 190
239 255 108 189
240 224 108 196
241 240 108 195
242 241 108 194
243 242 108 193
245 244 108 177
246 245 108 178
247 246 108 179
247 248 108 179
248 249 108 178
249 250 108 177
251 252 108 193
252 253 108 194
253 254 108 195
254 255 108 196
0 16 109 52
1 0 109 51
2 1 109 50
3 2 109 49
4 3 109 65
5 4 109 66
6 5 109 67
7 6 109 68
7 8 109 68
8 9 109 67
9 10 109 66
10 11 109 65
11 12 109 49
12 13 109 50
13 14 109 51
14 15 109 52
17 16 109 43
18 17 109 44
19 18 109 45
20 19 109 46
21 20 109 47
22 21 109 63
23 22 109 62
24 23 109 61
24 40 109 61
25 26 109 92
26 27 109 93
27 28 109 94
28 29 109 95
29 30 109 79
30 31 109 78
31 15 109 77
32 48 109 55
33 17 109 83
34 33 109 82
35 34 109 81
36 35 109 97
37 36 109 98
38 37 109 99
39 38 109 100
39 40 109 100
40 41 109 99
41 42 109 98
42 43 109 97
43 44 109 81
44 45 109 82
45 46 109 83
46 47 109 84
50 49 109 41
51 50 109 42
52 51 109 43
53 52 109 44
54 53 109 45
55 54 109 46
56 55 109 47
56 72 109 47
57 58 109 124
58 59 109 125
59 60 109 126
60 61 109 127
61 62 109 111
62 63 109 110
63 47 109 109
64 80 109 38
65 49 109 115
66 65 109 114
67 66 109 113
68 67 109 129
69 68 109 130
70 69 109 131
71 70 109 132
71 72 109 132
72 73 109 131
73 74 109 130
74 75 109 129
75 76 109 113
76 77 109 114
77 78 109 115
78 79 109 116
81 80 109 27
82 81 109 26
83 82 109 25
85 84 109 41
86 85 109 42
87 86 109 43
88 87 109 44
88 104 109 44
89 90 109 156
90 91 109 157
91 92 109 158
92 93 109 159
93 94 109 143
94 95 109 142
95 79 109 141
96 112 109 35
97 81 109 147
98 97 109 146
99 98 109 145
100 99 109 161
101 100 109 162
102 101 109 163
103 102 109 164
103 104 109 164
104 105 109 163
105 106 109 162
106 107 109 161
107 108 109 145
108 109 109 146
109 110 109 147
110 111 109 148
113 112 109 30
114 113 109 29
115 114 109 28
116 115 109 27
117 116 109 26
118 117 109 25
120 119 109 41
120 136 109 41
121 122 109 188
122 123 109 189
123 124 109 190
124 125 109 191
125 126 109 175
126 127 109 174
127 111 109 173
128 144 109 17
129 113 109 179
130 129 109 178
131 130 109 177
132 131 109 193
133 132 109 194
134 133 109 195
135 134 109 196
135 136 109 196
136 137 109 195
137 138 109 194
138 139 109 193
139 140 109 177
140 141 109 178
141 142 109 179
142 143 109 180
145 144 109 14
146 145 109 15
147 146 109 31
148 147 109 30
149 148 109 29
150 149 109 28
151 150 109 27
152 151 109 26
152 168 109 26
153 154 109 220
154 155 109 221
155 156 109 222
156 157 109 223
157 158 109 207
158 159 109 206
159 143 109 205
160 176 109 20
161 145 109 211
162 161 109 210
163 162 109 209
164 163 109 225
165 164 109 226
166 165 109 227
167 166 109 228
167 168 109 228
168 169 109 227
169 170 109 226
170 171 109 225
171 172 109 209
172 173 109 210
173 174 109 211
174 175 109 212
177 176 109 11
178 177 109 12
179 178 109 13
180 179 109 14
181 180 109 15
182 181 109 31
183 182 109 30
184 183 109 29
184 200 109 29
185 186 109 252
186 187 109 253
187 188 109 254
188 189 109 255
189 190 109 239
190 191 109 238
191 175 109 237
192 208 109 23
193 177 109 243
194 193 109 242
195 194 109 241
196 195 109 240
197 196 109 224
199 198 109 208
199 200 109 208
201 202 109 224
202 203 109 240
203 204 109 241
204 205 109 242
205 206 109 243
206 207 109 244
209 208 109 8
210 209 109 9
211 210 109 10
212 211 109 11
213 212 109 12
214 213 109 13
215 214 109 14
216 215 109 15
216 232 109 15
217 218 109 136
219 220 109 152
220 221 109 168
222 223 109 184
223 207 109 200
224 240 109 6
225 209 109 112
226 225 109 96
228 227 109 80
229 228 109 64
231 230 109 48
231 232 109 48
233 234 109 64
234 235 109 80
236 237 109 96
237 238 109 112
241 240 109 40
242 241 109 24
244 243 109 8
245 244 109 9
246 245 109 10
247 246 109 11
248 247 109 12
248 249 109 12
249 250 109 11
250 251 109 10
251 252 109 9
252 253 109 8
254 255 109 24
255 239 109 40
0 1 110 244
1 2 110 243
2 3 110 242
3 4 110 241
4 5 110 240
6 7 110 224
7 8 110 208
7 23 110 208
9 10 110 192
10 11 110 176
12 13 110 160
13 14 110 144
17 16 110 232
18 17 110 248
19 18 110 249
20 19 110 250
21 20 110 251
22 21 110 252
23 22 110 253
24 8 110 254
24 23 110 254
25 41 110 136
26 25 110 152
28 27 110 168
29 28 110 184
31 30 110 200
32 16 110 247
33 34 110 112
35 36 110 96
36 37 110 80
38 39 110 64
39 40 110 48
39 55 110 48
41 42 110 32
42 43 110 16
44 45 110 0
45 46 110 1
46 47 110 2
49 48 110 250
50 49 110 251
51 50 110 252
52 51 110 253
53 52 110 254
54 53 110 255
56 40 110 239
56 55 110 239
57 73 110 11
58 57 110 10
59 58 110 9
60 59 110 8
61 60 110 24
63 62 110 40
64 48 110 229
65 66 110 4
66 67 110 5
67 68 110 6
68 69 110 7
69 70 110 23
70 71 110 22
71 72 110 21
71 87 110 21
72 73 110 20
73 74 110 19
74 75 110 18
75 76 110 17
77 78 110 33
78 79 110 34
81 80 110 253
82 81 110 254
83 82 110 255
85 84 110 239
86 85 110 238
87 86 110 237
88 72 110 236
88 87 110 236
89 105 110 43
90 89 110 42
91 90 110 41
92 91 110 25
93 92 110 26
94 93 110 27
95 94 110 28
96 80 110 226
97 98 110 36
98 99 110 37
99 100 110 38
100 101 110 39
101 102 110 55
102 103 110 54
103 104 110 53
103 119 110 53
104 105 110 52
105 106 110 51
106 107 110 50
107 108 110 49
109 110 110 65
110 111 110 66
114 113 110 239
115 114 110 238
116 115 110 237
117 116 110 236
118 117 110 235
119 118 110 234
120 104 110 233
120 119 110 233
121 137 110 75
122 121 110 74
123 122 110 73
124 123 110 57
125 124 110 58
126 125 110 59
127 126 110 60
128 112 110 209
129 130 110 68
130 131 110 69
131 132 110 70
132 133 110 71
133 134 110 87
134 135 110 86
135 136 110 85
135 151 110 85
136 137 110 84
137 138 110 83
138 139 110 82
139 140 110 81
141 142 110 97
142 143 110 98
145 144 110 237
146 145 110 236
147 146 110 235
148 147 110 234
149 148 110 233
150 149 110 217
151 150 110 218
152 136 110 219
152 151 110 219
153 169 110 107
154 153 110 106
155 154 110 105
156 155 110 89
157 156 110 90
158 157 110 91
159 158 110 92
160 144 110 212
161 162 110 100
162 163 110 101
163 164 110 102
164 165 110 103
165 166 110 119
166 167 110 118
167 168 110 117
167 183 110 117
168 169 110 116
169 170 110 115
170 171 110 114
171 172 110 113
173 174 110 129
174 175 110 130
177 176 110 234
178 177 110 233
179 178 110 217
180 179 110 218
181 180 110 219
182 181 110 220
183 182 110 221
184 168 110 222
184 183 110 222
185 201 110 139
186 185 110 138
187 186 110 137
188 187 110 121
189 188 110 122
190 189 110 123
191 190 110 124
192 176 110 215
193 194 110 132
194 195 110 133
195 196 110 134
196 197 110 135
197 198 110 151
198 199 110 150
199 200 110 149
199 215 110 149
200 201 110 148
201 202 110 147
202 203 110 146
203 204 110 145
205 206 110 161
206 207 110 162
209 208 110 218
210 209 110 219
211 210 110 220
212 211 110 221
213 212 110 222
214 213 110 223
216 200 110 207
216 215 110 207
217 233 110 171
218 217 110 170
219 218 110 169
220 219 110 153
221 220 110 154
222 221 110 155
223 222 110 156
224 208 110 197
225 226 110 164
226 227 110 165
227 228 110 166
228 229 110 167
229 230 110 183
230 231 110 182
231 232 110 181
231 247 110 181
232 233 110 180
233 234 110 179
234 235 110 178
235 236 110 177
237 238 110 193
238 239 110 194
241 240 110 221
242 241 110 222
243 242 110 223
245 244 110 207
246 245 110 206
247 246 110 205
248 232 110 204
248 247 110 204
249 248 110 203
250 249 110 202
251 250 110 201
252 251 110 185
253 252 110 186
254 253 110 187
255 254 110 188
1 0 111 45
2 1 111 46
3 2 111 47
4 3 111 63
5 4 111 62
6 5 111 61
7 6 111 60
8 7 111 59
8 24 111 59
9 8 111 58
10 9 111 57
12 11 111 73
13 12 111 74
14 13 111 75
15 14 111 76
16 32 111 53
17 18 111 84
18 19 111 85
19 20 111 86
20 21 111 87
22 23 111 71
23 7 111 70
23 24 111 70
24 25 111 69
25 26 111 68
26 27 111 67
27 28 111 66
28 29 111 65
29 30 111 49
30 31 111 50
33 32 111 42
34 33 111 43
35 34 111 44
36 35 111 45
37 36 111 46
38 37 111 47
39 38 111 63
40 39 111 62
40 56 111 62
41 25 111 90
42 41 111 89
44 43 111 105
45 44 111 106
46 45 111 107
47 46 111 108
49 50 111 116
50 51 111 117
51 52 111 118
52 53 111 119
54 55 111 103
55 39 111 102
55 56 111 102
56 57 111 101
57 58 111 100
58 59 111 99
59 60 111 98
60 61 111 97
61 62 111 81
62 63 111 82
65 64 111 25
67 66 111 41
68 67 111 42
69 68 111 43
70 69 111 44
71 70 111 45
72 71 111 46
72 88 111 46
73 57 111 122
74 73 111 121
76 75 111 137
77 76 111 138
78 77 111 139
79 78 111 140
80 96 111 37
81 82 111 148
82 83 111 149
83 84 111 150
84 85 111 151
86 87 111 135
87 71 111 134
87 88 111 134
88 89 111 133
89 90 111 132
90 91 111 131
91 92 111 130
92 93 111 129
93 94 111 113
94 95 111 114
97 96 111 28
98 97 111 27
99 98 111 26
100 99 111 25
102 101 111 41
103 102 111 42
104 103 111 43
104 120 111 43
105 89 111 154
106 105 111 153
108 107 111 169
109 108 111 170
110 109 111 171
111 110 111 172
112 128 111 34
113 114 111 180
114 115 111 181
115 116 111 182
116 117 111 183
118 119 111 167
119 103 111 166
119 120 111 166
120 121 111 165
121 122 111 164
122 123 111 163
123 124 111 162
124 125 111 161
125 126 111 145
126 127 111 146
129 128 111 31
130 129 111 30
131 130 111 29
132 131 111 28
133 132 111 27
134 133 111 26
135 134 111 25
137 121 111 186
138 137 111 185
140 139 111 201
141 140 111 202
142 141 111 203
143 142 111 204
144 160 111 18
145 146 111 212
146 147 111 213
147 148 111 214
148 149 111 215
150 151 111 199
151 135 111 198
151 152 111 198
152 153 111 197
153 154 111 196
154 155 111 195
155 156 111 194
156 157 111 193
157 158 111 177
158 159 111 178
161 160 111 13
162 161 111 14
163 162 111 15
164 163 111 31
165 164 111 30
166 165 111 29
167 166 111 28
168 167 111 27
168 184 111 27
169 153 111 218
170 169 111 217
172 171 111 233
173 172 111 234
174 173 111 235
175 174 111 236
176 192 111 21
177 178 111 244
178 179 111 245
179 180 111 246
180 181 111 247
182 183 111 231
183 167 111 230
183 184 111 230
184 185 111 229
185 186 111 228
186 187 111 227
187 188 111 226
188 189 111 225
189 190 111 209
190 191 111 210
193 192 111 10
194 193 111 11
195 194 111 12
196 195 111 13
197 196 111 14
198 197 111 15
199 198 111 31
200 199 111 30
200 216 111 30
201 185 111 250
202 201 111 249
203 202 111 248
205 204 111 232
206 205 111 216
210 211 111 128
211 212 111 144
213 214 111 160
214 215 111 176
216 217 111 192
217 218 111 208
219 220 111 224
220 221 111 240
221 222 111 241
222 223 111 242
226 225 111 8
227 226 111 9
228 227 111 10
229 228 111 11
230 229 111 12
231 230 111 13
232 231 111 14
232 248 111 14
234 233 111 104
235 234 111 88
237 236 111 72
238 237 111 56
240 241 111 5
241 242 111 4
242 243 111 3
243 244 111 2
244 245 111 1
245 246 111 0
246 247 111 16
248 249 111 32
249 250 111 48
251 252 111 64
252 253 111 80
254 255 111 96
2 1 112 232
3 2 112 248
4 3 112 249
5 4 112 250
6 5 112 251
7 6 112 252
8 7 112 253
8 9 112 253
9 10 112 252
10 11 112 251
11 12 112 250
12 13 112 249
13 14 112 248
14 15 112 232
16 0 112 246
18 17 112 144
19 18 112 160
21 20 112 176
22 21 112 192
24 25 112 192
25 26 112 176
27 28 112 160
28 29 112 144
30 31 112 128
33 32 112 249
34 33 112 250
35 34 112 251
36 35 112 252
37 36 112 253
38 37 112 254
39 38 112 255
42 43 112 120
43 44 112 104
45 46 112 88
46 47 112 72
48 32 112 230
49 65 112 2
50 49 112 1
51 50 112 0
53 52 112 16
54 53 112 32
56 57 112 32
57 58 112 16
59 60 112 0
60 61 112 1
61 62 112 2
62 63 112 3
65 64 112 252
66 65 112 253
67 66 112 254
68 67 112 255
70 69 112 239
71 70 112 238
72 56 112 237
72 71 112 237
73 74 112 12
74 75 112 13
75 76 112 14
76 77 112 15
78 79 112 31
79 95 112 30
80 64 112 227
81 97 112 34
82 81 112 33
84 83 112 17
85 84 112 18
86 85 112 19
87 86 112 20
87 88 112 20
88 89 112 19
89 90 112 18
90 91 112 17
92 93 112 33
93 94 112 34
94 95 112 35
97 96 112 255
99 98 112 239
100 99 112 238
101 100 112 237
102 101 112 236
103 102 112 235
104 88 112 234
104 103 112 234
105 106 112 44
106 107 112 45
107 108 112 46
108 109 112 47
110 111 112 63
111 127 112 62
113 129 112 66
114 113 112 65
116 115 112 49
117 116 112 50
118 117 112 51
119 118 112 52
119 120 112 52
120 121 112 51
121 122 112 50
122 123 112 49
124 125 112 65
125 126 112 66
126 127 112 67
129 128 112 238
130 129 112 237
131 130 112 236
132 131 112 235
133 132 112 234
134 133 112 233
135 134 112 217
136 120 112 218
136 135 112 218
137 138 112 76
138 139 112 77
139 140 112 78
140 141 112 79
142 143 112 95
143 159 112 94
144 128 112 211
145 161 112 98
146 145 112 97
148 147 112 81
149 148 112 82
150 149 112 83
151 150 112 84
151 152 112 84
152 153 112 83
153 154 112 82
154 155 112 81
156 157 112 97
157 158 112 98
158 159 112 99
161 160 112 235
162 161 112 234
163 162 112 233
164 163 112 217
165 164 112 218
166 165 112 219
167 166 112 220
168 152 112 221
168 167 112 221
169 170 112 108
170 171 112 109
171 172 112 110
172 173 112 111
174 175 112 127
175 191 112 126
176 160 112 214
177 193 112 130
178 177 112 129
180 179 112 113
181 180 112 114
182 181 112 115
183 182 112 116
183 184 112 116
184 185 112 115
185 186 112 114
186 187 112 113
188 189 112 129
189 190 112 130
190 191 112 131
193 192 112 217
194 193 112 218
195 194 112 219
196 195 112 220
197 196 112 221
198 197 112 222
199 198 112 223
201 202 112 140
202 203 112 141
203 204 112 142
204 205 112 143
206 207 112 159
207 223 112 158
208 192 112 198
209 225 112 162
210 209 112 161
212 211 112 145
213 212 112 146
214 213 112 147
215 214 112 148
215 216 112 148
216 217 112 147
217 218 112 146
218 219 112 145
220 221 112 161
221 222 112 162
222 223 112 163
225 224 112 220
226 225 112 221
227 226 112 222
228 227 112 223
230 229 112 207
231 230 112 206
232 216 112 205
232 231 112 205
233 234 112 172
234 235 112 173
235 236 112 174
236 237 112 175
238 239 112 191
239 255 112 190
240 224 112 195
241 240 112 194
242 241 112 193
244 243 112 177
245 244 112 178
246 245 112 179
247 246 112 180
247 248 112 180
248 249 112 179
249 250 112 178
250 251 112 177
252 253 112 193
253 254 112 194
254 255 112 195
0 16 113 51
1 0 113 50
2 1 113 49
3 2 113 65
4 3 113 66
5 4 113 67
6 5 113 68
7 6 113 69
7 8 113 69
8 9 113 68
9 10 113 67
10 11 113 66
11 12 113 65
12 13 113 49
13 14 113 50
14 15 113 51
17 16 113 44
18 17 113 45
19 18 113 46
20 19 113 47
21 20 113 63
22 21 113 62
23 22 113 61
24 23 113 60
24 40 113 60
25 26 113 91
26 27 113 92
27 28 113 93
28 29 113 94
29 30 113 95
30 31 113 79
31 15 113 78
32 48 113 54
33 17 113 82
34 33 113 81
35 34 113 97
36 35 113 98
37 36 113 99
38 37 113 100
39 38 113 101
39 40 113 101
40 41 113 100
41 42 113 99
42 43 113 98
43 44 113 97
44 45 113 81
45 46 113 82
46 47 113 83
49 48 113 41
50 49 113 42
51 50 113 43
52 51 113 44
53 52 113 45
54 53 113 46
55 54 113 47
56 55 113 63
56 72 113 63
57 58 113 123
58 59 113 124
59 60 113 125
60 61 113 126
61 62 113 127
62 63 113 111
63 47 113 110
64 80 113 39
65 49 113 114
66 65 113 113
67 66 113 129
68 67 113 130
69 68 113 131
70 69 113 132
71 70 113 133
71 72 113 133
72 73 113 132
73 74 113 131
74 75 113 130
75 76 113 129
76 77 113 113
77 78 113 114
78 79 113 115
81 80 113 26
82 81 113 25
84 83 113 41
85 84 113 42
86 85 113 43
87 86 113 44
88 87 113 45
88 104 113 45
89 90 113 155
90 91 113 156
91 92 113 157
92 93 113 158
93 94 113 159
94 95 113 143
95 79 113 142
96 112 113 36
97 81 113 146
98 97 113 145
99 98 113 161
100 99 113 162
101 100 113 163
102 101 113 164
103 102 113 165
103 104 113 165
104 105 113 164
105 106 113 163
106 107 113 162
107 108 113 161
108 109 113 145
109 110 113 146
110 111 113 147
113 112 113 29
114 113 113 28
115 114 113 27
116 115 113 26
117 116 113 25
119 118 113 41
120 119 113 42
120 136 113 42
121 122 113 187
122 123 113 188
123 124 113 189
124 125 113 190
125 126 113 191
126 127 113 175
127 111 113 174
128 144 113 33
129 113 113 178
130 129 113 177
131 130 113 193
132 131 113 194
133 132 113 195
134 133 113 196
135 134 113 197
135 136 113 197
136 137 113 196
137 138 113 195
138 139 113 194
139 140 113 193
140 141 113 177
141 142 113 178
142 143 113 179
145 144 113 15
146 145 113 31
147 146 113 30
148 147 113 29
149 148 113 28
150 149 113 27
151 150 113 26
152 151 113 25
152 168 113 25
153 154 113 219
154 155 113 220
155 156 113 221
156 157 113 222
157 158 113 223
158 159 113 207
159 143 113 206
160 176 113 19
161 145 113 210
162 161 113 209
163 162 113 225
164 163 113 226
165 164 113 227
166 165 113 228
167 166 113 229
167 168 113 229
168 169 113 228
169 170 113 227
170 171 113 226
171 172 113 225
172 173 113 209
173 174 113 210
174 175 113 211
177 176 113 12
178 177 113 13
179 178 113 14
180 179 113 15
181 180 113 31
182 181 113 30
183 182 113 29
184 183 113 28
184 200 113 28
185 186 113 251
186 187 113 252
187 188 113 253
188 189 113 254
189 190 113 255
190 191 113 239
191 175 113 238
192 208 113 22
193 177 113 242
194 193 113 241
195 194 113 240
196 195 113 224
198 197 113 208
199 198 113 192
199 200 113 192
200 201 113 208
202 203 113 224
203 204 113 240
204 205 113 241
205 206 113 242
206 207 113 243
209 208 113 9
210 209 113 10
211 210 113 11
212 211 113 12
213 212 113 13
214 213 113 14
215 214 113 15
216 215 113 31
216 232 113 31
217 218 113 120
218 219 113 136
220 221 113 152
221 222 113 168
223 207 113 184
224 240 113 7
225 209 113 96
227 226 113 80
228 227 113 64
230 229 113 48
231 230 113 32
231 232 113 32
232 233 113 48
234 235 113 64
235 236 113 80
237 238 113 96
238 239 113 112
241 240 113 24
243 242 113 8
244 243 113 9
245 244 113 10
246 245 113 11
247 246 113 12
248 247 113 13
248 249 113 13
249 250 113 12
250 251 113 11
251 252 113 10
252 253 113 9
253 254 113 8
255 239 113 24
0 1 114 245
1 2 114 244
2 3 114 243
3 4 114 242
4 5 114 241
5 6 114 240
7 8 114 224
7 23 114 224
8 9 114 208
10 11 114 192
11 12 114 176
13 14 114 160
14 15 114 144
17 16 114 248
18 17 114 249
19 18 114 250
20 19 114 251
21 20 114 252
22 21 114 253
23 22 114 254
24 8 114 255
24 23 114 255
25 41 114 152
27 26 114 168
28 27 114 184
30 29 114 200
31 30 114 216
32 16 114 231
33 34 114 128
34 35 114 112
36 37 114 96
37 38 114 80
39 40 114 64
39 55 114 64
40 41 114 48
42 43 114 32
43 44 114 16
45 46 114 0
46 47 114 1
49 48 114 251
50 49 114 252
51 50 114 253
52 51 114 254
53 52 114 255
55 54 114 239
56 40 114 238
56 55 114 238
57 73 114 10
58 57 114 9
59 58 114 8
60 59 114 24
62 61 114 40
63 62 114 56
64 48 114 228
65 66 114 3
66 67 114 4
67 68 114 5
68 69 114 6
69 70 114 7
70 71 114 23
71 72 114 22
71 87 114 22
72 73 114 21
73 74 114 20
74 75 114 19
75 76 114 18
76 77 114 17
78 79 114 33
81 80 114 254
82 81 114 255
84 83 114 239
85 84 114 238
86 85 114 237
87 86 114 236
88 72 114 235
88 87 114 235
89 105 114 42
90 89 114 41
91 90 114 25
92 91 114 26
93 92 114 27
94 93 114 28
95 94 114 29
96 80 114 225
97 98 114 35
98 99 114 36
99 100 114 37
100 101 114 38
101 102 114 39
102 103 114 55
103 104 114 54
103 119 114 54
104 105 114 53
105 106 114 52
106 107 114 51
107 108 114 50
108 109 114 49
110 111 114 65
113 112 114 239
114 113 114 238
115 114 114 237
116 115 114 236
117 116 114 235
118 117 114 234
119 118 114 233
120 104 114 217
120 119 114 217
121 137 114 74
122 121 114 73
123 122 114 57
124 123 114 58
125 124 114 59
126 125 114 60
127 126 114 61
128 112 114 210
129 130 114 67
130 131 114 68
131 132 114 69
132 133 114 70
133 134 114 71
134 135 114 87
135 136 114 86
135 151 114 86
136 137 114 85
137 138 114 84
138 139 114 83
139 140 114 82
140 141 114 81
142 143 114 97
145 144 114 236
146 145 114 235
147 146 114 234
148 147 114 233
149 148 114 217
150 149 114 218
151 150 114 219
152 136 114 220
152 151 114 220
153 169 114 106
154 153 114 105
155 154 114 89
156 155 114 90
157 156 114 91
158 157 114 92
159 158 114 93
160 144 114 213
161 162 114 99
162 163 114 100
163 164 114 101
164 165 114 102
165 166 114 103
166 167 114 119
167 168 114 118
167 183 114 118
168 169 114 117
169 170 114 116
170 171 114 115
171 172 114 114
172 173 114 113
174 175 114 129
177 176 114 233
178 177 114 217
179 178 114 218
180 179 114 219
181 180 114 220
182 181 114 221
183 182 114 222
184 168 114 223
184 183 114 223
185 201 114 138
186 185 114 137
187 186 114 121
188 187 114 122
189 188 114 123
190 189 114 124
191 190 114 125
192 176 114 199
193 194 114 131
194 195 114 132
195 196 114 133
196 197 114 134
197 198 114 135
198 199 114 151
199 200 114 150
199 215 114 150
200 201 114 149
201 202 114 148
202 203 114 147
203 204 114 146
204 205 114 145
206 207 114 161
209 208 114 219
210 209 114 220
211 210 114 221
212 211 114 222
213 212 114 223
215 214 114 207
216 200 114 206
216 215 114 206
217 233 114 170
218 217 114 169
219 218 114 153
220 219 114 154
221 220 114 155
222 221 114 156
223 222 114 157
224 208 114 196
225 226 114 163
226 227 114 164
227 228 114 165
228 229 114 166
229 230 114 167
230 231 114 183
231 232 114 182
231 247 114 182
232 233 114 181
233 234 114 180
234 235 114 179
235 236 114 178
236 237 114 177
238 239 114 193
241 240 114 222
242 241 114 223
244 243 114 207
245 244 114 206
246 245 114 205
247 246 114 204
248 232 114 203
248 247 114 203
249 248 114 202
250 249 114 201
251 250 114 185
252 251 114 186
253 252 114 187
254 253 114 188
255 254 114 189
1 0 115 46
2 1 115 47
3 2 115 63
4 3 115 62
5 4 115 61
6 5 115 60
7 6 115 59
8 7 115 58
8 24 115 58
9 8 115 57
11 10 115 73
12 11 115 74
13 12 115 75
14 13 115 76
15 14 115 77
16 32 115 52
17 18 115 83
18 19 115 84
19 20 115 85
20 21 115 86
21 22 115 87
23 7 115 71
23 24 115 71
24 25 115 70
25 26 115 69
26 27 115 68
27 28 115 67
28 29 115 66
29 30 115 65
30 31 115 49
33 32 115 43
34 33 115 44
35 34 115 45
36 35 115 46
37 36 115 47
38 37 115 63
39 38 115 62
40 39 115 61
40 56 115 61
41 25 115 89
43 42 115 105
44 43 115 106
45 44 115 107
46 45 115 108
47 46 115 109
48 64 115 55
49 50 115 115
50 51 115 116
51 52 115 117
52 53 115 118
53 54 115 119
55 39 115 103
55 56 115 103
56 57 115 102
57 58 115 101
58 59 115 100
59 60 115 99
60 61 115 98
61 62 115 97
62 63 115 81
66 65 115 41
67 66 115 42
68 67 115 43
69 68 115 44
70 69 115 45
71 70 115 46
72 71 115 47
72 88 115 47
73 57 115 121
75 74 115 137
76 75 115 138
77 76 115 139
78 77 115 140
79 78 115 141
80 96 115 38
81 82 115 147
82 83 115 148
83 84 115 149
84 85 115 150
85 86 115 151
87 71 115 135
87 88 115 135
88 89 115 134
89 90 115 133
90 91 115 132
91 92 115 131
92 93 115 130
93 94 115 129
94 95 115 113
97 96 115 27
98 97 115 26
99 98 115 25
101 100 115 41
102 101 115 42
103 102 115 43
104 103 115 44
104 120 115 44
105 89 115 153
107 106 115 169
108 107 115 170
109 108 115 171
110 109 115 172
111 110 115 173
112 128 115 35
113 114 115 179
114 115 115 180
115 116 115 181
116 117 115 182
117 118 115 183
119 103 115 167
119 120 115 167
120 121 115 166
121 122 115 165
122 123 115 164
123 124 115 163
124 125 115 162
125 126 115 161
126 127 115 145
129 128 115 30
130 129 115 29
131 130 115 28
132 131 115 27
133 132 115 26
134 133 115 25
136 135 115 41
136 152 115 41
137 121 115 185
139 138 115 201
140 139 115 202
141 140 115 203
142 141 115 204
143 142 115 205
144 160 115 17
145 146 115 211
146 147 115 212
147 148 115 213
148 149 115 214
149 150 115 215
151 135 115 199
151 152 115 199
152 153 115 198
153 154 115 197
154 155 115 196
155 156 115 195
156 157 115 194
157 158 115 193
158 159 115 177
161 160 115 14
162 161 115 15
163 162 115 31
164 163 115 30
165 164 115 29
166 165 115 28
167 166 115 27
168 167 115 26
168 184 115 26
169 153 115 217
171 170 115 233
172 171 115 234
173 172 115 235
174 173 115 236
175 174 115 237
176 192 115 20
177 178 115 243
178 179 115 244
179 180 115 245
180 181 115 246
181 182 115 247
183 167 115 231
183 184 115 231
184 185 115 230
185 186 115 229
186 187 115 228
187 188 115 227
188 189 115 226
189 190 115 225
190 191 115 209
193 192 115 11
194 193 115 12
195 194 115 13
196 195 115 14
197 196 115 15
198 197 115 31
199 198 115 30
200 199 115 29
200 216 115 29
201 185 115 249
202 201 115 248
204 203 115 232
205 204 115 216
207 206 115 200
208 224 115 23
209 210 115 112
211 212 115 128
212 213 115 144
214 215 115 160
215 199 115 176
215 216 115 176
217 218 115 192
218 219 115 208
220 221 115 224
221 222 115 240
222 223 115 241
225 224 115 8
226 225 115 9
227 226 115 10
228 227 115 11
229 228 115 12
230 229 115 13
231 230 115 14
232 231 115 15
232 248 115 15
233 217 115 104
234 233 115 88
236 235 115 72
237 236 115 56
239 238 115 40
240 241 115 6
241 242 115 5
242 243 115 4
243 244 115 3
244 245 115 2
245 246 115 1
246 247 115 0
247 231 115 16
247 248 115 16
249 250 115 32
250 251 115 48
252 253 115 64
253 254 115 80
1 0 116 232
2 1 116 248
3 2 116 249
4 3 116 250
5 4 116 251
6 5 116 252
7 6 116 253
8 7 116 254
8 9 116 254
9 10 116 253
10 11 116 252
11 12 116 251
12 13 116 250
13 14 116 249
14 15 116 248
15 31 116 232
16 0 116 247
17 33 116 144
18 17 116 160
20 19 116 176
21 20 116 192
23 22 116 208
23 24 116 208
25 26 116 192
26 27 116 176
28 29 116 160
29 30 116 144
33 32 116 250
34 33 116 251
35 34 116 252
36 35 116 253
37 36 116 254
38 37 116 255
40 24 116 239
40 39 116 239
41 42 116 136
43 44 116 120
44 45 116 104
46 47 116 88
47 63 116 72
48 32 116 229
49 65 116 1
50 49 116 0
52 51 116 16
53 52 116 32
55 54 116 48
55 56 116 48
57 58 116 32
58 59 116 16
60 61 116 0
61 62 116 1
62 63 116 2
65 64 116 253
66 65 116 254
67 66 116 255
69 68 116 239
70 69 116 238
71 70 116 237
72 56 116 236
72 71 116 236
73 74 116 11
74 75 116 12
75 76 116 13
76 77 116 14
77 78 116 15
79 95 116 31
80 64 116 226
81 97 116 33
83 82 116 17
84 83 116 18
85 84 116 19
86 85 116 20
87 86 116 21
87 88 116 21
88 89 116 20
89 90 116 19
90 91 116 18
91 92 116 17
93 94 116 33
94 95 116 34
98 97 116 239
99 98 116 238
100 99 116 237
101 100 116 236
102 101 116 235
103 102 116 234
104 88 116 233
104 103 116 233
105 106 116 43
106 107 116 44
107 108 116 45
108 109 116 46
109 110 116 47
111 127 116 63
112 96 116 209
113 129 116 65
115 114 116 49
116 115 116 50
117 116 116 51
118 117 116 52
119 118 116 53
119 120 116 53
120 121 116 52
121 122 116 51
122 123 116 50
123 124 116 49
125 126 116 65
126 127 116 66
129 128 116 237
130 129 116 236
131 130 116 235
132 131 116 234
133 132 116 233
134 133 116 217
135 134 116 218
136 120 116 219
136 135 116 219
137 138 116 75
138 139 116 76
139 140 116 77
140 141 116 78
141 142 116 79
143 159 116 95
144 128 116 212
145 161 116 97
147 146 116 81
148 147 116 82
149 148 116 83
150 149 116 84
151 150 116 85
151 152 116 85
152 153 116 84
153 154 116 83
154 155 116 82
155 156 116 81
157 158 116 97
158 159 116 98
161 160 116 234
162 161 116 233
163 162 116 217
164 163 116 218
165 164 116 219
166 165 116 220
167 166 116 221
168 152 116 222
168 167 116 222
169 170 116 107
170 171 116 108
171 172 116 109
172 173 116 110
173 174 116 111
175 191 116 127
176 160 116 215
177 193 116 129
179 178 116 113
180 179 116 114
181 180 116 115
182 181 116 116
183 182 116 117
183 184 116 117
184 185 116 116
185 186 116 115
186 187 116 114
187 188 116 113
189 190 116 129
190 191 116 130
193 192 116 218
194 193 116 219
195 194 116 220
196 195 116 221
197 196 116 222
198 197 116 223
200 184 116 207
200 199 116 207
201 202 116 139
202 203 116 140
203 204 116 141
204 205 116 142
205 206 116 143
207 223 116 159
208 192 116 197
209 225 116 161
211 210 116 145
212 211 116 146
213 212 116 147
214 213 116 148
215 214 116 149
215 216 116 149
216 217 116 148
217 218 116 147
218 219 116 146
219 220 116 145
221 222 116 161
222 223 116 162
225 224 116 221
226 225 116 222
227 226 116 223
229 228 116 207
230 229 116 206
231 230 116 205
232 216 116 204
232 231 116 204
233 234 116 171
234 235 116 172
235 236 116 173
236 237 116 174
237 238 116 175
239 255 116 191
240 224 116 194
241 240 116 193
243 242 116 177
244 243 116 178
245 244 116 179
246 245 116 180
247 246 116 181
247 248 116 181
248 249 116 180
249 250 116 179
250 251 116 178
251 252 116 177
253 254 116 193
254 255 116 194
0 16 117 50
1 0 117 49
2 1 117 65
3 2 117 66
4 3 117 67
5 4 117 68
6 5 117 69
7 6 117 70
7 8 117 70
8 9 117 69
9 10 117 68
10 11 117 67
11 12 117 66
12 13 117 65
13 14 117 49
14 15 117 50
17 16 117 45
18 17 117 46
19 18 117 47
20 19 117 63
21 20 117 62
22 21 117 61
23 22 117 60
24 23 117 59
24 40 117 59
25 26 117 90
26 27 117 91
27 28 117 92
28 29 117 93
29 30 117 94
30 31 117 95
31 15 117 79
32 48 117 53
33 17 117 81
34 33 117 97
35 34 117 98
36 35 117 99
37 36 117 100
38 37 117 101
39 38 117 102
39 40 117 102
40 41 117 101
41 42 117 100
42 43 117 99
43 44 117 98
44 45 117 97
45 46 117 81
46 47 117 82
49 48 117 42
50 49 117 43
51 50 117 44
52 51 117 45
53 52 117 46
54 53 117 47
55 54 117 63
56 55 117 62
56 72 117 62
57 58 117 122
58 59 117 123
59 60 117 124
60 61 117 125
61 62 117 126
62 63 117 127
63 47 117 111
65 49 117 113
66 65 117 129
67 66 117 130
68 67 117 131
69 68 117 132
70 69 117 133
71 70 117 134
71 72 117 134
72 73 117 133
73 74 117 132
74 75 117 131
75 76 117 130
76 77 117 129
77 78 117 113
78 79 117 114
81 80 117 25
83 82 117 41
84 83 117 42
85 84 117 43
86 85 117 44
87 86 117 45
88 87 117 46
88 104 117 46
89 90 117 154
90 91 117 155
91 92 117 156
92 93 117 157
93 94 117 158
94 95 117 159
95 79 117 143
96 112 117 37
97 81 117 145
98 97 117 161
99 98 117 162
100 99 117 163
101 100 117 164
102 101 117 165
103 102 117 166
103 104 117 166
104 105 117 165
105 106 117 164
106 107 117 163
107 108 117 162
108 109 117 161
109 110 117 145
110 111 117 146
113 112 117 28
114 113 117 27
115 114 117 26
116 115 117 25
118 117 117 41
119 118 117 42
120 119 117 43
120 136 117 43
121 122 117 186
122 123 117 187
123 124 117 188
124 125 117 189
125 126 117 190
126 127 117 191
127 111 117 175
128 144 117 34
129 113 117 177
130 129 117 193
131 130 117 194
132 131 117 195
133 132 117 196
134 133 117 197
135 134 117 198
135 136 117 198
136 137 117 197
137 138 117 196
138 139 117 195
139 140 117 194
140 141 117 193
141 142 117 177
142 143 117 178
145 144 117 31
146 145 117 30
147 146 117 29
148 147 117 28
149 148 117 27
150 149 117 26
151 150 117 25
153 154 117 218
154 155 117 219
155 156 117 220
156 157 117 221
157 158 117 222
158 159 117 223
159 143 117 207
160 176 117 18
161 145 117 209
162 161 117 225
163 162 117 226
164 163 117 227
165 164 117 228
166 165 117 229
167 166 117 230
167 168 117 230
168 169 117 229
169 170 117 228
170 171 117 227
171 172 117 226
172 173 117 225
173 174 117 209
174 175 117 210
177 176 117 13
178 177 117 14
179 178 117 15
180 179 117 31
181 180 117 30
182 181 117 29
183 182 117 28
184 183 117 27
184 200 117 27
185 186 117 250
186 187 117 251
187 188 117 252
188 189 117 253
189 190 117 254
190 191 117 255
191 175 117 239
192 208 117 21
193 177 117 241
194 193 117 240
195 194 117 224
197 196 117 208
198 197 117 192
200 201 117 192
201 202 117 208
203 204 117 224
204 205 117 240
205 206 117 241
206 207 117 242
209 208 117 10
210 209 117 11
211 210 117 12
212 211 117 13
213 212 117 14
214 213 117 15
215 214 117 31
216 215 117 30
216 232 117 30
218 219 117 120
219 220 117 136
221 222 117 152
222 223 117 168
226 225 117 80
227 226 117 64
229 228 117 48
230 229 117 32
232 233 117 32
233 234 117 48
235 236 117 64
236 237 117 80
238 239 117 96
242 241 117 8
243 242 117 9
244 243 117 10
245 244 117 11
246 245 117 12
247 246 117 13
248 247 117 14
248 249 117 14
249 250 117 13
250 251 117 12
251 252 117 11
252 253 117 10
253 254 117 9
254 255 117 8
0 1 118 246
1 2 118 245
2 3 118 244
3 4 118 243
4 5 118 242
5 6 118 241
6 7 118 240
8 9 118 224
9 10 118 208
11 12 118 192
12 13 118 176
14 15 118 160
17 16 118 249
18 17 118 250
19 18 118 251
20 19 118 252
21 20 118 253
22 21 118 254
23 22 118 255
26 25 118 168
27 26 118 184
29 28 118 200
30 29 118 216
32 16 118 230
34 35 118 128
35 36 118 112
37 38 118 96
38 39 118 80
40 41 118 64
41 42 118 48
43 44 118 32
44 45 118 16
46 47 118 0
49 48 118 252
50 49 118 253
51 50 118 254
52 51 118 255
54 53 118 239
55 54 118 238
56 40 118 237
56 55 118 237
57 73 118 9
58 57 118 8
59 58 118 24
61 60 118 40
62 61 118 56
64 48 118 227
65 66 118 2
66 67 118 3
67 68 118 4
68 69 118 5
69 70 118 6
70 71 118 7
71 72 118 23
71 87 118 23
72 73 118 22
73 74 118 21
74 75 118 20
75 76 118 19
76 77 118 18
77 78 118 17
81 80 118 255
83 82 118 239
84 83 118 238
85 84 118 237
86 85 118 236
87 86 118 235
88 72 118 234
88 87 118 234
89 105 118 41
90 89 118 25
91 90 118 26
92 91 118 27
93 92 118 28
94 93 118 29
95 94 118 30
97 98 118 34
98 99 118 35
99 100 118 36
100 101 118 37
101 102 118 38
102 103 118 39
103 104 118 55
103 119 118 55
104 105 118 54
105 106 118 53
106 107 118 52
107 108 118 51
108 109 118 50
109 110 118 49
113 112 118 238
114 113 118 237
115 114 118 236
116 115 118 235
117 116 118 234
118 117 118 233
119 118 118 217
120 104 118 218
120 119 118 218
121 137 118 73
122 121 118 57
123 122 118 58
124 123 118 59
125 124 118 60
126 125 118 61
127 126 118 62
128 112 118 211
129 130 118 66
130 131 118 67
131 132 118 68
132 133 118 69
133 134 118 70
134 135 118 71
135 136 118 87
135 151 118 87
136 137 118 86
137 138 118 85
138 139 118 84
139 140 118 83
140 141 118 82
141 142 118 81
145 144 118 235
146 145 118 234
147 146 118 233
148 147 118 217
149 148 118 218
150 149 118 219
151 150 118 220
152 136 118 221
152 151 118 221
153 169 118 105
154 153 118 89
155 154 118 90
156 155 118 91
157 156 118 92
158 157 118 93
159 158 118 94
160 144 118 214
161 162 118 98
162 163 118 99
163 164 118 100
164 165 118 101
165 166 118 102
166 167 118 103
167 168 118 119
167 183 118 119
168 169 118 118
169 170 118 117
170 171 118 116
171 172 118 115
172 173 118 114
173 174 118 113
177 176 118 217
178 177 118 218
179 178 118 219
180 179 118 220
181 180 118 221
182 181 118 222
183 182 118 223
185 201 118 137
186 185 118 121
187 186 118 122
188 187 118 123
189 188 118 124
190 189 118 125
191 190 118 126
192 176 118 198
193 194 118 130
194 195 118 131
195 196 118 132
196 197 118 133
197 198 118 134
198 199 118 135
199 200 118 151
199 215 118 151
200 201 118 150
201 202 118 149
202 203 118 148
203 204 118 147
204 205 118 146
205 206 118 145
209 208 118 220
210 209 118 221
211 210 118 222
212 211 118 223
214 213 118 207
215 214 118 206
216 200 118 205
216 215 118 205
217 233 118 169
218 217 118 153
219 218 118 154
220 219 118 155
221 220 118 156
222 221 118 157
223 222 118 158
224 208 118 195
225 226 118 162
226 227 118 163
227 228 118 164
228 229 118 165
229 230 118 166
230 231 118 167
231 232 118 183
231 247 118 183
232 233 118 182
233 234 118 181
234 235 118 180
235 236 118 179
236 237 118 178
237 238 118 177
241 240 118 223
243 242 118 207
244 243 118 206
245 244 118 205
246 245 118 204
247 246 118 203
248 232 118 202
248 247 118 202
249 248 118 201
250 249 118 185
251 250 118 186
252 251 118 187
253 252 118 188
254 253 118 189
255 254 118 190
1 0 119 47
2 1 119 63
3 2 119 62
4 3 119 61
5 4 119 60
6 5 119 59
7 6 119 58
8 7 119 57
8 24 119 57
10 9 119 73
11 10 119 74
12 11 119 75
13 12 119 76
14 13 119 77
15 14 119 78
16 32 119 51
17 18 119 82
18 19 119 83
19 20 119 84
20 21 119 85
21 22 119 86
22 23 119 87
24 25 119 71
25 26 119 70
26 27 119 69
27 28 119 68
28 29 119 67
29 30 119 66
30 31 119 65
33 32 119 44
34 33 119 45
35 34 119 46
36 35 119 47
37 36 119 63
38 37 119 62
39 38 119 61
40 39 119 60
40 56 119 60
42 41 119 105
43 42 119 106
44 43 119 107
45 44 119 108
46 45 119 109
47 46 119 110
48 64 119 54
49 50 119 114
50 51 119 115
51 52 119 116
52 53 119 117
53 54 119 118
54 55 119 119
56 57 119 103
57 58 119 102
58 59 119 101
59 60 119 100
60 61 119 99
61 62 119 98
62 63 119 97
65 64 119 41
66 65 119 42
67 66 119 43
68 67 119 44
69 68 119 45
70 69 119 46
71 70 119 47
72 71 119 63
72 88 119 63
74 73 119 137
75 74 119 138
76 75 119 139
77 76 119 140
78 77 119 141
79 78 119 142
80 96 119 39
81 82 119 146
82 83 119 147
83 84 119 148
84 85 119 149
85 86 119 150
86 87 119 151
88 89 119 135
89 90 119 134
90 91 119 133
91 92 119 132
92 93 119 131
93 94 119 130
94 95 119 129
97 96 119 26
98 97 119 25
100 99 119 41
101 100 119 42
102 101 119 43
103 102 119 44
104 103 119 45
104 120 119 45
106 105 119 169
107 106 119 170
108 107 119 171
109 108 119 172
110 109 119 173
111 110 119 174
112 128 119 36
113 114 119 178
114 115 119 179
115 116 119 180
116 117 119 181
117 118 119 182
118 119 119 183
120 121 119 167
121 122 119 166
122 123 119 165
123 124 119 164
124 125 119 163
125 126 119 162
126 127 119 161
129 128 119 29
130 129 119 28
131 130 119 27
132 131 119 26
133 132 119 25
135 134 119 41
136 135 119 42
136 152 119 42
138 137 119 201
139 138 119 202
140 139 119 203
141 140 119 204
142 141 119 205
143 142 119 206
144 160 119 33
145 146 119 210
146 147 119 211
147 148 119 212
148 149 119 213
149 150 119 214
150 151 119 215
152 153 119 199
153 154 119 198
154 155 119 197
155 156 119 196
156 157 119 195
157 158 119 194
158 159 119 193
161 160 119 15
162 161 119 31
163 162 119 30
164 163 119 29
165 164 119 28
166 165 119 27
167 166 119 26
168 167 119 25
168 184 119 25
170 169 119 233
171 170 119 234
172 171 119 235
173 172 119 236
174 173 119 237
175 174 119 238
176 192 119 19
177 178 119 242
178 179 119 243
179 180 119 244
180 181 119 245
181 182 119 246
182 183 119 247
184 185 119 231
185 186 119 230
186 187 119 229
187 188 119 228
188 189 119 227
189 190 119 226
190 191 119 225
193 192 119 12
194 193 119 13
195 194 119 14
196 195 119 15
197 196 119 31
198 197 119 30
199 198 119 29
200 199 119 28
200 216 119 28
201 185 119 248
203 202 119 232
204 203 119 216
206 205 119 200
207 206 119 184
208 224 119 22
209 210 119 96
210 211 119 112
212 213 119 128
213 214 119 144
215 199 119 160
215 216 119 160
216 217 119 176
218 219 119 192
219 220 119 208
221 222 119 224
222 223 119 240
225 224 119 9
226 225 119 10
227 226 119 11
228 227 119 12
229 228 119 13
230 229 119 14
231 230 119 15
232 231 119 31
232 248 119 31
233 217 119 88
235 234 119 72
236 235 119 56
238 237 119 40
239 238 119 24
240 241 119 7
241 242 119 6
242 243 119 5
243 244 119 4
244 245 119 3
245 246 119 2
246 247 119 1
247 231 119 0
247 248 119 0
248 249 119 16
250 251 119 32
251 252 119 48
253 254 119 64
254 255 119 80
1 0 120 248
2 1 120 249
3 2 120 250
4 3 120 251
5 4 120 252
6 5 120 253
7 6 120 254
8 7 120 255
8 9 120 255
9 10 120 254
10 11 120 253
11 12 120 252
12 13 120 251
13 14 120 250
14 15 120 249
15 31 120 248
16 0 120 231
17 33 120 160
19 18 120 176
20 19 120 192
22 21 120 208
23 22 120 224
23 24 120 224
24 25 120 208
26 27 120 192
27 28 120 176
29 30 120 160
30 31 120 144
33 32 120 251
34 33 120 252
35 34 120 253
36 35 120 254
37 36 120 255
39 38 120 239
40 24 120 238
40 39 120 238
41 42 120 152
42 43 120 136
44 45 120 120
45 46 120 104
47 63 120 88
48 32 120 228
49 65 120 0
51 50 120 16
52 51 120 32
54 53 120 48
55 54 120 64
55 56 120 64
56 57 120 48
58 59 120 32
59 60 120 16
61 62 120 0
62 63 120 1
65 64 120 254
66 65 120 255
68 67 120 239
69 68 120 238
70 69 120 237
71 70 120 236
72 56 120 235
72 71 120 235
73 74 120 10
74 75 120 11
75 76 120 12
76 77 120 13
77 78 120 14
78 79 120 15
80 64 120 225
82 81 120 17
83 82 120 18
84 83 120 19
85 84 120 20
86 85 120 21
87 86 120 22
87 88 120 22
88 89 120 21
89 90 120 20
90 91 120 19
91 92 120 18
92 93 120 17
94 95 120 33
97 96 120 239
98 97 120 238
99 98 120 237
100 99 120 236
101 100 120 235
102 101 120 234
103 102 120 233
104 88 120 217
104 103 120 217
105 106 120 42
106 107 120 43
107 108 120 44
108 109 120 45
109 110 120 46
110 111 120 47
112 96 120 210
114 113 120 49
115 114 120 50
116 115 120 51
117 116 120 52
118 117 120 53
119 118 120 54
119 120 120 54
120 121 120 53
121 122 120 52
122 123 120 51
123 124 120 50
124 125 120 49
126 127 120 65
129 128 120 236
130 129 120 235
131 130 120 234
132 131 120 233
133 132 120 217
134 133 120 218
135 134 120 219
136 120 120 220
136 135 120 220
137 138 120 74
138 139 120 75
139 140 120 76
140 141 120 77
141 142 120 78
142 143 120 79
144 128 120 213
146 145 120 81
147 146 120 82
148 147 120 83
149 148 120 84
150 149 120 85
151 150 120 86
151 152 120 86
152 153 120 85
153 154 120 84
154 155 120 83
155 156 120 82
156 157 120 81
158 159 120 97
161 160 120 233
162 161 120 217
163 162 120 218
164 163 120 219
165 164 120 220
166 165 120 221
167 166 120 222
168 152 120 223
168 167 120 223
169 170 120 106
170 171 120 107
171 172 120 108
172 173 120 109
173 174 120 110
174 175 120 111
176 160 120 199
178 177 120 113
179 178 120 114
180 179 120 115
181 180 120 116
182 181 120 117
183 182 120 118
183 184 120 118
184 185 120 117
185 186 120 116
186 187 120 115
187 188 120 114
188 189 120 113
190 191 120 129
193 192 120 219
194 193 120 220
195 194 120 221
196 195 120 222
197 196 120 223
199 198 120 207
200 184 120 206
200 199 120 206
201 202 120 138
202 203 120 139
203 204 120 140
204 205 120 141
205 206 120 142
206 207 120 143
208 192 120 196
210 209 120 145
211 210 120 146
212 211 120 147
213 212 120 148
214 213 120 149
215 214 120 150
215 216 120 150
216 217 120 149
217 218 120 148
218 219 120 147
219 220 120 146
220 221 120 145
222 223 120 161
225 224 120 222
226 225 120 223
228 227 120 207
229 228 120 206
230 229 120 205
231 230 120 204
232 216 120 203
232 231 120 203
233 234 120 170
234 235 120 171
235 236 120 172
236 237 120 173
237 238 120 174
238 239 120 175
240 224 120 193
242 241 120 177
243 242 120 178
244 243 120 179
245 244 120 180
246 245 120 181
247 246 120 182
247 248 120 182
248 249 120 181
249 250 120 180
250 251 120 179
251 252 120 178
252 253 120 177
254 255 120 193
0 16 121 49
1 0 121 65
2 1 121 66
3 2 121 67
4 3 121 68
5 4 121 69
6 5 121 70
7 6 121 71
7 8 121 71
8 9 121 70
9 10 121 69
10 11 121 68
11 12 121 67
12 13 121 66
13 14 121 65
14 15 121 49
17 16 121 46
18 17 121 47
19 18 121 63
20 19 121 62
21 20 121 61
22 21 121 60
23 22 121 59
24 23 121 58
24 40 121 58
25 26 121 89
26 27 121 90
27 28 121 91
28 29 121 92
29 30 121 93
30 31 121 94
31 15 121 95
32 48 121 52
33 17 121 97
34 33 121 98
35 34 121 99
36 35 121 100
37 36 121 101
38 37 121 102
39 38 121 103
39 40 121 103
40 41 121 102
41 42 121 101
42 43 121 100
43 44 121 99
44 45 121 98
45 46 121 97
46 47 121 81
49 48 121 43
50 49 121 44
51 50 121 45
52 51 121 46
53 52 121 47
54 53 121 63
55 54 121 62
56 55 121 61
56 72 121 61
57 58 121 121
58 59 121 122
59 60 121 123
60 61 121 124
61 62 121 125
62 63 121 126
63 47 121 127
64 80 121 55
65 49 121 129
66 65 121 130
67 66 121 131
68 67 121 132
69 68 121 133
70 69 121 134
71 70 121 135
71 72 121 135
72 73 121 134
73 74 121 133
74 75 121 132
75 76 121 131
76 77 121 130
77 78 121 129
78 79 121 113
82 81 121 41
83 82 121 42
84 83 121 43
85 84 121 44
86 85 121 45
87 86 121 46
88 87 121 47
88 104 121 47
89 90 121 153
90 91 121 154
91 92 121 155
92 93 121 156
93 94 121 157
94 95 121 158
95 79 121 159
96 112 121 38
97 81 121 161
98 97 121 162
99 98 121 163
100 99 121 164
101 100 121 165
102 101 121 166
103 102 121 167
103 104 121 167
104 105 121 166
105 106 121 165
106 107 121 164
107 108 121 163
108 109 121 162
109 110 121 161
110 111 121 145
113 112 121 27
114 113 121 26
115 114 121 25
117 116 121 41
118 117 121 42
119 118 121 43
120 119 121 44
120 136 121 44
121 122 121 185
122 123 121 186
123 124 121 187
124 125 121 188
125 126 121 189
126 127 121 190
127 111 121 191
128 144 121 35
129 113 121 193
130 129 121 194
131 130 121 195
132 131 121 196
133 132 121 197
134 133 121 198
135 134 121 199
135 136 121 199
136 137 121 198
137 138 121 197
138 139 121 196
139 140 121 195
140 141 121 194
141 142 121 193
142 143 121 177
145 144 121 30
146 145 121 29
147 146 121 28
148 147 121 27
149 148 121 26
150 149 121 25
152 151 121 41
152 168 121 41
153 154 121 217
154 155 121 218
155 156 121 219
156 157 121 220
157 158 121 221
158 159 121 222
159 143 121 223
160 176 121 17
161 145 121 225
162 161 121 226
163 162 121 227
164 163 121 228
165 164 121 229
166 165 121 230
167 166 121 231
167 168 121 231
168 169 121 230
169 170 121 229
170 171 121 228
171 172 121 227
172 173 121 226
173 174 121 225
174 175 121 209
177 176 121 14
178 177 121 15
179 178 121 31
180 179 121 30
181 180 121 29
182 181 121 28
183 182 121 27
184 183 121 26
184 200 121 26
185 186 121 249
186 187 121 250
187 188 121 251
188 189 121 252
189 190 121 253
190 191 121 254
191 175 121 255
192 208 121 20
193 177 121 240
194 193 121 224
196 195 121 208
197 196 121 192
199 198 121 176
199 200 121 176
201 202 121 192
202 203 121 208
204 205 121 224
205 206 121 240
206 207 121 241
209 208 121 11
210 209 121 12
211 210 121 13
212 211 121 14
213 212 121 15
214 213 121 31
215 214 121 30
216 215 121 29
216 232 121 29
217 218 121 104
219 220 121 120
220 221 121 136
222 223 121 152
223 207 121 168
224 240 121 23
225 209 121 80
226 225 121 64
228 227 121 48
229 228 121 32
231 230 121 16
231 232 121 16
233 234 121 32
234 235 121 48
236 237 121 64
237 238 121 80
241 240 121 8
242 241 121 9
243 242 121 10
244 243 121 11
245 244 121 12
246 245 121 13
247 246 121 14
248 247 121 15
248 249 121 15
249 250 121 14
250 251 121 13
251 252 121 12
252 253 121 11
253 254 121 10
254 255 121 9
255 239 121 8
0 1 122 247
1 2 122 246
2 3 122 245
3 4 122 244
4 5 122 243
5 6 122 242
6 7 122 241
7 8 122 240
7 23 122 240
9 10 122 224
10 11 122 208
12 13 122 192
13 14 122 176
17 16 122 250
18 17 122 251
19 18 122 252
20 19 122 253
21 20 122 254
22 21 122 255
24 8 122 239
24 23 122 239
25 41 122 168
26 25 122 184
28 27 122 200
29 28 122 216
31 30 122 232
32 16 122 229
33 34 122 144
35 36 122 128
36 37 122 112
38 39 122 96
39 40 122 80
39 55 122 80
41 42 122 64
42 43 122 48
44 45 122 32
45 46 122 16
49 48 122 253
50 49 122 254
51 50 122 255
53 52 122 239
54 53 122 238
55 54 122 237
56 40 122 236
56 55 122 236
57 73 122 8
58 57 122 24
60 59 122 40
61 60 122 56
63 62 122 72
64 48 122 226
65 66 122 1
66 67 122 2
67 68 122 3
68 69 122 4
69 70 122 5
70 71 122 6
71 72 122 7
71 87 122 7
72 73 122 23
73 74 122 22
74 75 122 21
75 76 122 20
76 77 122 19
77 78 122 18
78 79 122 17
82 81 122 239
83 82 122 238
84 83 122 237
85 84 122 236
86 85 122 235
87 86 122 234
88 72 122 233
88 87 122 233
89 105 122 25
90 89 122 26
91 90 122 27
92 91 122 28
93 92 122 29
94 93 122 30
95 94 122 31
96 80 122 209
97 98 122 33
98 99 122 34
99 100 122 35
100 101 122 36
101 102 122 37
102 103 122 38
103 104 122 39
103 119 122 39
104 105 122 55
105 106 122 54
106 107 122 53
107 108 122 52
108 109 122 51
109 110 122 50
110 111 122 49
113 112 122 237
114 113 122 236
115 114 122 235
116 115 122 234
117 116 122 233
118 117 122 217
119 118 122 218
120 104 122 219
120 119 122 219
121 137 122 57
122 121 122 58
123 122 122 59
124 123 122 60
125 124 122 61
126 125 122 62
127 126 122 63
128 112 122 212
129 130 122 65
130 131 122 66
131 132 122 67
132 133 122 68
133 134 122 69
134 135 122 70
135 136 122 71
135 151 122 71
136 137 122 87
137 138 122 86
138 139 122 85
139 140 122 84
140 141 122 83
141 142 122 82
142 143 122 81
145 144 122 234
146 145 122 233
147 146 122 217
148 147 122 218
149 148 122 219
150 149 122 220
151 150 122 221
152 136 122 222
152 151 122 222
153 169 122 89
154 153 122 90
155 154 122 91
156 155 122 92
157 156 122 93
158 157 122 94
159 158 122 95
160 144 122 215
161 162 122 97
162 163 122 98
163 164 122 99
164 165 122 100
165 166 122 101
166 167 122 102
167 168 122 103
167 183 122 103
168 169 122 119
169 170 122 118
170 171 122 117
171 172 122 116
172 173 122 115
173 174 122 114
174 175 122 113
177 176 122 218
178 177 122 219
179 178 122 220
180 179 122 221
181 180 122 222
182 181 122 223
184 168 122 207
184 183 122 207
185 201 122 121
186 185 122 122
187 186 122 123
188 187 122 124
189 188 122 125
190 189 122 126
191 190 122 127
192 176 122 197
193 194 122 129
194 195 122 130
195 196 122 131
196 197 122 132
197 198 122 133
198 199 122 134
199 200 122 135
199 215 122 135
200 201 122 151
201 202 122 150
202 203 122 149
203 204 122 148
204 205 122 147
205 206 122 146
206 207 122 145
209 208 122 221
210 209 122 222
211 210 122 223
213 212 122 207
214 213 122 206
215 214 122 205
216 200 122 204
216 215 122 204
217 233 122 153
218 217 122 154
219 218 122 155
220 219 122 156
221 220 122 157
222 221 122 158
223 222 122 159
224 208 122 194
225 226 122 161
226 227 122 162
227 228 122 163
228 229 122 164
229 230 122 165
230 231 122 166
231 232 122 167
231 247 122 167
232 233 122 183
233 234 122 182
234 235 122 181
235 236 122 180
236 237 122 179
237 238 122 178
238 239 122 177
242 241 122 207
243 242 122 206
244 243 122 205
245 244 122 204
246 245 122 203
247 246 122 202
248 232 122 201
248 247 122 201
249 248 122 185
250 249 122 186
251 250 122 187
252 251 122 188
253 252 122 189
254 253 122 190
255 254 122 191
1 0 123 63
2 1 123 62
3 2 123 61
4 3 123 60
5 4 123 59
6 5 123 58
7 6 123 57
9 8 123 73
10 9 123 74
11 10 123 75
12 11 123 76
13 12 123 77
14 13 123 78
15 14 123 79
16 32 123 50
17 18 123 81
18 19 123 82
19 20 123 83
20 21 123 84
21 22 123 85
22 23 123 86
23 7 123 87
23 24 123 87
25 26 123 71
26 27 123 70
27 28 123 69
28 29 123 68
29 30 123 67
30 31 123 66
33 32 123 45
34 33 123 46
35 34 123 47
36 35 123 63
37 36 123 62
38 37 123 61
39 38 123 60
40 39 123 59
40 56 123 59
41 25 123 105
42 41 123 106
43 42 123 107
44 43 123 108
45 44 123 109
46 45 123 110
47 46 123 111
48 64 123 53
49 50 123 113
50 51 123 114
51 52 123 115
52 53 123 116
53 54 123 117
54 55 123 118
55 39 123 119
55 56 123 119
57 58 123 103
58 59 123 102
59 60 123 101
60 61 123 100
61 62 123 99
62 63 123 98
65 64 123 42
66 65 123 43
67 66 123 44
68 67 123 45
69 68 123 46
70 69 123 47
71 70 123 63
72 71 123 62
72 88 123 62
73 57 123 137
74 73 123 138
75 74 123 139
76 75 123 140
77 76 123 141
78 77 123 142
79 78 123 143
81 82 123 145
82 83 123 146
83 84 123 147
84 85 123 148
85 86 123 149
86 87 123 150
87 71 123 151
87 88 123 151
89 90 123 135
90 91 123 134
91 92 123 133
92 93 123 132
93 94 123 131
94 95 123 130
97 96 123 25
99 98 123 41
100 99 123 42
101 100 123 43
102 101 123 44
103 102 123 45
104 103 123 46
104 120 123 46
105 89 123 169
106 105 123 170
107 106 123 171
108 107 123 172
109 108 123 173
110 109 123 174
111 110 123 175
112 128 123 37
113 114 123 177
114 115 123 178
115 116 123 179
116 117 123 180
117 118 123 181
118 119 123 182
119 103 123 183
119 120 123 183
121 122 123 167
122 123 123 166
123 124 123 165
124 125 123 164
125 126 123 163
126 127 123 162
129 128 123 28
130 129 123 27
131 130 123 26
132 131 123 25
134 133 123 41
135 134 123 42
136 135 123 43
136 152 123 43
137 121 123 201
138 137 123 202
139 138 123 203
140 139 123 204
141 140 123 205
142 141 123 206
143 142 123 207
144 160 123 34
145 146 123 209
146 147 123 210
147 148 123 211
148 149 123 212
149 150 123 213
150 151 123 214
151 135 123 215
151 152 123 215
153 154 123 199
154 155 123 198
155 156 123 197
156 157 123 196
157 158 123 195
158 159 123 194
161 160 123 31
162 161 123 30
163 162 123 29
164 163 123 28
165 164 123 27
166 165 123 26
167 166 123 25
169 153 123 233
170 169 123 234
171 170 123 235
172 171 123 236
173 172 123 237
174 173 123 238
175 174 123 239
176 192 123 18
177 178 123 241
178 179 123 242
179 180 123 243
180 181 123 244
181 182 123 245
182 183 123 246
183 167 123 247
183 184 123 247
185 186 123 231
186 187 123 230
187 188 123 229
188 189 123 228
189 190 123 227
190 191 123 226
193 192 123 13
194 193 123 14
195 194 123 15
196 195 123 31
197 196 123 30
198 197 123 29
199 198 123 28
200 199 123 27
200 216 123 27
202 201 123 232
203 202 123 216
205 204 123 200
206 205 123 184
208 224 123 21
210 211 123 96
211 212 123 112
213 214 123 128
214 215 123 144
216 217 123 160
217 218 123 176
219 220 123 192
220 221 123 208
222 223 123 224
225 224 123 10
226 225 123 11
227 226 123 12
228 227 123 13
229 228 123 14
230 229 123 15
231 230 123 31
232 231 123 30
232 248 123 30
234 233 123 72
235 234 123 56
237 236 123 40
238 237 123 24
241 242 123 7
242 243 123 6
243 244 123 5
244 245 123 4
245 246 123 3
246 247 123 2
247 231 123 1
247 248 123 1
248 249 123 0
249 250 123 16
251 252 123 32
252 253 123 48
254 255 123 64
1 0 124 249
2 1 124 250
3 2 124 251
4 3 124 252
5 4 124 253
6 5 124 254
7 6 124 255
9 10 124 255
10 11 124 254
11 12 124 253
12 13 124 252
13 14 124 251
14 15 124 250
15 31 124 249
16 0 124 230
18 17 124 176
19 18 124 192
21 20 124 208
22 21 124 224
24 25 124 224
25 26 124 208
27 28 124 192
28 29 124 176
30 31 124 160
33 32 124 252
34 33 124 253
35 34 124 254
36 35 124 255
38 37 124 239
39 38 124 238
40 24 124 237
40 39 124 237
42 43 124 152
43 44 124 136
45 46 124 120
46 47 124 104
48 32 124 227
50 49 124 16
51 50 124 32
53 52 124 48
54 53 124 64
56 57 124 64
57 58 124 48
59 60 124 32
60 61 124 16
62 63 124 0
65 64 124 255
67 66 124 239
68 67 124 238
69 68 124 237
70 69 124 236
71 70 124 235
72 56 124 234
72 71 124 234
73 74 124 9
74 75 124 10
75 76 124 11
76 77 124 12
77 78 124 13
78 79 124 14
79 95 124 15
81 97 124 17
82 81 124 18
83 82 124 19
84 83 124 20
85 84 124 21
86 85 124 22
87 86 124 23
87 88 124 23
88 89 124 22
89 90 124 21
90 91 124 20
91 92 124 19
92 93 124 18
93 94 124 17
97 96 124 238
98 97 124 237
99 98 124 236
100 99 124 235
101 100 124 234
102 101 124 233
103 102 124 217
104 88 124 218
104 103 124 218
105 106 124 41
106 107 124 42
107 108 124 43
108 109 124 44
109 110 124 45
110 111 124 46
111 127 124 47
112 96 124 211
113 129 124 49
114 113 124 50
115 114 124 51
116 115 124 52
117 116 124 53
118 117 124 54
119 118 124 55
119 120 124 55
120 121 124 54
121 122 124 53
122 123 124 52
123 124 124 51
124 125 124 50
125 126 124 49
129 128 124 235
130 129 124 234
131 130 124 233
132 131 124 217
133 132 124 218
134 133 124 219
135 134 124 220
136 120 124 221
136 135 124 221
137 138 124 73
138 139 124 74
139 140 124 75
140 141 124 76
141 142 124 77
142 143 124 78
143 159 124 79
144 128 124 214
145 161 124 81
146 145 124 82
147 146 124 83
148 147 124 84
149 148 124 85
150 149 124 86
151 150 124 87
151 152 124 87
152 153 124 86
153 154 124 85
154 155 124 84
155 156 124 83
156 157 124 82
157 158 124 81
161 160 124 217
162 161 124 218
163 162 124 219
164 163 124 220
165 164 124 221
166 165 124 222
167 166 124 223
169 170 124 105
170 171 124 106
171 172 124 107
172 173 124 108
173 174 124 109
174 175 124 110
175 191 124 111
176 160 124 198
177 193 124 113
178 177 124 114
179 178 124 115
180 179 124 116
181 180 124 117
182 181 124 118
183 182 124 119
183 184 124 119
184 185 124 118
185 186 124 117
186 187 124 116
187 188 124 115
188 189 124 114
189 190 124 113
193 192 124 220
194 193 124 221
195 194 124 222
196 195 124 223
198 197 124 207
199 198 124 206
200 184 124 205
200 199 124 205
201 202 124 137
202 203 124 138
203 204 124 139
204 205 124 140
205 206 124 141
206 207 124 142
207 223 124 143
208 192 124 195
209 225 124 145
210 209 124 146
211 210 124 147
212 211 124 148
213 212 124 149
214 213 124 150
215 214 124 151
215 216 124 151
216 217 124 150
217 218 124 149
218 219 124 148
219 220 124 147
220 221 124 146
221 222 124 145
225 224 124 223
227 226 124 207
228 227 124 206
229 228 124 205
230 229 124 204
231 230 124 203
232 216 124 202
232 231 124 202
233 234 124 169
234 235 124 170
235 236 124 171
236 237 124 172
237 238 124 173
238 239 124 174
239 255 124 175
241 240 124 177
242 241 124 178
243 242 124 179
244 243 124 180
245 244 124 181
246 245 124 182
247 246 124 183
247 248 124 183
248 249 124 182
249 250 124 181
250 251 124 180
251 252 124 179
252 253 124 178
253 254 124 177
0 16 125 65
1 0 125 66
2 1 125 67
3 2 125 68
4 3 125 69
5 4 125 70
6 5 125 71
8 9 125 71
9 10 125 70
10 11 125 69
11 12 125 68
12 13 125 67
13 14 125 66
14 15 125 65
17 16 125 47
18 17 125 63
19 18 125 62
20 19 125 61
21 20 125 60
22 21 125 59
23 22 125 58
24 23 125 57
24 40 125 57
26 27 125 89
27 28 125 90
28 29 125 91
29 30 125 92
30 31 125 93
31 15 125 94
32 48 125 51
33 17 125 98
34 33 125 99
35 34 125 100
36 35 125 101
37 36 125 102
38 37 125 103
40 41 125 103
41 42 125 102
42 43 125 101
43 44 125 100
44 45 125 99
45 46 125 98
46 47 125 97
49 48 125 44
50 49 125 45
51 50 125 46
52 51 125 47
53 52 125 63
54 53 125 62
55 54 125 61
56 55 125 60
56 72 125 60
58 59 125 121
59 60 125 122
60 61 125 123
61 62 125 124
62 63 125 125
63 47 125 126
64 80 125 54
65 49 125 130
66 65 125 131
67 66 125 132
68 67 125 133
69 68 125 134
70 69 125 135
72 73 125 135
73 74 125 134
74 75 125 133
75 76 125 132
76 77 125 131
77 78 125 130
78 79 125 129
81 80 125 41
82 81 125 42
83 82 125 43
84 83 125 44
85 84 125 45
86 85 125 46
87 86 125 47
88 87 125 63
88 104 125 63
90 91 125 153
91 92 125 154
92 93 125 155
93 94 125 156
94 95 125 157
95 79 125 158
96 112 125 39
97 81 125 162
98 97 125 163
99 98 125 164
100 99 125 165
101 100 125 166
102 101 125 167
104 105 125 167
105 106 125 166
106 107 125 165
107 108 125 164
108 109 125 163
109 110 125 162
110 111 125 161
113 112 125 26
114 113 125 25
116 115 125 41
117 116 125 42
118 117 125 43
119 118 125 44
120 119 125 45
120 136 125 45
122 123 125 185
123 124 125 186
124 125 125 187
125 126 125 188
126 127 125 189
127 111 125 190
128 144 125 36
129 113 125 194
130 129 125 195
131 130 125 196
132 131 125 197
133 132 125 198
134 133 125 199
136 137 125 199
137 138 125 198
138 139 125 197
139 140 125 196
140 141 125 195
141 142 125 194
142 143 125 193
145 144 125 29
146 145 125 28
147 146 125 27
148 147 125 26
149 148 125 25
151 150 125 41
152 151 125 42
152 168 125 42
154 155 125 217
155 156 125 218
156 157 125 219
157 158 125 220
158 159 125 221
159 143 125 222
160 176 125 33
161 145 125 226
162 161 125 227
163 162 125 228
164 163 125 229
165 164 125 230
166 165 125 231
168 169 125 231
169 170 125 230
170 171 125 229
171 172 125 228
172 173 125 227
173 174 125 226
174 175 125 225
177 176 125 15
178 177 125 31
179 178 125 30
180 179 125 29
181 180 125 28
182 181 125 27
183 182 125 26
184 183 125 25
184 200 125 25
185 186 125 248
186 187 125 249
187 188 125 250
188 189 125 251
189 190 125 252
190 191 125 253
191 175 125 254
192 208 125 19
193 177 125 224
195 194 125 208
196 195 125 192
198 197 125 176
199 198 125 160
199 200 125 160
200 201 125 176
202 203 125 192
203 204 125 208
205 206 125 224
206 207 125 240
209 208 125 12
210 209 125 13
211 210 125 14
212 211 125 15
213 212 125 31
214 213 125 30
215 214 125 29
216 215 125 28
216 232 125 28
217 218 125 88
218 219 125 104
220 221 125 120
221 222 125 136
223 207 125 152
224 240 125 22
225 209 125 64
227 226 125 48
228 227 125 32
230 229 125 16
231 230 125 0
231 232 125 0
232 233 125 16
234 235 125 32
235 236 125 48
237 238 125 64
238 239 125 80
241 240 125 9
242 241 125 10
243 242 125 11
244 243 125 12
245 244 125 13
246 245 125 14
247 246 125 15
248 247 125 31
248 249 125 31
249 250 125 15
250 251 125 14
251 252 125 13
252 253 125 12
253 254 125 11
254 255 125 10
255 239 125 9
0 1 126 231
1 2 126 247
2 3 126 246
3 4 126 245
4 5 126 244
5 6 126 243
6 7 126 242
7 8 126 241
7 23 126 241
8 9 126 240
10 11 126 224
11 12 126 208
13 14 126 192
14 15 126 176
17 16 126 251
18 17 126 252
19 18 126 253
20 19 126 254
21 20 126 255
23 22 126 239
24 8 126 238
24 23 126 238
25 41 126 184
27 26 126 200
28 27 126 216
30 29 126 232
31 30 126 248
32 16 126 228
33 34 126 160
34 35 126 144
36 37 126 128
37 38 126 112
39 40 126 96
39 55 126 96
40 41 126 80
42 43 126 64
43 44 126 48
45 46 126 32
46 47 126 16
49 48 126 254
50 49 126 255
52 51 126 239
53 52 126 238
54 53 126 237
55 54 126 236
56 40 126 235
56 55 126 235
57 73 126 24
59 58 126 40
60 59 126 56
62 61 126 72
63 62 126 88
64 48 126 225
65 66 126 0
66 67 126 1
67 68 126 2
68 69 126 3
69 70 126 4
70 71 126 5
71 72 126 6
71 87 126 6
72 73 126 7
73 74 126 23
74 75 126 22
75 76 126 21
76 77 126 20
77 78 126 19
78 79 126 18
81 80 126 239
82 81 126 238
83 82 126 237
84 83 126 236
85 84 126 235
86 85 126 234
87 86 126 233
88 72 126 217
88 87 126 217
89 105 126 26
90 89 126 27
91 90 126 28
92 91 126 29
93 92 126 30
94 93 126 31
96 80 126 210
98 99 126 33
99 100 126 34
100 101 126 35
101 102 126 36
102 103 126 37
103 104 126 38
103 119 126 38
104 105 126 39
105 106 126 55
106 107 126 54
107 108 126 53
108 109 126 52
109 110 126 51
110 111 126 50
113 112 126 236
114 113 126 235
115 114 126 234
116 115 126 233
117 116 126 217
118 117 126 218
119 118 126 219
120 104 126 220
120 119 126 220
121 137 126 58
122 121 126 59
123 122 126 60
124 123 126 61
125 124 126 62
126 125 126 63
128 112 126 213
130 131 126 65
131 132 126 66
132 133 126 67
133 134 126 68
134 135 126 69
135 136 126 70
135 151 126 70
136 137 126 71
137 138 126 87
138 139 126 86
139 140 126 85
140 141 126 84
141 142 126 83
142 143 126 82
145 144 126 233
146 145 126 217
147 146 126 218
148 147 126 219
149 148 126 220
150 149 126 221
151 150 126 222
152 136 126 223
152 151 126 223
153 169 126 90
154 153 126 91
155 154 126 92
156 155 126 93
157 156 126 94
158 157 126 95
160 144 126 199
162 163 126 97
163 164 126 98
164 165 126 99
165 166 126 100
166 167 126 101
167 168 126 102
167 183 126 102
168 169 126 103
169 170 126 119
170 171 126 118
171 172 126 117
172 173 126 116
173 174 126 115
174 175 126 114
177 176 126 219
178 177 126 220
179 178 126 221
180 179 126 222
181 180 126 223
183 182 126 207
184 168 126 206
184 183 126 206
185 201 126 122
186 185 126 123
187 186 126 124
188 187 126 125
189 188 126 126
190 189 126 127
192 176 126 196
194 195 126 129
195 196 126 130
196 197 126 131
197 198 126 132
198 199 126 133
199 200 126 134
199 215 126 134
200 201 126 135
201 202 126 151
202 203 126 150
203 204 126 149
204 205 126 148
205 206 126 147
206 207 126 146
209 208 126 222
210 209 126 223
212 211 126 207
213 212 126 206
214 213 126 205
215 214 126 204
216 200 126 203
216 215 126 203
217 233 126 154
218 217 126 155
219 218 126 156
220 219 126 157
221 220 126 158
222 221 126 159
224 208 126 193
226 227 126 161
227 228 126 162
228 229 126 163
229 230 126 164
230 231 126 165
231 232 126 166
231 247 126 166
232 233 126 167
233 234 126 183
234 235 126 182
235 236 126 181
236 237 126 180
237 238 126 179
238 239 126 178
241 240 126 207
242 241 126 206
243 242 126 205
244 243 126 204
245 244 126 203
246 245 126 202
247 246 126 201
248 232 126 185
248 247 126 185
249 248 126 186
250 249 126 187
251 250 126 188
252 251 126 189
253 252 126 190
254 253 126 191
1 0 127 62
2 1 127 61
3 2 127 60
4 3 127 59
5 4 127 58
6 5 127 57
8 7 127 73
8 24 127 73
9 8 127 74
10 9 127 75
11 10 127 76
12 11 127 77
13 12 127 78
14 13 127 79
15 14 127 95
16 32 127 49
17 18 127 97
18 19 127 81
19 20 127 82
20 21 127 83
21 22 127 84
22 23 127 85
23 7 127 86
23 24 127 86
24 25 127 87
26 27 127 71
27 28 127 70
28 29 127 69
29 30 127 68
30 31 127 67
33 32 127 46
34 33 127 47
35 34 127 63
36 35 127 62
37 36 127 61
38 37 127 60
39 38 127 59
40 39 127 58
40 56 127 58
41 25 127 106
42 41 127 107
43 42 127 108
44 43 127 109
45 44 127 110
46 45 127 111
47 46 127 127
48 64 127 52
49 50 127 129
50 51 127 113
51 52 127 114
52 53 127 115
53 54 127 116
54 55 127 117
55 39 127 118
55 56 127 118
56 57 127 119
58 59 127 103
59 60 127 102
60 61 127 101
61 62 127 100
62 63 127 99
65 64 127 43
66 65 127 44
67 66 127 45
68 67 127 46
69 68 127 47
70 69 127 63
71 70 127 62
72 71 127 61
72 88 127 61
73 57 127 138
74 73 127 139
75 74 127 140
76 75 127 141
77 76 127 142
78 77 127 143
79 78 127 159
80 96 127 55
81 82 127 161
82 83 127 145
83 84 127 146
84 85 127 147
85 86 127 148
86 87 127 149
87 71 127 150
87 88 127 150
88 89 127 151
90 91 127 135
91 92 127 134
92 93 127 133
93 94 127 132
94 95 127 131
98 97 127 41
99 98 127 42
100 99 127 43
101 100 127 44
102 101 127 45
103 102 127 46
104 103 127 47
104 120 127 47
105 89 127 170
106 105 127 171
107 106 127 172
108 107 127 173
109 108 127 174
110 109 127 175
111 110 127 191
112 128 127 38
113 114 127 193
114 115 127 177
115 116 127 178
116 117 127 179
117 118 127 180
118 119 127 181
119 103 127 182
119 120 127 182
120 121 127 183
122 123 127 167
123 124 127 166
124 125 127 165
125 126 127 164
126 127 127 163
129 128 127 27
130 129 127 26
131 130 127 25
133 132 127 41
134 133 127 42
135 134 127 43
136 135 127 44
136 152 127 44
137 121 127 202
138 137 127 203
139 138 127 204
140 139 127 205
141 140 127 206
142 141 127 207
143 142 127 223
144 160 127 35
145 146 127 225
146 147 127 209
147 148 127 210
148 149 127 211
149 150 127 212
150 151 127 213
151 135 127 214
151 152 127 214
152 153 127 215
154 155 127 199
155 156 127 198
156 157 127 197
157 158 127 196
158 159 127 195
161 160 127 30
162 161 127 29
163 162 127 28
164 163 127 27
165 164 127 26
166 165 127 25
168 167 127 41
168 184 127 41
169 153 127 234
170 169 127 235
171 170 127 236
172 171 127 237
173 172 127 238
174 173 127 239
175 174 127 255
176 192 127 17
177 178 127 240
178 179 127 241
179 180 127 242
180 181 127 243
181 182 127 244
182 183 127 245
183 167 127 246
183 184 127 246
184 185 127 247
186 187 127 231
187 188 127 230
188 189 127 229
189 190 127 228
190 191 127 227
193 192 127 14
194 193 127 15
195 194 127 31
196 195 127 30
197 196 127 29
198 197 127 28
199 198 127 27
200 199 127 26
200 216 127 26
201 185 127 232
202 201 127 216
204 203 127 200
205 204 127 184
207 206 127 168
208 224 127 20
209 210 127 80
211 212 127 96
212 213 127 112
214 215 127 128
215 199 127 144
215 216 127 144
217 218 127 160
218 219 127 176
220 221 127 192
221 222 127 208
225 224 127 11
226 225 127 12
227 226 127 13
228 227 127 14
229 228 127 15
230 229 127 31
231 230 127 30
232 231 127 29
232 248 127 29
233 217 127 72
234 233 127 56
236 235 127 40
237 236 127 24
239 238 127 8
240 241 127 23
242 243 127 7
243 244 127 6
244 245 127 5
245 246 127 4
246 247 127 3
247 231 127 2
247 248 127 2
248 249 127 1
249 250 127 0
250 251 127 16
252 253 127 32
253 254 127 48
1 0 128 250
2 1 128 251
3 2 128 252
4 3 128 253
5 4 128 254
6 5 128 255
8 7 128 239
8 9 128 239
10 11 128 255
11 12 128 254
12 13 128 253
13 14 128 252
14 15 128 251
15 31 128 250
16 0 128 229
17 33 128 176
18 17 128 192
20 19 128 208
21 20 128 224
23 22 128 240
23 24 128 240
25 26 128 224
26 27 128 208
28 29 128 192
29 30 128 176
33 32 128 253
34 33 128 254
35 34 128 255
37 36 128 239
38 37 128 238
39 38 128 237
40 24 128 236
40 39 128 236
41 42 128 168
43 44 128 152
44 45 128 136
46 47 128 120
47 63 128 104
48 32 128 226
49 65 128 16
50 49 128 32
52 51 128 48
53 52 128 64
55 54 128 80
55 56 128 80
57 58 128 64
58 59 128 48
60 61 128 32
61 62 128 16
66 65 128 239
67 66 128 238
68 67 128 237
69 68 128 236
70 69 128 235
71 70 128 234
72 56 128 233
72 71 128 233
73 74 128 8
74 75 128 9
75 76 128 10
76 77 128 11
77 78 128 12
78 79 128 13
79 95 128 14
80 64 128 209
81 97 128 18
82 81 128 19
83 82 128 20
84 83 128 21
85 84 128 22
86 85 128 23
87 86 128 7
87 88 128 7
88 89 128 23
89 90 128 22
90 91 128 21
91 92 128 20
92 93 128 19
93 94 128 18
94 95 128 17
97 96 128 237
98 97 128 236
99 98 128 235
100 99 128 234
101 100 128 233
102 101 128 217
103 102 128 218
104 88 128 219
104 103 128 219
105 106 128 25
106 107 128 41
107 108 128 42
108 109 128 43
109 110 128 44
110 111 128 45
111 127 128 46
112 96 128 212
113 129 128 50
114 113 128 51
115 114 128 52
116 115 128 53
117 116 128 54
118 117 128 55
119 118 128 39
119 120 128 39
120 121 128 55
121 122 128 54
122 123 128 53
123 124 128 52
124 125 128 51
125 126 128 50
126 127 128 49
129 128 128 234
130 129 128 233
131 130 128 217
132 131 128 218
133 132 128 219
134 133 128 220
135 134 128 221
136 120 128 222
136 135 128 222
137 138 128 57
138 139 128 73
139 140 128 74
140 141 128 75
141 142 128 76
142 143 128 77
143 159 128 78
144 128 128 215
145 161 128 82
146 145 128 83
147 146 128 84
148 147 128 85
149 148 128 86
150 149 128 87
151 150 128 71
151 152 128 71
152 153 128 87
153 154 128 86
154 155 128 85
155 156 128 84
156 157 128 83
157 158 128 82
158 159 128 81
161 160 128 218
162 161 128 219
163 162 128 220
164 163 128 221
165 164 128 222
166 165 128 223
168 152 128 207
168 167 128 207
169 170 128 89
170 171 128 105
171 172 128 106
172 173 128 107
173 174 128 108
174 175 128 109
175 191 128 110
176 160 128 197
177 193 128 114
178 177 128 115
179 178 128 116
180 179 128 117
181 180 128 118
182 181 128 119
183 182 128 103
183 184 128 103
184 185 128 119
185 186 128 118
186 187 128 117
187 188 128 116
188 189 128 115
189 190 128 114
190 191 128 113
193 192 128 221
194 193 128 222
195 194 128 223
197 196 128 207
198 197 128 206
199 198 128 205
200 184 128 204
200 199 128 204
201 202 128 121
202 203 128 137
203 204 128 138
204 205 128 139
205 206 128 140
206 207 128 141
207 223 128 142
208 192 128 194
209 225 128 146
210 209 128 147
211 210 128 148
212 211 128 149
213 212 128 150
214 213 128 151
215 214 128 135
215 216 128 135
216 217 128 151
217 218 128 150
218 219 128 149
219 220 128 148
220 221 128 147
221 222 128 146
222 223 128 145
226 225 128 207
227 226 128 206
228 227 128 205
229 228 128 204
230 229 128 203
231 230 128 202
232 216 128 201
232 231 128 201
233 234 128 153
234 235 128 169
235 236 128 170
236 237 128 171
237 238 128 172
238 239 128 173
239 255 128 174
240 224 128 177
241 240 128 178
242 241 128 179
243 242 128 180
244 243 128 181
245 244 128 182
246 245 128 183
247 246 128 167
247 248 128 167
248 249 128 183
249 250 128 182
250 251 128 181
251 252 128 180
252 253 128 179
253 254 128 178
254 255 128 177
0 16 129 66
1 0 129 67
2 1 129 68
3 2 129 69
4 3 129 70
5 4 129 71
7 6 129 87
7 8 129 87
9 10 129 71
10 11 129 70
11 12 129 69
12 13 129 68
13 14 129 67
14 15 129 66
17 16 129 63
18 17 129 62
19 18 129 61
20 19 129 60
21 20 129 59
22 21 129 58
23 22 129 57
25 26 129 105
27 28 129 89
28 29 129 90
29 30 129 91
30 31 129 92
31 15 129 93
32 48 129 50
33 17 129 99
34 33 129 100
35 34 129 101
36 35 129 102
37 36 129 103
39 38 129 119
39 40 129 119
41 42 129 103
42 43 129 102
43 44 129 101
44 45 129 100
45 46 129 99
46 47 129 98
49 48 129 45
50 49 129 46
51 50 129 47
52 51 129 63
53 52 129 62
54 53 129 61
55 54 129 60
56 55 129 59
56 72 129 59
57 58 129 137
59 60 129 121
60 61 129 122
61 62 129 123
62 63 129 124
63 47 129 125
64 80 129 53
65 49 129 131
66 65 129 132
67 66 129 133
68 67 129 134
69 68 129 135
71 70 129 151
71 72 129 151
73 74 129 135
74 75 129 134
75 76 129 133
76 77 129 132
77 78 129 131
78 79 129 130
81 80 129 42
82 81 129 43
83 82 129 44
84 83 129 45
85 84 129 46
86 85 129 47
87 86 129 63
88 87 129 62
88 104 129 62
89 90 129 169
91 92 129 153
92 93 129 154
93 94 129 155
94 95 129 156
95 79 129 157
97 81 129 163
98 97 129 164
99 98 129 165
100 99 129 166
101 100 129 167
103 102 129 183
103 104 129 183
105 106 129 167
106 107 129 166
107 108 129 165
108 109 129 164
109 110 129 163
110 111 129 162
113 112 129 25
115 114 129 41
116 115 129 42
117 116 129 43
118 117 129 44
119 118 129 45
120 119 129 46
120 136 129 46
121 122 129 201
123 124 129 185
124 125 129 186
125 126 129 187
126 127 129 188
127 111 129 189
128 144 129 37
129 113 129 195
130 129 129 196
131 130 129 197
132 131 129 198
133 132 129 199
135 134 129 215
135 136 129 215
137 138 129 199
138 139 129 198
139 140 129 197
140 141 129 196
141 142 129 195
142 143 129 194
145 144 129 28
146 145 129 27
147 146 129 26
148 147 129 25
150 149 129 41
151 150 129 42
152 151 129 43
152 168 129 43
153 154 129 233
155 156 129 217
156 157 129 218
157 158 129 219
158 159 129 220
159 143 129 221
160 176 129 34
161 145 129 227
162 161 129 228
163 162 129 229
164 163 129 230
165 164 129 231
167 166 129 247
167 168 129 247
169 170 129 231
170 171 129 230
171 172 129 229
172 173 129 228
173 174 129 227
174 175 129 226
177 176 129 31
178 177 129 30
179 178 129 29
180 179 129 28
181 180 129 27
182 181 129 26
183 182 129 25
186 187 129 248
187 188 129 249
188 189 129 250
189 190 129 251
190 191 129 252
191 175 129 253
192 208 129 18
194 193 129 208
195 194 129 192
197 196 129 176
198 197 129 160
200 201 129 160
201 202 129 176
203 204 129 192
204 205 129 208
206 207 129 224
209 208 129 13
210 209 129 14
211 210 129 15
212 211 129 31
213 212 129 30
214 213 129 29
215 214 129 28
216 215 129 27
216 232 129 27
218 219 129 88
219 220 129 104
221 222 129 120
222 223 129 136
224 240 129 21
226 225 129 48
227 226 129 32
229 228 129 16
230 229 129 0
231 230 129 1
231 232 129 1
232 233 129 0
233 234 129 16
235 236 129 32
236 237 129 48
238 239 129 64
241 240 129 10
242 241 129 11
243 242 129 12
244 243 129 13
245 244 129 14
246 245 129 15
247 246 129 31
248 247 129 30
248 249 129 30
249 250 129 31
250 251 129 15
251 252 129 14
252 253 129 13
253 254 129 12
254 255 129 11
255 239 129 10
0 1 130 230
1 2 130 231
2 3 130 247
3 4 130 246
4 5 130 245
5 6 130 244
6 7 130 243
7 8 130 242
7 23 130 242
8 9 130 241
9 10 130 240
11 12 130 224
12 13 130 208
14 15 130 192
17 16 130 252
18 17 130 253
19 18 130 254
20 19 130 255
22 21 130 239
23 22 130 238
24 8 130 237
24 23 130 237
26 25 130 200
27 26 130 216
29 28 130 232
30 29 130 248
31 30 130 249
32 16 130 227
34 35 130 160
35 36 130 144
37 38 130 128
38 39 130 112
40 41 130 96
41 42 130 80
43 44 130 64
44 45 130 48
46 47 130 32
49 48 130 255
51 50 130 239
52 51 130 238
53 52 130 237
54 53 130 236
55 54 130 235
56 40 130 234
56 55 130 234
58 57 130 40
59 58 130 56
61 60 130 72
62 61 130 88
66 67 130 0
67 68 130 1
68 69 130 2
69 70 130 3
70 71 130 4
71 72 130 5
71 87 130 5
72 73 130 6
73 74 130 7
74 75 130 23
75 76 130 22
76 77 130 21
77 78 130 20
78 79 130 19
81 80 130 238
82 81 130 237
83 82 130 236
84 83 130 235
85 84 130 234
86 85 130 233
87 86 130 217
88 72 130 218
88 87 130 218
89 105 130 27
90 89 130 28
91 90 130 29
92 91 130 30
93 92 130 31
95 94 130 15
96 80 130 211
97 98 130 17
99 100 130 33
100 101 130 34
101 102 130 35
102 103 130 36
103 104 130 37
103 119 130 37
104 105 130 38
105 106 130 39
106 107 130 55
107 108 130 54
108 109 130 53
109 110 130 52
110 111 130 51
113 112 130 235
114 113 130 234
115 114 130 233
116 115 130 217
117 116 130 218
118 117 130 219
119 118 130 220
120 104 130 221
120 119 130 221
121 137 130 59
122 121 130 60
123 122 130 61
124 123 130 62
125 124 130 63
127 126 130 47
128 112 130 214
129 130 130 49
131 132 130 65
132 133 130 66
133 134 130 67
134 135 130 68
135 136 130 69
135 151 130 69
136 137 130 70
137 138 130 71
138 139 130 87
139 140 130 86
140 141 130 85
141 142 130 84
142 143 130 83
145 144 130 217
146 145 130 218
147 146 130 219
148 147 130 220
149 148 130 221
150 149 130 222
151 150 130 223
153 169 130 91
154 153 130 92
155 154 130 93
156 155 130 94
157 156 130 95
159 158 130 79
160 144 130 198
161 162 130 81
163 164 130 97
164 165 130 98
165 166 130 99
166 167 130 100
167 168 130 101
167 183 130 101
168 169 130 102
169 170 130 103
170 171 130 119
171 172 130 118
172 173 130 117
173 174 130 116
174 175 130 115
177 176 130 220
178 177 130 221
179 178 130 222
180 179 130 223
182 181 130 207
183 182 130 206
184 168 130 205
184 183 130 205
185 201 130 123
186 185 130 124
187 186 130 125
188 187 130 126
189 188 130 127
191 190 130 111
192 176 130 195
193 194 130 113
195 196 130 129
196 197 130 130
197 198 130 131
198 199 130 132
199 200 130 133
199 215 130 133
200 201 130 134
201 202 130 135
202 203 130 151
203 204 130 150
204 205 130 149
205 206 130 148
206 207 130 147
209 208 130 223
211 210 130 207
212 211 130 206
213 212 130 205
214 213 130 204
215 214 130 203
216 200 130 202
216 215 130 202
217 233 130 155
218 217 130 156
219 218 130 157
220 219 130 158
221 220 130 159
223 222 130 143
225 226 130 145
227 228 130 161
228 229 130 162
229 230 130 163
230 231 130 164
231 232 130 165
231 247 130 165
232 233 130 166
233 234 130 167
234 235 130 183
235 236 130 182
236 237 130 181
237 238 130 180
238 239 130 179
241 240 130 206
242 241 130 205
243 242 130 204
244 243 130 203
245 244 130 202
246 245 130 201
247 246 130 185
248 232 130 186
248 247 130 186
249 248 130 187
250 249 130 188
251 250 130 189
252 251 130 190
253 252 130 191
255 254 130 175
1 0 131 61
2 1 131 60
3 2 131 59
4 3 131 58
5 4 131 57
7 6 131 73
8 7 131 74
8 24 131 74
9 8 131 75
10 9 131 76
11 10 131 77
12 11 131 78
13 12 131 79
14 13 131 95
15 14 131 94
16 32 131 65
17 18 131 98
18 19 131 97
19 20 131 81
20 21 131 82
21 22 131 83
22 23 131 84
23 7 131 85
23 24 131 85
24 25 131 86
25 26 131 87
27 28 131 71
28 29 131 70
29 30 131 69
30 31 131 68
33 32 131 47
34 33 131 63
35 34 131 62
36 35 131 61
37 36 131 60
38 37 131 59
39 38 131 58
40 39 131 57
40 56 131 57
41 25 131 107
42 41 131 108
43 42 131 109
44 43 131 110
45 44 131 111
46 45 131 127
47 46 131 126
48 64 131 51
49 50 131 130
50 51 131 129
51 52 131 113
52 53 131 114
53 54 131 115
54 55 131 116
55 39 131 117
55 56 131 117
56 57 131 118
57 58 131 119
59 60 131 103
60 61 131 102
61 62 131 101
62 63 131 100
65 64 131 44
66 65 131 45
67 66 131 46
68 67 131 47
69 68 131 63
70 69 131 62
71 70 131 61
72 71 131 60
72 88 131 60
73 57 131 139
74 73 131 140
75 74 131 141
76 75 131 142
77 76 131 143
78 77 131 159
79 78 131 158
80 96 131 54
81 82 131 162
82 83 131 161
83 84 131 145
84 85 131 146
85 86 131 147
86 87 131 148
87 71 131 149
87 88 131 149
88 89 131 150
89 90 131 151
91 92 131 135
92 93 131 134
93 94 131 133
94 95 131 132
97 96 131 41
98 97 131 42
99 98 131 43
100 99 131 44
101 100 131 45
102 101 131 46
103 102 131 47
104 103 131 63
104 120 131 63
105 89 131 171
106 105 131 172
107 106 131 173
108 107 131 174
109 108 131 175
110 109 131 191
111 110 131 190
112 128 131 39
113 114 131 194
114 115 131 193
115 116 131 177
116 117 131 178
117 118 131 179
118 119 131 180
119 103 131 181
119 120 131 181
120 121 131 182
121 122 131 183
123 124 131 167
124 125 131 166
125 126 131 165
126 127 131 164
129 128 131 26
130 129 131 25
132 131 131 41
133 132 131 42
134 133 131 43
135 134 131 44
136 135 131 45
136 152 131 45
137 121 131 203
138 137 131 204
139 138 131 205
140 139 131 206
141 140 131 207
142 141 131 223
143 142 131 222
144 160 131 36
145 146 131 226
146 147 131 225
147 148 131 209
148 149 131 210
149 150 131 211
150 151 131 212
151 135 131 213
151 152 131 213
152 153 131 214
153 154 131 215
155 156 131 199
156 157 131 198
157 158 131 197
158 159 131 196
161 160 131 29
162 161 131 28
163 162 131 27
164 163 131 26
165 164 131 25
167 166 131 41
168 167 131 42
168 184 131 42
169 153 131 235
170 169 131 236
171 170 131 237
172 171 131 238
173 172 131 239
174 173 131 255
175 174 131 254
176 192 131 33
177 178 131 224
178 179 131 240
179 180 131 241
180 181 131 242
181 182 131 243
182 183 131 244
183 167 131 245
183 184 131 245
184 185 131 246
185 186 131 247
187 188 131 231
188 189 131 230
189 190 131 229
190 191 131 228
193 192 131 15
194 193 131 31
195 194 131 30
196 195 131 29
197 196 131 28
198 197 131 27
199 198 131 26
200 199 131 25
200 216 131 25
201 185 131 216
203 202 131 200
204 203 131 184
206 205 131 168
207 206 131 152
208 224 131 19
209 210 131 64
210 211 131 80
212 213 131 96
213 214 131 112
215 199 131 128
215 216 131 128
216 217 131 144
218 219 131 160
219 220 131 176
221 222 131 192
222 223 131 208
225 224 131 12
226 225 131 13
227 226 131 14
228 227 131 15
229 228 131 31
230 229 131 30
231 230 131 29
232 231 131 28
232 248 131 28
233 217 131 56
235 234 131 40
236 235 131 24
238 237 131 8
239 238 131 9
240 241 131 22
241 242 131 23
243 244 131 7
244 245 131 6
245 246 131 5
246 247 131 4
247 231 131 3
247 248 131 3
248 249 131 2
249 250 131 1
250 251 131 0
251 252 131 16
253 254 131 32
254 255 131 48
1 0 132 251
2 1 132 252
3 2 132 253
4 3 132 254
5 4 132 255
7 6 132 239
8 7 132 238
8 9 132 238
9 10 132 239
11 12 132 255
12 13 132 254
13 14 132 253
14 15 132 252
15 31 132 251
16 0 132 228
17 33 132 192
19 18 132 208
20 19 132 224
22 21 132 240
23 22 132 241
23 24 132 241
24 25 132 240
26 27 132 224
27 28 132 208
29 30 132 192
30 31 132 176
33 32 132 254
34 33 132 255
36 35 132 239
37 36 132 238
38 37 132 237
39 38 132 236
40 24 132 235
40 39 132 235
41 42 132 184
42 43 132 168
44 45 132 152
45 46 132 136
47 63 132 120
48 32 132 225
49 65 132 32
51 50 132 48
52 51 132 64
54 53 132 80
55 54 132 96
55 56 132 96
56 57 132 80
58 59 132 64
59 60 132 48
61 62 132 32
62 63 132 16
65 64 132 239
66 65 132 238
67 66 132 237
68 67 132 236
69 68 132 235
70 69 132 234
71 70 132 233
72 56 132 217
72 71 132 217
73 74 132 24
74 75 132 8
75 76 132 9
76 77 132 10
77 78 132 11
78 79 132 12
79 95 132 13
80 64 132 210
81 97 132 19
82 81 132 20
83 82 132 21
84 83 132 22
85 84 132 23
86 85 132 7
87 86 132 6
87 88 132 6
88 89 132 7
89 90 132 23
90 91 132 22
91 92 132 21
92 93 132 20
93 94 132 19
94 95 132 18
97 96 132 236
98 97 132 235
99 98 132 234
100 99 132 233
101 100 132 217
102 101 132 218
103 102 132 219
104 88 132 220
104 103 132 220
105 106 132 26
106 107 132 25
107 108 132 41
108 109 132 42
109 110 132 43
110 111 132 44
111 127 132 45
112 96 132 213
113 129 132 51
114 113 132 52
115 114 132 53
116 115 132 54
117 116 132 55
118 117 132 39
119 118 132 38
119 120 132 38
120 121 132 39
121 122 132 55
122 123 132 54
123 124 132 53
124 125 132 52
125 126 132 51
126 127 132 50
129 128 132 233
130 129 132 217
131 130 132 218
132 131 132 219
133 132 132 220
134 133 132 221
135 134 132 222
136 120 132 223
136 135 132 223
137 138 132 58
138 139 132 57
139 140 132 73
140 141 132 74
141 142 132 75
142 143 132 76
143 159 132 77
144 128 132 199
145 161 132 83
146 145 132 84
147 146 132 85
148 147 132 86
149 148 132 87
150 149 132 71
151 150 132 70
151 152 132 70
152 153 132 71
153 154 132 87
154 155 132 86
155 156 132 85
156 157 132 84
157 158 132 83
158 159 132 82
161 160 132 219
162 161 132 220
163 162 132 221
164 163 132 222
165 164 132 223
167 166 132 207
168 152 132 206
168 167 132 206
169 170 132 90
170 171 132 89
171 172 132 105
172 173 132 106
173 174 132 107
174 175 132 108
175 191 132 109
176 160 132 196
177 193 132 115
178 177 132 116
179 178 132 117
180 179 132 118
181 180 132 119
182 181 132 103
183 182 132 102
183 184 132 102
184 185 132 103
185 186 132 119
186 187 132 118
187 188 132 117
188 189 132 116
189 190 132 115
190 191 132 114
193 192 132 222
194 193 132 223
196 195 132 207
197 196 132 206
198 197 132 205
199 198 132 204
200 184 132 203
200 199 132 203
201 202 132 122
202 203 132 121
203 204 132 137
204 205 132 138
205 206 132 139
206 207 132 140
207 223 132 141
208 192 132 193
209 225 132 147
210 209 132 148
211 210 132 149
212 211 132 150
213 212 132 151
214 213 132 135
215 214 132 134
215 216 132 134
216 217 132 135
217 218 132 151
218 219 132 150
219 220 132 149
220 221 132 148
221 222 132 147
222 223 132 146
225 224 132 207
226 225 132 206
227 226 132 205
228 227 132 204
229 228 132 203
230 229 132 202
231 230 132 201
232 216 132 185
232 231 132 185
233 234 132 154
234 235 132 153
235 236 132 169
236 237 132 170
237 238 132 171
238 239 132 172
239 255 132 173
240 224 132 178
241 240 132 179
242 241 132 180
243 242 132 181
244 243 132 182
245 244 132 183
246 245 132 167
247 246 132 166
247 248 132 166
248 249 132 167
249 250 132 183
250 251 132 182
251 252 132 181
252 253 132 180
253 254 132 179
254 255 132 178
0 16 133 67
1 0 133 68
2 1 133 69
3 2 133 70
4 3 133 71
6 5 133 87
7 6 133 86
7 8 133 86
8 9 133 87
10 11 133 71
11 12 133 70
12 13 133 69
13 14 133 68
14 15 133 67
17 16 133 62
18 17 133 61
19 18 133 60
20 19 133 59
21 20 133 58
22 21 133 57
24 23 133 73
24 40 133 73
25 26 133 106
26 27 133 105
28 29 133 89
29 30 133 90
30 31 133 91
31 15 133 92
32 48 133 49
33 17 133 100
34 33 133 101
35 34 133 102
36 35 133 103
38 37 133 119
39 38 133 118
39 40 133 118
40 41 133 119
42 43 133 103
43 44 133 102
44 45 133 101
45 46 133 100
46 47 133 99
49 48 133 46
50 49 133 47
51 50 133 63
52 51 133 62
53 52 133 61
54 53 133 60
55 54 133 59
56 55 133 58
56 72 133 58
57 58 133 138
58 59 133 137
60 61 133 121
61 62 133 122
62 63 133 123
63 47 133 124
64 80 133 52
65 49 133 132
66 65 133 133
67 66 133 134
68 67 133 135
70 69 133 151
71 70 133 150
71 72 133 150
72 73 133 151
74 75 133 135
75 76 133 134
76 77 133 133
77 78 133 132
78 79 133 131
81 80 133 43
82 81 133 44
83 82 133 45
84 83 133 46
85 84 133 47
86 85 133 63
87 86 133 62
88 87 133 61
88 104 133 61
89 90 133 170
90 91 133 169
92 93 133 153
93 94 133 154
94 95 133 155
95 79 133 156
96 112 133 55
97 81 133 164
98 97 133 165
99 98 133 166
100 99 133 167
102 101 133 183
103 102 133 182
103 104 133 182
104 105 133 183
106 107 133 167
107 108 133 166
108 109 133 165
109 110 133 164
110 111 133 163
114 113 133 41
115 114 133 42
116 115 133 43
117 116 133 44
118 117 133 45
119 118 133 46
120 119 133 47
120 136 133 47
121 122 133 202
122 123 133 201
124 125 133 185
125 126 133 186
126 127 133 187
127 111 133 188
128 144 133 38
129 113 133 196
130 129 133 197
131 130 133 198
132 131 133 199
134 133 133 215
135 134 133 214
135 136 133 214
136 137 133 215
138 139 133 199
139 140 133 198
140 141 133 197
141 142 133 196
142 143 133 195
145 144 133 27
146 145 133 26
147 146 133 25
149 148 133 41
150 149 133 42
151 150 133 43
152 151 133 44
152 168 133 44
153 154 133 234
154 155 133 233
156 157 133 217
157 158 133 218
158 159 133 219
159 143 133 220
160 176 133 35
161 145 133 228
162 161 133 229
163 162 133 230
164 163 133 231
166 165 133 247
167 166 133 246
167 168 133 246
168 169 133 247
170 171 133 231
171 172 133 230
172 173 133 229
173 174 133 228
174 175 133 227
177 176 133 30
178 177 133 29
179 178 133 28
180 179 133 27
181 180 133 26
182 181 133 25
184 183 133 41
184 200 133 41
185 186 133 232
187 188 133 248
188 189 133 249
189 190 133 250
190 191 133 251
191 175 133 252
192 208 133 17
193 177 133 208
194 193 133 192
196 195 133 176
197 196 133 160
199 198 133 144
199 200 133 144
201 202 133 160
202 203 133 176
204 205 133 192
205 206 133 208
209 208 133 14
210 209 133 15
211 210 133 31
212 211 133 30
213 212 133 29
214 213 133 28
215 214 133 27
216 215 133 26
216 232 133 26
217 218 133 72
219 220 133 88
220 221 133 104
222 223 133 120
223 207 133 136
224 240 133 20
225 209 133 48
226 225 133 32
228 227 133 16
229 228 133 0
230 229 133 1
231 230 133 2
231 232 133 2
232 233 133 1
233 234 133 0
234 235 133 16
236 237 133 32
237 238 133 48
241 240 133 11
242 241 133 12
243 242 133 13
244 243 133 14
245 244 133 15
246 245 133 31
247 246 133 30
248 247 133 29
248 249 133 29
249 250 133 30
250 251 133 31
251 252 133 15
252 253 133 14
253 254 133 13
254 255 133 12
255 239 133 11
0 1 134 229
1 2 134 230
2 3 134 231
3 4 134 247
4 5 134 246
5 6 134 245
6 7 134 244
7 8 134 243
7 23 134 243
8 9 134 242
9 10 134 241
10 11 134 240
12 13 134 224
13 14 134 208
17 16 134 253
18 17 134 254
19 18 134 255
21 20 134 239
22 21 134 238
23 22 134 237
24 8 134 236
24 23 134 236
25 41 134 200
26 25 134 216
28 27 134 232
29 28 134 248
30 29 134 249
31 30 134 250
32 16 134 226
33 34 134 176
35 36 134 160
36 37 134 144
38 39 134 128
39 40 134 112
39 55 134 112
41 42 134 96
42 43 134 80
44 45 134 64
45 46 134 48
50 49 134 239
51 50 134 238
52 51 134 237
53 52 134 236
54 53 134 235
55 54 134 234
56 40 134 233
56 55 134 233
57 73 134 40
58 57 134 56
60 59 134 72
61 60 134 88
63 62 134 104
64 48 134 209
65 66 134 16
67 68 134 0
68 69 134 1
69 70 134 2
70 71 134 3
71 72 134 4
71 87 134 4
72 73 134 5
73 74 134 6
74 75 134 7
75 76 134 23
76 77 134 22
77 78 134 21
78 79 134 20
81 80 134 237
82 81 134 236
83 82 134 235
84 83 134 234
85 84 134 233
86 85 134 217
87 86 134 218
88 72 134 219
88 87 134 219
89 105 134 28
90 89 134 29
91 90 134 30
92 91 134 31
94 93 134 15
95 94 134 14
96 80 134 212
97 98 134 18
98 99 134 17
100 101 134 33
101 102 134 34
102 103 134 35
103 104 134 36
103 119 134 36
104 105 134 37
105 106 134 38
106 107 134 39
107 108 134 55
108 109 134 54
109 110 134 53
110 111 134 52
113 112 134 234
114 113 134 233
115 114 134 217
116 115 134 218
117 116 134 219
118 117 134 220
119 118 134 221
120 104 134 222
120 119 134 222
121 137 134 60
122 121 134 61
123 122 134 62
124 123 134 63
126 125 134 47
127 126 134 46
128 112 134 215
129 130 134 50
130 131 134 49
132 133 134 65
133 134 134 66
134 135 134 67
135 136 134 68
135 151 134 68
136 137 134 69
137 138 134 70
138 139 134 71
139 140 134 87
140 141 134 86
141 142 134 85
142 143 134 84
145 144 134 218
146 145 134 219
147 146 134 220
148 147 134 221
149 148 134 222
150 149 134 223
152 136 134 207
152 151 134 207
153 169 134 92
154 153 134 93
155 154 134 94
156 155 134 95
158 157 134 79
159 158 134 78
160 144 134 197
161 162 134 82
162 163 134 81
164 165 134 97
165 166 134 98
166 167 134 99
167 168 134 100
167 183 134 100
168 169 134 101
169 170 134 102
170 171 134 103
171 172 134 119
172 173 134 118
173 174 134 117
174 175 134 116
177 176 134 221
178 177 134 222
179 178 134 223
181 180 134 207
182 181 134 206
183 182 134 205
184 168 134 204
184 183 134 204
185 201 134 124
186 185 134 125
187 186 134 126
188 187 134 127
190 189 134 111
191 190 134 110
192 176 134 194
193 194 134 114
194 195 134 113
196 197 134 129
197 198 134 130
198 199 134 131
199 200 134 132
199 215 134 132
200 201 134 133
201 202 134 134
202 203 134 135
203 204 134 151
204 205 134 150
205 206 134 149
206 207 134 148
210 209 134 207
211 210 134 206
212 211 134 205
213 212 134 204
214 213 134 203
215 214 134 202
216 200 134 201
216 215 134 201
217 233 134 156
218 217 134 157
219 218 134 158
220 219 134 159
222 221 134 143
223 222 134 142
224 208 134 177
225 226 134 146
226 227 134 145
228 229 134 161
229 230 134 162
230 231 134 163
231 232 134 164
231 247 134 164
232 233 134 165
233 234 134 166
234 235 134 167
235 236 134 183
236 237 134 182
237 238 134 181
238 239 134 180
241 240 134 205
242 241 134 204
243 242 134 203
244 243 134 202
245 244 134 201
246 245 134 185
247 246 134 186
248 232 134 187
248 247 134 187
249 248 134 188
250 249 134 189
251 250 134 190
252 251 134 191
254 253 134 175
255 254 134 174
1 0 135 60
2 1 135 59
3 2 135 58
4 3 135 57
6 5 135 73
7 6 135 74
8 7 135 75
8 24 135 75
9 8 135 76
10 9 135 77
11 10 135 78
12 11 135 79
13 12 135 95
14 13 135 94
15 14 135 93
16 32 135 66
17 18 135 99
18 19 135 98
19 20 135 97
20 21 135 81
21 22 135 82
22 23 135 83
23 7 135 84
23 24 135 84
24 25 135 85
25 26 135 86
26 27 135 87
28 29 135 71
29 30 135 70
30 31 135 69
33 32 135 63
34 33 135 62
35 34 135 61
36 35 135 60
37 36 135 59
38 37 135 58
39 38 135 57
41 25 135 108
42 41 135 109
43 42 135 110
44 43 135 111
45 44 135 127
46 45 135 126
47 46 135 125
48 64 135 50
49 50 135 131
50 51 135 130
51 52 135 129
52 53 135 113
53 54 135 114
54 55 135 115
55 39 135 116
55 56 135 116
56 57 135 117
57 58 135 118
58 59 135 119
60 61 135 103
61 62 135 102
62 63 135 101
65 64 135 45
66 65 135 46
67 66 135 47
68 67 135 63
69 68 135 62
70 69 135 61
71 70 135 60
72 71 135 59
72 88 135 59
73 57 135 140
74 73 135 141
75 74 135 142
76 75 135 143
77 76 135 159
78 77 135 158
79 78 135 157
80 96 135 53
81 82 135 163
82 83 135 162
83 84 135 161
84 85 135 145
85 86 135 146
86 87 135 147
87 71 135 148
87 88 135 148
88 89 135 149
89 90 135 150
90 91 135 151
92 93 135 135
93 94 135 134
94 95 135 133
97 96 135 42
98 97 135 43
99 98 135 44
100 99 135 45
101 100 135 46
102 101 135 47
103 102 135 63
104 103 135 62
104 120 135 62
105 89 135 172
106 105 135 173
107 106 135 174
108 107 135 175
109 108 135 191
110 109 135 190
111 110 135 189
113 114 135 195
114 115 135 194
115 116 135 193
116 117 135 177
117 118 135 178
118 119 135 179
119 103 135 180
119 120 135 180
120 121 135 181
121 122 135 182
122 123 135 183
124 125 135 167
125 126 135 166
126 127 135 165
129 128 135 25
131 130 135 41
132 131 135 42
133 132 135 43
134 133 135 44
135 134 135 45
136 135 135 46
136 152 135 46
137 121 135 204
138 137 135 205
139 138 135 206
140 139 135 207
141 140 135 223
142 141 135 222
143 142 135 221
144 160 135 37
145 146 135 227
146 147 135 226
147 148 135 225
148 149 135 209
149 150 135 210
150 151 135 211
151 135 135 212
151 152 135 212
152 153 135 213
153 154 135 214
154 155 135 215
156 157 135 199
157 158 135 198
158 159 135 197
161 160 135 28
162 161 135 27
163 162 135 26
164 163 135 25
166 165 135 41
167 166 135 42
168 167 135 43
168 184 135 43
169 153 135 236
170 169 135 237
171 170 135 238
172 171 135 239
173 172 135 255
174 173 135 254
175 174 135 253
176 192 135 34
178 179 135 224
179 180 135 240
180 181 135 241
181 182 135 242
182 183 135 243
183 167 135 244
183 184 135 244
184 185 135 245
185 186 135 246
186 187 135 247
188 189 135 231
189 190 135 230
190 191 135 229
193 192 135 31
194 193 135 30
195 194 135 29
196 195 135 28
197 196 135 27
198 197 135 26
199 198 135 25
202 201 135 200
203 202 135 184
205 204 135 168
206 205 135 152
208 224 135 18
210 211 135 64
211 212 135 80
213 214 135 96
214 215 135 112
216 217 135 128
217 218 135 144
219 220 135 160
220 221 135 176
222 223 135 192
225 224 135 13
226 225 135 14
227 226 135 15
228 227 135 31
229 228 135 30
230 229 135 29
231 230 135 28
232 231 135 27
232 248 135 27
234 233 135 40
235 234 135 24
237 236 135 8
238 237 135 9
239 238 135 10
240 241 135 21
241 242 135 22
242 243 135 23
244 245 135 7
245 246 135 6
246 247 135 5
247 231 135 4
247 248 135 4
248 249 135 3
249 250 135 2
250 251 135 1
251 252 135 0
252 253 135 16
254 255 135 32
1 0 136 252
2 1 136 253
3 2 136 254
4 3 136 255
6 5 136 239
7 6 136 238
8 7 136 237
8 9 136 237
9 10 136 238
10 11 136 239
12 13 136 255
13 14 136 254
14 15 136 253
15 31 136 252
16 0 136 227
18 17 136 208
19 18 136 224
21 20 136 240
22 21 136 241
23 22 136 242
23 24 136 242
24 25 136 241
25 26 136 240
27 28 136 224
28 29 136 208
30 31 136 192
33 32 136 255
35 34 136 239
36 35 136 238
37 36 136 237
38 37 136 236
39 38 136 235
40 24 136 234
40 39 136 234
42 43 136 184
43 44 136 168
45 46 136 152
46 47 136 136
50 49 136 48
51 50 136 64
53 52 136 80
54 53 136 96
56 57 136 96
57 58 136 80
59 60 136 64
60 61 136 48
62 63 136 32
65 64 136 238
66 65 136 237
67 66 136 236
68 67 136 235
69 68 136 234
70 69 136 233
71 70 136 217
72 56 136 218
72 71 136 218
74 75 136 24
75 76 136 8
76 77 136 9
77 78 136 10
78 79 136 11
79 95 136 12
80 64 136 211
81 97 136 20
82 81 136 21
83 82 136 22
84 83 136 23
85 84 136 7
86 85 136 6
87 86 136 5
87 88 136 5
88 89 136 6
89 90 136 7
90 91 136 23
91 92 136 22
92 93 136 21
93 94 136 20
94 95 136 19
97 96 136 235
98 97 136 234
99 98 136 233
100 99 136 217
101 100 136 218
102 101 136 219
103 102 136 220
104 88 136 221
104 103 136 221
105 106 136 27
106 107 136 26
107 108 136 25
108 109 136 41
109 110 136 42
110 111 136 43
111 127 136 44
112 96 136 214
113 129 136 52
114 113 136 53
115 114 136 54
116 115 136 55
117 116 136 39
118 117 136 38
119 118 136 37
119 120 136 37
120 121 136 38
121 122 136 39
122 123 136 55
123 124 136 54
124 125 136 53
125 126 136 52
126 127 136 51
129 128 136 217
130 129 136 218
131 130 136 219
132 131 136 220
133 132 136 221
134 133 136 222
135 134 136 223
137 138 136 59
138 139 136 58
139 140 136 57
140 141 136 73
141 142 136 74
142 143 136 75
143 159 136 76
144 128 136 198
145 161 136 84
146 145 136 85
147 146 136 86
148 147 136 87
149 148 136 71
150 149 136 70
151 150 136 69
151 152 136 69
152 153 136 70
153 154 136 71
154 155 136 87
155 156 136 86
156 157 136 85
157 158 136 84
158 159 136 83
161 160 136 220
162 161 136 221
163 162 136 222
164 163 136 223
166 165 136 207
167 166 136 206
168 152 136 205
168 167 136 205
169 170 136 91
170 171 136 90
171 172 136 89
172 173 136 105
173 174 136 106
174 175 136 107
175 191 136 108
176 160 136 195
177 193 136 116
178 177 136 117
179 178 136 118
180 179 136 119
181 180 136 103
182 181 136 102
183 182 136 101
183 184 136 101
184 185 136 102
185 186 136 103
186 187 136 119
187 188 136 118
188 189 136 117
189 190 136 116
190 191 136 115
193 192 136 223
195 194 136 207
196 195 136 206
197 196 136 205
198 197 136 204
199 198 136 203
200 184 136 202
200 199 136 202
201 202 136 123
202 203 136 122
203 204 136 121
204 205 136 137
205 206 136 138
206 207 136 139
207 223 136 140
209 225 136 148
210 209 136 149
211 210 136 150
212 211 136 151
213 212 136 135
214 213 136 134
215 214 136 133
215 216 136 133
216 217 136 134
217 218 136 135
218 219 136 151
219 220 136 150
220 221 136 149
221 222 136 148
222 223 136 147
225 224 136 206
226 225 136 205
227 226 136 204
228 227 136 203
229 228 136 202
230 229 136 201
231 230 136 185
232 216 136 186
232 231 136 186
233 234 136 155
234 235 136 154
235 236 136 153
236 237 136 169
237 238 136 170
238 239 136 171
239 255 136 172
240 224 136 179
241 240 136 180
242 241 136 181
243 242 136 182
244 243 136 183
245 244 136 167
246 245 136 166
247 246 136 165
247 248 136 165
248 249 136 166
249 250 136 167
250 251 136 183
251 252 136 182
252 253 136 181
253 254 136 180
254 255 136 179
0 16 137 68
1 0 137 69
2 1 137 70
3 2 137 71
5 4 137 87
6 5 137 86
7 6 137 85
7 8 137 85
8 9 137 86
9 10 137 87
11 12 137 71
12 13 137 70
13 14 137 69
14 15 137 68
17 16 137 61
18 17 137 60
19 18 137 59
20 19 137 58
21 20 137 57
23 22 137 73
24 23 137 74
24 40 137 74
25 26 137 107
26 27 137 106
27 28 137 105
29 30 137 89
30 31 137 90
31 15 137 91
32 48 137 65
33 17 137 101
34 33 137 102
35 34 137 103
37 36 137 119
38 37 137 118
39 38 137 117
39 40 137 117
40 41 137 118
41 42 137 119
43 44 137 103
44 45 137 102
45 46 137 101
46 47 137 100
49 48 137 47
50 49 137 63
51 50 137 62
52 51 137 61
53 52 137 60
54 53 137 59
55 54 137 58
56 55 137 57
56 72 137 57
57 58 137 139
58 59 137 138
59 60 137 137
61 62 137 121
62 63 137 122
63 47 137 123
64 80 137 51
65 49 137 133
66 65 137 134
67 66 137 135
69 68 137 151
70 69 137 150
71 70 137 149
71 72 137 149
72 73 137 150
73 74 137 151
75 76 137 135
76 77 137 134
77 78 137 133
78 79 137 132
81 80 137 44
82 81 137 45
83 82 137 46
84 83 137 47
85 84 137 63
86 85 137 62
87 86 137 61
88 87 137 60
88 104 137 60
89 90 137 171
90 91 137 170
91 92 137 169
93 94 137 153
94 95 137 154
95 79 137 155
96 112 137 54
97 81 137 165
98 97 137 166
99 98 137 167
101 100 137 183
102 101 137 182
103 102 137 181
103 104 137 181
104 105 137 182
105 106 137 183
107 108 137 167
108 109 137 166
109 110 137 165
110 111 137 164
113 112 137 41
114 113 137 42
115 114 137 43
116 115 137 44
117 116 137 45
118 117 137 46
119 118 137 47
120 119 137 63
120 136 137 63
121 122 137 203
122 123 137 202
123 124 137 201
125 126 137 185
126 127 137 186
127 111 137 187
128 144 137 39
129 113 137 197
130 129 137 198
131 130 137 199
133 132 137 215
134 133 137 214
135 134 137 213
135 136 137 213
136 137 137 214
137 138 137 215
139 140 137 199
140 141 137 198
141 142 137 197
142 143 137 196
145 144 137 26
146 145 137 25
148 147 137 41
149 148 137 42
150 149 137 43
151 150 137 44
152 151 137 45
152 168 137 45
153 154 137 235
154 155 137 234
155 156 137 233
157 158 137 217
158 159 137 218
159 143 137 219
160 176 137 36
161 145 137 229
162 161 137 230
163 162 137 231
165 164 137 247
166 165 137 246
167 166 137 245
167 168 137 245
168 169 137 246
169 170 137 247
171 172 137 231
172 173 137 230
173 174 137 229
174 175 137 228
177 176 137 29
178 177 137 28
179 178 137 27
180 179 137 26
181 180 137 25
183 182 137 41
184 183 137 42
184 200 137 42
185 186 137 216
186 187 137 232
188 189 137 248
189 190 137 249
190 191 137 250
191 175 137 251
192 208 137 33
193 177 137 192
195 194 137 176
196 195 137 160
198 197 137 144
199 198 137 128
199 200 137 128
200 201 137 144
202 203 137 160
203 204 137 176
205 206 137 192
206 207 137 208
209 208 137 15
210 209 137 31
211 210 137 30
212 211 137 29
213 212 137 28
214 213 137 27
215 214 137 26
216 215 137 25
216 232 137 25
217 218 137 56
218 219 137 72
220 221 137 88
221 222 137 104
223 207 137 120
224 240 137 19
225 209 137 32
227 226 137 16
228 227 137 0
229 228 137 1
230 229 137 2
231 230 137 3
231 232 137 3
232 233 137 2
233 234 137 1
234 235 137 0
235 236 137 16
237 238 137 32
238 239 137 48
241 240 137 12
242 241 137 13
243 242 137 14
244 243 137 15
245 244 137 31
246 245 137 30
247 246 137 29
248 247 137 28
248 249 137 28
249 250 137 29
250 251 137 30
251 252 137 31
252 253 137 15
253 254 137 14
254 255 137 13
255 239 137 12
0 1 138 228
1 2 138 229
2 3 138 230
3 4 138 231
4 5 138 247
5 6 138 246
6 7 138 245
7 8 138 244
7 23 138 244
8 9 138 243
9 10 138 242
10 11 138 241
11 12 138 240
13 14 138 224
14 15 138 208
17 16 138 254
18 17 138 255
20 19 138 239
21 20 138 238
22 21 138 237
23 22 138 236
24 8 138 235
24 23 138 235
25 41 138 216
27 26 138 232
28 27 138 248
29 28 138 249
30 29 138 250
31 30 138 251
32 16 138 225
33 34 138 192
34 35 138 176
36 37 138 160
37 38 138 144
39 40 138 128
39 55 138 128
40 41 138 112
42 43 138 96
43 44 138 80
45 46 138 64
46 47 138 48
49 48 138 239
50 49 138 238
51 50 138 237
52 51 138 236
53 52 138 235
54 53 138 234
55 54 138 233
56 40 138 217
56 55 138 217
57 73 138 56
59 58 138 72
60 59 138 88
62 61 138 104
63 62 138 120
64 48 138 210
65 66 138 32
66 67 138 16
68 69 138 0
69 70 138 1
70 71 138 2
71 72 138 3
71 87 138 3
72 73 138 4
73 74 138 5
74 75 138 6
75 76 138 7
76 77 138 23
77 78 138 22
78 79 138 21
81 80 138 236
82 81 138 235
83 82 138 234
84 83 138 233
85 84 138 217
86 85 138 218
87 86 138 219
88 72 138 220
88 87 138 220
89 105 138 29
90 89 138 30
91 90 138 31
93 92 138 15
94 93 138 14
95 94 138 13
96 80 138 213
97 98 138 19
98 99 138 18
99 100 138 17
101 102 138 33
102 103 138 34
103 104 138 35
103 119 138 35
104 105 138 36
105 106 138 37
106 107 138 38
107 108 138 39
108 109 138 55
109 110 138 54
110 111 138 53
113 112 138 233
114 113 138 217
115 114 138 218
116 115 138 219
117 116 138 220
118 117 138 221
119 118 138 222
120 104 138 223
120 119 138 223
121 137 138 61
122 121 138 62
123 122 138 63
125 124 138 47
126 125 138 46
127 126 138 45
128 112 138 199
129 130 138 51
130 131 138 50
131 132 138 49
133 134 138 65
134 135 138 66
135 136 138 67
135 151 138 67
136 137 138 68
137 138 138 69
138 139 138 70
139 140 138 71
140 141 138 87
141 142 138 86
142 143 138 85
145 144 138 219
146 145 138 220
147 146 138 221
148 147 138 222
149 148 138 223
151 150 138 207
152 136 138 206
152 151 138 206
153 169 138 93
154 153 138 94
155 154 138 95
157 156 138 79
158 157 138 78
159 158 138 77
160 144 138 196
161 162 138 83
162 163 138 82
163 164 138 81
165 166 138 97
166 167 138 98
167 168 138 99
167 183 138 99
168 169 138 100
169 170 138 101
170 171 138 102
171 172 138 103
172 173 138 119
173 174 138 118
174 175 138 117
177 176 138 222
178 177 138 223
180 179 138 207
181 180 138 206
182 181 138 205
183 182 138 204
184 168 138 203
184 183 138 203
185 201 138 125
186 185 138 126
187 186 138 127
189 188 138 111
190 189 138 110
191 190 138 109
192 176 138 193
193 194 138 115
194 195 138 114
195 196 138 113
197 198 138 129
198 199 138 130
199 200 138 131
199 215 138 131
200 201 138 132
201 202 138 133
202 203 138 134
203 204 138 135
204 205 138 151
205 206 138 150
206 207 138 149
209 208 138 207
210 209 138 206
211 210 138 205
212 211 138 204
213 212 138 203
214 213 138 202
215 214 138 201
216 200 138 185
216 215 138 185
217 233 138 157
218 217 138 158
219 218 138 159
221 220 138 143
222 221 138 142
223 222 138 141
224 208 138 178
225 226 138 147
226 227 138 146
227 228 138 145
229 230 138 161
230 231 138 162
231 232 138 163
231 247 138 163
232 233 138 164
233 234 138 165
234 235 138 166
235 236 138 167
236 237 138 183
237 238 138 182
238 239 138 181
241 240 138 204
242 241 138 203
243 242 138 202
244 243 138 201
245 244 138 185
246 245 138 186
247 246 138 187
248 232 138 188
248 247 138 188
249 248 138 189
250 249 138 190
251 250 138 191
253 252 138 175
254 253 138 174
255 254 138 173
1 0 139 59
2 1 139 58
3 2 139 57
5 4 139 73
6 5 139 74
7 6 139 75
8 7 139 76
8 24 139 76
9 8 139 77
10 9 139 78
11 10 139 79
12 11 139 95
13 12 139 94
14 13 139 93
15 14 139 92
16 32 139 67
17 18 139 100
18 19 139 99
19 20 139 98
20 21 139 97
21 22 139 81
22 23 139 82
23 7 139 83
23 24 139 83
24 25 139 84
25 26 139 85
26 27 139 86
27 28 139 87
29 30 139 71
30 31 139 70
33 32 139 62
34 33 139 61
35 34 139 60
36 35 139 59
37 36 139 58
38 37 139 57
40 39 139 73
40 56 139 73
41 25 139 109
42 41 139 110
43 42 139 111
44 43 139 127
45 44 139 126
46 45 139 125
47 46 139 124
48 64 139 49
49 50 139 132
50 51 139 131
51 52 139 130
52 53 139 129
53 54 139 113
54 55 139 114
55 39 139 115
55 56 139 115
56 57 139 116
57 58 139 117
58 59 139 118
59 60 139 119
61 62 139 103
62 63 139 102
65 64 139 46
66 65 139 47
67 66 139 63
68 67 139 62
69 68 139 61
70 69 139 60
71 70 139 59
72 71 139 58
72 88 139 58
73 57 139 141
74 73 139 142
75 74 139 143
76 75 139 159
77 76 139 158
78 77 139 157
79 78 139 156
80 96 139 52
81 82 139 164
82 83 139 163
83 84 139 162
84 85 139 161
85 86 139 145
86 87 139 146
87 71 139 147
87 88 139 147
88 89 139 148
89 90 139 149
90 91 139 150
91 92 139 151
93 94 139 135
94 95 139 134
97 96 139 43
98 97 139 44
99 98 139 45
100 99 139 46
101 100 139 47
102 101 139 63
103 102 139 62
104 103 139 61
104 120 139 61
105 89 139 173
106 105 139 174
107 106 139 175
108 107 139 191
109 108 139 190
110 109 139 189
111 110 139 188
112 128 139 55
113 114 139 196
114 115 139 195
115 116 139 194
116 117 139 193
117 118 139 177
118 119 139 178
119 103 139 179
119 120 139 179
120 121 139 180
121 122 139 181
122 123 139 182
123 124 139 183
125 126 139 167
126 127 139 166
130 129 139 41
131 130 139 42
132 131 139 43
133 132 139 44
134 133 139 45
135 134 139 46
136 135 139 47
136 152 139 47
137 121 139 205
138 137 139 206
139 138 139 207
140 139 139 223
141 140 139 222
142 141 139 221
143 142 139 220
144 160 139 38
145 146 139 228
146 147 139 227
147 148 139 226
148 149 139 225
149 150 139 209
150 151 139 210
151 135 139 211
151 152 139 211
152 153 139 212
153 154 139 213
154 155 139 214
155 156 139 215
157 158 139 199
158 159 139 198
161 160 139 27
162 161 139 26
163 162 139 25
165 164 139 41
166 165 139 42
167 166 139 43
168 167 139 44
168 184 139 44
169 153 139 237
170 169 139 238
171 170 139 239
172 171 139 255
173 172 139 254
174 173 139 253
175 174 139 252
176 192 139 35
177 178 139 208
179 180 139 224
180 181 139 240
181 182 139 241
182 183 139 242
183 167 139 243
183 184 139 243
184 185 139 244
185 186 139 245
186 187 139 246
187 188 139 247
189 190 139 231
190 191 139 230
193 192 139 30
194 193 139 29
195 194 139 28
196 195 139 27
197 196 139 26
198 197 139 25
200 199 139 41
200 216 139 41
201 185 139 200
202 201 139 184
204 203 139 168
205 204 139 152
207 206 139 136
208 224 139 17
209 210 139 48
211 212 139 64
212 213 139 80
214 215 139 96
215 199 139 112
215 216 139 112
217 218 139 128
218 219 139 144
220 221 139 160
221 222 139 176
225 224 139 14
226 225 139 15
227 226 139 31
228 227 139 30
229 228 139 29
230 229 139 28
231 230 139 27
232 231 139 26
232 248 139 26
233 217 139 40
234 233 139 24
236 235 139 8
237 236 139 9
238 237 139 10
239 238 139 11
240 241 139 20
241 242 139 21
242 243 139 22
243 244 139 23
245 246 139 7
246 247 139 6
247 231 139 5
247 248 139 5
248 249 139 4
249 250 139 3
250 251 139 2
251 252 139 1
252 253 139 0
253 254 139 16
1 0 140 253
2 1 140 254
3 2 140 255
5 4 140 239
6 5 140 238
7 6 140 237
8 7 140 236
8 9 140 236
9 10 140 237
10 11 140 238
11 12 140 239
13 14 140 255
14 15 140 254
15 31 140 253
16 0 140 226
17 33 140 208
18 17 140 224
20 19 140 240
21 20 140 241
22 21 140 242
23 22 140 243
23 24 140 243
24 25 140 242
25 26 140 241
26 27 140 240
28 29 140 224
29 30 140 208
34 33 140 239
35 34 140 238
36 35 140 237
37 36 140 236
38 37 140 235
39 38 140 234
40 24 140 233
40 39 140 233
41 42 140 200
43 44 140 184
44 45 140 168
46 47 140 152
47 63 140 136
48 32 140 209
49 65 140 48
50 49 140 64
52 51 140 80
53 52 140 96
55 54 140 112
55 56 140 112
57 58 140 96
58 59 140 80
60 61 140 64
61 62 140 48
65 64 140 237
66 65 140 236
67 66 140 235
68 67 140 234
69 68 140 233
70 69 140 217
71 70 140 218
72 56 140 219
72 71 140 219
73 74 140 40
75 76 140 24
76 77 140 8
77 78 140 9
78 79 140 10
79 95 140 11
80 64 140 212
81 97 140 21
82 81 140 22
83 82 140 23
84 83 140 7
85 84 140 6
86 85 140 5
87 86 140 4
87 88 140 4
88 89 140 5
89 90 140 6
90 91 140 7
91 92 140 23
92 93 140 22
93 94 140 21
94 95 140 20
97 96 140 234
98 97 140 233
99 98 140 217
100 99 140 218
101 100 140 219
102 101 140 220
103 102 140 221
104 88 140 222
104 103 140 222
105 106 140 28
106 107 140 27
107 108 140 26
108 109 140 25
109 110 140 41
110 111 140 42
111 127 140 43
112 96 140 215
113 129 140 53
114 113 140 54
115 114 140 55
116 115 140 39
117 116 140 38
118 117 140 37
119 118 140 36
119 120 140 36
120 121 140 37
121 122 140 38
122 123 140 39
123 124 140 55
124 125 140 54
125 126 140 53
126 127 140 52
129 128 140 218
130 129 140 219
131 130 140 220
132 131 140 221
133 132 140 222
134 133 140 223
136 120 140 207
136 135 140 207
137 138 140 60
138 139 140 59
139 140 140 58
140 141 140 57
141 142 140 73
142 143 140 74
143 159 140 75
144 128 140 197
145 161 140 85
146 145 140 86
147 146 140 87
148 147 140 71
149 148 140 70
150 149 140 69
151 150 140 68
151 152 140 68
152 153 140 69
153 154 140 70
154 155 140 71
155 156 140 87
156 157 140 86
157 158 140 85
158 159 140 84
161 160 140 221
162 161 140 222
163 162 140 223
165 164 140 207
166 165 140 206
167 166 140 205
168 152 140 204
168 167 140 204
169 170 140 92
170 171 140 91
171 172 140 90
172 173 140 89
173 174 140 105
174 175 140 106
175 191 140 107
176 160 140 194
177 193 140 117
178 177 140 118
179 178 140 119
180 179 140 103
181 180 140 102
182 181 140 101
183 182 140 100
183 184 140 100
184 185 140 101
185 186 140 102
186 187 140 103
187 188 140 119
188 189 140 118
189 190 140 117
190 191 140 116
194 193 140 207
195 194 140 206
196 195 140 205
197 196 140 204
198 197 140 203
199 198 140 202
200 184 140 201
200 199 140 201
201 202 140 124
202 203 140 123
203 204 140 122
204 205 140 121
205 206 140 137
206 207 140 138
207 223 140 139
208 192 140 177
209 225 140 149
210 209 140 150
211 210 140 151
212 211 140 135
213 212 140 134
214 213 140 133
215 214 140 132
215 216 140 132
216 217 140 133
217 218 140 134
218 219 140 135
219 220 140 151
220 221 140 150
221 222 140 149
222 223 140 148
225 224 140 205
226 225 140 204
227 226 140 203
228 227 140 202
229 228 140 201
230 229 140 185
231 230 140 186
232 216 140 187
232 231 140 187
233 234 140 156
234 235 140 155
235 236 140 154
236 237 140 153
237 238 140 169
238 239 140 170
239 255 140 171
240 224 140 180
241 240 140 181
242 241 140 182
243 242 140 183
244 243 140 167
245 244 140 166
246 245 140 165
247 246 140 164
247 248 140 164
248 249 140 165
249 250 140 166
250 251 140 167
251 252 140 183
252 253 140 182
253 254 140 181
254 255 140 180
0 16 141 69
1 0 141 70
2 1 141 71
4 3 141 87
5 4 141 86
6 5 141 85
7 6 141 84
7 8 141 84
8 9 141 85
9 10 141 86
10 11 141 87
12 13 141 71
13 14 141 70
14 15 141 69
17 16 141 60
18 17 141 59
19 18 141 58
20 19 141 57
22 21 141 73
23 22 141 74
24 23 141 75
24 40 141 75
25 26 141 108
26 27 141 107
27 28 141 106
28 29 141 105
30 31 141 89
31 15 141 90
32 48 141 66
33 17 141 102
34 33 141 103
36 35 141 119
37 36 141 118
38 37 141 117
39 38 141 116
39 40 141 116
40 41 141 117
41 42 141 118
42 43 141 119
44 45 141 103
45 46 141 102
46 47 141 101
49 48 141 63
50 49 141 62
51 50 141 61
52 51 141 60
53 52 141 59
54 53 141 58
55 54 141 57
57 58 141 140
58 59 141 139
59 60 141 138
60 61 141 137
62 63 141 121
63 47 141 122
64 80 141 50
65 49 141 134
66 65 141 135
68 67 141 151
69 68 141 150
70 69 141 149
71 70 141 148
71 72 141 148
72 73 141 149
73 74 141 150
74 75 141 151
76 77 141 135
77 78 141 134
78 79 141 133
81 80 141 45
82 81 141 46
83 82 141 47
84 83 141 63
85 84 141 62
86 85 141 61
87 86 141 60
88 87 141 59
88 104 141 59
89 90 141 172
90 91 141 171
91 92 141 170
92 93 141 169
94 95 141 153
95 79 141 154
96 112 141 53
97 81 141 166
98 97 141 167
100 99 141 183
101 100 141 182
102 101 141 181
103 102 141 180
103 104 141 180
104 105 141 181
105 106 141 182
106 107 141 183
108 109 141 167
109 110 141 166
110 111 141 165
113 112 141 42
114 113 141 43
115 114 141 44
116 115 141 45
117 116 141 46
118 117 141 47
119 118 141 63
120 119 141 62
120 136 141 62
121 122 141 204
122 123 141 203
123 124 141 202
124 125 141 201
126 127 141 185
127 111 141 186
129 113 141 198
130 129 141 199
132 131 141 215
133 132 141 214
134 133 141 213
135 134 141 212
135 136 141 212
136 137 141 213
137 138 141 214
138 139 141 215
140 141 141 199
141 142 141 198
142 143 141 197
145 144 141 25
147 146 141 41
148 147 141 42
149 148 141 43
150 149 141 44
151 150 141 45
152 151 141 46
152 168 141 46
153 154 141 236
154 155 141 235
155 156 141 234
156 157 141 233
158 159 141 217
159 143 141 218
160 176 141 37
161 145 141 230
162 161 141 231
164 163 141 247
165 164 141 246
166 165 141 245
167 166 141 244
167 168 141 244
168 169 141 245
169 170 141 246
170 171 141 247
172 173 141 231
173 174 141 230
174 175 141 229
177 176 141 28
178 177 141 27
179 178 141 26
180 179 141 25
182 181 141 41
183 182 141 42
184 183 141 43
184 200 141 43
186 187 141 216
187 188 141 232
189 190 141 248
190 191 141 249
191 175 141 250
192 208 141 34
194 193 141 176
195 194 141 160
197 196 141 144
198 197 141 128
200 201 141 128
201 202 141 144
203 204 141 160
204 205 141 176
206 207 141 192
209 208 141 31
210 209 141 30
211 210 141 29
212 211 141 28
213 212 141 27
214 213 141 26
215 214 141 25
218 219 141 56
219 220 141 72
221 222 141 88
222 223 141 104
224 240 141 18
226 225 141 16
227 226 141 0
228 227 141 1
229 228 141 2
230 229 141 3
231 230 141 4
231 232 141 4
232 233 141 3
233 234 141 2
234 235 141 1
235 236 141 0
236 237 141 16
238 239 141 32
241 240 141 13
242 241 141 14
243 242 141 15
244 243 141 31
245 244 141 30
246 245 141 29
247 246 141 28
248 247 141 27
248 249 141 27
249 250 141 28
250 251 141 29
251 252 141 30
252 253 141 31
253 254 141 15
254 255 141 14
255 239 141 13
0 1 142 227
1 2 142 228
2 3 142 229
3 4 142 230
4 5 142 231
5 6 142 247
6 7 142 246
7 8 142 245
7 23 142 245
8 9 142 244
9 10 142 243
10 11 142 242
11 12 142 241
12 13 142 240
14 15 142 224
17 16 142 255
19 18 142 239
20 19 142 238
21 20 142 237
22 21 142 236
23 22 142 235
24 8 142 234
24 23 142 234
26 25 142 232
27 26 142 248
28 27 142 249
29 28 142 250
30 29 142 251
31 30 142 252
34 35 142 192
35 36 142 176
37 38 142 160
38 39 142 144
40 41 142 128
41 42 142 112
43 44 142 96
44 45 142 80
46 47 142 64
49 48 142 238
50 49 142 237
51 50 142 236
52 51 142 235
53 52 142 234
54 53 142 233
55 54 142 217
56 40 142 218
56 55 142 218
58 57 142 72
59 58 142 88
61 60 142 104
62 61 142 120
64 48 142 211
66 67 142 32
67 68 142 16
69 70 142 0
70 71 142 1
71 72 142 2
71 87 142 2
72 73 142 3
73 74 142 4
74 75 142 5
75 76 142 6
76 77 142 7
77 78 142 23
78 79 142 22
81 80 142 235
82 81 142 234
83 82 142 233
84 83 142 217
85 84 142 218
86 85 142 219
87 86 142 220
88 72 142 221
88 87 142 221
89 105 142 30
90 89 142 31
92 91 142 15
93 92 142 14
94 93 142 13
95 94 142 12
96 80 142 214
97 98 142 20
98 99 142 19
99 100 142 18
100 101 142 17
102 103 142 33
103 104 142 34
103 119 142 34
104 105 142 35
105 106 142 36
106 107 142 37
107 108 142 38
108 109 142 39
109 110 142 55
110 111 142 54
113 112 142 217
114 113 142 218
115 114 142 219
116 115 142 220
117 116 142 221
118 117 142 222
119 118 142 223
121 137 142 62
122 121 142 63
124 123 142 47
125 124 142 46
126 125 142 45
127 126 142 44
128 112 142 198
129 130 142 52
130 131 142 51
131 132 142 50
132 133 142 49
134 135 142 65
135 136 142 66
135 151 142 66
136 137 142 67
137 138 142 68
138 139 142 69
139 140 142 70
140 141 142 71
141 142 142 87
142 143 142 86
145 144 142 220
146 145 142 221
147 146 142 222
148 147 142 223
150 149 142 207
151 150 142 206
152 136 142 205
152 151 142 205
153 169 142 94
154 153 142 95
156 155 142 79
157 156 142 78
158 157 142 77
159 158 142 76
160 144 142 195
161 162 142 84
162 163 142 83
163 164 142 82
164 165 142 81
166 167 142 97
167 168 142 98
167 183 142 98
168 169 142 99
169 170 142 100
170 171 142 101
171 172 142 102
172 173 142 103
173 174 142 119
174 175 142 118
177 176 142 223
179 178 142 207
180 179 142 206
181 180 142 205
182 181 142 204
183 182 142 203
184 168 142 202
184 183 142 202
185 201 142 126
186 185 142 127
188 187 142 111
189 188 142 110
190 189 142 109
191 190 142 108
193 194 142 116
194 195 142 115
195 196 142 114
196 197 142 113
198 199 142 129
199 200 142 130
199 215 142 130
200 201 142 131
201 202 142 132
202 203 142 133
203 204 142 134
204 205 142 135
205 206 142 151
206 207 142 150
209 208 142 206
210 209 142 205
211 210 142 204
212 211 142 203
213 212 142 202
214 213 142 201
215 214 142 185
216 200 142 186
216 215 142 186
217 233 142 158
218 217 142 159
220 219 142 143
221 220 142 142
222 221 142 141
223 222 142 140
224 208 142 179
225 226 142 148
226 227 142 147
227 228 142 146
228 229 142 145
230 231 142 161
231 232 142 162
231 247 142 162
232 233 142 163
233 234 142 164
234 235 142 165
235 236 142 166
236 237 142 167
237 238 142 183
238 239 142 182
241 240 142 203
242 241 142 202
243 242 142 201
244 243 142 185
245 244 142 186
246 245 142 187
247 246 142 188
248 232 142 189
248 247 142 189
249 248 142 190
250 249 142 191
252 251 142 175
253 252 142 174
254 253 142 173
255 254 142 172
1 0 143 58
2 1 143 57
4 3 143 73
5 4 143 74
6 5 143 75
7 6 143 76
8 7 143 77
8 24 143 77
9 8 143 78
10 9 143 79
11 10 143 95
12 11 143 94
13 12 143 93
14 13 143 92
15 14 143 91
16 32 143 68
17 18 143 101
18 19 143 100
19 20 143 99
20 21 143 98
21 22 143 97
22 23 143 81
23 7 143 82
23 24 143 82
24 25 143 83
25 26 143 84
26 27 143 85
27 28 143 86
28 29 143 87
30 31 143 71
33 32 143 61
34 33 143 60
35 34 143 59
36 35 143 58
37 36 143 57
39 38 143 73
40 39 143 74
40 56 143 74
41 25 143 110
42 41 143 111
43 42 143 127
44 43 143 126
45 44 143 125
46 45 143 124
47 46 143 123
48 64 143 65
49 50 143 133
50 51 143 132
51 52 143 131
52 53 143 130
53 54 143 129
54 55 143 113
55 39 143 114
55 56 143 114
56 57 143 115
57 58 143 116
58 59 143 117
59 60 143 118
60 61 143 119
62 63 143 103
65 64 143 47
66 65 143 63
67 66 143 62
68 67 143 61
69 68 143 60
70 69 143 59
71 70 143 58
72 71 143 57
72 88 143 57
73 57 143 142
74 73 143 143
75 74 143 159
76 75 143 158
77 76 143 157
78 77 143 156
79 78 143 155
80 96 143 51
81 82 143 165
82 83 143 164
83 84 143 163
84 85 143 162
85 86 143 161
86 87 143 145
87 71 143 146
87 88 143 146
88 89 143 147
89 90 143 148
90 91 143 149
91 92 143 150
92 93 143 151
94 95 143 135
97 96 143 44
98 97 143 45
99 98 143 46
100 99 143 47
101 100 143 63
102 101 143 62
103 102 143 61
104 103 143 60
104 120 143 60
105 89 143 174
106 105 143 175
107 106 143 191
108 107 143 190
109 108 143 189
110 109 143 188
111 110 143 187
112 128 143 54
113 114 143 197
114 115 143 196
115 116 143 195
116 117 143 194
117 118 143 193
118 119 143 177
119 103 143 178
119 120 143 178
120 121 143 179
121 122 143 180
122 123 143 181
123 124 143 182
124 125 143 183
126 127 143 167
129 128 143 41
130 129 143 42
131 130 143 43
132 131 143 44
133 132 143 45
134 133 143 46
135 134 143 47
136 135 143 63
136 152 143 63
137 121 143 206
138 137 143 207
139 138 143 223
140 139 143 222
141 140 143 221
142 141 143 220
143 142 143 219
144 160 143 39
145 146 143 229
146 147 143 228
147 148 143 227
148 149 143 226
149 150 143 225
150 151 143 209
151 135 143 210
151 152 143 210
152 153 143 211
153 154 143 212
154 155 143 213
155 156 143 214
156 157 143 215
158 159 143 199
161 160 143 26
162 161 143 25
164 163 143 41
165 164 143 42
166 165 143 43
167 166 143 44
168 167 143 45
168 184 143 45
169 153 143 238
170 169 143 239
171 170 143 255
172 171 143 254
173 172 143 253
174 173 143 252
175 174 143 251
176 192 143 36
177 178 143 192
178 179 143 208
180 181 143 224
181 182 143 240
182 183 143 241
183 167 143 242
183 184 143 242
184 185 143 243
185 186 143 244
186 187 143 245
187 188 143 246
188 189 143 247
190 191 143 231
193 192 143 29
194 193 143 28
195 194 143 27
196 195 143 26
197 196 143 25
199 198 143 41
200 199 143 42
200 216 143 42
201 185 143 184
203 202 143 168
204 203 143 152
206 205 143 136
207 206 143 120
208 224 143 33
209 210 143 32
210 211 143 48
212 213 143 64
213 214 143 80
215 199 143 96
215 216 143 96
216 217 143 112
218 219 143 128
219 220 143 144
221 222 143 160
222 223 143 176
225 224 143 15
226 225 143 31
227 226 143 30
228 227 143 29
229 228 143 28
230 229 143 27
231 230 143 26
232 231 143 25
232 248 143 25
233 217 143 24
235 234 143 8
236 235 143 9
237 236 143 10
238 237 143 11
239 238 143 12
240 241 143 19
241 242 143 20
242 243 143 21
243 244 143 22
244 245 143 23
246 247 143 7
247 231 143 6
247 248 143 6
248 249 143 5
249 250 143 4
250 251 143 3
251 252 143 2
252 253 143 1
253 254 143 0
254 255 143 16
1 0 144 254
2 1 144 255
4 3 144 239
5 4 144 238
6 5 144 237
7 6 144 236
8 7 144 235
8 9 144 235
9 10 144 236
10 11 144 237
11 12 144 238
12 13 144 239
14 15 144 255
15 31 144 254
16 0 144 225
17 33 144 224
19 18 144 240
20 19 144 241
21 20 144 242
22 21 144 243
23 22 144 244
23 24 144 244
24 25 144 243
25 26 144 242
26 27 144 241
27 28 144 240
29 30 144 224
30 31 144 208
33 32 144 239
34 33 144 238
35 34 144 237
36 35 144 236
37 36 144 235
38 37 144 234
39 38 144 233
40 24 144 217
40 39 144 217
41 42 144 216
42 43 144 200
44 45 144 184
45 46 144 168
47 63 144 152
48 32 144 210
49 65 144 64
51 50 144 80
52 51 144 96
54 53 144 112
55 54 144 128
55 56 144 128
56 57 144 112
58 59 144 96
59 60 144 80
61 62 144 64
62 63 144 48
65 64 144 236
66 65 144 235
67 66 144 234
68 67 144 233
69 68 144 217
70 69 144 218
71 70 144 219
72 56 144 220
72 71 144 220
73 74 144 56
74 75 144 40
76 77 144 24
77 78 144 8
78 79 144 9
79 95 144 10
80 64 144 213
81 97 144 22
82 81 144 23
83 82 144 7
84 83 144 6
85 84 144 5
86 85 144 4
87 86 144 3
87 88 144 3
88 89 144 4
89 90 144 5
90 91 144 6
91 92 144 7
92 93 144 23
93 94 144 22
94 95 144 21
97 96 144 233
98 97 144 217
99 98 144 218
100 99 144 219
101 100 144 220
102 101 144 221
103 102 144 222
104 88 144 223
104 103 144 223
105 106 144 29
106 107 144 28
107 108 144 27
108 109 144 26
109 110 144 25
110 111 144 41
111 127 144 42
112 96 144 199
113 129 144 54
114 113 144 55
115 114 144 39
116 115 144 38
117 116 144 37
118 117 144 36
119 118 144 35
119 120 144 35
120 121 144 36
121 122 144 37
122 123 144 38
123 124 144 39
124 125 144 55
125 126 144 54
126 127 144 53
129 128 144 219
130 129 144 220
131 130 144 221
132 131 144 222
133 132 144 223
135 134 144 207
136 120 144 206
136 135 144 206
137 138 144 61
138 139 144 60
139 140 144 59
140 141 144 58
141 142 144 57
142 143 144 73
143 159 144 74
144 128 144 196
145 161 144 86
146 145 144 87
147 146 144 71
148 147 144 70
149 148 144 69
150 149 144 68
151 150 144 67
151 152 144 67
152 153 144 68
153 154 144 69
154 155 144 70
155 156 144 71
156 157 144 87
157 158 144 86
158 159 144 85
161 160 144 222
162 161 144 223
164 163 144 207
165 164 144 206
166 165 144 205
167 166 144 204
168 152 144 203
168 167 144 203
169 170 144 93
170 171 144 92
171 172 144 91
172 173 144 90
173 174 144 89
174 175 144 105
175 191 144 106
176 160 144 193
177 193 144 118
178 177 144 119
179 178 144 103
180 179 144 102
181 180 144 101
182 181 144 100
183 182 144 99
183 184 144 99
184 185 144 100
185 186 144 101
186 187 144 102
187 188 144 103
188 189 144 119
189 190 144 118
190 191 144 117
193 192 144 207
194 193 144 206
195 194 144 205
196 195 144 204
197 196 144 203
198 197 144 202
199 198 144 201
200 184 144 185
200 199 144 185
201 202 144 125
202 203 144 124
203 204 144 123
204 205 144 122
205 206 144 121
206 207 144 137
207 223 144 138
208 192 144 178
209 225 144 150
210 209 144 151
211 210 144 135
212 211 144 134
213 212 144 133
214 213 144 132
215 214 144 131
215 216 144 131
216 217 144 132
217 218 144 133
218 219 144 134
219 220 144 135
220 221 144 151
221 222 144 150
222 223 144 149
225 224 144 204
226 225 144 203
227 226 144 202
228 227 144 201
229 228 144 185
230 229 144 186
231 230 144 187
232 216 144 188
232 231 144 188
233 234 144 157
234 235 144 156
235 236 144 155
236 237 144 154
237 238 144 153
238 239 144 169
239 255 144 170
240 224 144 181
241 240 144 182
242 241 144 183
243 242 144 167
244 243 144 166
245 244 144 165
246 245 144 164
247 246 144 163
247 248 144 163
248 249 144 164
249 250 144 165
250 251 144 166
251 252 144 167
252 253 144 183
253 254 144 182
254 255 144 181
0 16 145 70
1 0 145 71
3 2 145 87
4 3 145 86
5 4 145 85
6 5 145 84
7 6 145 83
7 8 145 83
8 9 145 84
9 10 145 85
10 11 145 86
11 12 145 87
13 14 145 71
14 15 145 70
17 16 145 59
18 17 145 58
19 18 145 57
21 20 145 73
22 21 145 74
23 22 145 75
24 23 145 76
24 40 145 76
25 26 145 109
26 27 145 108
27 28 145 107
28 29 145 106
29 30 145 105
31 15 145 89
32 48 145 67
33 17 145 103
35 34 145 119
36 35 145 118
37 36 145 117
38 37 145 116
39 38 145 115
39 40 145 115
40 41 145 116
41 42 145 117
42 43 145 118
43 44 145 119
45 46 145 103
46 47 145 102
49 48 145 62
50 49 145 61
51 50 145 60
52 51 145 59
53 52 145 58
54 53 145 57
56 55 145 73
56 72 145 73
57 58 145 141
58 59 145 140
59 60 145 139
60 61 145 138
61 62 145 137
63 47 145 121
64 80 145 49
65 49 145 135
67 66 145 151
68 67 145 150
69 68 145 149
70 69 145 148
71 70 145 147
71 72 145 147
72 73 145 148
73 74 145 149
74 75 145 150
75 76 145 151
77 78 145 135
78 79 145 134
81 80 145 46
82 81 145 47
83 82 145 63
84 83 145 62
85 84 145 61
86 85 145 60
87 86 145 59
88 87 145 58
88 104 145 58
89 90 145 173
90 91 145 172
91 92 145 171
92 93 145 170
93 94 145 169
95 79 145 153
96 112 145 52
97 81 145 167
99 98 145 183
100 99 145 182
101 100 145 181
102 101 145 180
103 102 145 179
103 104 145 179
104 105 145 180
105 106 145 181
106 107 145 182
107 108 145 183
109 110 145 167
110 111 145 166
113 112 145 43
114 113 145 44
115 114 145 45
116 115 145 46
117 116 145 47
118 117 145 63
119 118 145 62
120 119 145 61
120 136 145 61
121 122 145 205
122 123 145 204
123 124 145 203
124 125 145 202
125 126 145 201
127 111 145 185
128 144 145 55
129 113 145 199
131 130 145 215
132 131 145 214
133 132 145 213
134 133 145 212
135 134 145 211
135 136 145 211
136 137 145 212
137 138 145 213
138 139 145 214
139 140 145 215
141 142 145 199
142 143 145 198
146 145 145 41
147 146 145 42
148 147 145 43
149 148 145 44
150 149 145 45
151 150 145 46
152 151 145 47
152 168 145 47
153 154 145 237
154 155 145 236
155 156 145 235
156 157 145 234
157 158 145 233
159 143 145 217
160 176 145 38
161 145 145 231
163 162 145 247
164 163 145 246
165 164 145 245
166 165 145 244
167 166 145 243
167 168 145 243
168 169 145 244
169 170 145 245
170 171 145 246
171 172 145 247
173 174 145 231
174 175 145 230
177 176 145 27
178 177 145 26
179 178 145 25
181 180 145 41
182 181 145 42
183 182 145 43
184 183 145 44
184 200 145 44
185 186 145 200
187 188 145 216
188 189 145 232
190 191 145 248
191 175 145 249
192 208 145 35
193 177 145 176
194 193 145 160
196 195 145 144
197 196 145 128
199 198 145 112
199 200 145 112
201 202 145 128
202 203 145 144
204 205 145 160
205 206 145 176
209 208 145 30
210 209 145 29
211 210 145 28
212 211 145 27
213 212 145 26
214 213 145 25
216 215 145 41
216 232 145 41
217 218 145 40
219 220 145 56
220 221 145 72
222 223 145 88
223 207 145 104
224 240 145 17
225 209 145 16
226 225 145 0
227 226 145 1
228 227 145 2
229 228 145 3
230 229 145 4
231 230 145 5
231 232 145 5
232 233 145 4
233 234 145 3
234 235 145 2
235 236 145 1
236 237 145 0
237 238 145 16
241 240 145 14
242 241 145 15
243 242 145 31
244 243 145 30
245 244 145 29
246 245 145 28
247 246 145 27
248 247 145 26
248 249 145 26
249 250 145 27
250 251 145 28
251 252 145 29
252 253 145 30
253 254 145 31
254 255 145 15
255 239 145 14
0 1 146 226
1 2 146 227
2 3 146 228
3 4 146 229
4 5 146 230
5 6 146 231
6 7 146 247
7 8 146 246
7 23 146 246
8 9 146 245
9 10 146 244
10 11 146 243
11 12 146 242
12 13 146 241
13 14 146 240
18 17 146 239
19 18 146 238
20 19 146 237
21 20 146 236
22 21 146 235
23 22 146 234
24 8 146 233
24 23 146 233
25 41 146 232
26 25 146 248
27 26 146 249
28 27 146 250
29 28 146 251
30 29 146 252
31 30 146 253
32 16 146 209
33 34 146 208
35 36 146 192
36 37 146 176
38 39 146 160
39 40 146 144
39 55 146 144
41 42 146 128
42 43 146 112
44 45 146 96
45 46 146 80
49 48 146 237
50 49 146 236
51 50 146 235
52 51 146 234
53 52 146 233
54 53 146 217
55 54 146 218
56 40 146 219
56 55 146 219
57 73 146 72
58 57 146 88
60 59 146 104
61 60 146 120
63 62 146 136
64 48 146 212
65 66 146 48
67 68 146 32
68 69 146 16
70 71 146 0
71 72 146 1
71 87 146 1
72 73 146 2
73 74 146 3
74 75 146 4
75 76 146 5
76 77 146 6
77 78 146 7
78 79 146 23
81 80 146 234
82 81 146 233
83 82 146 217
84 83 146 218
85 84 146 219
86 85 146 220
87 86 146 221
88 72 146 222
88 87 146 222
89 105 146 31
91 90 146 15
92 91 146 14
93 92 146 13
94 93 146 12
95 94 146 11
96 80 146 215
97 98 146 21
98 99 146 20
99 100 146 19
100 101 146 18
101 102 146 17
103 104 146 33
103 119 146 33
104 105 146 34
105 106 146 35
106 107 146 36
107 108 146 37
108 109 146 38
109 110 146 39
110 111 146 55
113 112 146 218
114 113 146 219
115 114 146 220
116 115 146 221
117 116 146 222
118 117 146 223
120 104 146 207
120 119 146 207
121 137 146 63
123 122 146 47
124 123 146 46
125 124 146 45
126 125 146 44
127 126 146 43
128 112 146 197
129 130 146 53
130 131 146 52
131 132 146 51
132 133 146 50
133 134 146 49
135 136 146 65
135 151 146 65
136 137 146 66
137 138 146 67
138 139 146 68
139 140 146 69
140 141 146 70
141 142 146 71
142 143 146 87
145 144 146 221
146 145 146 222
147 146 146 223
149 148 146 207
150 149 146 206
151 150 146 205
152 136 146 204
152 151 146 204
153 169 146 95
155 154 146 79
156 155 146 78
157 156 146 77
158 157 146 76
159 158 146 75
160 144 146 194
161 162 146 85
162 163 146 84
163 164 146 83
164 165 146 82
165 166 146 81
167 168 146 97
167 183 146 97
168 169 146 98
169 170 146 99
170 171 146 100
171 172 146 101
172 173 146 102
173 174 146 103
174 175 146 119
178 177 146 207
179 178 146 206
180 179 146 205
181 180 146 204
182 181 146 203
183 182 146 202
184 168 146 201
184 183 146 201
185 201 146 127
187 186 146 111
188 187 146 110
189 188 146 109
190 189 146 108
191 190 146 107
192 176 146 177
193 194 146 117
194 195 146 116
195 196 146 115
196 197 146 114
197 198 146 113
199 200 146 129
199 215 146 129
200 201 146 130
201 202 146 131
202 203 146 132
203 204 146 133
204 205 146 134
205 206 146 135
206 207 146 151
209 208 146 205
210 209 146 204
211 210 146 203
212 211 146 202
213 212 146 201
214 213 146 185
215 214 146 186
216 200 146 187
216 215 146 187
217 233 146 159
219 218 146 143
220 219 146 142
221 220 146 141
222 221 146 140
223 222 146 139
224 208 146 180
225 226 146 149
226 227 146 148
227 228 146 147
228 229 146 146
229 230 146 145
231 232 146 161
231 247 146 161
232 233 146 162
233 234 146 163
234 235 146 164
235 236 146 165
236 237 146 166
237 238 146 167
238 239 146 183
241 240 146 202
242 241 146 201
243 242 146 185
244 243 146 186
245 244 146 187
246 245 146 188
247 246 146 189
248 232 146 190
248 247 146 190
249 248 146 191
251 250 146 175
252 251 146 174
253 252 146 173
254 253 146 172
255 254 146 171
1 0 147 57
3 2 147 73
4 3 147 74
5 4 147 75
6 5 147 76
7 6 147 77
8 7 147 78
8 24 147 78
9 8 147 79
10 9 147 95
11 10 147 94
12 11 147 93
13 12 147 92
14 13 147 91
15 14 147 90
16 32 147 69
17 18 147 102
18 19 147 101
19 20 147 100
20 21 147 99
21 22 147 98
22 23 147 97
23 7 147 81
23 24 147 81
24 25 147 82
25 26 147 83
26 27 147 84
27 28 147 85
28 29 147 86
29 30 147 87
33 32 147 60
34 33 147 59
35 34 147 58
36 35 147 57
38 37 147 73
39 38 147 74
40 39 147 75
40 56 147 75
41 25 147 111
42 41 147 127
43 42 147 126
44 43 147 125
45 44 147 124
46 45 147 123
47 46 147 122
48 64 147 66
49 50 147 134
50 51 147 133
51 52 147 132
52 53 147 131
53 54 147 130
54 55 147 129
55 39 147 113
55 56 147 113
56 57 147 114
57 58 147 115
58 59 147 116
59 60 147 117
60 61 147 118
61 62 147 119
65 64 147 63
66 65 147 62
67 66 147 61
68 67 147 60
69 68 147 59
70 69 147 58
71 70 147 57
73 57 147 143
74 73 147 159
75 74 147 158
76 75 147 157
77 76 147 156
78 77 147 155
79 78 147 154
80 96 147 50
81 82 147 166
82 83 147 165
83 84 147 164
84 85 147 163
85 86 147 162
86 87 147 161
87 71 147 145
87 88 147 145
88 89 147 146
89 90 147 147
90 91 147 148
91 92 147 149
92 93 147 150
93 94 147 151
97 96 147 45
98 97 147 46
99 98 147 47
100 99 147 63
101 100 147 62
102 101 147 61
103 102 147 60
104 103 147 59
104 120 147 59
105 89 147 175
106 105 147 191
107 106 147 190
108 107 147 189
109 108 147 188
110 109 147 187
111 110 147 186
112 128 147 53
113 114 147 198
114 115 147 197
115 116 147 196
116 117 147 195
117 118 147 194
118 119 147 193
119 103 147 177
119 120 147 177
120 121 147 178
121 122 147 179
122 123 147 180
123 124 147 181
124 125 147 182
125 126 147 183
129 128 147 42
130 129 147 43
131 130 147 44
132 131 147 45
133 132 147 46
134 133 147 47
135 134 147 63
136 135 147 62
136 152 147 62
137 121 147 207
138 137 147 223
139 138 147 222
140 139 147 221
141 140 147 220
142 141 147 219
143 142 147 218
145 146 147 230
146 147 147 229
147 148 147 228
148 149 147 227
149 150 147 226
150 151 147 225
151 135 147 209
151 152 147 209
152 153 147 210
153 154 147 211
154 155 147 212
155 156 147 213
156 157 147 214
157 158 147 215
161 160 147 25
163 162 147 41
164 163 147 42
165 164 147 43
166 165 147 44
167 166 147 45
168 167 147 46
168 184 147 46
169 153 147 239
170 169 147 255
171 170 147 254
172 171 147 253
173 172 147 252
174 173 147 251
175 174 147 250
176 192 147 37
178 179 147 192
179 180 147 208
181 182 147 224
182 183 147 240
183 167 147 241
183 184 147 241
184 185 147 242
185 186 147 243
186 187 147 244
187 188 147 245
188 189 147 246
189 190 147 247
193 192 147 28
194 193 147 27
195 194 147 26
196 195 147 25
198 197 147 41
199 198 147 42
200 199 147 43
200 216 147 43
202 201 147 168
203 202 147 152
205 204 147 136
206 205 147 120
208 224 147 34
210 211 147 32
211 212 147 48
213 214 147 64
214 215 147 80
216 217 147 96
217 218 147 112
219 220 147 128
220 221 147 144
222 223 147 160
225 224 147 31
226 225 147 30
227 226 147 29
228 227 147 28
229 228 147 27
230 229 147 26
231 230 147 25
234 233 147 8
235 234 147 9
236 235 147 10
237 236 147 11
238 237 147 12
239 238 147 13
240 241 147 18
241 242 147 19
242 243 147 20
243 244 147 21
244 245 147 22
245 246 147 23
247 231 147 7
247 248 147 7
248 249 147 6
249 250 147 5
250 251 147 4
251 252 147 3
252 253 147 2
253 254 147 1
254 255 147 0
1 0 148 255
3 2 148 239
4 3 148 238
5 4 148 237
6 5 148 236
7 6 148 235
8 7 148 234
8 9 148 234
9 10 148 235
10 11 148 236
11 12 148 237
12 13 148 238
13 14 148 239
15 31 148 255
18 17 148 240
19 18 148 241
20 19 148 242
21 20 148 243
22 21 148 244
23 22 148 245
23 24 148 245
24 25 148 244
25 26 148 243
26 27 148 242
27 28 148 241
28 29 148 240
30 31 148 224
33 32 148 238
34 33 148 237
35 34 148 236
36 35 148 235
37 36 148 234
38 37 148 233
39 38 148 217
40 24 148 218
40 39 148 218
42 43 148 216
43 44 148 200
45 46 148 184
46 47 148 168
48 32 148 211
50 49 148 80
51 50 148 96
53 52 148 112
54 53 148 128
56 57 148 128
57 58 148 112
59 60 148 96
60 61 148 80
62 63 148 64
65 64 148 235
66 65 148 234
67 66 148 233
68 67 148 217
69 68 148 218
70 69 148 219
71 70 148 220
72 56 148 221
72 71 148 221
74 75 148 56
75 76 148 40
77 78 148 24
78 79 148 8
79 95 148 9
80 64 148 214
81 97 148 23
82 81 148 7
83 82 148 6
84 83 148 5
85 84 148 4
86 85 148 3
87 86 148 2
87 88 148 2
88 89 148 3
89 90 148 4
90 91 148 5
91 92 148 6
92 93 148 7
93 94 148 23
94 95 148 22
97 96 148 217
98 97 148 218
99 98 148 219
100 99 148 220
101 100 148 221
102 101 148 222
103 102 148 223
105 106 148 30
106 107 148 29
107 108 148 28
108 109 148 27
109 110 148 26
110 111 148 25
111 127 148 41
112 96 148 198
113 129 148 55
114 113 148 39
115 114 148 38
116 115 148 37
117 116 148 36
118 117 148 35
119 118 148 34
119 120 148 34
120 121 148 35
121 122 148 36
122 123 148 37
123 124 148 38
124 125 148 39
125 126 148 55
126 127 148 54
129 128 148 220
130 129 148 221
131 130 148 222
132 131 148 223
134 133 148 207
135 134 148 206
136 120 148 205
136 135 148 205
137 138 148 62
138 139 148 61
139 140 148 60
140 141 148 59
141 142 148 58
142 143 148 57
143 159 148 73
144 128 148 195
145 161 148 87
146 145 148 71
147 146 148 70
148 147 148 69
149 148 148 68
150 149 148 67
151 150 148 66
151 152 148 66
152 153 148 67
153 154 148 68
154 155 148 69
155 156 148 70
156 157 148 71
157 158 148 87
158 159 148 86
161 160 148 223
163 162 148 207
164 163 148 206
165 164 148 205
166 165 148 204
167 166 148 203
168 152 148 202
168 167 148 202
169 170 148 94
170 171 148 93
171 172 148 92
172 173 148 91
173 174 148 90
174 175 148 89
175 191 148 105
177 193 148 119
178 177 148 103
179 178 148 102
180 179 148 101
181 180 148 100
182 181 148 99
183 182 148 98
183 184 148 98
184 185 148 99
185 186 148 100
186 187 148 101
187 188 148 102
188 189 148 103
189 190 148 119
190 191 148 118
193 192 148 206
194 193 148 205
195 194 148 204
196 195 148 203
197 196 148 202
198 197 148 201
199 198 148 185
200 184 148 186
200 199 148 186
201 202 148 126
202 203 148 125
203 204 148 124
204 205 148 123
205 206 148 122
206 207 148 121
207 223 148 137
208 192 148 179
209 225 148 151
210 209 148 135
211 210 148 134
212 211 148 133
213 212 148 132
214 213 148 131
215 214 148 130
215 216 148 130
216 217 148 131
217 218 148 132
218 219 148 133
219 220 148 134
220 221 148 135
221 222 148 151
222 223 148 150
225 224 148 203
226 225 148 202
227 226 148 201
228 227 148 185
229 228 148 186
230 229 148 187
231 230 148 188
232 216 148 189
232 231 148 189
233 234 148 158
234 235 148 157
235 236 148 156
236 237 148 155
237 238 148 154
238 239 148 153
239 255 148 169
240 224 148 182
241 240 148 183
242 241 148 167
243 242 148 166
244 243 148 165
245 244 148 164
246 245 148 163
247 246 148 162
247 248 148 162
248 249 148 163
249 250 148 164
250 251 148 165
251 252 148 166
252 253 148 167
253 254 148 183
254 255 148 182
0 16 149 71
2 1 149 87
3 2 149 86
4 3 149 85
5 4 149 84
6 5 149 83
7 6 149 82
7 8 149 82
8 9 149 83
9 10 149 84
10 11 149 85
11 12 149 86
12 13 149 87
14 15 149 71
17 16 149 58
18 17 149 57
20 19 149 73
21 20 149 74
22 21 149 75
23 22 149 76
24 23 149 77
24 40 149 77
25 26 149 110
26 27 149 109
27 28 149 108
28 29 149 107
29 30 149 106
30 31 149 105
32 48 149 68
34 33 149 119
35 34 149 118
36 35 149 117
37 36 149 116
38 37 149 115
39 38 149 114
39 40 149 114
40 41 149 115
41 42 149 116
42 43 149 117
43 44 149 118
44 45 149 119
46 47 149 103
49 48 149 61
50 49 149 60
51 50 149 59
52 51 149 58
53 52 149 57
55 54 149 73
56 55 149 74
56 72 149 74
57 58 149 142
58 59 149 141
59 60 149 140
60 61 149 139
61 62 149 138
62 63 149 137
64 80 149 65
66 65 149 151
67 66 149 150
68 67 149 149
69 68 149 148
70 69 149 147
71 70 149 146
71 72 149 146
72 73 149 147
73 74 149 148
74 75 149 149
75 76 149 150
76 77 149 151
78 79 149 135
81 80 149 47
82 81 149 63
83 82 149 62
84 83 149 61
85 84 149 60
86 85 149 59
87 86 149 58
88 87 149 57
88 104 149 57
89 90 149 174
90 91 149 173
91 92 149 172
92 93 149 171
93 94 149 170
94 95 149 169
96 112 149 51
98 97 149 183
99 98 149 182
100 99 149 181
101 100 149 180
102 101 149 179
103 102 149 178
103 104 149 178
104 105 149 179
105 106 149 180
106 107 149 181
107 108 149 182
108 109 149 183
110 111 149 167
113 112 149 44
114 113 149 45
115 114 149 46
116 115 149 47
117 116 149 63
118 117 149 62
119 118 149 61
120 119 149 60
120 136 149 60
121 122 149 206
122 123 149 205
123 124 149 204
124 125 149 203
125 126 149 202
126 127 149 201
128 144 149 54
130 129 149 215
131 130 149 214
132 131 149 213
133 132 149 212
134 133 149 211
135 134 149 210
135 136 149 210
136 137 149 211
137 138 149 212
138 139 149 213
139 140 149 214
140 141 149 215
142 143 149 199
145 144 149 41
146 145 149 42
147 146 149 43
148 147 149 44
149 148 149 45
150 149 149 46
151 150 149 47
152 151 149 63
152 168 149 63
153 154 149 238
154 155 149 237
155 156 149 236
156 157 149 235
157 158 149 234
158 159 149 233
160 176 149 39
162 161 149 247
163 162 149 246
164 163 149 245
165 164 149 244
166 165 149 243
167 166 149 242
167 168 149 242
168 169 149 243
169 170 149 244
170 171 149 245
171 172 149 246
172 173 149 247
174 175 149 231
177 176 149 26
178 177 149 25
180 179 149 41
181 180 149 42
182 181 149 43
183 182 149 44
184 183 149 45
184 200 149 45
185 186 149 184
186 187 149 200
188 189 149 216
189 190 149 232
191 175 149 248
192 208 149 36
193 177 149 160
195 194 149 144
196 195 149 128
198 197 149 112
199 198 149 96
199 200 149 96
200 201 149 112
202 203 149 128
203 204 149 144
205 206 149 160
206 207 149 176
209 208 149 29
210 209 149 28
211 210 149 27
212 211 149 26
213 212 149 25
215 214 149 41
216 215 149 42
216 232 149 42
217 218 149 24
218 219 149 40
220 221 149 56
221 222 149 72
223 207 149 88
224 240 149 33
225 209 149 0
226 225 149 1
227 226 149 2
228 227 149 3
229 228 149 4
230 229 149 5
231 230 149 6
231 232 149 6
232 233 149 5
233 234 149 4
234 235 149 3
235 236 149 2
236 237 149 1
237 238 149 0
238 239 149 16
241 240 149 15
242 241 149 31
243 242 149 30
244 243 149 29
245 244 149 28
246 245 149 27
247 246 149 26
248 247 149 25
248 249 149 25
249 250 149 26
250 251 149 27
251 252 149 28
252 253 149 29
253 254 149 30
254 255 149 31
255 239 149 15
0 1 150 225
1 2 150 226
2 3 150 227
3 4 150 228
4 5 150 229
5 6 150 230
6 7 150 231
7 8 150 247
7 23 150 247
8 9 150 246
9 10 150 245
10 11 150 244
11 12 150 243
12 13 150 242
13 14 150 241
14 15 150 240
17 16 150 239
18 17 150 238
19 18 150 237
20 19 150 236
21 20 150 235
22 21 150 234
23 22 150 233
24 8 150 217
24 23 150 217
25 41 150 248
26 25 150 249
27 26 150 250
28 27 150 251
29 28 150 252
30 29 150 253
31 30 150 254
32 16 150 210
33 34 150 224
34 35 150 208
36 37 150 192
37 38 150 176
39 40 150 160
39 55 150 160
40 41 150 144
42 43 150 128
43 44 150 112
45 46 150 96
46 47 150 80
49 48 150 236
50 49 150 235
51 50 150 234
52 51 150 233
53 52 150 217
54 53 150 218
55 54 150 219
56 40 150 220
56 55 150 220
57 73 150 88
59 58 150 104
60 59 150 120
62 61 150 136
63 62 150 152
64 48 150 213
65 66 150 64
66 67 150 48
68 69 150 32
69 70 150 16
71 72 150 0
71 87 150 0
72 73 150 1
73 74 150 2
74 75 150 3
75 76 150 4
76 77 150 5
77 78 150 6
78 79 150 7
81 80 150 233
82 81 150 217
83 82 150 218
84 83 150 219
85 84 150 220
86 85 150 221
87 86 150 222
88 72 150 223
88 87 150 223
90 89 150 15
91 90 150 14
92 91 150 13
93 92 150 12
94 93 150 11
95 94 150 10
96 80 150 199
97 98 150 22
98 99 150 21
99 100 150 20
100 101 150 19
101 102 150 18
102 103 150 17
104 105 150 33
105 106 150 34
106 107 150 35
107 108 150 36
108 109 150 37
109 110 150 38
110 111 150 39
113 112 150 219
114 113 150 220
115 114 150 221
116 115 150 222
117 116 150 223
119 118 150 207
120 104 150 206
120 119 150 206
122 121 150 47
123 122 150 46
124 123 150 45
125 124 150 44
126 125 150 43
127 126 150 42
128 112 150 196
129 130 150 54
130 131 150 53
131 132 150 52
132 133 150 51
133 134 150 50
134 135 150 49
136 137 150 65
137 138 150 66
138 139 150 67
139 140 150 68
140 141 150 69
141 142 150 70
142 143 150 71
145 144 150 222
146 145 150 223
148 147 150 207
149 148 150 206
150 149 150 205
151 150 150 204
152 136 150 203
152 151 150 203
154 153 150 79
155 154 150 78
156 155 150 77
157 156 150 76
158 157 150 75
159 158 150 74
160 144 150 193
161 162 150 86
162 163 150 85
163 164 150 84
164 165 150 83
165 166 150 82
166 167 150 81
168 169 150 97
169 170 150 98
170 171 150 99
171 172 150 100
172 173 150 101
173 174 150 102
174 175 150 103
177 176 150 207
178 177 150 206
179 178 150 205
180 179 150 204
181 180 150 203
182 181 150 202
183 182 150 201
184 168 150 185
184 183 150 185
186 185 150 111
187 186 150 110
188 187 150 109
189 188 150 108
190 189 150 107
191 190 150 106
192 176 150 178
193 194 150 118
194 195 150 117
195 196 150 116
196 197 150 115
197 198 150 114
198 199 150 113
200 201 150 129
201 202 150 130
202 203 150 131
203 204 150 132
204 205 150 133
205 206 150 134
206 207 150 135
209 208 150 204
210 209 150 203
211 210 150 202
212 211 150 201
213 212 150 185
214 213 150 186
215 214 150 187
216 200 150 188
216 215 150 188
218 217 150 143
219 218 150 142
220 219 150 141
221 220 150 140
222 221 150 139
223 222 150 138
224 208 150 181
225 226 150 150
226 227 150 149
227 228 150 148
228 229 150 147
229 230 150 146
230 231 150 145
232 233 150 161
233 234 150 162
234 235 150 163
235 236 150 164
236 237 150 165
237 238 150 166
238 239 150 167
241 240 150 201
242 241 150 185
243 242 150 186
244 243 150 187
245 244 150 188
246 245 150 189
247 246 150 190
248 232 150 191
248 247 150 191
250 249 150 175
251 250 150 174
252 251 150 173
253 252 150 172
254 253 150 171
255 254 150 170
2 1 151 73
3 2 151 74
4 3 151 75
5 4 151 76
6 5 151 77
7 6 151 78
8 7 151 79
8 24 151 79
9 8 151 95
10 9 151 94
11 10 151 93
12 11 151 92
13 12 151 91
14 13 151 90
15 14 151 89
16 32 151 70
17 18 151 103
18 19 151 102
19 20 151 101
20 21 151 100
21 22 151 99
22 23 151 98
23 7 151 97
23 24 151 97
24 25 151 81
25 26 151 82
26 27 151 83
27 28 151 84
28 29 151 85
29 30 151 86
30 31 151 87
33 32 151 59
34 33 151 58
35 34 151 57
37 36 151 73
38 37 151 74
39 38 151 75
40 39 151 76
40 56 151 76
41 25 151 127
42 41 151 126
43 42 151 125
44 43 151 124
45 44 151 123
46 45 151 122
47 46 151 121
48 64 151 67
49 50 151 135
50 51 151 134
51 52 151 133
52 53 151 132
53 54 151 131
54 55 151 130
55 39 151 129
55 56 151 129
56 57 151 113
57 58 151 114
58 59 151 115
59 60 151 116
60 61 151 117
61 62 151 118
62 63 151 119
65 64 151 62
66 65 151 61
67 66 151 60
68 67 151 59
69 68 151 58
70 69 151 57
72 71 151 73
72 88 151 73
73 57 151 159
74 73 151 158
75 74 151 157
76 75 151 156
77 76 151 155
78 77 151 154
79 78 151 153
80 96 151 49
81 82 151 167
82 83 151 166
83 84 151 165
84 85 151 164
85 86 151 163
86 87 151 162
87 71 151 161
87 88 151 161
88 89 151 145
89 90 151 146
90 91 151 147
91 92 151 148
92 93 151 149
93 94 151 150
94 95 151 151
97 96 151 46
98 97 151 47
99 98 151 63
100 99 151 62
101 100 151 61
102 101 151 60
103 102 151 59
104 103 151 58
104 120 151 58
105 89 151 191
106 105 151 190
107 106 151 189
108 107 151 188
109 108 151 187
110 109 151 186
111 110 151 185
112 128 151 52
113 114 151 199
114 115 151 198
115 116 151 197
116 117 151 196
117 118 151 195
118 119 151 194
119 103 151 193
119 120 151 193
120 121 151 177
121 122 151 178
122 123 151 179
123 124 151 180
124 125 151 181
125 126 151 182
126 127 151 183
129 128 151 43
130 129 151 44
131 130 151 45
132 131 151 46
133 132 151 47
134 133 151 63
135 134 151 62
136 135 151 61
136 152 151 61
137 121 151 223
138 137 151 222
139 138 151 221
140 139 151 220
141 140 151 219
142 141 151 218
143 142 151 217
144 160 151 55
145 146 151 231
146 147 151 230
147 148 151 229
148 149 151 228
149 150 151 227
150 151 151 226
151 135 151 225
151 152 151 225
152 153 151 209
153 154 151 210
154 155 151 211
155 156 151 212
156 157 151 213
157 158 151 214
158 159 151 215
162 161 151 41
163 162 151 42
164 163 151 43
165 164 151 44
166 165 151 45
167 166 151 46
168 167 151 47
168 184 151 47
169 153 151 255
170 169 151 254
171 170 151 253
172 171 151 252
173 172 151 251
174 173 151 250
175 174 151 249
176 192 151 38
177 178 151 176
179 180 151 192
180 181 151 208
182 183 151 224
183 167 151 240
183 184 151 240
184 185 151 241
185 186 151 242
186 187 151 243
187 188 151 244
188 189 151 245
189 190 151 246
190 191 151 247
193 192 151 27
194 193 151 26
195 194 151 25
197 196 151 41
198 197 151 42
199 198 151 43
200 199 151 44
200 216 151 44
201 185 151 168
202 201 151 152
204 203 151 136
205 204 151 120
207 206 151 104
208 224 151 35
209 210 151 16
211 212 151 32
212 213 151 48
214 215 151 64
215 199 151 80
215 216 151 80
217 218 151 96
218 219 151 112
220 221 151 128
221 222 151 144
225 224 151 30
226 225 151 29
227 226 151 28
228 227 151 27
229 228 151 26
230 229 151 25
232 231 151 41
232 248 151 41
233 217 151 8
234 233 151 9
235 234 151 10
236 235 151 11
237 236 151 12
238 237 151 13
239 238 151 14
240 241 151 17
241 242 151 18
242 243 151 19
243 244 151 20
244 245 151 21
245 246 151 22
246 247 151 23
248 249 151 7
249 250 151 6
250 251 151 5
251 252 151 4
252 253 151 3
253 254 151 2
254 255 151 1
2 1 152 239
3 2 152 238
4 3 152 237
5 4 152 236
6 5 152 235
7 6 152 234
8 7 152 233
8 9 152 233
9 10 152 234
10 11 152 235
11 12 152 236
12 13 152 237
13 14 152 238
14 15 152 239
16 0 152 209
17 33 152 240
18 17 152 241
19 18 152 242
20 19 152 243
21 20 152 244
22 21 152 245
23 22 152 246
23 24 152 246
24 25 152 245
25 26 152 244
26 27 152 243
27 28 152 242
28 29 152 241
29 30 152 240
33 32 152 237
34 33 152 236
35 34 152 235
36 35 152 234
37 36 152 233
38 37 152 217
39 38 152 218
40 24 152 219
40 39 152 219
41 42 152 232
43 44 152 216
44 45 152 200
46 47 152 184
47 63 152 168
48 32 152 212
49 65 152 80
50 49 152 96
52 51 152 112
53 52 152 128
55 54 152 144
55 56 152 144
57 58 152 128
58 59 152 112
60 61 152 96
61 62 152 80
65 64 152 234
66 65 152 233
67 66 152 217
68 67 152 218
69 68 152 219
70 69 152 220
71 70 152 221
72 56 152 222
72 71 152 222
73 74 152 72
75 76 152 56
76 77 152 40
78 79 152 24
79 95 152 8
80 64 152 215
81 97 152 7
82 81 152 6
83 82 152 5
84 83 152 4
85 84 152 3
86 85 152 2
87 86 152 1
87 88 152 1
88 89 152 2
89 90 152 3
90 91 152 4
91 92 152 5
92 93 152 6
93 94 152 7
94 95 152 23
97 96 152 218
98 97 152 219
99 98 152 220
100 99 152 221
101 100 152 222
102 101 152 223
104 88 152 207
104 103 152 207
105 106 152 31
106 107 152 30
107 108 152 29
108 109 152 28
109 110 152 27
110 111 152 26
111 127 152 25
112 96 152 197
113 129 152 39
114 113 152 38
115 114 152 37
116 115 152 36
117 116 152 35
118 117 152 34
119 118 152 33
119 120 152 33
120 121 152 34
121 122 152 35
122 123 152 36
123 124 152 37
124 125 152 38
125 126 152 39
126 127 152 55
129 128 152 221
130 129 152 222
131 130 152 223
133 132 152 207
134 133 152 206
135 134 152 205
136 120 152 204
136 135 152 204
137 138 152 63
138 139 152 62
139 140 152 61
140 141 152 60
141 142 152 59
142 143 152 58
143 159 152 57
144 128 152 194
145 161 152 71
146 145 152 70
147 146 152 69
148 147 152 68
149 148 152 67
150 149 152 66
151 150 152 65
151 152 152 65
152 153 152 66
153 154 152 67
154 155 152 68
155 156 152 69
156 157 152 70
157 158 152 71
158 159 152 87
162 161 152 207
163 162 152 206
164 163 152 205
165 164 152 204
166 165 152 203
167 166 152 202
168 152 152 201
168 167 152 201
169 170 152 95
170 171 152 94
171 172 152 93
172 173 152 92
173 174 152 91
174 175 152 90
175 191 152 89
176 160 152 177
177 193 152 103
178 177 152 102
179 178 152 101
180 179 152 100
181 180 152 99
182 181 152 98
183 182 152 97
183 184 152 97
184 185 152 98
185 186 152 99
186 187 152 100
187 188 152 101
188 189 152 102
189 190 152 103
190 191 152 119
193 192 152 205
194 193 152 204
195 194 152 203
196 195 152 202
197 196 152 201
198 197 152 185
199 198 152 186
200 184 152 187
200 199 152 187
201 202 152 127
202 203 152 126
203 204 152 125
204 205 152 124
205 206 152 123
206 207 152 122
207 223 152 121
208 192 152 180
209 225 152 135
210 209 152 134
211 210 152 133
212 211 152 132
213 212 152 131
214 213 152 130
215 214 152 129
215 216 152 129
216 217 152 130
217 218 152 131
218 219 152 132
219 220 152 133
220 221 152 134
221 222 152 135
222 223 152 151
225 224 152 202
226 225 152 201
227 226 152 185
228 227 152 186
229 228 152 187
230 229 152 188
231 230 152 189
232 216 152 190
232 231 152 190
233 234 152 159
234 235 152 158
235 236 152 157
236 237 152 156
237 238 152 155
238 239 152 154
239 255 152 153
240 224 152 183
241 240 152 167
242 241 152 166
243 242 152 165
244 243 152 164
245 244 152 163
246 245 152 162
247 246 152 161
247 248 152 161
248 249 152 162
249 250 152 163
250 251 152 164
251 252 152 165
252 253 152 166
253 254 152 167
254 255 152 183
1 0 153 87
2 1 153 86
3 2 153 85
4 3 153 84
5 4 153 83
6 5 153 82
7 6 153 81
7 8 153 81
8 9 153 82
9 10 153 83
10 11 153 84
11 12 153 85
12 13 153 86
13 14 153 87
17 16 153 57
19 18 153 73
20 19 153 74
21 20 153 75
22 21 153 76
23 22 153 77
24 23 153 78
24 40 153 78
25 26 153 111
26 27 153 110
27 28 153 109
28 29 153 108
29 30 153 107
30 31 153 106
31 15 153 105
32 48 153 69
33 17 153 119
34 33 153 118
35 34 153 117
36 35 153 116
37 36 153 115
38 37 153 114
39 38 153 113
39 40 153 113
40 41 153 114
41 42 153 115
42 43 153 116
43 44 153 117
44 45 153 118
45 46 153 119
49 48 153 60
50 49 153 59
51 50 153 58
52 51 153 57
54 53 153 73
55 54 153 74
56 55 153 75
56 72 153 75
57 58 153 143
58 59 153 142
59 60 153 141
60 61 153 140
61 62 153 139
62 63 153 138
63 47 153 137
64 80 153 66
65 49 153 151
66 65 153 150
67 66 153 149
68 67 153 148
69 68 153 147
70 69 153 146
71 70 153 145
71 72 153 145
72 73 153 146
73 74 153 147
74 75 153 148
75 76 153 149
76 77 153 150
77 78 153 151
81 80 153 63
82 81 153 62
83 82 153 61
84 83 153 60
85 84 153 59
86 85 153 58
87 86 153 57
89 90 153 175
90 91 153 174
91 92 153 173
92 93 153 172
93 94 153 171
94 95 153 170
95 79 153 169
96 112 153 50
97 81 153 183
98 97 153 182
99 98 153 181
100 99 153 180
101 100 153 179
102 101 153 178
103 102 153 177
103 104 153 177
104 105 153 178
105 106 153 179
106 107 153 180
107 108 153 181
108 109 153 182
109 110 153 183
113 112 153 45
114 113 153 46
115 114 153 47
116 115 153 63
117 116 153 62
118 117 153 61
119 118 153 60
120 119 153 59
120 136 153 59
121 122 153 207
122 123 153 206
123 124 153 205
124 125 153 204
125 126 153 203
126 127 153 202
127 111 153 201
128 144 153 53
129 113 153 215
130 129 153 214
131 130 153 213
132 131 153 212
133 132 153 211
134 133 153 210
135 134 153 209
135 136 153 209
136 137 153 210
137 138 153 211
138 139 153 212
139 140 153 213
140 141 153 214
141 142 153 215
145 144 153 42
146 145 153 43
147 146 153 44
148 147 153 45
149 148 153 46
150 149 153 47
151 150 153 63
152 151 153 62
152 168 153 62
153 154 153 239
154 155 153 238
155 156 153 237
156 157 153 236
157 158 153 235
158 159 153 234
159 143 153 233
161 145 153 247
162 161 153 246
163 162 153 245
164 163 153 244
165 164 153 243
166 165 153 242
167 166 153 241
167 168 153 241
168 169 153 242
169 170 153 243
170 171 153 244
171 172 153 245
172 173 153 246
173 174 153 247
177 176 153 25
179 178 153 41
180 179 153 42
181 180 153 43
182 181 153 44
183 182 153 45
184 183 153 46
184 200 153 46
186 187 153 184
187 188 153 200
189 190 153 216
190 191 153 232
192 208 153 37
194 193 153 144
195 194 153 128
197 196 153 112
198 197 153 96
200 201 153 96
201 202 153 112
203 204 153 128
204 205 153 144
206 207 153 160
209 208 153 28
210 209 153 27
211 210 153 26
212 211 153 25
214 213 153 41
215 214 153 42
216 215 153 43
216 232 153 43
218 219 153 24
219 220 153 40
221 222 153 56
222 223 153 72
224 240 153 34
225 209 153 1
226 225 153 2
227 226 153 3
228 227 153 4
229 228 153 5
230 229 153 6
231 230 153 7
231 232 153 7
232 233 153 6
233 234 153 5
234 235 153 4
235 236 153 3
236 237 153 2
237 238 153 1
238 239 153 0
241 240 153 31
242 241 153 30
243 242 153 29
244 243 153 28
245 244 153 27
246 245 153 26
247 246 153 25
249 250 153 25
250 251 153 26
251 252 153 27
252 253 153 28
253 254 153 29
254 255 153 30
255 239 153 31
1 2 154 225
2 3 154 226
3 4 154 227
4 5 154 228
5 6 154 229
6 7 154 230
7 8 154 231
7 23 154 231
8 9 154 247
9 10 154 246
10 11 154 245
11 12 154 244
12 13 154 243
13 14 154 242
14 15 154 241
17 16 154 238
18 17 154 237
19 18 154 236
20 19 154 235
21 20 154 234
22 21 154 233
23 22 154 217
24 8 154 218
24 23 154 218
25 41 154 249
26 25 154 250
27 26 154 251
28 27 154 252
29 28 154 253
30 29 154 254
31 30 154 255
32 16 154 211
34 35 154 224
35 36 154 208
37 38 154 192
38 39 154 176
40 41 154 160
41 42 154 144
43 44 154 128
44 45 154 112
46 47 154 96
49 48 154 235
50 49 154 234
51 50 154 233
52 51 154 217
53 52 154 218
54 53 154 219
55 54 154 220
56 40 154 221
56 55 154 221
58 57 154 104
59 58 154 120
61 60 154 136
62 61 154 152
64 48 154 214
66 67 154 64
67 68 154 48
69 70 154 32
70 71 154 16
72 73 154 0
73 74 154 1
74 75 154 2
75 76 154 3
76 77 154 4
77 78 154 5
78 79 154 6
81 80 154 217
82 81 154 218
83 82 154 219
84 83 154 220
85 84 154 221
86 85 154 222
87 86 154 223
89 105 154 15
90 89 154 14
91 90 154 13
92 91 154 12
93 92 154 11
94 93 154 10
95 94 154 9
96 80 154 198
97 98 154 23
98 99 154 22
99 100 154 21
100 101 154 20
101 102 154 19
102 103 154 18
103 104 154 17
103 119 154 17
105 106 154 33
106 107 154 34
107 108 154 35
108 109 154 36
109 110 154 37
110 111 154 38
113 112 154 220
114 113 154 221
115 114 154 222
116 115 154 223
118 117 154 207
119 118 154 206
120 104 154 205
120 119 154 205
121 137 154 47
122 121 154 46
123 122 154 45
124 123 154 44
125 124 154 43
126 125 154 42
127 126 154 41
128 112 154 195
129 130 154 55
130 131 154 54
131 132 154 53
132 133 154 52
133 134 154 51
134 135 154 50
135 136 154 49
135 151 154 49
137 138 154 65
138 139 154 66
139 140 154 67
140 141 154 68
141 142 154 69
142 143 154 70
145 144 154 223
147 146 154 207
148 147 154 206
149 148 154 205
150 149 154 204
151 150 154 203
152 136 154 202
152 151 154 202
153 169 154 79
154 153 154 78
155 154 154 77
156 155 154 76
157 156 154 75
158 157 154 74
159 158 154 73
161 162 154 87
162 163 154 86
163 164 154 85
164 165 154 84
165 166 154 83
166 167 154 82
167 168 154 81
167 183 154 81
169 170 154 97
170 171 154 98
171 172 154 99
172 173 154 100
173 174 154 101
174 175 154 102
177 176 154 206
178 177 154 205
179 178 154 204
180 179 154 203
181 180 154 202
182 181 154 201
183 182 154 185
184 168 154 186
184 183 154 186
185 201 154 111
186 185 154 110
187 186 154 109
188 187 154 108
189 188 154 107
190 189 154 106
191 190 154 105
192 176 154 179
193 194 154 119
194 195 154 118
195 196 154 117
196 197 154 116
197 198 154 115
198 199 154 114
199 200 154 113
199 215 154 113
201 202 154 129
202 203 154 130
203 204 154 131
204 205 154 132
205 206 154 133
206 207 154 134
209 208 154 203
210 209 154 202
211 210 154 201
212 211 154 185
213 212 154 186
214 213 154 187
215 214 154 188
216 200 154 189
216 215 154 189
217 233 154 143
218 217 154 142
219 218 154 141
220 219 154 140
221 220 154 139
222 221 154 138
223 222 154 137
224 208 154 182
225 226 154 151
226 227 154 150
227 228 154 149
228 229 154 148
229 230 154 147
230 231 154 146
231 232 154 145
231 247 154 145
233 234 154 161
234 235 154 162
235 236 154 163
236 237 154 164
237 238 154 165
238 239 154 166
241 240 154 185
242 241 154 186
243 242 154 187
244 243 154 188
245 244 154 189
246 245 154 190
247 246 154 191
249 248 154 175
250 249 154 174
251 250 154 173
252 251 154 172
253 252 154 171
254 253 154 170
255 254 154 169
1 0 155 73
2 1 155 74
3 2 155 75
4 3 155 76
5 4 155 77
6 5 155 78
7 6 155 79
8 7 155 95
8 24 155 95
9 8 155 94
10 9 155 93
11 10 155 92
12 11 155 91
13 12 155 90
14 13 155 89
16 32 155 71
18 19 155 103
19 20 155 102
20 21 155 101
21 22 155 100
22 23 155 99
23 7 155 98
23 24 155 98
24 25 155 97
25 26 155 81
26 27 155 82
27 28 155 83
28 29 155 84
29 30 155 85
30 31 155 86
33 32 155 58
34 33 155 57
36 35 155 73
37 36 155 74
38 37 155 75
39 38 155 76
40 39 155 77
40 56 155 77
41 25 155 126
42 41 155 125
43 42 155 124
44 43 155 123
45 44 155 122
46 45 155 121
48 64 155 68
50 51 155 135
51 52 155 134
52 53 155 133
53 54 155 132
54 55 155 131
55 39 155 130
55 56 155 130
56 57 155 129
57 58 155 113
58 59 155 114
59 60 155 115
60 61 155 116
61 62 155 117
62 63 155 118
65 64 155 61
66 65 155 60
67 66 155 59
68 67 155 58
69 68 155 57
71 70 155 73
72 71 155 74
72 88 155 74
73 57 155 158
74 73 155 157
75 74 155 156
76 75 155 155
77 76 155 154
78 77 155 153
80 96 155 65
82 83 155 167
83 84 155 166
84 85 155 165
85 86 155 164
86 87 155 163
87 71 155 162
87 88 155 162
88 89 155 161
89 90 155 145
90 91 155 146
91 92 155 147
92 93 155 148
93 94 155 149
94 95 155 150
97 96 155 47
98 97 155 63
99 98 155 62
100 99 155 61
101 100 155 60
102 101 155 59
103 102 155 58
104 103 155 57
104 120 155 57
105 89 155 190
106 105 155 189
107 106 155 188
108 107 155 187
109 108 155 186
110 109 155 185
112 128 155 51
114 115 155 199
115 116 155 198
116 117 155 197
117 118 155 196
118 119 155 195
119 103 155 194
119 120 155 194
120 121 155 193
121 122 155 177
122 123 155 178
123 124 155 179
124 125 155 180
125 126 155 181
126 127 155 182
129 128 155 44
130 129 155 45
131 130 155 46
132 131 155 47
133 132 155 63
134 133 155 62
135 134 155 61
136 135 155 60
136 152 155 60
137 121 155 222
138 137 155 221
139 138 155 220
140 139 155 219
141 140 155 218
142 141 155 217
144 160 155 54
146 147 155 231
147 148 155 230
148 149 155 229
149 150 155 228
150 151 155 227
151 135 155 226
151 152 155 226
152 153 155 225
153 154 155 209
154 155 155 210
155 156 155 211
156 157 155 212
157 158 155 213
158 159 155 214
161 160 155 41
162 161 155 42
163 162 155 43
164 163 155 44
165 164 155 45
166 165 155 46
167 166 155 47
168 167 155 63
168 184 155 63
169 153 155 254
170 169 155 253
171 170 155 252
172 171 155 251
173 172 155 250
174 173 155 249
175 174 155 248
176 192 155 39
177 178 155 160
178 179 155 176
180 181 155 192
181 182 155 208
183 167 155 224
183 184 155 224
184 185 155 240
185 186 155 241
186 187 155 242
187 188 155 243
188 189 155 244
189 190 155 245
190 191 155 246
193 192 155 26
194 193 155 25
196 195 155 41
197 196 155 42
198 197 155 43
199 198 155 44
200 199 155 45
200 216 155 45
201 185 155 152
203 202 155 136
204 203 155 120
206 205 155 104
207 206 155 88
208 224 155 36
209 210 155 0
210 211 155 16
212 213 155 32
213 214 155 48
215 199 155 64
215 216 155 64
216 217 155 80
218 219 155 96
219 220 155 112
221 222 155 128
222 223 155 144
225 224 155 29
226 225 155 28
227 226 155 27
228 227 155 26
229 228 155 25
231 230 155 41
232 231 155 42
232 248 155 42
233 217 155 9
234 233 155 10
235 234 155 11
236 235 155 12
237 236 155 13
238 237 155 14
239 238 155 15
240 241 155 33
241 242 155 17
242 243 155 18
243 244 155 19
244 245 155 20
245 246 155 21
246 247 155 22
247 231 155 23
247 248 155 23
249 250 155 7
250 251 155 6
251 252 155 5
252 253 155 4
253 254 155 3
254 255 155 2
1 0 156 239
2 1 156 238
3 2 156 237
4 3 156 236
5 4 156 235
6 5 156 234
7 6 156 233
8 7 156 217
8 9 156 217
9 10 156 233
10 11 156 234
11 12 156 235
12 13 156 236
13 14 156 237
14 15 156 238
15 31 156 239
16 0 156 210
17 33 156 241
18 17 156 242
19 18 156 243
20 19 156 244
21 20 156 245
22 21 156 246
23 22 156 247
23 24 156 247
24 25 156 246
25 26 156 245
26 27 156 244
27 28 156 243
28 29 156 242
29 30 156 241
30 31 156 240
33 32 156 236
34 33 156 235
35 34 156 234
36 35 156 233
37 36 156 217
38 37 156 218
39 38 156 219
40 24 156 220
40 39 156 220
41 42 156 248
42 43 156 232
44 45 156 216
45 46 156 200
47 63 156 184
48 32 156 213
49 65 156 96
51 50 156 112
52 51 156 128
54 53 156 144
55 54 156 160
55 56 156 160
56 57 156 144
58 59 156 128
59 60 156 112
61 62 156 96
62 63 156 80
65 64 156 233
66 65 156 217
67 66 156 218
68 67 156 219
69 68 156 220
70 69 156 221
71 70 156 222
72 56 156 223
72 71 156 223
73 74 156 88
74 75 156 72
76 77 156 56
77 78 156 40
79 95 156 24
80 64 156 199
81 97 156 6
82 81 156 5
83 82 156 4
84 83 156 3
85 84 156 2
86 85 156 1
87 86 156 0
87 88 156 0
88 89 156 1
89 90 156 2
90 91 156 3
91 92 156 4
92 93 156 5
93 94 156 6
94 95 156 7
97 96 156 219
98 97 156 220
99 98 156 221
100 99 156 222
101 100 156 223
103 102 156 207
104 88 156 206
104 103 156 206
106 107 156 31
107 108 156 30
108 109 156 29
109 110 156 28
110 111 156 27
111 127 156 26
112 96 156 196
113 129 156 38
114 113 156 37
115 114 156 36
116 115 156 35
117 116 156 34
118 117 156 33
120 121 156 33
121 122 156 34
122 123 156 35
123 124 156 36
124 125 156 37
125 126 156 38
126 127 156 39
129 128 156 222
130 129 156 223
132 131 156 207
133 132 156 206
134 133 156 205
135 134 156 204
136 120 156 203
136 135 156 203
138 139 156 63
139 140 156 62
140 141 156 61
141 142 156 60
142 143 156 59
143 159 156 58
144 128 156 193
145 161 156 70
146 145 156 69
147 146 156 68
148 147 156 67
149 148 156 66
150 149 156 65
152 153 156 65
153 154 156 66
154 155 156 67
155 156 156 68
156 157 156 69
157 158 156 70
158 159 156 71
161 160 156 207
162 161 156 206
163 162 156 205
164 163 156 204
165 164 156 203
166 165 156 202
167 166 156 201
168 152 156 185
168 167 156 185
170 171 156 95
171 172 156 94
172 173 156 93
173 174 156 92
174 175 156 91
175 191 156 90
176 160 156 178
177 193 156 102
178 177 156 101
179 178 156 100
180 179 156 99
181 180 156 98
182 181 156 97
184 185 156 97
185 186 156 98
186 187 156 99
187 188 156 100
188 189 156 101
189 190 156 102
190 191 156 103
193 192 156 204
194 193 156 203
195 194 156 202
196 195 156 201
197 196 156 185
198 197 156 186
199 198 156 187
200 184 156 188
200 199 156 188
202 203 156 127
203 204 156 126
204 205 156 125
205 206 156 124
206 207 156 123
207 223 156 122
208 192 156 181
209 225 156 134
210 209 156 133
211 210 156 132
212 211 156 131
213 212 156 130
214 213 156 129
216 217 156 129
217 218 156 130
218 219 156 131
219 220 156 132
220 221 156 133
221 222 156 134
222 223 156 135
225 224 156 201
226 225 156 185
227 226 156 186
228 227 156 187
229 228 156 188
230 229 156 189
231 230 156 190
232 216 156 191
232 231 156 191
234 235 156 159
235 236 156 158
236 237 156 157
237 238 156 156
238 239 156 155
239 255 156 154
240 224 156 167
241 240 156 166
242 241 156 165
243 242 156 164
244 243 156 163
245 244 156 162
246 245 156 161
248 249 156 161
249 250 156 162
250 251 156 163
251 252 156 164
252 253 156 165
253 254 156 166
254 255 156 167
0 16 157 87
1 0 157 86
2 1 157 85
3 2 157 84
4 3 157 83
5 4 157 82
6 5 157 81
7 6 157 97
7 8 157 97
8 9 157 81
9 10 157 82
10 11 157 83
11 12 157 84
12 13 157 85
13 14 157 86
14 15 157 87
18 17 157 73
19 18 157 74
20 19 157 75
21 20 157 76
22 21 157 77
23 22 157 78
24 23 157 79
24 40 157 79
25 26 157 127
26 27 157 111
27 28 157 110
28 29 157 109
29 30 157 108
30 31 157 107
31 15 157 106
32 48 157 70
33 17 157 118
34 33 157 117
35 34 157 116
36 35 157 115
37 36 157 114
38 37 157 113
39 38 157 129
39 40 157 129
40 41 157 113
41 42 157 114
42 43 157 115
43 44 157 116
44 45 157 117
45 46 157 118
46 47 157 119
49 48 157 59
50 49 157 58
51 50 157 57
53 52 157 73
54 53 157 74
55 54 157 75
56 55 157 76
56 72 157 76
57 58 157 159
58 59 157 143
59 60 157 142
60 61 157 141
61 62 157 140
62 63 157 139
63 47 157 138
64 80 157 67
65 49 157 150
66 65 157 149
67 66 157 148
68 67 157 147
69 68 157 146
70 69 157 145
71 70 157 161
71 72 157 161
72 73 157 145
73 74 157 146
74 75 157 147
75 76 157 148
76 77 157 149
77 78 157 150
78 79 157 151
81 80 157 62
82 81 157 61
83 82 157 60
84 83 157 59
85 84 157 58
86 85 157 57
88 87 157 73
88 104 157 73
89 90 157 191
90 91 157 175
91 92 157 174
92 93 157 173
93 94 157 172
94 95 157 171
95 79 157 170
96 112 157 49
97 81 157 182
98 97 157 181
99 98 157 180
100 99 157 179
101 100 157 178
102 101 157 177
103 102 157 193
103 104 157 193
104 105 157 177
105 106 157 178
106 107 157 179
107 108 157 180
108 109 157 181
109 110 157 182
110 111 157 183
113 112 157 46
114 113 157 47
115 114 157 63
116 115 157 62
117 116 157 61
118 117 157 60
119 118 157 59
120 119 157 58
120 136 157 58
121 122 157 223
122 123 157 207
123 124 157 206
124 125 157 205
125 126 157 204
126 127 157 203
127 111 157 202
128 144 157 52
129 113 157 214
130 129 157 213
131 130 157 212
132 131 157 211
133 132 157 210
134 133 157 209
135 134 157 225
135 136 157 225
136 137 157 209
137 138 157 210
138 139 157 211
139 140 157 212
140 141 157 213
141 142 157 214
142 143 157 215
145 144 157 43
146 145 157 44
147 146 157 45
148 147 157 46
149 148 157 47
150 149 157 63
151 150 157 62
152 151 157 61
152 168 157 61
153 154 157 255
154 155 157 239
155 156 157 238
156 157 157 237
157 158 157 236
158 159 157 235
159 143 157 234
160 176 157 55
161 145 157 246
162 161 157 245
163 162 157 244
164 163 157 243
165 164 157 242
166 165 157 241
167 166 157 240
167 168 157 240
168 169 157 241
169 170 157 242
170 171 157 243
171 172 157 244
172 173 157 245
173 174 157 246
174 175 157 247
178 177 157 41
179 178 157 42
180 179 157 43
181 180 157 44
182 181 157 45
183 182 157 46
184 183 157 47
184 200 157 47
185 186 157 168
187 188 157 184
188 189 157 200
190 191 157 216
191 175 157 232
192 208 157 38
193 177 157 144
194 193 157 128
196 195 157 112
197 196 157 96
199 198 157 80
199 200 157 80
201 202 157 96
202 203 157 112
204 205 157 128
205 206 157 144
209 208 157 27
210 209 157 26
211 210 157 25
213 212 157 41
214 213 157 42
215 214 157 43
216 215 157 44
216 232 157 44
217 218 157 8
219 220 157 24
220 221 157 40
222 223 157 56
223 207 157 72
224 240 157 35
225 209 157 2
226 225 157 3
227 226 157 4
228 227 157 5
229 228 157 6
230 229 157 7
232 233 157 7
233 234 157 6
234 235 157 5
235 236 157 4
236 237 157 3
237 238 157 2
238 239 157 1
241 240 157 30
242 241 157 29
243 242 157 28
244 243 157 27
245 244 157 26
246 245 157 25
248 247 157 41
248 249 157 41
250 251 157 25
251 252 157 26
252 253 157 27
253 254 157 28
254 255 157 29
255 239 157 30
0 1 158 209
2 3 158 225
3 4 158 226
4 5 158 227
5 6 158 228
6 7 158 229
7 8 158 230
7 23 158 230
8 9 158 231
9 10 158 247
10 11 158 246
11 12 158 245
12 13 158 244
13 14 158 243
14 15 158 242
17 16 158 237
18 17 158 236
19 18 158 235
20 19 158 234
21 20 158 233
22 21 158 217
23 22 158 218
24 8 158 219
24 23 158 219
25 41 158 250
26 25 158 251
27 26 158 252
28 27 158 253
29 28 158 254
30 29 158 255
32 16 158 212
33 34 158 240
35 36 158 224
36 37 158 208
38 39 158 192
39 40 158 176
39 55 158 176
41 42 158 160
42 43 158 144
44 45 158 128
45 46 158 112
49 48 158 234
50 49 158 233
51 50 158 217
52 51 158 218
53 52 158 219
54 53 158 220
55 54 158 221
56 40 158 222
56 55 158 222
57 73 158 104
58 57 158 120
60 59 158 136
61 60 158 152
63 62 158 168
64 48 158 215
65 66 158 80
67 68 158 64
68 69 158 48
70 71 158 32
71 72 158 16
71 87 158 16
73 74 158 0
74 75 158 1
75 76 158 2
76 77 158 3
77 78 158 4
78 79 158 5
81 80 158 218
82 81 158 219
83 82 158 220
84 83 158 221
85 84 158 222
86 85 158 223
88 72 158 207
88 87 158 207
89 105 158 14
90 89 158 13
91 90 158 12
92 91 158 11
93 92 158 10
94 93 158 9
95 94 158 8
96 80 158 197
97 98 158 7
98 99 158 23
99 100 158 22
100 101 158 21
101 102 158 20
102 103 158 19
103 104 158 18
103 119 158 18
104 105 158 17
106 107 158 33
107 108 158 34
108 109 158 35
109 110 158 36
110 111 158 37
113 112 158 221
114 113 158 222
115 114 158 223
117 116 158 207
118 117 158 206
119 118 158 205
120 104 158 204
120 119 158 204
121 137 158 46
122 121 158 45
123 122 158 44
124 123 158 43
125 124 158 42
126 125 158 41
127 126 158 25
128 112 158 194
129 130 158 39
130 131 158 55
131 132 158 54
132 133 158 53
133 134 158 52
134 135 158 51
135 136 158 50
135 151 158 50
136 137 158 49
138 139 158 65
139 140 158 66
140 141 158 67
141 142 158 68
142 143 158 69
146 145 158 207
147 146 158 206
148 147 158 205
149 148 158 204
150 149 158 203
151 150 158 202
152 136 158 201
152 151 158 201
153 169 158 78
154 153 158 77
155 154 158 76
156 155 158 75
157 156 158 74
158 157 158 73
159 158 158 57
160 144 158 177
161 162 158 71
162 163 158 87
163 164 158 86
164 165 158 85
165 166 158 84
166 167 158 83
167 168 158 82
167 183 158 82
168 169 158 81
170 171 158 97
171 172 158 98
172 173 158 99
173 174 158 100
174 175 158 101
177 176 158 205
178 177 158 204
179 178 158 203
180 179 158 202
181 180 158 201
182 181 158 185
183 182 158 186
184 168 158 187
184 183 158 187
185 201 158 110
186 185 158 109
187 186 158 108
188 187 158 107
189 188 158 106
190 189 158 105
191 190 158 89
192 176 158 180
193 194 158 103
194 195 158 119
195 196 158 118
196 197 158 117
197 198 158 116
198 199 158 115
199 200 158 114
199 215 158 114
200 201 158 113
202 203 158 129
203 204 158 130
204 205 158 131
205 206 158 132
206 207 158 133
209 208 158 202
210 209 158 201
211 210 158 185
212 211 158 186
213 212 158 187
214 213 158 188
215 214 158 189
216 200 158 190
216 215 158 190
217 233 158 142
218 217 158 141
219 218 158 140
220 219 158 139
221 220 158 138
222 221 158 137
223 222 158 121
224 208 158 183
225 226 158 135
226 227 158 151
227 228 158 150
228 229 158 149
229 230 158 148
230 231 158 147
231 232 158 146
231 247 158 146
232 233 158 145
234 235 158 161
235 236 158 162
236 237 158 163
237 238 158 164
238 239 158 165
241 240 158 186
242 241 158 187
243 242 158 188
244 243 158 189
245 244 158 190
246 245 158 191
248 232 158 175
248 247 158 175
249 248 158 174
250 249 158 173
251 250 158 172
252 251 158 171
253 252 158 170
254 253 158 169
255 254 158 153
1 0 159 74
2 1 159 75
3 2 159 76
4 3 159 77
5 4 159 78
6 5 159 79
7 6 159 95
8 7 159 94
8 24 159 94
9 8 159 93
10 9 159 92
11 10 159 91
12 11 159 90
13 12 159 89
15 14 159 105
17 18 159 119
19 20 159 103
20 21 159 102
21 22 159 101
22 23 159 100
23 7 159 99
23 24 159 99
24 25 159 98
25 26 159 97
26 27 159 81
27 28 159 82
28 29 159 83
29 30 159 84
30 31 159 85
33 32 159 57
35 34 159 73
36 35 159 74
37 36 159 75
38 37 159 76
39 38 159 77
40 39 159 78
40 56 159 78
41 25 159 125
42 41 159 124
43 42 159 123
44 43 159 122
45 44 159 121
47 46 159 137
48 64 159 69
49 50 159 151
51 52 159 135
52 53 159 134
53 54 159 133
54 55 159 132
55 39 159 131
55 56 159 131
56 57 159 130
57 58 159 129
58 59 159 113
59 60 159 114
60 61 159 115
61 62 159 116
62 63 159 117
65 64 159 60
66 65 159 59
67 66 159 58
68 67 159 57
70 69 159 73
71 70 159 74
72 71 159 75
72 88 159 75
73 57 159 157
74 73 159 156
75 74 159 155
76 75 159 154
77 76 159 153
79 78 159 169
80 96 159 66
81 82 159 183
83 84 159 167
84 85 159 166
85 86 159 165
86 87 159 164
87 71 159 163
87 88 159 163
88 89 159 162
89 90 159 161
90 91 159 145
91 92 159 146
92 93 159 147
93 94 159 148
94 95 159 149
97 96 159 63
98 97 159 62
99 98 159 61
100 99 159 60
101 100 159 59
102 101 159 58
103 102 159 57
105 89 159 189
106 105 159 188
107 106 159 187
108 107 159 186
109 108 159 185
111 110 159 201
112 128 159 50
113 114 159 215
115 116 159 199
116 117 159 198
117 118 159 197
118 119 159 196
119 103 159 195
119 120 159 195
120 121 159 194
121 122 159 193
122 123 159 177
123 124 159 178
124 125 159 179
125 126 159 180
126 127 159 181
129 128 159 45
130 129 159 46
131 130 159 47
132 131 159 63
133 132 159 62
134 133 159 61
135 134 159 60
136 135 159 59
136 152 159 59
137 121 159 221
138 137 159 220
139 138 159 219
140 139 159 218
141 140 159 217
143 142 159 233
144 160 159 53
145 146 159 247
147 148 159 231
148 149 159 230
149 150 159 229
150 151 159 228
151 135 159 227
151 152 159 227
152 153 159 226
153 154 159 225
154 155 159 209
155 156 159 210
156 157 159 211
157 158 159 212
158 159 159 213
161 160 159 42
162 161 159 43
163 162 159 44
164 163 159 45
165 164 159 46
166 165 159 47
167 166 159 63
168 167 159 62
168 184 159 62
169 153 159 253
170 169 159 252
171 170 159 251
172 171 159 250
173 172 159 249
174 173 159 248
178 179 159 160
179 180 159 176
181 182 159 192
182 183 159 208
184 185 159 224
185 186 159 240
186 187 159 241
187 188 159 242
188 189 159 243
189 190 159 244
190 191 159 245
193 192 159 25
195 194 159 41
196 195 159 42
197 196 159 43
198 197 159 44
199 198 159 45
200 199 159 46
200 216 159 46
202 201 159 136
203 202 159 120
205 204 159 104
206 205 159 88
208 224 159 37
209 210 159 1
210 211 159 0
211 212 159 16
213 214 159 32
214 215 159 48
216 217 159 64
217 218 159 80
219 220 159 96
220 221 159 112
222 223 159 128
225 224 159 28
226 225 159 27
227 226 159 26
228 227 159 25
230 229 159 41
231 230 159 42
232 231 159 43
232 248 159 43
233 217 159 10
234 233 159 11
235 234 159 12
236 235 159 13
237 236 159 14
238 237 159 15
239 238 159 31
240 241 159 34
241 242 159 33
242 243 159 17
243 244 159 18
244 245 159 19
245 246 159 20
246 247 159 21
247 231 159 22
247 248 159 22
248 249 159 23
250 251 159 7
251 252 159 6
252 253 159 5
253 254 159 4
254 255 159 3
1 0 160 238
2 1 160 237
3 2 160 236
4 3 160 235
5 4 160 234
6 5 160 233
7 6 160 217
8 7 160 218
8 9 160 218
9 10 160 217
10 11 160 233
11 12 160 234
12 13 160 235
13 14 160 236
14 15 160 237
15 31 160 238
16 0 160 211
17 33 160 242
18 17 160 243
19 18 160 244
20 19 160 245
21 20 160 246
22 21 160 247
23 22 160 231
23 24 160 231
24 25 160 247
25 26 160 246
26 27 160 245
27 28 160 244
28 29 160 243
29 30 160 242
30 31 160 241
33 32 160 235
34 33 160 234
35 34 160 233
36 35 160 217
37 36 160 218
38 37 160 219
39 38 160 220
40 24 160 221
40 39 160 221
41 42 160 249
42 43 160 248
43 44 160 232
45 46 160 216
46 47 160 200
48 32 160 214
50 49 160 112
51 50 160 128
53 52 160 144
54 53 160 160
56 57 160 160
57 58 160 144
59 60 160 128
60 61 160 112
62 63 160 96
65 64 160 217
66 65 160 218
67 66 160 219
68 67 160 220
69 68 160 221
70 69 160 222
71 70 160 223
74 75 160 88
75 76 160 72
77 78 160 56
78 79 160 40
80 64 160 198
81 97 160 5
82 81 160 4
83 82 160 3
84 83 160 2
85 84 160 1
86 85 160 0
88 89 160 0
89 90 160 1
90 91 160 2
91 92 160 3
92 93 160 4
93 94 160 5
94 95 160 6
97 96 160 220
98 97 160 221
99 98 160 222
100 99 160 223
102 101 160 207
103 102 160 206
104 88 160 205
104 103 160 205
105 106 160 15
107 108 160 31
108 109 160 30
109 110 160 29
110 111 160 28
111 127 160 27
112 96 160 195
113 129 160 37
114 113 160 36
115 114 160 35
116 115 160 34
117 116 160 33
119 118 160 17
119 120 160 17
121 122 160 33
122 123 160 34
123 124 160 35
124 125 160 36
125 126 160 37
126 127 160 38
129 128 160 223
131 130 160 207
132 131 160 206
133 132 160 205
134 133 160 204
135 134 160 203
136 120 160 202
136 135 160 202
137 138 160 47
139 140 160 63
140 141 160 62
141 142 160 61
142 143 160 60
143 159 160 59
145 161 160 69
146 145 160 68
147 146 160 67
148 147 160 66
149 148 160 65
151 150 160 49
151 152 160 49
153 154 160 65
154 155 160 66
155 156 160 67
156 157 160 68
157 158 160 69
158 159 160 70
161 160 160 206
162 161 160 205
163 162 160 204
164 163 160 203
165 164 160 202
166 165 160 201
167 166 160 185
168 152 160 186
168 167 160 186
169 170 160 79
171 172 160 95
172 173 160 94
173 174 160 93
174 175 160 92
175 191 160 91
176 160 160 179
177 193 160 101
178 177 160 100
179 178 160 99
180 179 160 98
181 180 160 97
183 182 160 81
183 184 160 81
185 186 160 97
186 187 160 98
187 188 160 99
188 189 160 100
189 190 160 101
190 191 160 102
193 192 160 203
194 193 160 202
195 194 160 201
196 195 160 185
197 196 160 186
198 197 160 187
199 198 160 188
200 184 160 189
200 199 160 189
201 202 160 111
203 204 160 127
204 205 160 126
205 206 160 125
206 207 160 124
207 223 160 123
208 192 160 182
209 225 160 133
210 209 160 132
211 210 160 131
212 211 160 130
213 212 160 129
215 214 160 113
215 216 160 113
217 218 160 129
218 219 160 130
219 220 160 131
220 221 160 132
221 222 160 133
222 223 160 134
225 224 160 185
226 225 160 186
227 226 160 187
228 227 160 188
229 228 160 189
230 229 160 190
231 230 160 191
233 234 160 143
235 236 160 159
236 237 160 158
237 238 160 157
238 239 160 156
239 255 160 155
240 224 160 166
241 240 160 165
242 241 160 164
243 242 160 163
244 243 160 162
245 244 160 161
247 246 160 145
247 248 160 145
249 250 160 161
250 251 160 162
251 252 160 163
252 253 160 164
253 254 160 165
254 255 160 166
0 16 161 86
1 0 161 85
2 1 161 84
3 2 161 83
4 3 161 82
5 4 161 81
6 5 161 97
7 6 161 98
7 8 161 98
8 9 161 97
9 10 161 81
10 11 161 82
11 12 161 83
12 13 161 84
13 14 161 85
14 15 161 86
17 16 161 73
18 17 161 74
19 18 161 75
20 19 161 76
21 20 161 77
22 21 161 78
23 22 161 79
24 23 161 95
24 40 161 95
25 26 161 126
26 27 161 127
27 28 161 111
28 29 161 110
29 30 161 109
30 31 161 108
31 15 161 107
32 48 161 71
33 17 161 117
34 33 161 116
35 34 161 115
36 35 161 114
37 36 161 113
38 37 161 129
39 38 161 130
39 40 161 130
40 41 161 129
41 42 161 113
42 43 161 114
43 44 161 115
44 45 161 116
45 46 161 117
46 47 161 118
49 48 161 58
50 49 161 57
52 51 161 73
53 52 161 74
54 53 161 75
55 54 161 76
56 55 161 77
56 72 161 77
57 58 161 158
58 59 161 159
59 60 161 143
60 61 161 142
61 62 161 141
62 63 161 140
63 47 161 139
64 80 161 68
65 49 161 149
66 65 161 148
67 66 161 147
68 67 161 146
69 68 161 145
70 69 161 161
71 70 161 162
71 72 161 162
72 73 161 161
73 74 161 145
74 75 161 146
75 76 161 147
76 77 161 148
77 78 161 149
78 79 161 150
81 80 161 61
82 81 161 60
83 82 161 59
84 83 161 58
85 84 161 57
87 86 161 73
88 87 161 74
88 104 161 74
89 90 161 190
90 91 161 191
91 92 161 175
92 93 161 174
93 94 161 173
94 95 161 172
95 79 161 171
96 112 161 65
97 81 161 181
98 97 161 180
99 98 161 179
100 99 161 178
101 100 161 177
102 101 161 193
103 102 161 194
103 104 161 194
104 105 161 193
105 106 161 177
106 107 161 178
107 108 161 179
108 109 161 180
109 110 161 181
110 111 161 182
113 112 161 47
114 113 161 63
115 114 161 62
116 115 161 61
117 116 161 60
118 117 161 59
119 118 161 58
120 119 161 57
120 136 161 57
121 122 161 222
122 123 161 223
123 124 161 207
124 125 161 206
125 126 161 205
126 127 161 204
127 111 161 203
128 144 161 51
129 113 161 213
130 129 161 212
131 130 161 211
132 131 161 210
133 132 161 209
134 133 161 225
135 134 161 226
135 136 161 226
136 137 161 225
137 138 161 209
138 139 161 210
139 140 161 211
140 141 161 212
141 142 161 213
142 143 161 214
145 144 161 44
146 145 161 45
147 146 161 46
148 147 161 47
149 148 161 63
150 149 161 62
151 150 161 61
152 151 161 60
152 168 161 60
153 154 161 254
154 155 161 255
155 156 161 239
156 157 161 238
157 158 161 237
158 159 161 236
159 143 161 235
160 176 161 54
161 145 161 245
162 161 161 244
163 162 161 243
164 163 161 242
165 164 161 241
166 165 161 240
167 166 161 224
167 168 161 224
168 169 161 240
169 170 161 241
170 171 161 242
171 172 161 243
172 173 161 244
173 174 161 245
174 175 161 246
177 176 161 41
178 177 161 42
179 178 161 43
180 179 161 44
181 180 161 45
182 181 161 46
183 182 161 47
184 183 161 63
184 200 161 63
185 186 161 152
186 187 161 168
188 189 161 184
189 190 161 200
191 175 161 216
192 208 161 39
193 177 161 128
195 194 161 112
196 195 161 96
198 197 161 80
199 198 161 64
199 200 161 64
200 201 161 80
202 203 161 96
203 204 161 112
205 206 161 128
206 207 161 144
209 208 161 26
210 209 161 25
212 211 161 41
213 212 161 42
214 213 161 43
215 214 161 44
216 215 161 45
216 232 161 45
217 218 161 9
218 219 161 8
220 221 161 24
221 222 161 40
223 207 161 56
224 240 161 36
225 209 161 3
226 225 161 4
227 226 161 5
228 227 161 6
229 228 161 7
231 230 161 23
231 232 161 23
233 234 161 7
234 235 161 6
235 236 161 5
236 237 161 4
237 238 161 3
238 239 161 2
241 240 161 29
242 241 161 28
243 242 161 27
244 243 161 26
245 244 161 25
247 246 161 41
248 247 161 42
248 249 161 42
249 250 161 41
251 252 161 25
252 253 161 26
253 254 161 27
254 255 161 28
255 239 161 29
0 1 162 210
1 2 162 209
3 4 162 225
4 5 162 226
5 6 162 227
6 7 162 228
7 8 162 229
7 23 162 229
8 9 162 230
9 10 162 231
10 11 162 247
11 12 162 246
12 13 162 245
13 14 162 244
14 15 162 243
17 16 162 236
18 17 162 235
19 18 162 234
20 19 162 233
21 20 162 217
22 21 162 218
23 22 162 219
24 8 162 220
24 23 162 220
25 41 162 251
26 25 162 252
27 26 162 253
28 27 162 254
29 28 162 255
31 30 162 239
32 16 162 213
33 34 162 241
34 35 162 240
36 37 162 224
37 38 162 208
39 40 162 192
39 55 162 192
40 41 162 176
42 43 162 160
43 44 162 144
45 46 162 128
46 47 162 112
49 48 162 233
50 49 162 217
51 50 162 218
52 51 162 219
53 52 162 220
54 53 162 221
55 54 162 222
56 40 162 223
56 55 162 223
57 73 162 120
59 58 162 136
60 59 162 152
62 61 162 168
63 62 162 184
64 48 162 199
65 66 162 96
66 67 162 80
68 69 162 64
69 70 162 48
71 72 162 32
71 87 162 32
72 73 162 16
74 75 162 0
75 76 162 1
76 77 162 2
77 78 162 3
78 79 162 4
81 80 162 219
82 81 162 220
83 82 162 221
84 83 162 222
85 84 162 223
87 86 162 207
88 72 162 206
88 87 162 206
89 105 162 13
90 89 162 12
91 90 162 11
92 91 162 10
93 92 162 9
94 93 162 8
95 94 162 24
96 80 162 196
97 98 162 6
98 99 162 7
99 100 162 23
100 101 162 22
101 102 162 21
102 103 162 20
103 104 162 19
103 119 162 19
104 105 162 18
105 106 162 17
107 108 162 33
108 109 162 34
109 110 162 35
110 111 162 36
113 112 162 222
114 113 162 223
116 115 162 207
117 116 162 206
118 117 162 205
119 118 162 204
120 104 162 203
120 119 162 203
121 137 162 45
122 121 162 44
123 122 162 43
124 123 162 42
125 124 162 41
126 125 162 25
127 126 162 26
128 112 162 193
129 130 162 38
130 131 162 39
131 132 162 55
132 133 162 54
133 134 162 53
134 135 162 52
135 136 162 51
135 151 162 51
136 137 162 50
137 138 162 49
139 140 162 65
140 141 162 66
141 142 162 67
142 143 162 68
145 144 162 207
146 145 162 206
147 146 162 205
148 147 162 204
149 148 162 203
150 149 162 202
151 150 162 201
152 136 162 185
152 151 162 185
153 169 162 77
154 153 162 76
155 154 162 75
156 155 162 74
157 156 162 73
158 157 162 57
159 158 162 58
160 144 162 178
161 162 162 70
162 163 162 71
163 164 162 87
164 165 162 86
165 166 162 85
166 167 162 84
167 168 162 83
167 183 162 83
168 169 162 82
169 170 162 81
171 172 162 97
172 173 162 98
173 174 162 99
174 175 162 100
177 176 162 204
178 177 162 203
179 178 162 202
180 179 162 201
181 180 162 185
182 181 162 186
183 182 162 187
184 168 162 188
184 183 162 188
185 201 162 109
186 185 162 108
187 186 162 107
188 187 162 106
189 188 162 105
190 189 162 89
191 190 162 90
192 176 162 181
193 194 162 102
194 195 162 103
195 196 162 119
196 197 162 118
197 198 162 117
198 199 162 116
199 200 162 115
199 215 162 115
200 201 162 114
201 202 162 113
203 204 162 129
204 205 162 130
205 206 162 131
206 207 162 132
209 208 162 201
210 209 162 185
211 210 162 186
212 211 162 187
213 212 162 188
214 213 162 189
215 214 162 190
216 200 162 191
216 215 162 191
217 233 162 141
218 217 162 140
219 218 162 139
220 219 162 138
221 220 162 137
222 221 162 121
223 222 162 122
224 208 162 167
225 226 162 134
226 227 162 135
227 228 162 151
228 229 162 150
229 230 162 149
230 231 162 148
231 232 162 147
231 247 162 147
232 233 162 146
233 234 162 145
235 236 162 161
236 237 162 162
237 238 162 163
238 239 162 164
241 240 162 187
242 241 162 188
243 242 162 189
244 243 162 190
245 244 162 191
247 246 162 175
248 232 162 174
248 247 162 174
249 248 162 173
250 249 162 172
251 250 162 171
252 251 162 170
253 252 162 169
254 253 162 153
255 254 162 154
1 0 163 75
2 1 163 76
3 2 163 77
4 3 163 78
5 4 163 79
6 5 163 95
7 6 163 94
8 7 163 93
8 24 163 93
9 8 163 92
10 9 163 91
11 10 163 90
12 11 163 89
14 13 163 105
15 14 163 106
16 32 163 87
17 18 163 118
18 19 163 119
20 21 163 103
21 22 163 102
22 23 163 101
23 7 163 100
23 24 163 100
24 25 163 99
25 26 163 98
26 27 163 97
27 28 163 81
28 29 163 82
29 30 163 83
30 31 163 84
34 33 163 73
35 34 163 74
36 35 163 75
37 36 163 76
38 37 163 77
39 38 163 78
40 39 163 79
40 56 163 79
41 25 163 124
42 41 163 123
43 42 163 122
44 43 163 121
46 45 163 137
47 46 163 138
48 64 163 70
49 50 163 150
50 51 163 151
52 53 163 135
53 54 163 134
54 55 163 133
55 39 163 132
55 56 163 132
56 57 163 131
57 58 163 130
58 59 163 129
59 60 163 113
60 61 163 114
61 62 163 115
62 63 163 116
65 64 163 59
66 65 163 58
67 66 163 57
69 68 163 73
70 69 163 74
71 70 163 75
72 71 163 76
72 88 163 76
73 57 163 156
74 73 163 155
75 74 163 154
76 75 163 153
78 77 163 169
79 78 163 170
80 96 163 67
81 82 163 182
82 83 163 183
84 85 163 167
85 86 163 166
86 87 163 165
87 71 163 164
87 88 163 164
88 89 163 163
89 90 163 162
90 91 163 161
91 92 163 145
92 93 163 146
93 94 163 147
94 95 163 148
97 96 163 62
98 97 163 61
99 98 163 60
100 99 163 59
101 100 163 58
102 101 163 57
104 103 163 73
104 120 163 73
105 89 163 188
106 105 163 187
107 106 163 186
108 107 163 185
110 109 163 201
111 110 163 202
112 128 163 49
113 114 163 214
114 115 163 215
116 117 163 199
117 118 163 198
118 119 163 197
119 103 163 196
119 120 163 196
120 121 163 195
121 122 163 194
122 123 163 193
123 124 163 177
124 125 163 178
125 126 163 179
126 127 163 180
129 128 163 46
130 129 163 47
131 130 163 63
132 131 163 62
133 132 163 61
134 133 163 60
135 134 163 59
136 135 163 58
136 152 163 58
137 121 163 220
138 137 163 219
139 138 163 218
140 139 163 217
142 141 163 233
143 142 163 234
144 160 163 52
145 146 163 246
146 147 163 247
148 149 163 231
149 150 163 230
150 151 163 229
151 135 163 228
151 152 163 228
152 153 163 227
153 154 163 226
154 155 163 225
155 156 163 209
156 157 163 210
157 158 163 211
158 159 163 212
161 160 163 43
162 161 163 44
163 162 163 45
164 163 163 46
165 164 163 47
166 165 163 63
167 166 163 62
168 167 163 61
168 184 163 61
169 153 163 252
170 169 163 251
171 170 163 250
172 171 163 249
173 172 163 248
175 174 163 232
176 192 163 55
177 178 163 144
179 180 163 160
180 181 163 176
182 183 163 192
183 167 163 208
183 184 163 208
185 186 163 224
186 187 163 240
187 188 163 241
188 189 163 242
189 190 163 243
190 191 163 244
194 193 163 41
195 194 163 42
196 195 163 43
197 196 163 44
198 197 163 45
199 198 163 46
200 199 163 47
200 216 163 47
201 185 163 136
202 201 163 120
204 203 163 104
205 204 163 88
207 206 163 72
208 224 163 38
209 210 163 2
210 211 163 1
211 212 163 0
212 213 163 16
214 215 163 32
215 199 163 48
215 216 163 48
217 218 163 64
218 219 163 80
220 221 163 96
221 222 163 112
225 224 163 27
226 225 163 26
227 226 163 25
229 228 163 41
230 229 163 42
231 230 163 43
232 231 163 44
232 248 163 44
233 217 163 11
234 233 163 12
235 234 163 13
236 235 163 14
237 236 163 15
238 237 163 31
239 238 163 30
240 241 163 35
241 242 163 34
242 243 163 33
243 244 163 17
244 245 163 18
245 246 163 19
246 247 163 20
247 231 163 21
247 248 163 21
248 249 163 22
249 250 163 23
251 252 163 7
252 253 163 6
253 254 163 5
254 255 163 4
1 0 164 237
2 1 164 236
3 2 164 235
4 3 164 234
5 4 164 233
6 5 164 217
7 6 164 218
8 7 164 219
8 9 164 219
9 10 164 218
10 11 164 217
11 12 164 233
12 13 164 234
13 14 164 235
14 15 164 236
15 31 164 237
16 0 164 212
17 33 164 243
18 17 164 244
19 18 164 245
20 19 164 246
21 20 164 247
22 21 164 231
23 22 164 230
23 24 164 230
24 25 164 231
25 26 164 247
26 27 164 246
27 28 164 245
28 29 164 244
29 30 164 243
30 31 164 242
33 32 164 234
34 33 164 233
35 34 164 217
36 35 164 218
37 36 164 219
38 37 164 220
39 38 164 221
40 24 164 222
40 39 164 222
41 42 164 250
42 43 164 249
43 44 164 248
44 45 164 232
46 47 164 216
47 63 164 200
48 32 164 215
49 65 164 112
50 49 164 128
52 51 164 144
53 52 164 160
55 54 164 176
55 56 164 176
57 58 164 160
58 59 164 144
60 61 164 128
61 62 164 112
65 64 164 218
66 65 164 219
67 66 164 220
68 67 164 221
69 68 164 222
70 69 164 223
72 56 164 207
72 71 164 207
73 74 164 104
75 76 164 88
76 77 164 72
78 79 164 56
79 95 164 40
80 64 164 197
81 97 164 4
82 81 164 3
83 82 164 2
84 83 164 1
85 84 164 0
87 86 164 16
87 88 164 16
89 90 164 0
90 91 164 1
91 92 164 2
92 93 164 3
93 94 164 4
94 95 164 5
97 96 164 221
98 97 164 222
99 98 164 223
101 100 164 207
102 101 164 206
103 102 164 205
104 88 164 204
104 103 164 204
105 106 164 14
106 107 164 15
108 109 164 31
109 110 164 30
110 111 164 29
111 127 164 28
112 96 164 194
113 129 164 36
114 113 164 35
115 114 164 34
116 115 164 33
118 117 164 17
119 118 164 18
119 120 164 18
120 121 164 17
122 123 164 33
123 124 164 34
124 125 164 35
125 126 164 36
126 127 164 37
130 129 164 207
131 130 164 206
132 131 164 205
133 132 164 204
134 133 164 203
135 134 164 202
136 120 164 201
136 135 164 201
137 138 164 46
138 139 164 47
140 141 164 63
141 142 164 62
142 143 164 61
143 159 164 60
144 128 164 177
145 161 164 68
146 145 164 67
147 146 164 66
148 147 164 65
150 149 164 49
151 150 164 50
151 152 164 50
152 153 164 49
154 155 164 65
155 156 164 66
156 157 164 67
157 158 164 68
158 159 164 69
161 160 164 205
162 161 164 204
163 162 164 203
164 163 164 202
165 164 164 201
166 165 164 185
167 166 164 186
168 152 164 187
168 167 164 187
169 170 164 78
170 171 164 79
172 173 164 95
173 174 164 94
174 175 164 93
175 191 164 92
176 160 164 180
177 193 164 100
178 177 164 99
179 178 164 98
180 179 164 97
182 181 164 81
183 182 164 82
183 184 164 82
184 185 164 81
186 187 164 97
187 188 164 98
188 189 164 99
189 190 164 100
190 191 164 101
193 192 164 202
194 193 164 201
195 194 164 185
196 195 164 186
197 196 164 187
198 197 164 188
199 198 164 189
200 184 164 190
200 199 164 190
201 202 164 110
202 203 164 111
204 205 164 127
205 206 164 126
206 207 164 125
207 223 164 124
208 192 164 183
209 225 164 132
210 209 164 131
211 210 164 130
212 211 164 129
214 213 164 113
215 214 164 114
215 216 164 114
216 217 164 113
218 219 164 129
219 220 164 130
220 221 164 131
221 222 164 132
222 223 164 133
225 224 164 186
226 225 164 187
227 226 164 188
228 227 164 189
229 228 164 190
230 229 164 191
232 216 164 175
232 231 164 175
233 234 164 142
234 235 164 143
236 237 164 159
237 238 164 158
238 239 164 157
239 255 164 156
240 224 164 165
241 240 164 164
242 241 164 163
243 242 164 162
244 243 164 161
246 245 164 145
247 246 164 146
247 248 164 146
248 249 164 145
250 251 164 161
251 252 164 162
252 253 164 163
253 254 164 164
254 255 164 165
0 16 165 85
1 0 165 84
2 1 165 83
3 2 165 82
4 3 165 81
5 4 165 97
6 5 165 98
7 6 165 99
7 8 165 99
8 9 165 98
9 10 165 97
10 11 165 81
11 12 165 82
12 13 165 83
13 14 165 84
14 15 165 85
17 16 165 74
18 17 165 75
19 18 165 76
20 19 165 77
21 20 165 78
22 21 165 79
23 22 165 95
24 23 165 94
24 40 165 94
25 26 165 125
26 27 165 126
27 28 165 127
28 29 165 111
29 30 165 110
30 31 165 109
31 15 165 108
33 17 165 116
34 33 165 115
35 34 165 114
36 35 165 113
37 36 165 129
38 37 165 130
39 38 165 131
39 40 165 131
40 41 165 130
41 42 165 129
42 43 165 113
43 44 165 114
44 45 165 115
45 46 165 116
46 47 165 117
49 48 165 57
51 50 165 73
52 51 165 74
53 52 165 75
54 53 165 76
55 54 165 77
56 55 165 78
56 72 165 78
57 58 165 157
58 59 165 158
59 60 165 159
60 61 165 143
61 62 165 142
62 63 165 141
63 47 165 140
64 80 165 69
65 49 165 148
66 65 165 147
67 66 165 146
68 67 165 145
69 68 165 161
70 69 165 162
71 70 165 163
71 72 165 163
72 73 165 162
73 74 165 161
74 75 165 145
75 76 165 146
76 77 165 147
77 78 165 148
78 79 165 149
81 80 165 60
82 81 165 59
83 82 165 58
84 83 165 57
86 85 165 73
87 86 165 74
88 87 165 75
88 104 165 75
89 90 165 189
90 91 165 190
91 92 165 191
92 93 165 175
93 94 165 174
94 95 165 173
95 79 165 172
96 112 165 66
97 81 165 180
98 97 165 179
99 98 165 178
100 99 165 177
101 100 165 193
102 101 165 194
103 102 165 195
103 104 165 195
104 105 165 194
105 106 165 193
106 107 165 177
107 108 165 178
108 109 165 179
109 110 165 180
110 111 165 181
113 112 165 63
114 113 165 62
115 114 165 61
116 115 165 60
117 116 165 59
118 117 165 58
119 118 165 57
121 122 165 221
122 123 165 222
123 124 165 223
124 125 165 207
125 126 165 206
126 127 165 205
127 111 165 204
128 144 165 50
129 113 165 212
130 129 165 211
131 130 165 210
132 131 165 209
133 132 165 225
134 133 165 226
135 134 165 227
135 136 165 227
136 137 165 226
137 138 165 225
138 139 165 209
139 140 165 210
140 141 165 211
141 142 165 212
142 143 165 213
145 144 165 45
146 145 165 46
147 146 165 47
148 147 165 63
149 148 165 62
150 149 165 61
151 150 165 60
152 151 165 59
152 168 165 59
153 154 165 253
154 155 165 254
155 156 165 255
156 157 165 239
157 158 165 238
158 159 165 237
159 143 165 236
160 176 165 53
161 145 165 244
162 161 165 243
163 162 165 242
164 163 165 241
165 164 165 240
166 165 165 224
168 169 165 224
169 170 165 240
170 171 165 241
171 172 165 242
172 173 165 243
173 174 165 244
174 175 165 245
177 176 165 42
178 177 165 43
179 178 165 44
180 179 165 45
181 180 165 46
182 181 165 47
183 182 165 63
184 183 165 62
184 200 165 62
186 187 165 152
187 188 165 168
189 190 165 184
190 191 165 200
194 193 165 112
195 194 165 96
197 196 165 80
198 197 165 64
200 201 165 64
201 202 165 80
203 204 165 96
204 205 165 112
206 207 165 128
209 208 165 25
211 210 165 41
212 211 165 42
213 212 165 43
214 213 165 44
215 214 165 45
216 215 165 46
216 232 165 46
217 218 165 10
218 219 165 9
219 220 165 8
221 222 165 24
222 223 165 40
224 240 165 37
225 209 165 4
226 225 165 5
227 226 165 6
228 227 165 7
230 229 165 23
231 230 165 22
231 232 165 22
232 233 165 23
234 235 165 7
235 236 165 6
236 237 165 5
237 238 165 4
238 239 165 3
241 240 165 28
242 241 165 27
243 242 165 26
244 243 165 25
246 245 165 41
247 246 165 42
248 247 165 43
248 249 165 43
249 250 165 42
250 251 165 41
252 253 165 25
253 254 165 26
254 255 165 27
255 239 165 28
0 1 166 211
1 2 166 210
2 3 166 209
4 5 166 225
5 6 166 226
6 7 166 227
7 8 166 228
7 23 166 228
8 9 166 229
9 10 166 230
10 11 166 231
11 12 166 247
12 13 166 246
13 14 166 245
14 15 166 244
17 16 166 235
18 17 166 234
19 18 166 233
20 19 166 217
21 20 166 218
22 21 166 219
23 22 166 220
24 8 166 221
24 23 166 221
25 41 166 252
26 25 166 253
27 26 166 254
28 27 166 255
30 29 166 239
31 30 166 238
32 16 166 214
33 34 166 242
34 35 166 241
35 36 166 240
37 38 166 224
38 39 166 208
40 41 166 192
41 42 166 176
43 44 166 160
44 45 166 144
46 47 166 128
49 48 166 217
50 49 166 218
51 50 166 219
52 51 166 220
53 52 166 221
54 53 166 222
55 54 166 223
58 57 166 136
59 58 166 152
61 60 166 168
62 61 166 184
64 48 166 198
66 67 166 96
67 68 166 80
69 70 166 64
70 71 166 48
72 73 166 32
73 74 166 16
75 76 166 0
76 77 166 1
77 78 166 2
78 79 166 3
81 80 166 220
82 81 166 221
83 82 166 222
84 83 166 223
86 85 166 207
87 86 166 206
88 72 166 205
88 87 166 205
89 105 166 12
90 89 166 11
91 90 166 10
92 91 166 9
93 92 166 8
94 93 166 24
96 80 166 195
97 98 166 5
98 99 166 6
99 100 166 7
100 101 166 23
101 102 166 22
102 103 166 21
103 104 166 20
103 119 166 20
104 105 166 19
105 106 166 18
106 107 166 17
108 109 166 33
109 110 166 34
110 111 166 35
113 112 166 223
115 114 166 207
116 115 166 206
117 116 166 205
118 117 166 204
119 118 166 203
120 104 166 202
120 119 166 202
121 137 166 44
122 121 166 43
123 122 166 42
124 123 166 41
125 124 166 25
126 125 166 26
127 126 166 27
129 130 166 37
130 131 166 38
131 132 166 39
132 133 166 55
133 134 166 54
134 135 166 53
135 136 166 52
135 151 166 52
136 137 166 51
137 138 166 50
138 139 166 49
140 141 166 65
141 142 166 66
142 143 166 67
145 144 166 206
146 145 166 205
147 146 166 204
148 147 166 203
149 148 166 202
150 149 166 201
151 150 166 185
152 136 166 186
152 151 166 186
153 169 166 76
154 153 166 75
155 154 166 74
156 155 166 73
157 156 166 57
158 157 166 58
159 158 166 59
160 144 166 179
161 162 166 69
162 163 166 70
163 164 166 71
164 165 166 87
165 166 166 86
166 167 166 85
167 168 166 84
167 183 166 84
168 169 166 83
169 170 166 82
170 171 166 81
172 173 166 97
173 174 166 98
174 175 166 99
177 176 166 203
178 177 166 202
179 178 166 201
180 179 166 185
181 180 166 186
182 181 166 187
183 182 166 188
184 168 166 189
184 183 166 189
185 201 166 108
186 185 166 107
187 186 166 106
188 187 166 105
189 188 166 89
190 189 166 90
191 190 166 91
192 176 166 182
193 194 166 101
194 195 166 102
195 196 166 103
196 197 166 119
197 198 166 118
198 199 166 117
199 200 166 116
199 215 166 116
200 201 166 115
201 202 166 114
202 203 166 113
204 205 166 129
205 206 166 130
206 207 166 131
209 208 166 185
210 209 166 186
211 210 166 187
212 211 166 188
213 212 166 189
214 213 166 190
215 214 166 191
217 233 166 140
218 217 166 139
219 218 166 138
220 219 166 137
221 220 166 121
222 221 166 122
223 222 166 123
224 208 166 166
225 226 166 133
226 227 166 134
227 228 166 135
228 229 166 151
229 230 166 150
230 231 166 149
231 232 166 148
231 247 166 148
232 233 166 147
233 234 166 146
234 235 166 145
236 237 166 161
237 238 166 162
238 239 166 163
241 240 166 188
242 241 166 189
243 242 166 190
244 243 166 191
246 245 166 175
247 246 166 174
248 232 166 173
248 247 166 173
249 248 166 172
250 249 166 171
251 250 166 170
252 251 166 169
253 252 166 153
254 253 166 154
255 254 166 155
1 0 167 76
2 1 167 77
3 2 167 78
4 3 167 79
5 4 167 95
6 5 167 94
7 6 167 93
8 7 167 92
8 24 167 92
9 8 167 91
10 9 167 90
11 10 167 89
13 12 167 105
14 13 167 106
15 14 167 107
16 32 167 86
17 18 167 117
18 19 167 118
19 20 167 119
21 22 167 103
22 23 167 102
23 7 167 101
23 24 167 101
24 25 167 100
25 26 167 99
26 27 167 98
27 28 167 97
28 29 167 81
29 30 167 82
30 31 167 83
33 32 167 73
34 33 167 74
35 34 167 75
36 35 167 76
37 36 167 77
38 37 167 78
39 38 167 79
40 39 167 95
40 56 167 95
41 25 167 123
42 41 167 122
43 42 167 121
45 44 167 137
46 45 167 138
47 46 167 139
48 64 167 71
49 50 167 149
50 51 167 150
51 52 167 151
53 54 167 135
54 55 167 134
55 39 167 133
55 56 167 133
56 57 167 132
57 58 167 131
58 59 167 130
59 60 167 129
60 61 167 113
61 62 167 114
62 63 167 115
65 64 167 58
66 65 167 57
68 67 167 73
69 68 167 74
70 69 167 75
71 70 167 76
72 71 167 77
72 88 167 77
73 57 167 155
74 73 167 154
75 74 167 153
77 76 167 169
78 77 167 170
79 78 167 171
80 96 167 68
81 82 167 181
82 83 167 182
83 84 167 183
85 86 167 167
86 87 167 166
87 71 167 165
87 88 167 165
88 89 167 164
89 90 167 163
90 91 167 162
91 92 167 161
92 93 167 145
93 94 167 146
94 95 167 147
97 96 167 61
98 97 167 60
99 98 167 59
100 99 167 58
101 100 167 57
103 102 167 73
104 103 167 74
104 120 167 74
105 89 167 187
106 105 167 186
107 106 167 185
109 108 167 201
110 109 167 202
111 110 167 203
112 128 167 65
113 114 167 213
114 115 167 214
115 116 167 215
117 118 167 199
118 119 167 198
119 103 167 197
119 120 167 197
120 121 167 196
121 122 167 195
122 123 167 194
123 124 167 193
124 125 167 177
125 126 167 178
126 127 167 179
129 128 167 47
130 129 167 63
131 130 167 62
132 131 167 61
133 132 167 60
134 133 167 59
135 134 167 58
136 135 167 57
136 152 167 57
137 121 167 219
138 137 167 218
139 138 167 217
141 140 167 233
142 141 167 234
143 142 167 235
144 160 167 51
145 146 167 245
146 147 167 246
147 148 167 247
149 150 167 231
150 151 167 230
151 135 167 229
151 152 167 229
152 153 167 228
153 154 167 227
154 155 167 226
155 156 167 225
156 157 167 209
157 158 167 210
158 159 167 211
161 160 167 44
162 161 167 45
163 162 167 46
164 163 167 47
165 164 167 63
166 165 167 62
167 166 167 61
168 167 167 60
168 184 167 60
169 153 167 251
170 169 167 250
171 170 167 249
172 171 167 248
174 173 167 232
175 174 167 216
176 192 167 54
177 178 167 128
178 179 167 144
180 181 167 160
181 182 167 176
183 167 167 192
183 184 167 192
184 185 167 208
186 187 167 224
187 188 167 240
188 189 167 241
189 190 167 242
190 191 167 243
193 192 167 41
194 193 167 42
195 194 167 43
196 195 167 44
197 196 167 45
198 197 167 46
199 198 167 47
200 199 167 63
200 216 167 63
201 185 167 120
203 202 167 104
204 203 167 88
206 205 167 72
207 206 167 56
208 224 167 39
209 210 167 3
210 211 167 2
211 212 167 1
212 213 167 0
213 214 167 16
215 199 167 32
215 216 167 32
216 217 167 48
218 219 167 64
219 220 167 80
221 222 167 96
222 223 167 112
225 224 167 26
226 225 167 25
228 227 167 41
229 228 167 42
230 229 167 43
231 230 167 44
232 231 167 45
232 248 167 45
233 217 167 12
234 233 167 13
235 234 167 14
236 235 167 15
237 236 167 31
238 237 167 30
239 238 167 29
240 241 167 36
241 242 167 35
242 243 167 34
243 244 167 33
244 245 167 17
245 246 167 18
246 247 167 19
247 231 167 20
247 248 167 20
248 249 167 21
249 250 167 22
250 251 167 23
252 253 167 7
253 254 167 6
254 255 167 5
1 0 168 236
2 1 168 235
3 2 168 234
4 3 168 233
5 4 168 217
6 5 168 218
7 6 168 219
8 7 168 220
8 9 168 220
9 10 168 219
10 11 168 218
11 12 168 217
12 13 168 233
13 14 168 234
14 15 168 235
15 31 168 236
16 0 168 213
17 33 168 244
18 17 168 245
19 18 168 246
20 19 168 247
21 20 168 231
22 21 168 230
23 22 168 229
23 24 168 229
24 25 168 230
25 26 168 231
26 27 168 247
27 28 168 246
28 29 168 245
29 30 168 244
30 31 168 243
33 32 168 233
34 33 168 217
35 34 168 218
36 35 168 219
37 36 168 220
38 37 168 221
39 38 168 222
40 24 168 223
40 39 168 223
41 42 168 251
42 43 168 250
43 44 168 249
44 45 168 248
45 46 168 232
47 63 168 216
48 32 168 199
49 65 168 128
51 50 168 144
52 51 168 160
54 53 168 176
55 54 168 192
55 56 168 192
56 57 168 176
58 59 168 160
59 60 168 144
61 62 168 128
62 63 168 112
65 64 168 219
66 65 168 220
67 66 168 221
68 67 168 222
69 68 168 223
71 70 168 207
72 56 168 206
72 71 168 206
73 74 168 120
74 75 168 104
76 77 168 88
77 78 168 72
79 95 168 56
80 64 168 196
81 97 168 3
82 81 168 2
83 82 168 1
84 83 168 0
86 85 168 16
87 86 168 32
87 88 168 32
88 89 168 16
90 91 168 0
91 92 168 1
92 93 168 2
93 94 168 3
94 95 168 4
97 96 168 222
98 97 168 223
100 99 168 207
101 100 168 206
102 101 168 205
103 102 168 204
104 88 168 203
104 103 168 203
105 106 168 13
106 107 168 14
107 108 168 15
109 110 168 31
110 111 168 30
111 127 168 29
112 96 168 193
113 129 168 35
114 113 168 34
115 114 168 33
117 116 168 17
118 117 168 18
119 118 168 19
119 120 168 19
120 121 168 18
121 122 168 17
123 124 168 33
124 125 168 34
125 126 168 35
126 127 168 36
129 128 168 207
130 129 168 206
131 130 168 205
132 131 168 204
133 132 168 203
134 133 168 202
135 134 168 201
136 120 168 185
136 135 168 185
137 138 168 45
138 139 168 46
139 140 168 47
141 142 168 63
142 143 168 62
143 159 168 61
144 128 168 178
145 161 168 67
146 145 168 66
147 146 168 65
149 148 168 49
150 149 168 50
151 150 168 51
151 152 168 51
152 153 168 50
153 154 168 49
155 156 168 65
156 157 168 66
157 158 168 67
158 159 168 68
161 160 168 204
162 161 168 203
163 162 168 202
164 163 168 201
165 164 168 185
166 165 168 186
167 166 168 187
168 152 168 188
168 167 168 188
169 170 168 77
170 171 168 78
171 172 168 79
173 174 168 95
174 175 168 94
175 191 168 93
176 160 168 181
177 193 168 99
178 177 168 98
179 178 168 97
181 180 168 81
182 181 168 82
183 182 168 83
183 184 168 83
184 185 168 82
185 186 168 81
187 188 168 97
188 189 168 98
189 190 168 99
190 191 168 100
193 192 168 201
194 193 168 185
195 194 168 186
196 195 168 187
197 196 168 188
198 197 168 189
199 198 168 190
200 184 168 191
200 199 168 191
201 202 168 109
202 203 168 110
203 204 168 111
205 206 168 127
206 207 168 126
207 223 168 125
208 192 168 167
209 225 168 131
210 209 168 130
211 210 168 129
213 212 168 113
214 213 168 114
215 214 168 115
215 216 168 115
216 217 168 114
217 218 168 113
219 220 168 129
220 221 168 130
221 222 168 131
222 223 168 132
225 224 168 187
226 225 168 188
227 226 168 189
228 227 168 190
229 228 168 191
231 230 168 175
232 216 168 174
232 231 168 174
233 234 168 141
234 235 168 142
235 236 168 143
237 238 168 159
238 239 168 158
239 255 168 157
240 224 168 164
241 240 168 163
242 241 168 162
243 242 168 161
245 244 168 145
246 245 168 146
247 246 168 147
247 248 168 147
248 249 168 146
249 250 168 145
251 252 168 161
252 253 168 162
253 254 168 163
254 255 168 164
0 16 169 84
1 0 169 83
2 1 169 82
3 2 169 81
4 3 169 97
5 4 169 98
6 5 169 99
7 6 169 100
7 8 169 100
8 9 169 99
9 10 169 98
10 11 169 97
11 12 169 81
12 13 169 82
13 14 169 83
14 15 169 84
17 16 169 75
18 17 169 76
19 18 169 77
20 19 169 78
21 20 169 79
22 21 169 95
23 22 169 94
24 23 169 93
24 40 169 93
25 26 169 124
26 27 169 125
27 28 169 126
28 29 169 127
29 30 169 111
30 31 169 110
31 15 169 109
32 48 169 87
33 17 169 115
34 33 169 114
35 34 169 113
36 35 169 129
37 36 169 130
38 37 169 131
39 38 169 132
39 40 169 132
40 41 169 131
41 42 169 130
42 43 169 129
43 44 169 113
44 45 169 114
45 46 169 115
46 47 169 116
50 49 169 73
51 50 169 74
52 51 169 75
53 52 169 76
54 53 169 77
55 54 169 78
56 55 169 79
56 72 169 79
57 58 169 156
58 59 169 157
59 60 169 158
60 61 169 159
61 62 169 143
62 63 169 142
63 47 169 141
64 80 169 70
65 49 169 147
66 65 169 146
67 66 169 145
68 67 169 161
69 68 169 162
70 69 169 163
71 70 169 164
71 72 169 164
72 73 169 163
73 74 169 162
74 75 169 161
75 76 169 145
76 77 169 146
77 78 169 147
78 79 169 148
81 80 169 59
82 81 169 58
83 82 169 57
85 84 169 73
86 85 169 74
87 86 169 75
88 87 169 76
88 104 169 76
89 90 169 188
90 91 169 189
91 92 169 190
92 93 169 191
93 94 169 175
94 95 169 174
95 79 169 173
96 112 169 67
97 81 169 179
98 97 169 178
99 98 169 177
100 99 169 193
101 100 169 194
102 101 169 195
103 102 169 196
103 104 169 196
104 105 169 195
105 106 169 194
106 107 169 193
107 108 169 177
108 109 169 178
109 110 169 179
110 111 169 180
113 112 169 62
114 113 169 61
115 114 169 60
116 115 169 59
117 116 169 58
118 117 169 57
120 119 169 73
120 136 169 73
121 122 169 220
122 123 169 221
123 124 169 222
124 125 169 223
125 126 169 207
126 127 169 206
127 111 169 205
128 144 169 49
129 113 169 211
130 129 169 210
131 130 169 209
132 131 169 225
133 132 169 226
134 133 169 227
135 134 169 228
135 136 169 228
136 137 169 227
137 138 169 226
138 139 169 225
139 140 169 209
140 141 169 210
141 142 169 211
142 143 169 212
145 144 169 46
146 145 169 47
147 146 169 63
148 147 169 62
149 148 169 61
150 149 169 60
151 150 169 59
152 151 169 58
152 168 169 58
153 154 169 252
154 155 169 253
155 156 169 254
156 157 169 255
157 158 169 239
158 159 169 238
159 143 169 237
160 176 169 52
161 145 169 243
162 161 169 242
163 162 169 241
164 163 169 240
165 164 169 224
167 166 169 208
167 168 169 208
169 170 169 224
170 171 169 240
171 172 169 241
172 173 169 242
173 174 169 243
174 175 169 244
177 176 169 43
178 177 169 44
179 178 169 45
180 179 169 46
181 180 169 47
182 181 169 63
183 182 169 62
184 183 169 61
184 200 169 61
185 186 169 136
187 188 169 152
188 189 169 168
190 191 169 184
191 175 169 200
192 208 169 55
193 177 169 112
194 193 169 96
196 195 169 80
197 196 169 64
199 198 169 48
199 200 169 48
201 202 169 64
202 203 169 80
204 205 169 96
205 206 169 112
210 209 169 41
211 210 169 42
212 211 169 43
213 212 169 44
214 213 169 45
215 214 169 46
216 215 169 47
216 232 169 47
217 218 169 11
218 219 169 10
219 220 169 9
220 221 169 8
222 223 169 24
223 207 169 40
224 240 169 38
225 209 169 5
226 225 169 6
227 226 169 7
229 228 169 23
230 229 169 22
231 230 169 21
231 232 169 21
232 233 169 22
233 234 169 23
235 236 169 7
236 237 169 6
237 238 169 5
238 239 169 4
241 240 169 27
242 241 169 26
243 242 169 25
245 244 169 41
246 245 169 42
247 246 169 43
248 247 169 44
248 249 169 44
249 250 169 43
250 251 169 42
251 252 169 41
253 254 169 25
254 255 169 26
255 239 169 27
0 1 170 212
1 2 170 211
2 3 170 210
3 4 170 209
5 6 170 225
6 7 170 226
7 8 170 227
7 23 170 227
8 9 170 228
9 10 170 229
10 11 170 230
11 12 170 231
12 13 170 247
13 14 170 246
14 15 170 245
17 16 170 234
18 17 170 233
19 18 170 217
20 19 170 218
21 20 170 219
22 21 170 220
23 22 170 221
24 8 170 222
24 23 170 222
25 41 170 253
26 25 170 254
27 26 170 255
29 28 170 239
30 29 170 238
31 30 170 237
32 16 170 215
33 34 170 243
34 35 170 242
35 36 170 241
36 37 170 240
38 39 170 224
39 40 170 208
39 55 170 208
41 42 170 192
42 43 170 176
44 45 170 160
45 46 170 144
49 48 170 218
50 49 170 219
51 50 170 220
52 51 170 221
53 52 170 222
54 53 170 223
56 40 170 207
56 55 170 207
57 73 170 136
58 57 170 152
60 59 170 168
61 60 170 184
63 62 170 200
64 48 170 197
65 66 170 112
67 68 170 96
68 69 170 80
70 71 170 64
71 72 170 48
71 87 170 48
73 74 170 32
74 75 170 16
76 77 170 0
77 78 170 1
78 79 170 2
81 80 170 221
82 81 170 222
83 82 170 223
85 84 170 207
86 85 170 206
87 86 170 205
88 72 170 204
88 87 170 204
89 105 170 11
90 89 170 10
91 90 170 9
92 91 170 8
93 92 170 24
95 94 170 40
96 80 170 194
97 98 170 4
98 99 170 5
99 100 170 6
100 101 170 7
101 102 170 23
102 103 170 22
103 104 170 21
103 119 170 21
104 105 170 20
105 106 170 19
106 107 170 18
107 108 170 17
109 110 170 33
110 111 170 34
114 113 170 207
115 114 170 206
116 115 170 205
117 116 170 204
118 117 170 203
119 118 170 202
120 104 170 201
120 119 170 201
121 137 170 43
122 121 170 42
123 122 170 41
124 123 170 25
125 124 170 26
126 125 170 27
127 126 170 28
128 112 170 177
129 130 170 36
130 131 170 37
131 132 170 38
132 133 170 39
133 134 170 55
134 135 170 54
135 136 170 53
135 151 170 53
136 137 170 52
137 138 170 51
138 139 170 50
139 140 170 49
141 142 170 65
142 143 170 66
145 144 170 205
146 145 170 204
147 146 170 203
148 147 170 202
149 148 170 201
150 149 170 185
151 150 170 186
152 136 170 187
152 151 170 187
153 169 170 75
154 153 170 74
155 154 170 73
156 155 170 57
157 156 170 58
158 157 170 59
159 158 170 60
160 144 170 180
161 162 170 68
162 163 170 69
163 164 170 70
164 165 170 71
165 166 170 87
166 167 170 86
167 168 170 85
167 183 170 85
168 169 170 84
169 170 170 83
170 171 170 82
171 172 170 81
173 174 170 97
174 175 170 98
177 176 170 202
178 177 170 201
179 178 170 185
180 179 170 186
181 180 170 187
182 181 170 188
183 182 170 189
184 168 170 190
184 183 170 190
185 201 170 107
186 185 170 106
187 186 170 105
188 187 170 89
189 188 170 90
190 189 170 91
191 190 170 92
192 176 170 183
193 194 170 100
194 195 170 101
195 196 170 102
196 197 170 103
197 198 170 119
198 199 170 118
199 200 170 117
199 215 170 117
200 201 170 116
201 202 170 115
202 203 170 114
203 204 170 113
205 206 170 129
206 207 170 130
209 208 170 186
210 209 170 187
211 210 170 188
212 211 170 189
213 212 170 190
214 213 170 191
216 200 170 175
216 215 170 175
217 233 170 139
218 217 170 138
219 218 170 137
220 219 170 121
221 220 170 122
222 221 170 123
223 222 170 124
224 208 170 165
225 226 170 132
226 227 170 133
227 228 170 134
228 229 170 135
229 230 170 151
230 231 170 150
231 232 170 149
231 247 170 149
232 233 170 148
233 234 170 147
234 235 170 146
235 236 170 145
237 238 170 161
238 239 170 162
241 240 170 189
242 241 170 190
243 242 170 191
245 244 170 175
246 245 170 174
247 246 170 173
248 232 170 172
248 247 170 172
249 248 170 171
250 249 170 170
251 250 170 169
252 251 170 153
253 252 170 154
254 253 170 155
255 254 170 156
1 0 171 77
2 1 171 78
3 2 171 79
4 3 171 95
5 4 171 94
6 5 171 93
7 6 171 92
8 7 171 91
8 24 171 91
9 8 171 90
10 9 171 89
12 11 171 105
13 12 171 106
14 13 171 107
15 14 171 108
16 32 171 85
17 18 171 116
18 19 171 117
19 20 171 118
20 21 171 119
22 23 171 103
23 7 171 102
23 24 171 102
24 25 171 101
25 26 171 100
26 27 171 99
27 28 171 98
28 29 171 97
29 30 171 81
30 31 171 82
33 32 171 74
34 33 171 75
35 34 171 76
36 35 171 77
37 36 171 78
38 37 171 79
39 38 171 95
40 39 171 94
40 56 171 94
41 25 171 122
42 41 171 121
44 43 171 137
45 44 171 138
46 45 171 139
47 46 171 140
49 50 171 148
50 51 171 149
51 52 171 150
52 53 171 151
54 55 171 135
55 39 171 134
55 56 171 134
56 57 171 133
57 58 171 132
58 59 171 131
59 60 171 130
60 61 171 129
61 62 171 113
62 63 171 114
65 64 171 57
67 66 171 73
68 67 171 74
69 68 171 75
70 69 171 76
71 70 171 77
72 71 171 78
72 88 171 78
73 57 171 154
74 73 171 153
76 75 171 169
77 76 171 170
78 77 171 171
79 78 171 172
80 96 171 69
81 82 171 180
82 83 171 181
83 84 171 182
84 85 171 183
86 87 171 167
87 71 171 166
87 88 171 166
88 89 171 165
89 90 171 164
90 91 171 163
91 92 171 162
92 93 171 161
93 94 171 145
94 95 171 146
97 96 171 60
98 97 171 59
99 98 171 58
100 99 171 57
102 101 171 73
103 102 171 74
104 103 171 75
104 120 171 75
105 89 171 186
106 105 171 185
108 107 171 201
109 108 171 202
110 109 171 203
111 110 171 204
112 128 171 66
113 114 171 212
114 115 171 213
115 116 171 214
116 117 171 215
118 119 171 199
119 103 171 198
119 120 171 198
120 121 171 197
121 122 171 196
122 123 171 195
123 124 171 194
124 125 171 193
125 126 171 177
126 127 171 178
129 128 171 63
130 129 171 62
131 130 171 61
132 131 171 60
133 132 171 59
134 133 171 58
135 134 171 57
137 121 171 218
138 137 171 217
140 139 171 233
141 140 171 234
142 141 171 235
143 142 171 236
144 160 171 50
145 146 171 244
146 147 171 245
147 148 171 246
148 149 171 247
150 151 171 231
151 135 171 230
151 152 171 230
152 153 171 229
153 154 171 228
154 155 171 227
155 156 171 226
156 157 171 225
157 158 171 209
158 159 171 210
161 160 171 45
162 161 171 46
163 162 171 47
164 163 171 63
165 164 171 62
166 165 171 61
167 166 171 60
168 167 171 59
168 184 171 59
169 153 171 250
170 169 171 249
171 170 171 248
173 172 171 232
174 173 171 216
176 192 171 53
178 179 171 128
179 180 171 144
181 182 171 160
182 183 171 176
184 185 171 192
185 186 171 208
187 188 171 224
188 189 171 240
189 190 171 241
190 191 171 242
193 192 171 42
194 193 171 43
195 194 171 44
196 195 171 45
197 196 171 46
198 197 171 47
199 198 171 63
200 199 171 62
200 216 171 62
202 201 171 104
203 202 171 88
205 204 171 72
206 205 171 56
209 210 171 4
210 211 171 3
211 212 171 2
212 213 171 1
213 214 171 0
214 215 171 16
216 217 171 32
217 218 171 48
219 220 171 64
220 221 171 80
222 223 171 96
225 224 171 25
227 226 171 41
228 227 171 42
229 228 171 43
230 229 171 44
231 230 171 45
232 231 171 46
232 248 171 46
233 217 171 13
234 233 171 14
235 234 171 15
236 235 171 31
237 236 171 30
238 237 171 29
239 238 171 28
240 241 171 37
241 242 171 36
242 243 171 35
243 244 171 34
244 245 171 33
245 246 171 17
246 247 171 18
247 231 171 19
247 248 171 19
248 249 171 20
249 250 171 21
250 251 171 22
251 252 171 23
253 254 171 7
254 255 171 6
1 0 172 235
2 1 172 234
3 2 172 233
4 3 172 217
5 4 172 218
6 5 172 219
7 6 172 220
8 7 172 221
8 9 172 221
9 10 172 220
10 11 172 219
11 12 172 218
12 13 172 217
13 14 172 233
14 15 172 234
15 31 172 235
16 0 172 214
17 33 172 245
18 17 172 246
19 18 172 247
20 19 172 231
21 20 172 230
22 21 172 229
23 22 172 228
23 24 172 228
24 25 172 229
25 26 172 230
26 27 172 231
27 28 172 247
28 29 172 246
29 30 172 245
30 31 172 244
33 32 172 217
34 33 172 218
35 34 172 219
36 35 172 220
37 36 172 221
38 37 172 222
39 38 172 223
41 42 172 252
42 43 172 251
43 44 172 250
44 45 172 249
45 46 172 248
46 47 172 232
48 32 172 198
50 49 172 144
51 50 172 160
53 52 172 176
54 53 172 192
56 57 172 192
57 58 172 176
59 60 172 160
60 61 172 144
62 63 172 128
65 64 172 220
66 65 172 221
67 66 172 222
68 67 172 223
70 69 172 207
71 70 172 206
72 56 172 205
72 71 172 205
74 75 172 120
75 76 172 104
77 78 172 88
78 79 172 72
80 64 172 195
81 97 172 2
82 81 172 1
83 82 172 0
85 84 172 16
86 85 172 32
88 89 172 32
89 90 172 16
91 92 172 0
92 93 172 1
93 94 172 2
94 95 172 3
97 96 172 223
99 98 172 207
100 99 172 206
101 100 172 205
102 101 172 204
103 102 172 203
104 88 172 202
104 103 172 202
105 106 172 12
106 107 172 13
107 108 172 14
108 109 172 15
110 111 172 31
111 127 172 30
113 129 172 34
114 113 172 33
116 115 172 17
117 116 172 18
118 117 172 19
119 118 172 20
119 120 172 20
120 121 172 19
121 122 172 18
122 123 172 17
124 125 172 33
125 126 172 34
126 127 172 35
129 128 172 206
130 129 172 205
131 130 172 204
132 131 172 203
133 132 172 202
134 133 172 201
135 134 172 185
136 120 172 186
136 135 172 186
137 138 172 44
138 139 172 45
139 140 172 46
140 141 172 47
142 143 172 63
143 159 172 62
144 128 172 179
145 161 172 66
146 145 172 65
148 147 172 49
149 148 172 50
150 149 172 51
151 150 172 52
151 152 172 52
152 153 172 51
153 154 172 50
154 155 172 49
156 157 172 65
157 158 172 66
158 159 172 67
161 160 172 203
162 161 172 202
163 162 172 201
164 163 172 185
165 164 172 186
166 165 172 187
167 166 172 188
168 152 172 189
168 167 172 189
169 170 172 76
170 171 172 77
171 172 172 78
172 173 172 79
174 175 172 95
175 191 172 94
176 160 172 182
177 193 172 98
178 177 172 97
180 179 172 81
181 180 172 82
182 181 172 83
183 182 172 84
183 184 172 84
184 185 172 83
185 186 172 82
186 187 172 81
188 189 172 97
189 190 172 98
190 191 172 99
193 192 172 185
194 193 172 186
195 194 172 187
196 195 172 188
197 196 172 189
198 197 172 190
199 198 172 191
201 202 172 108
202 203 172 109
203 204 172 110
204 205 172 111
206 207 172 127
207 223 172 126
208 192 172 166
209 225 172 130
210 209 172 129
212 211 172 113
213 212 172 114
214 213 172 115
215 214 172 116
215 216 172 116
216 217 172 115
217 218 172 114
218 219 172 113
220 221 172 129
221 222 172 130
222 223 172 131
225 224 172 188
226 225 172 189
227 226 172 190
228 227 172 191
230 229 172 175
231 230 172 174
232 216 172 173
232 231 172 173
233 234 172 140
234 235 172 141
235 236 172 142
236 237 172 143
238 239 172 159
239 255 172 158
240 224 172 163
241 240 172 162
242 241 172 161
244 243 172 145
245 244 172 146
246 245 172 147
247 246 172 148
247 248 172 148
248 249 172 147
249 250 172 146
250 251 172 145
252 253 172 161
253 254 172 162
254 255 172 163
0 16 173 83
1 0 173 82
2 1 173 81
3 2 173 97
4 3 173 98
5 4 173 99
6 5 173 100
7 6 173 101
7 8 173 101
8 9 173 100
9 10 173 99
10 11 173 98
11 12 173 97
12 13 173 81
13 14 173 82
14 15 173 83
17 16 173 76
18 17 173 77
19 18 173 78
20 19 173 79
21 20 173 95
22 21 173 94
23 22 173 93
24 23 173 92
24 40 173 92
25 26 173 123
26 27 173 124
27 28 173 125
28 29 173 126
29 30 173 127
30 31 173 111
31 15 173 110
32 48 173 86
33 17 173 114
34 33 173 113
35 34 173 129
36 35 173 130
37 36 173 131
38 37 173 132
39 38 173 133
39 40 173 133
40 41 173 132
41 42 173 131
42 43 173 130
43 44 173 129
44 45 173 113
45 46 173 114
46 47 173 115
49 48 173 73
50 49 173 74
51 50 173 75
52 51 173 76
53 52 173 77
54 53 173 78
55 54 173 79
56 55 173 95
56 72 173 95
57 58 173 155
58 59 173 156
59 60 173 157
60 61 173 158
61 62 173 159
62 63 173 143
63 47 173 142
64 80 173 71
65 49 173 146
66 65 173 145
67 66 173 161
68 67 173 162
69 68 173 163
70 69 173 164
71 70 173 165
71 72 173 165
72 73 173 164
73 74 173 163
74 75 173 162
75 76 173 161
76 77 173 145
77 78 173 146
78 79 173 147
81 80 173 58
82 81 173 57
84 83 173 73
85 84 173 74
86 85 173 75
87 86 173 76
88 87 173 77
88 104 173 77
89 90 173 187
90 91 173 188
91 92 173 189
92 93 173 190
93 94 173 191
94 95 173 175
95 79 173 174
96 112 173 68
97 81 173 178
98 97 173 177
99 98 173 193
100 99 173 194
101 100 173 195
102 101 173 196
103 102 173 197
103 104 173 197
104 105 173 196
105 106 173 195
106 107 173 194
107 108 173 193
108 109 173 177
109 110 173 178
110 111 173 179
113 112 173 61
114 113 173 60
115 114 173 59
116 115 173 58
117 116 173 57
119 118 173 73
120 119 173 74
120 136 173 74
121 122 173 219
122 123 173 220
123 124 173 221
124 125 173 222
125 126 173 223
126 127 173 207
127 111 173 206
128 144 173 65
129 113 173 210
130 129 173 209
131 130 173 225
132 131 173 226
133 132 173 227
134 133 173 228
135 134 173 229
135 136 173 229
136 137 173 228
137 138 173 227
138 139 173 226
139 140 173 225
140 141 173 209
141 142 173 210
142 143 173 211
145 144 173 47
146 145 173 63
147 146 173 62
148 147 173 61
149 148 173 60
150 149 173 59
151 150 173 58
152 151 173 57
152 168 173 57
153 154 173 251
154 155 173 252
155 156 173 253
156 157 173 254
157 158 173 255
158 159 173 239
159 143 173 238
160 176 173 51
161 145 173 242
162 161 173 241
163 162 173 240
164 163 173 224
166 165 173 208
167 166 173 192
167 168 173 192
168 169 173 208
170 171 173 224
171 172 173 240
172 173 173 241
173 174 173 242
174 175 173 243
177 176 173 44
178 177 173 45
179 178 173 46
180 179 173 47
181 180 173 63
182 181 173 62
183 182 173 61
184 183 173 60
184 200 173 60
185 186 173 120
186 187 173 136
188 189 173 152
189 190 173 168
191 175 173 184
192 208 173 54
193 177 173 96
195 194 173 80
196 195 173 64
198 197 173 48
199 198 173 32
199 200 173 32
200 201 173 48
202 203 173 64
203 204 173 80
205 206 173 96
206 207 173 112
209 208 173 41
210 209 173 42
211 210 173 43
212 211 173 44
213 212 173 45
214 213 173 46
215 214 173 47
216 215 173 63
216 232 173 63
217 218 173 12
218 219 173 11
219 220 173 10
220 221 173 9
221 222 173 8
223 207 173 24
224 240 173 39
225 209 173 6
226 225 173 7
228 227 173 23
229 228 173 22
230 229 173 21
231 230 173 20
231 232 173 20
232 233 173 21
233 234 173 22
234 235 173 23
236 237 173 7
237 238 173 6
238 239 173 5
241 240 173 26
242 241 173 25
244 243 173 41
245 244 173 42
246 245 173 43
247 246 173 44
248 247 173 45
248 249 173 45
249 250 173 44
250 251 173 43
251 252 173 42
252 253 173 41
254 255 173 25
255 239 173 26
0 1 174 213
1 2 174 212
2 3 174 211
3 4 174 210
4 5 174 209
6 7 174 225
7 8 174 226
7 23 174 226
8 9 174 227
9 10 174 228
10 11 174 229
11 12 174 230
12 13 174 231
13 14 174 247
14 15 174 246
17 16 174 233
18 17 174 217
19 18 174 218
20 19 174 219
21 20 174 220
22 21 174 221
23 22 174 222
24 8 174 223
24 23 174 223
25 41 174 254
26 25 174 255
28 27 174 239
29 28 174 238
30 29 174 237
31 30 174 236
32 16 174 199
33 34 174 244
34 35 174 243
35 36 174 242
36 37 174 241
37 38 174 240
39 40 174 224
39 55 174 224
40 41 174 208
42 43 174 192
43 44 174 176
45 46 174 160
46 47 174 144
49 48 174 219
50 49 174 220
51 50 174 221
52 51 174 222
53 52 174 223
55 54 174 207
56 40 174 206
56 55 174 206
57 73 174 152
59 58 174 168
60 59 174 184
62 61 174 200
63 62 174 216
64 48 174 196
65 66 174 128
66 67 174 112
68 69 174 96
69 70 174 80
71 72 174 64
71 87 174 64
72 73 174 48
74 75 174 32
75 76 174 16
77 78 174 0
78 79 174 1
81 80 174 222
82 81 174 223
84 83 174 207
85 84 174 206
86 85 174 205
87 86 174 204
88 72 174 203
88 87 174 203
89 105 174 10
90 89 174 9
91 90 174 8
92 91 174 24
94 93 174 40
95 94 174 56
96 80 174 193
97 98 174 3
98 99 174 4
99 100 174 5
100 101 174 6
101 102 174 7
102 103 174 23
103 104 174 22
103 119 174 22
104 105 174 21
105 106 174 20
106 107 174 19
107 108 174 18
108 109 174 17
110 111 174 33
113 112 174 207
114 113 174 206
115 114 174 205
116 115 174 204
117 116 174 203
118 117 174 202
119 118 174 201
120 104 174 185
120 119 174 185
121 137 174 42
122 121 174 41
123 122 174 25
124 123 174 26
125 124 174 27
126 125 174 28
127 126 174 29
128 112 174 178
129 130 174 35
130 131 174 36
131 132 174 37
132 133 174 38
133 134 174 39
134 135 174 55
135 136 174 54
135 151 174 54
136 137 174 53
137 138 174 52
138 139 174 51
139 140 174 50
140 141 174 49
142 143 174 65
145 144 174 204
146 145 174 203
147 146 174 202
148 147 174 201
149 148 174 185
150 149 174 186
151 150 174 187
152 136 174 188
152 151 174 188
153 169 174 74
154 153 174 73
155 154 174 57
156 155 174 58
157 156 174 59
158 157 174 60
159 158 174 61
160 144 174 181
161 162 174 67
162 163 174 68
163 164 174 69
164 165 174 70
165 166 174 71
166 167 174 87
167 168 174 86
167 183 174 86
168 169 174 85
169 170 174 84
170 171 174 83
171 172 174 82
172 173 174 81
174 175 174 97
177 176 174 201
178 177 174 185
179 178 174 186
180 179 174 187
181 180 174 188
182 181 174 189
183 182 174 190
184 168 174 191
184 183 174 191
185 201 174 106
186 185 174 105
187 186 174 89
188 187 174 90
189 188 174 91
190 189 174 92
191 190 174 93
192 176 174 167
193 194 174 99
194 195 174 100
195 196 174 101
196 197 174 102
197 198 174 103
198 199 174 119
199 200 174 118
199 215 174 118
200 201 174 117
201 202 174 116
202 203 174 115
203 204 174 114
204 205 174 113
206 207 174 129
209 208 174 187
210 209 174 188
211 210 174 189
212 211 174 190
213 212 174 191
215 214 174 175
216 200 174 174
216 215 174 174
217 233 174 138
218 217 174 137
219 218 174 121
220 219 174 122
221 220 174 123
222 221 174 124
223 222 174 125
224 208 174 164
225 226 174 131
226 227 174 132
227 228 174 133
228 229 174 134
229 230 174 135
230 231 174 151
231 232 174 150
231 247 174 150
232 233 174 149
233 234 174 148
234 235 174 147
235 236 174 146
236 237 174 145
238 239 174 161
241 240 174 190
242 241 174 191
244 243 174 175
245 244 174 174
246 245 174 173
247 246 174 172
248 232 174 171
248 247 174 171
249 248 174 170
250 249 174 169
251 250 174 153
252 251 174 154
253 252 174 155
254 253 174 156
255 254 174 157
1 0 175 78
2 1 175 79
3 2 175 95
4 3 175 94
5 4 175 93
6 5 175 92
7 6 175 91
8 7 175 90
8 24 175 90
9 8 175 89
11 10 175 105
12 11 175 106
13 12 175 107
14 13 175 108
15 14 175 109
16 32 175 84
17 18 175 115
18 19 175 116
19 20 175 117
20 21 175 118
21 22 175 119
23 7 175 103
23 24 175 103
24 25 175 102
25 26 175 101
26 27 175 100
27 28 175 99
28 29 175 98
29 30 175 97
30 31 175 81
33 32 175 75
34 33 175 76
35 34 175 77
36 35 175 78
37 36 175 79
38 37 175 95
39 38 175 94
40 39 175 93
40 56 175 93
41 25 175 121
43 42 175 137
44 43 175 138
45 44 175 139
46 45 175 140
47 46 175 141
48 64 175 87
49 50 175 147
50 51 175 148
51 52 175 149
52 53 175 150
53 54 175 151
55 39 175 135
55 56 175 135
56 57 175 134
57 58 175 133
58 59 175 132
59 60 175 131
60 61 175 130
61 62 175 129
62 63 175 113
66 65 175 73
67 66 175 74
68 67 175 75
69 68 175 76
70 69 175 77
71 70 175 78
72 71 175 79
72 88 175 79
73 57 175 153
75 74 175 169
76 75 175 170
77 76 175 171
78 77 175 172
79 78 175 173
80 96 175 70
81 82 175 179
82 83 175 180
83 84 175 181
84 85 175 182
85 86 175 183
87 71 175 167
87 88 175 167
88 89 175 166
89 90 175 165
90 91 175 164
91 92 175 163
92 93 175 162
93 94 175 161
94 95 175 145
97 96 175 59
98 97 175 58
99 98 175 57
101 100 175 73
102 101 175 74
103 102 175 75
104 103 175 76
104 120 175 76
105 89 175 185
107 106 175 201
108 107 175 202
109 108 175 203
110 109 175 204
111 110 175 205
112 128 175 67
113 114 175 211
114 115 175 212
115 116 175 213
116 117 175 214
117 118 175 215
119 103 175 199
119 120 175 199
120 121 175 198
121 122 175 197
122 123 175 196
123 124 175 195
124 125 175 194
125 126 175 193
126 127 175 177
129 128 175 62
130 129 175 61
131 130 175 60
132 131 175 59
133 132 175 58
134 133 175 57
136 135 175 73
136 152 175 73
137 121 175 217
139 138 175 233
140 139 175 234
141 140 175 235
142 141 175 236
143 142 175 237
144 160 175 49
145 146 175 243
146 147 175 244
147 148 175 245
148 149 175 246
149 150 175 247
151 135 175 231
151 152 175 231
152 153 175 230
153 154 175 229
154 155 175 228
155 156 175 227
156 157 175 226
157 158 175 225
158 159 175 209
161 160 175 46
162 161 175 47
163 162 175 63
164 163 175 62
165 164 175 61
166 165 175 60
167 166 175 59
168 167 175 58
168 184 175 58
169 153 175 249
170 169 175 248
172 171 175 232
173 172 175 216
175 174 175 200
176 192 175 52
177 178 175 112
179 180 175 128
180 181 175 144
182 183 175 160
183 167 175 176
183 184 175 176
185 186 175 192
186 187 175 208
188 189 175 224
189 190 175 240
190 191 175 241
193 192 175 43
194 193 175 44
195 194 175 45
196 195 175 46
197 196 175 47
198 197 175 63
199 198 175 62
200 199 175 61
200 216 175 61
201 185 175 104
202 201 175 88
204 203 175 72
205 204 175 56
207 206 175 40
208 224 175 55
209 210 175 5
210 211 175 4
211 212 175 3
212 213 175 2
213 214 175 1
214 215 175 0
215 199 175 16
215 216 175 16
217 218 175 32
218 219 175 48
220 221 175 64
221 222 175 80
226 225 175 41
227 226 175 42
228 227 175 43
229 228 175 44
230 229 175 45
231 230 175 46
232 231 175 47
232 248 175 47
233 217 175 14
234 233 175 15
235 234 175 31
236 235 175 30
237 236 175 29
238 237 175 28
239 238 175 27
240 241 175 38
241 242 175 37
242 243 175 36
243 244 175 35
244 245 175 34
245 246 175 33
246 247 175 17
247 231 175 18
247 248 175 18
248 249 175 19
249 250 175 20
250 251 175 21
251 252 175 22
252 253 175 23
254 255 175 7
1 0 176 234
2 1 176 233
3 2 176 217
4 3 176 218
5 4 176 219
6 5 176 220
7 6 176 221
8 7 176 222
8 9 176 222
9 10 176 221
10 11 176 220
11 12 176 219
12 13 176 218
13 14 176 217
14 15 176 233
15 31 176 234
16 0 176 215
17 33 176 246
18 17 176 247
19 18 176 231
20 19 176 230
21 20 176 229
22 21 176 228
23 22 176 227
23 24 176 227
24 25 176 228
25 26 176 229
26 27 176 230
27 28 176 231
28 29 176 247
29 30 176 246
30 31 176 245
33 32 176 218
34 33 176 219
35 34 176 220
36 35 176 221
37 36 176 222
38 37 176 223
40 24 176 207
40 39 176 207
41 42 176 253
42 43 176 252
43 44 176 251
44 45 176 250
45 46 176 249
46 47 176 248
47 63 176 232
48 32 176 197
49 65 176 144
50 49 176 160
52 51 176 176
53 52 176 192
55 54 176 208
55 56 176 208
57 58 176 192
58 59 176 176
60 61 176 160
61 62 176 144
65 64 176 221
66 65 176 222
67 66 176 223
69 68 176 207
70 69 176 206
71 70 176 205
72 56 176 204
72 71 176 204
73 74 176 136
75 76 176 120
76 77 176 104
78 79 176 88
79 95 176 72
80 64 176 194
81 97 176 1
82 81 176 0
84 83 176 16
85 84 176 32
87 86 176 48
87 88 176 48
89 90 176 32
90 91 176 16
92 93 176 0
93 94 176 1
94 95 176 2
98 97 176 207
99 98 176 206
100 99 176 205
101 100 176 204
102 101 176 203
103 102 176 202
104 88 176 201
104 103 176 201
105 106 176 11
106 107 176 12
107 108 176 13
108 109 176 14
109 110 176 15
111 127 176 31
112 96 176 177
113 129 176 33
115 114 176 17
116 115 176 18
117 116 176 19
118 117 176 20
119 118 176 21
119 120 176 21
120 121 176 20
121 122 176 19
122 123 176 18
123 124 176 17
125 126 176 33
126 127 176 34
129 128 176 205
130 129 176 204
131 130 176 203
132 131 176 202
133 132 176 201
134 133 176 185
135 134 176 186
136 120 176 187
136 135 176 187
137 138 176 43
138 139 176 44
139 140 176 45
140 141 176 46
141 142 176 47
143 159 176 63
144 128 176 180
145 161 176 65
147 146 176 49
148 147 176 50
149 148 176 51
150 149 176 52
151 150 176 53
151 152 176 53
152 153 176 52
153 154 176 51
154 155 176 50
155 156 176 49
157 158 176 65
158 159 176 66
161 160 176 202
162 161 176 201
163 162 176 185
164 163 176 186
165 164 176 187
166 165 176 188
167 166 176 189
168 152 176 190
168 167 176 190
169 170 176 75
170 171 176 76
171 172 176 77
172 173 176 78
173 174 176 79
175 191 176 95
176 160 176 183
177 193 176 97
179 178 176 81
180 179 176 82
181 180 176 83
182 181 176 84
183 182 176 85
183 184 176 85
184 185 176 84
185 186 176 83
186 187 176 82
187 188 176 81
189 190 176 97
190 191 176 98
193 192 176 186
194 193 176 187
195 194 176 188
196 195 176 189
197 196 176 190
198 197 176 191
200 184 176 175
200 199 176 175
201 202 176 107
202 203 176 108
203 204 176 109
204 205 176 110
205 206 176 111
207 223 176 127
208 192 176 165
209 225 176 129
211 210 176 113
212 211 176 114
213 212 176 115
214 213 176 116
215 214 176 117
215 216 176 117
216 217 176 116
217 218 176 115
218 219 176 114
219 220 176 113
221 222 176 129
222 223 176 130
225 224 176 189
226 225 176 190
227 226 176 191
229 228 176 175
230 229 176 174
231 230 176 173
232 216 176 172
232 231 176 172
233 234 176 139
234 235 176 140
235 236 176 141
236 237 176 142
237 238 176 143
239 255 176 159
240 224 176 162
241 240 176 161
243 242 176 145
244 243 176 146
245 244 176 147
246 245 176 148
247 246 176 149
247 248 176 149
248 249 176 148
249 250 176 147
250 251 176 146
251 252 176 145
253 254 176 161
254 255 176 162
0 16 177 82
1 0 177 81
2 1 177 97
3 2 177 98
4 3 177 99
5 4 177 100
6 5 177 101
7 6 177 102
7 8 177 102
8 9 177 101
9 10 177 100
10 11 177 99
11 12 177 98
12 13 177 97
13 14 177 81
14 15 177 82
17 16 177 77
18 17 177 78
19 18 177 79
20 19 177 95
21 20 177 94
22 21 177 93
23 22 177 92
24 23 177 91
24 40 177 91
25 26 177 122
26 27 177 123
27 28 177 124
28 29 177 125
29 30 177 126
30 31 177 127
31 15 177 111
32 48 177 85
33 17 177 113
34 33 177 129
35 34 177 130
36 35 177 131
37 36 177 132
38 37 177 133
39 38 177 134
39 40 177 134
40 41 177 133
41 42 177 132
42 43 177 131
43 44 177 130
44 45 177 129
45 46 177 113
46 47 177 114
49 48 177 74
50 49 177 75
51 50 177 76
52 51 177 77
53 52 177 78
54 53 177 79
55 54 177 95
56 55 177 94
56 72 177 94
57 58 177 154
58 59 177 155
59 60 177 156
60 61 177 157
61 62 177 158
62 63 177 159
63 47 177 143
65 49 177 145
66 65 177 161
67 66 177 162
68 67 177 163
69 68 177 164
70 69 177 165
71 70 177 166
71 72 177 166
72 73 177 165
73 74 177 164
74 75 177 163
75 76 177 162
76 77 177 161
77 78 177 145
78 79 177 146
81 80 177 57
83 82 177 73
84 83 177 74
85 84 177 75
86 85 177 76
87 86 177 77
88 87 177 78
88 104 177 78
89 90 177 186
90 91 177 187
91 92 177 188
92 93 177 189
93 94 177 190
94 95 177 191
95 79 177 175
96 112 177 69
97 81 177 177
98 97 177 193
99 98 177 194
100 99 177 195
101 100 177 196
102 101 177 197
103 102 177 198
103 104 177 198
104 105 177 197
105 106 177 196
106 107 177 195
107 108 177 194
108 109 177 193
109 110 177 177
110 111 177 178
113 112 177 60
114 113 177 59
115 114 177 58
116 115 177 57
118 117 177 73
119 118 177 74
120 119 177 75
120 136 177 75
121 122 177 218
122 123 177 219
123 124 177 220
124 125 177 221
125 126 177 222
126 127 177 223
127 111 177 207
128 144 177 66
129 113 177 209
130 129 177 225
131 130 177 226
132 131 177 227
133 132 177 228
134 133 177 229
135 134 177 230
135 136 177 230
136 137 177 229
137 138 177 228
138 139 177 227
139 140 177 226
140 141 177 225
141 142 177 209
142 143 177 210
145 144 177 63
146 145 177 62
147 146 177 61
148 147 177 60
149 148 177 59
150 149 177 58
151 150 177 57
153 154 177 250
154 155 177 251
155 156 177 252
156 157 177 253
157 158 177 254
158 159 177 255
159 143 177 239
160 176 177 50
161 145 177 241
162 161 177 240
163 162 177 224
165 164 177 208
166 165 177 192
168 169 177 192
169 170 177 208
171 172 177 224
172 173 177 240
173 174 177 241
174 175 177 242
177 176 177 45
178 177 177 46
179 178 177 47
180 179 177 63
181 180 177 62
182 181 177 61
183 182 177 60
184 183 177 59
184 200 177 59
186 187 177 120
187 188 177 136
189 190 177 152
190 191 177 168
192 208 177 53
194 193 177 80
195 194 177 64
197 196 177 48
198 197 177 32
200 201 177 32
201 202 177 48
203 204 177 64
204 205 177 80
206 207 177 96
209 208 177 42
210 209 177 43
211 210 177 44
212 211 177 45
213 212 177 46
214 213 177 47
215 214 177 63
216 215 177 62
216 232 177 62
217 218 177 13
218 219 177 12
219 220 177 11
220 221 177 10
221 222 177 9
222 223 177 8
225 209 177 7
227 226 177 23
228 227 177 22
229 228 177 21
230 229 177 20
231 230 177 19
231 232 177 19
232 233 177 20
233 234 177 21
234 235 177 22
235 236 177 23
237 238 177 7
238 239 177 6
241 240 177 25
243 242 177 41
244 243 177 42
245 244 177 43
246 245 177 44
247 246 177 45
248 247 177 46
248 249 177 46
249 250 177 45
250 251 177 44
251 252 177 43
252 253 177 42
253 254 177 41
255 239 177 25
0 1 178 214
1 2 178 213
2 3 178 212
3 4 178 211
4 5 178 210
5 6 178 209
7 8 178 225
7 23 178 225
8 9 178 226
9 10 178 227
10 11 178 228
11 12 178 229
12 13 178 230
13 14 178 231
14 15 178 247
17 16 178 217
18 17 178 218
19 18 178 219
20 19 178 220
21 20 178 221
22 21 178 222
23 22 178 223
25 41 178 255
27 26 178 239
28 27 178 238
29 28 178 237
30 29 178 236
31 30 178 235
32 16 178 198
33 34 178 245
34 35 178 244
35 36 178 243
36 37 178 242
37 38 178 241
38 39 178 240
40 41 178 224
41 42 178 208
43 44 178 192
44 45 178 176
46 47 178 160
49 48 178 220
50 49 178 221
51 50 178 222
52 51 178 223
54 53 178 207
55 54 178 206
56 40 178 205
56 55 178 205
58 57 178 168
59 58 178 184
61 60 178 200
62 61 178 216
64 48 178 195
66 67 178 128
67 68 178 112
69 70 178 96
70 71 178 80
72 73 178 64
73 74 178 48
75 76 178 32
76 77 178 16
78 79 178 0
81 80 178 223
83 82 178 207
84 83 178 206
85 84 178 205
86 85 178 204
87 86 178 203
88 72 178 202
88 87 178 202
89 105 178 9
90 89 178 8
91 90 178 24
93 92 178 40
94 93 178 56
97 98 178 2
98 99 178 3
99 100 178 4
100 101 178 5
101 102 178 6
102 103 178 7
103 104 178 23
103 119 178 23
104 105 178 22
105 106 178 21
106 107 178 20
107 108 178 19
108 109 178 18
109 110 178 17
113 112 178 206
114 113 178 205
115 114 178 204
116 115 178 203
117 116 178 202
118 117 178 201
119 118 178 185
120 104 178 186
120 119 178 186
121 137 178 41
122 121 178 25
123 122 178 26
124 123 178 27
125 124 178 28
126 125 178 29
127 126 178 30
128 112 178 179
129 130 178 34
130 131 178 35
131 132 178 36
132 133 178 37
133 134 178 38
134 135 178 39
135 136 178 55
135 151 178 55
136 137 178 54
137 138 178 53
138 139 178 52
139 140 178 51
140 141 178 50
141 142 178 49
145 144 178 203
146 145 178 202
147 146 178 201
148 147 178 185
149 148 178 186
150 149 178 187
151 150 178 188
152 136 178 189
152 151 178 189
153 169 178 73
154 153 178 57
155 154 178 58
156 155 178 59
157 156 178 60
158 157 178 61
159 158 178 62
160 144 178 182
161 162 178 66
162 163 178 67
163 164 178 68
164 165 178 69
165 166 178 70
166 167 178 71
167 168 178 87
167 183 178 87
168 169 178 86
169 170 178 85
170 171 178 84
171 172 178 83
172 173 178 82
173 174 178 81
177 176 178 185
178 177 178 186
179 178 178 187
180 179 178 188
181 180 178 189
182 181 178 190
183 182 178 191
185 201 178 105
186 185 178 89
187 186 178 90
188 187 178 91
189 188 178 92
190 189 178 93
191 190 178 94
192 176 178 166
193 194 178 98
194 195 178 99
195 196 178 100
196 197 178 101
197 198 178 102
198 199 178 103
199 200 178 119
199 215 178 119
200 201 178 118
201 202 178 117
202 203 178 116
203 204 178 115
204 205 178 114
205 206 178 113
209 208 178 188
210 209 178 189
211 210 178 190
212 211 178 191
214 213 178 175
215 214 178 174
216 200 178 173
216 215 178 173
217 233 178 137
218 217 178 121
219 218 178 122
220 219 178 123
221 220 178 124
222 221 178 125
223 222 178 126
224 208 178 163
225 226 178 130
226 227 178 131
227 228 178 132
228 229 178 133
229 230 178 134
230 231 178 135
231 232 178 151
231 247 178 151
232 233 178 150
233 234 178 149
234 235 178 148
235 236 178 147
236 237 178 146
237 238 178 145
241 240 178 191
243 242 178 175
244 243 178 174
245 244 178 173
246 245 178 172
247 246 178 171
248 232 178 170
248 247 178 170
249 248 178 169
250 249 178 153
251 250 178 154
252 251 178 155
253 252 178 156
254 253 178 157
255 254 178 158
1 0 179 79
2 1 179 95
3 2 179 94
4 3 179 93
5 4 179 92
6 5 179 91
7 6 179 90
8 7 179 89
8 24 179 89
10 9 179 105
11 10 179 106
12 11 179 107
13 12 179 108
14 13 179 109
15 14 179 110
16 32 179 83
17 18 179 114
18 19 179 115
19 20 179 116
20 21 179 117
21 22 179 118
22 23 179 119
24 25 179 103
25 26 179 102
26 27 179 101
27 28 179 100
28 29 179 99
29 30 179 98
30 31 179 97
33 32 179 76
34 33 179 77
35 34 179 78
36 35 179 79
37 36 179 95
38 37 179 94
39 38 179 93
40 39 179 92
40 56 179 92
42 41 179 137
43 42 179 138
44 43 179 139
45 44 179 140
46 45 179 141
47 46 179 142
48 64 179 86
49 50 179 146
50 51 179 147
51 52 179 148
52 53 179 149
53 54 179 150
54 55 179 151
56 57 179 135
57 58 179 134
58 59 179 133
59 60 179 132
60 61 179 131
61 62 179 130
62 63 179 129
65 64 179 73
66 65 179 74
67 66 179 75
68 67 179 76
69 68 179 77
70 69 179 78
71 70 179 79
72 71 179 95
72 88 179 95
74 73 179 169
75 74 179 170
76 75 179 171
77 76 179 172
78 77 179 173
79 78 179 174
80 96 179 71
81 82 179 178
82 83 179 179
83 84 179 180
84 85 179 181
85 86 179 182
86 87 179 183
88 89 179 167
89 90 179 166
90 91 179 165
91 92 179 164
92 93 179 163
93 94 179 162
94 95 179 161
97 96 179 58
98 97 179 57
100 99 179 73
101 100 179 74
102 101 179 75
103 102 179 76
104 103 179 77
104 120 179 77
106 105 179 201
107 106 179 202
108 107 179 203
109 108 179 204
110 109 179 205
111 110 179 206
112 128 179 68
113 114 179 210
114 115 179 211
115 116 179 212
116 117 179 213
117 118 179 214
118 119 179 215
120 121 179 199
121 122 179 198
122 123 179 197
123 124 179 196
124 125 179 195
125 126 179 194
126 127 179 193
129 128 179 61
130 129 179 60
131 130 179 59
132 131 179 58
133 132 179 57
135 134 179 73
136 135 179 74
136 152 179 74
138 137 179 233
139 138 179 234
140 139 179 235
141 140 179 236
142 141 179 237
143 142 179 238
144 160 179 65
145 146 179 242
146 147 179 243
147 148 179 244
148 149 179 245
149 150 179 246
150 151 179 247
152 153 179 231
153 154 179 230
154 155 179 229
155 156 179 228
156 157 179 227
157 158 179 226
158 159 179 225
161 160 179 47
162 161 179 63
163 162 179 62
164 163 179 61
165 164 179 60
166 165 179 59
167 166 179 58
168 167 179 57
168 184 179 57
169 153 179 248
171 170 179 232
172 171 179 216
174 173 179 200
175 174 179 184
176 192 179 51
177 178 179 96
178 179 179 112
180 181 179 128
181 182 179 144
183 167 179 160
183 184 179 160
184 185 179 176
186 187 179 192
187 188 179 208
189 190 179 224
190 191 179 240
193 192 179 44
194 193 179 45
195 194 179 46
196 195 179 47
197 196 179 63
198 197 179 62
199 198 179 61
200 199 179 60
200 216 179 60
201 185 179 88
203 202 179 72
204 203 179 56
206 205 179 40
207 206 179 24
208 224 179 54
209 210 179 6
210 211 179 5
211 212 179 4
212 213 179 3
213 214 179 2
214 215 179 1
215 199 179 0
215 216 179 0
216 217 179 16
218 219 179 32
219 220 179 48
221 222 179 64
222 223 179 80
225 224 179 41
226 225 179 42
227 226 179 43
228 227 179 44
229 228 179 45
230 229 179 46
231 230 179 47
232 231 179 63
232 248 179 63
233 217 179 15
234 233 179 31
235 234 179 30
236 235 179 29
237 236 179 28
238 237 179 27
239 238 179 26
240 241 179 39
241 242 179 38
242 243 179 37
243 244 179 36
244 245 179 35
245 246 179 34
246 247 179 33
247 231 179 17
247 248 179 17
248 249 179 18
249 250 179 19
250 251 179 20
251 252 179 21
252 253 179 22
253 254 179 23
1 0 180 233
2 1 180 217
3 2 180 218
4 3 180 219
5 4 180 220
6 5 180 221
7 6 180 222
8 7 180 223
8 9 180 223
9 10 180 222
10 11 180 221
11 12 180 220
12 13 180 219
13 14 180 218
14 15 180 217
15 31 180 233
16 0 180 199
17 33 180 247
18 17 180 231
19 18 180 230
20 19 180 229
21 20 180 228
22 21 180 227
23 22 180 226
23 24 180 226
24 25 180 227
25 26 180 228
26 27 180 229
27 28 180 230
28 29 180 231
29 30 180 247
30 31 180 246
33 32 180 219
34 33 180 220
35 34 180 221
36 35 180 222
37 36 180 223
39 38 180 207
40 24 180 206
40 39 180 206
41 42 180 254
42 43 180 253
43 44 180 252
44 45 180 251
45 46 180 250
46 47 180 249
47 63 180 248
48 32 180 196
49 65 180 160
51 50 180 176
52 51 180 192
54 53 180 208
55 54 180 224
55 56 180 224
56 57 180 208
58 59 180 192
59 60 180 176
61 62 180 160
62 63 180 144
65 64 180 222
66 65 180 223
68 67 180 207
69 68 180 206
70 69 180 205
71 70 180 204
72 56 180 203
72 71 180 203
73 74 180 152
74 75 180 136
76 77 180 120
77 78 180 104
79 95 180 88
80 64 180 193
81 97 180 0
83 82 180 16
84 83 180 32
86 85 180 48
87 86 180 64
87 88 180 64
88 89 180 48
90 91 180 32
91 92 180 16
93 94 180 0
94 95 180 1
97 96 180 207
98 97 180 206
99 98 180 205
100 99 180 204
101 100 180 203
102 101 180 202
103 102 180 201
104 88 180 185
104 103 180 185
105 106 180 10
106 107 180 11
107 108 180 12
108 109 180 13
109 110 180 14
110 111 180 15
112 96 180 178
114 113 180 17
115 114 180 18
116 115 180 19
117 116 180 20
118 117 180 21
119 118 180 22
119 120 180 22
120 121 180 21
121 122 180 20
122 123 180 19
123 124 180 18
124 125 180 17
126 127 180 33
129 128 180 204
130 129 180 203
131 130 180 202
132 131 180 201
133 132 180 185
134 133 180 186
135 134 180 187
136 120 180 188
136 135 180 188
137 138 180 42
138 139 180 43
139 140 180 44
140 141 180 45
141 142 180 46
142 143 180 47
144 128 180 181
146 145 180 49
147 146 180 50
148 147 180 51
149 148 180 52
150 149 180 53
151 150 180 54
151 152 180 54
152 153 180 53
153 154 180 52
154 155 180 51
155 156 180 50
156 157 180 49
158 159 180 65
161 160 180 201
162 161 180 185
163 162 180 186
164 163 180 187
165 164 180 188
166 165 180 189
167 166 180 190
168 152 180 191
168 167 180 191
169 170 180 74
170 171 180 75
171 172 180 76
172 173 180 77
173 174 180 78
174 175 180 79
176 160 180 167
178 177 180 81
179 178 180 82
180 179 180 83
181 180 180 84
182 181 180 85
183 182 180 86
183 184 180 86
184 185 180 85
185 186 180 84
186 187 180 83
187 188 180 82
188 189 180 81
190 191 180 97
193 192 180 187
194 193 180 188
195 194 180 189
196 195 180 190
197 196 180 191
199 198 180 175
200 184 180 174
200 199 180 174
201 202 180 106
202 203 180 107
203 204 180 108
204 205 180 109
205 206 180 110
206 207 180 111
208 192 180 164
210 209 180 113
211 210 180 114
212 211 180 115
213 212 180 116
214 213 180 117
215 214 180 118
215 216 180 118
216 217 180 117
217 218 180 116
218 219 180 115
219 220 180 114
220 221 180 113
222 223 180 129
225 224 180 190
226 225 180 191
228 227 180 175
229 228 180 174
230 229 180 173
231 230 180 172
232 216 180 171
232 231 180 171
233 234 180 138
234 235 180 139
235 236 180 140
236 237 180 141
237 238 180 142
238 239 180 143
240 224 180 161
242 241 180 145
243 242 180 146
244 243 180 147
245 244 180 148
246 245 180 149
247 246 180 150
247 248 180 150
248 249 180 149
249 250 180 148
250 251 180 147
251 252 180 146
252 253 180 145
254 255 180 161
0 16 181 81
1 0 181 97
2 1 181 98
3 2 181 99
4 3 181 100
5 4 181 101
6 5 181 102
7 6 181 103
7 8 181 103
8 9 181 102
9 10 181 101
10 11 181 100
11 12 181 99
12 13 181 98
13 14 181 97
14 15 181 81
17 16 181 78
18 17 181 79
19 18 181 95
20 19 181 94
21 20 181 93
22 21 181 92
23 22 181 91
24 23 181 90
24 40 181 90
25 26 181 121
26 27 181 122
27 28 181 123
28 29 181 124
29 30 181 125
30 31 181 126
31 15 181 127
32 48 181 84
33 17 181 129
34 33 181 130
35 34 181 131
36 35 181 132
37 36 181 133
38 37 181 134
39 38 181 135
39 40 181 135
40 41 181 134
41 42 181 133
42 43 181 132
43 44 181 131
44 45 181 130
45 46 181 129
46 47 181 113
49 48 181 75
50 49 181 76
51 50 181 77
52 51 181 78
53 52 181 79
54 53 181 95
55 54 181 94
56 55 181 93
56 72 181 93
57 58 181 153
58 59 181 154
59 60 181 155
60 61 181 156
61 62 181 157
62 63 181 158
63 47 181 159
64 80 181 87
65 49 181 161
66 65 181 162
67 66 181 163
68 67 181 164
69 68 181 165
70 69 181 166
71 70 181 167
71 72 181 167
72 73 181 166
73 74 181 165
74 75 181 164
75 76 181 163
76 77 181 162
77 78 181 161
78 79 181 145
82 81 181 73
83 82 181 74
84 83 181 75
85 84 181 76
86 85 181 77
87 86 181 78
88 87 181 79
88 104 181 79
89 90 181 185
90 91 181 186
91 92 181 187
92 93 181 188
93 94 181 189
94 95 181 190
95 79 181 191
96 112 181 70
97 81 181 193
98 97 181 194
99 98 181 195
100 99 181 196
101 100 181 197
102 101 181 198
103 102 181 199
103 104 181 199
104 105 181 198
105 106 181 197
106 107 181 196
107 108 181 195
108 109 181 194
109 110 181 193
110 111 181 177
113 112 181 59
114 113 181 58
115 114 181 57
117 116 181 73
118 117 181 74
119 118 181 75
120 119 181 76
120 136 181 76
121 122 181 217
122 123 181 218
123 124 181 219
124 125 181 220
125 126 181 221
126 127 181 222
127 111 181 223
128 144 181 67
129 113 181 225
130 129 181 226
131 130 181 227
132 131 181 228
133 132 181 229
134 133 181 230
135 134 181 231
135 136 181 231
136 137 181 230
137 138 181 229
138 139 181 228
139 140 181 227
140 141 181 226
141 142 181 225
142 143 181 209
145 144 181 62
146 145 181 61
147 146 181 60
148 147 181 59
149 148 181 58
150 149 181 57
152 151 181 73
152 168 181 73
153 154 181 249
154 155 181 250
155 156 181 251
156 157 181 252
157 158 181 253
158 159 181 254
159 143 181 255
160 176 181 49
161 145 181 240
162 161 181 224
164 163 181 208
165 164 181 192
167 166 181 176
167 168 181 176
169 170 181 192
170 171 181 208
172 173 181 224
173 174 181 240
174 175 181 241
177 176 181 46
178 177 181 47
179 178 181 63
180 179 181 62
181 180 181 61
182 181 181 60
183 182 181 59
184 183 181 58
184 200 181 58
185 186 181 104
187 188 181 120
188 189 181 136
190 191 181 152
191 175 181 168
192 208 181 52
193 177 181 80
194 193 181 64
196 195 181 48
197 196 181 32
199 198 181 16
199 200 181 16
201 202 181 32
202 203 181 48
204 205 181 64
205 206 181 80
209 208 181 43
210 209 181 44
211 210 181 45
212 211 181 46
213 212 181 47
214 213 181 63
215 214 181 62
216 215 181 61
216 232 181 61
217 218 181 14
218 219 181 13
219 220 181 12
220 221 181 11
221 222 181 10
222 223 181 9
223 207 181 8
224 240 181 55
226 225 181 23
227 226 181 22
228 227 181 21
229 228 181 20
230 229 181 19
231 230 181 18
231 232 181 18
232 233 181 19
233 234 181 20
234 235 181 21
235 236 181 22
236 237 181 23
238 239 181 7
242 241 181 41
243 242 181 42
244 243 181 43
245 244 181 44
246 245 181 45
247 246 181 46
248 247 181 47
248 249 181 47
249 250 181 46
250 251 181 45
251 252 181 44
252 253 181 43
253 254 181 42
254 255 181 41
0 1 182 215
1 2 182 214
2 3 182 213
3 4 182 212
4 5 182 211
5 6 182 210
6 7 182 209
8 9 182 225
9 10 182 226
10 11 182 227
11 12 182 228
12 13 182 229
13 14 182 230
14 15 182 231
17 16 182 218
18 17 182 219
19 18 182 220
20 19 182 221
21 20 182 222
22 21 182 223
24 8 182 207
24 23 182 207
26 25 182 239
27 26 182 238
28 27 182 237
29 28 182 236
30 29 182 235
31 30 182 234
32 16 182 197
33 34 182 246
34 35 182 245
35 36 182 244
36 37 182 243
37 38 182 242
38 39 182 241
39 40 182 240
39 55 182 240
41 42 182 224
42 43 182 208
44 45 182 192
45 46 182 176
49 48 182 221
50 49 182 222
51 50 182 223
53 52 182 207
54 53 182 206
55 54 182 205
56 40 182 204
56 55 182 204
57 73 182 168
58 57 182 184
60 59 182 200
61 60 182 216
63 62 182 232
64 48 182 194
65 66 182 144
67 68 182 128
68 69 182 112
70 71 182 96
71 72 182 80
71 87 182 80
73 74 182 64
74 75 182 48
76 77 182 32
77 78 182 16
82 81 182 207
83 82 182 206
84 83 182 205
85 84 182 204
86 85 182 203
87 86 182 202
88 72 182 201
88 87 182 201
89 105 182 8
90 89 182 24
92 91 182 40
93 92 182 56
95 94 182 72
96 80 182 177
97 98 182 1
98 99 182 2
99 100 182 3
100 101 182 4
101 102 182 5
102 103 182 6
103 104 182 7
103 119 182 7
104 105 182 23
105 106 182 22
106 107 182 21
107 108 182 20
108 109 182 19
109 110 182 18
110 111 182 17
113 112 182 205
114 113 182 204
115 114 182 203
116 115 182 202
117 116 182 201
118 117 182 185
119 118 182 186
120 104 182 187
120 119 182 187
121 137 182 25
122 121 182 26
123 122 182 27
124 123 182 28
125 124 182 29
126 125 182 30
127 126 182 31
128 112 182 180
129 130 182 33
130 131 182 34
131 132 182 35
132 133 182 36
133 134 182 37
134 135 182 38
135 136 182 39
135 151 182 39
136 137 182 55
137 138 182 54
138 139 182 53
139 140 182 52
140 141 182 51
141 142 182 50
142 143 182 49
145 144 182 202
146 145 182 201
147 146 182 185
148 147 182 186
149 148 182 187
150 149 182 188
151 150 182 189
152 136 182 190
152 151 182 190
153 169 182 57
154 153 182 58
155 154 182 59
156 155 182 60
157 156 182 61
158 157 182 62
159 158 182 63
160 144 182 183
161 162 182 65
162 163 182 66
163 164 182 67
164 165 182 68
165 166 182 69
166 167 182 70
167 168 182 71
167 183 182 71
168 169 182 87
169 170 182 86
170 171 182 85
171 172 182 84
172 173 182 83
173 174 182 82
174 175 182 81
177 176 182 186
178 177 182 187
179 178 182 188
180 179 182 189
181 180 182 190
182 181 182 191
184 168 182 175
184 183 182 175
185 201 182 89
186 185 182 90
187 186 182 91
188 187 182 92
189 188 182 93
190 189 182 94
191 190 182 95
192 176 182 165
193 194 182 97
194 195 182 98
195 196 182 99
196 197 182 100
197 198 182 101
198 199 182 102
199 200 182 103
199 215 182 103
200 201 182 119
201 202 182 118
202 203 182 117
203 204 182 116
204 205 182 115
205 206 182 114
206 207 182 113
209 208 182 189
210 209 182 190
211 210 182 191
213 212 182 175
214 213 182 174
215 214 182 173
216 200 182 172
216 215 182 172
217 233 182 121
218 217 182 122
219 218 182 123
220 219 182 124
221 220 182 125
222 221 182 126
223 222 182 127
224 208 182 162
225 226 182 129
226 227 182 130
227 228 182 131
228 229 182 132
229 230 182 133
230 231 182 134
231 232 182 135
231 247 182 135
232 233 182 151
233 234 182 150
234 235 182 149
235 236 182 148
236 237 182 147
237 238 182 146
238 239 182 145
242 241 182 175
243 242 182 174
244 243 182 173
245 244 182 172
246 245 182 171
247 246 182 170
248 232 182 169
248 247 182 169
249 248 182 153
250 249 182 154
251 250 182 155
252 251 182 156
253 252 182 157
254 253 182 158
255 254 182 159
1 0 183 95
2 1 183 94
3 2 183 93
4 3 183 92
5 4 183 91
6 5 183 90
7 6 183 89
9 8 183 105
10 9 183 106
11 10 183 107
12 11 183 108
13 12 183 109
14 13 183 110
15 14 183 111
16 32 183 82
17 18 183 113
18 19 183 114
19 20 183 115
20 21 183 116
21 22 183 117
22 23 183 118
23 7 183 119
23 24 183 119
25 26 183 103
26 27 183 102
27 28 183 101
28 29 183 100
29 30 183 99
30 31 183 98
33 32 183 77
34 33 183 78
35 34 183 79
36 35 183 95
37 36 183 94
38 37 183 93
39 38 183 92
40 39 183 91
40 56 183 91
41 25 183 137
42 41 183 138
43 42 183 139
44 43 183 140
45 44 183 141
46 45 183 142
47 46 183 143
48 64 183 85
49 50 183 145
50 51 183 146
51 52 183 147
52 53 183 148
53 54 183 149
54 55 183 150
55 39 183 151
55 56 183 151
57 58 183 135
58 59 183 134
59 60 183 133
60 61 183 132
61 62 183 131
62 63 183 130
65 64 183 74
66 65 183 75
67 66 183 76
68 67 183 77
69 68 183 78
70 69 183 79
71 70 183 95
72 71 183 94
72 88 183 94
73 57 183 169
74 73 183 170
75 74 183 171
76 75 183 172
77 76 183 173
78 77 183 174
79 78 183 175
81 82 183 177
82 83 183 178
83 84 183 179
84 85 183 180
85 86 183 181
86 87 183 182
87 71 183 183
87 88 183 183
89 90 183 167
90 91 183 166
91 92 183 165
92 93 183 164
93 94 183 163
94 95 183 162
97 96 183 57
99 98 183 73
100 99 183 74
101 100 183 75
102 101 183 76
103 102 183 77
104 103 183 78
104 120 183 78
105 89 183 201
106 105 183 202
107 106 183 203
108 107 183 204
109 108 183 205
110 109 183 206
111 110 183 207
112 128 183 69
113 114 183 209
114 115 183 210
115 116 183 211
116 117 183 212
117 118 183 213
118 119 183 214
119 103 183 215
119 120 183 215
121 122 183 199
122 123 183 198
123 124 183 197
124 125 183 196
125 126 183 195
126 127 183 194
129 128 183 60
130 129 183 59
131 130 183 58
132 131 183 57
134 133 183 73
135 134 183 74
136 135 183 75
136 152 183 75
137 121 183 233
138 137 183 234
139 138 183 235
140 139 183 236
141 140 183 237
142 141 183 238
143 142 183 239
144 160 183 66
145 146 183 241
146 147 183 242
147 148 183 243
148 149 183 244
149 150 183 245
150 151 183 246
151 135 183 247
151 152 183 247
153 154 183 231
154 155 183 230
155 156 183 229
156 157 183 228
157 158 183 227
158 159 183 226
161 160 183 63
162 161 183 62
163 162 183 61
164 163 183 60
165 164 183 59
166 165 183 58
167 166 183 57
170 169 183 232
171 170 183 216
173 172 183 200
174 173 183 184
176 192 183 50
178 179 183 96
179 180 183 112
181 182 183 128
182 183 183 144
184 185 183 160
185 186 183 176
187 188 183 192
188 189 183 208
190 191 183 224
193 192 183 45
194 193 183 46
195 194 183 47
196 195 183 63
197 196 183 62
198 197 183 61
199 198 183 60
200 199 183 59
200 216 183 59
202 201 183 72
203 202 183 56
205 204 183 40
206 205 183 24
208 224 183 53
209 210 183 7
210 211 183 6
211 212 183 5
212 213 183 4
213 214 183 3
214 215 183 2
215 199 183 1
215 216 183 1
216 217 183 0
217 218 183 16
219 220 183 32
220 221 183 48
222 223 183 64
225 224 183 42
226 225 183 43
227 226 183 44
228 227 183 45
229 228 183 46
230 229 183 47
231 230 183 63
232 231 183 62
232 248 183 62
233 217 183 31
234 233 183 30
235 234 183 29
236 235 183 28
237 236 183 27
238 237 183 26
239 238 183 25
241 242 183 39
242 243 183 38
243 244 183 37
244 245 183 36
245 246 183 35
246 247 183 34
247 231 183 33
247 248 183 33
248 249 183 17
249 250 183 18
250 251 183 19
251 252 183 20
252 253 183 21
253 254 183 22
254 255 183 23
1 0 184 217
2 1 184 218
3 2 184 219
4 3 184 220
5 4 184 221
6 5 184 222
7 6 184 223
9 10 184 223
10 11 184 222
11 12 184 221
12 13 184 220
13 14 184 219
14 15 184 218
15 31 184 217
16 0 184 198
17 33 184 231
18 17 184 230
19 18 184 229
20 19 184 228
21 20 184 227
22 21 184 226
23 22 184 225
23 24 184 225
24 25 184 226
25 26 184 227
26 27 184 228
27 28 184 229
28 29 184 230
29 30 184 231
30 31 184 247
33 32 184 220
34 33 184 221
35 34 184 222
36 35 184 223
38 37 184 207
39 38 184 206
40 24 184 205
40 39 184 205
41 42 184 255
42 43 184 254
43 44 184 253
44 45 184 252
45 46 184 251
46 47 184 250
47 63 184 249
48 32 184 195
50 49 184 176
51 50 184 192
53 52 184 208
54 53 184 224
56 57 184 224
57 58 184 208
59 60 184 192
60 61 184 176
62 63 184 160
65 64 184 223
67 66 184 207
68 67 184 206
69 68 184 205
70 69 184 204
71 70 184 203
72 56 184 202
72 71 184 202
74 75 184 152
75 76 184 136
77 78 184 120
78 79 184 104
82 81 184 16
83 82 184 32
85 84 184 48
86 85 184 64
88 89 184 64
89 90 184 48
91 92 184 32
92 93 184 16
94 95 184 0
97 96 184 206
98 97 184 205
99 98 184 204
100 99 184 203
101 100 184 202
102 101 184 201
103 102 184 185
104 88 184 186
104 103 184 186
105 106 184 9
106 107 184 10
107 108 184 11
108 109 184 12
109 110 184 13
110 111 184 14
111 127 184 15
112 96 184 179
113 129 184 17
114 113 184 18
115 114 184 19
116 115 184 20
117 116 184 21
118 117 184 22
119 118 184 23
119 120 184 23
120 121 184 22
121 122 184 21
122 123 184 20
123 124 184 19
124 125 184 18
125 126 184 17
129 128 184 203
130 129 184 202
131 130 184 201
132 131 184 185
133 132 184 186
134 133 184 187
135 134 184 188
136 120 184 189
136 135 184 189
137 138 184 41
138 139 184 42
139 140 184 43
140 141 184 44
141 142 184 45
142 143 184 46
143 159 184 47
144 128 184 182
145 161 184 49
146 145 184 50
147 146 184 51
148 147 184 52
149 148 184 53
150 149 184 54
151 150 184 55
151 152 184 55
152 153 184 54
153 154 184 53
154 155 184 52
155 156 184 51
156 157 184 50
157 158 184 49
161 160 184 185
162 161 184 186
163 162 184 187
164 163 184 188
165 164 184 189
166 165 184 190
167 166 184 191
169 170 184 73
170 171 184 74
171 172 184 75
172 173 184 76
173 174 184 77
174 175 184 78
175 191 184 79
176 160 184 166
177 193 184 81
178 177 184 82
179 178 184 83
180 179 184 84
181 180 184 85
182 181 184 86
183 182 184 87
183 184 184 87
184 185 184 86
185 186 184 85
186 187 184 84
187 188 184 83
188 189 184 82
189 190 184 81
193 192 184 188
194 193 184 189
195 194 184 190
196 195 184 191
198 197 184 175
199 198 184 174
200 184 184 173
200 199 184 173
201 202 184 105
202 203 184 106
203 204 184 107
204 205 184 108
205 206 184 109
206 207 184 110
207 223 184 111
208 192 184 163
209 225 184 113
210 209 184 114
211 210 184 115
212 211 184 116
213 212 184 117
214 213 184 118
215 214 184 119
215 216 184 119
216 217 184 118
217 218 184 117
218 219 184 116
219 220 184 115
220 221 184 114
221 222 184 113
225 224 184 191
227 226 184 175
228 227 184 174
229 228 184 173
230 229 184 172
231 230 184 171
232 216 184 170
232 231 184 170
233 234 184 137
234 235 184 138
235 236 184 139
236 237 184 140
237 238 184 141
238 239 184 142
239 255 184 143
241 240 184 145
242 241 184 146
243 242 184 147
244 243 184 148
245 244 184 149
246 245 184 150
247 246 184 151
247 248 184 151
248 249 184 150
249 250 184 149
250 251 184 148
251 252 184 147
252 253 184 146
253 254 184 145
0 16 185 97
1 0 185 98
2 1 185 99
3 2 185 100
4 3 185 101
5 4 185 102
6 5 185 103
8 9 185 103
9 10 185 102
10 11 185 101
11 12 185 100
12 13 185 99
13 14 185 98
14 15 185 97
17 16 185 79
18 17 185 95
19 18 185 94
20 19 185 93
21 20 185 92
22 21 185 91
23 22 185 90
24 23 185 89
24 40 185 89
26 27 185 121
27 28 185 122
28 29 185 123
29 30 185 124
30 31 185 125
31 15 185 126
32 48 185 83
33 17 185 130
34 33 185 131
35 34 185 132
36 35 185 133
37 36 185 134
38 37 185 135
40 41 185 135
41 42 185 134
42 43 185 133
43 44 185 132
44 45 185 131
45 46 185 130
46 47 185 129
49 48 185 76
50 49 185 77
51 50 185 78
52 51 185 79
53 52 185 95
54 53 185 94
55 54 185 93
56 55 185 92
56 72 185 92
58 59 185 153
59 60 185 154
60 61 185 155
61 62 185 156
62 63 185 157
63 47 185 158
64 80 185 86
65 49 185 162
66 65 185 163
67 66 185 164
68 67 185 165
69 68 185 166
70 69 185 167
72 73 185 167
73 74 185 166
74 75 185 165
75 76 185 164
76 77 185 163
77 78 185 162
78 79 185 161
81 80 185 73
82 81 185 74
83 82 185 75
84 83 185 76
85 84 185 77
86 85 185 78
87 86 185 79
88 87 185 95
88 104 185 95
90 91 185 185
91 92 185 186
92 93 185 187
93 94 185 188
94 95 185 189
95 79 185 190
96 112 185 71
97 81 185 194
98 97 185 195
99 98 185 196
100 99 185 197
101 100 185 198
102 101 185 199
104 105 185 199
105 106 185 198
106 107 185 197
107 108 185 196
108 109 185 195
109 110 185 194
110 111 185 193
113 112 185 58
114 113 185 57
116 115 185 73
117 116 185 74
118 117 185 75
119 118 185 76
120 119 185 77
120 136 185 77
122 123 185 217
123 124 185 218
124 125 185 219
125 126 185 220
126 127 185 221
127 111 185 222
128 144 185 68
129 113 185 226
130 129 185 227
131 130 185 228
132 131 185 229
133 132 185 230
134 133 185 231
136 137 185 231
137 138 185 230
138 139 185 229
139 140 185 228
140 141 185 227
141 142 185 226
142 143 185 225
145 144 185 61
146 145 185 60
147 146 185 59
148 147 185 58
149 148 185 57
151 150 185 73
152 151 185 74
152 168 185 74
153 154 185 248
154 155 185 249
155 156 185 250
156 157 185 251
157 158 185 252
158 159 185 253
159 143 185 254
160 176 185 65
161 145 185 224
163 162 185 208
164 163 185 192
166 165 185 176
167 166 185 160
167 168 185 160
168 169 185 176
170 171 185 192
171 172 185 208
173 174 185 224
174 175 185 240
177 176 185 47
178 177 185 63
179 178 185 62
180 179 185 61
181 180 185 60
182 181 185 59
183 182 185 58
184 183 185 57
184 200 185 57
185 186 185 88
186 187 185 104
188 189 185 120
189 190 185 136
191 175 185 152
192 208 185 51
193 177 185 64
195 194 185 48
196 195 185 32
198 197 185 16
199 198 185 0
199 200 185 0
200 201 185 16
202 203 185 32
203 204 185 48
205 206 185 64
206 207 185 80
209 208 185 44
210 209 185 45
211 210 185 46
212 211 185 47
213 212 185 63
214 213 185 62
215 214 185 61
216 215 185 60
216 232 185 60
217 218 185 15
218 219 185 14
219 220 185 13
220 221 185 12
221 222 185 11
222 223 185 10
223 207 185 9
224 240 185 54
225 209 185 23
226 225 185 22
227 226 185 21
228 227 185 20
229 228 185 19
230 229 185 18
231 230 185 17
231 232 185 17
232 233 185 18
233 234 185 19
234 235 185 20
235 236 185 21
236 237 185 22
237 238 185 23
241 240 185 41
242 241 185 42
243 242 185 43
244 243 185 44
245 244 185 45
246 245 185 46
247 246 185 47
248 247 185 63
248 249 185 63
249 250 185 47
250 251 185 46
251 252 185 45
252 253 185 44
253 254 185 43
254 255 185 42
255 239 185 41
0 1 186 199
1 2 186 215
2 3 186 214
3 4 186 213
4 5 186 212
5 6 186 211
6 7 186 210
7 8 186 209
7 23 186 209
9 10 186 225
10 11 186 226
11 12 186 227
12 13 186 228
13 14 186 229
14 15 186 230
17 16 186 219
18 17 186 220
19 18 186 221
20 19 186 222
21 20 186 223
23 22 186 207
24 8 186 206
24 23 186 206
25 41 186 239
26 25 186 238
27 26 186 237
28 27 186 236
29 28 186 235
30 29 186 234
31 30 186 233
32 16 186 196
33 34 186 247
34 35 186 246
35 36 186 245
36 37 186 244
37 38 186 243
38 39 186 242
39 40 186 241
39 55 186 241
40 41 186 240
42 43 186 224
43 44 186 208
45 46 186 192
46 47 186 176
49 48 186 222
50 49 186 223
52 51 186 207
53 52 186 206
54 53 186 205
55 54 186 204
56 40 186 203
56 55 186 203
57 73 186 184
59 58 186 200
60 59 186 216
62 61 186 232
63 62 186 248
64 48 186 193
65 66 186 160
66 67 186 144
68 69 186 128
69 70 186 112
71 72 186 96
71 87 186 96
72 73 186 80
74 75 186 64
75 76 186 48
77 78 186 32
78 79 186 16
81 80 186 207
82 81 186 206
83 82 186 205
84 83 186 204
85 84 186 203
86 85 186 202
87 86 186 201
88 72 186 185
88 87 186 185
89 105 186 24
91 90 186 40
92 91 186 56
94 93 186 72
95 94 186 88
96 80 186 178
97 98 186 0
98 99 186 1
99 100 186 2
100 101 186 3
101 102 186 4
102 103 186 5
103 104 186 6
103 119 186 6
104 105 186 7
105 106 186 23
106 107 186 22
107 108 186 21
108 109 186 20
109 110 186 19
110 111 186 18
113 112 186 204
114 113 186 203
115 114 186 202
116 115 186 201
117 116 186 185
118 117 186 186
119 118 186 187
120 104 186 188
120 119 186 188
121 137 186 26
122 121 186 27
123 122 186 28
124 123 186 29
125 124 186 30
126 125 186 31
128 112 186 181
130 131 186 33
131 132 186 34
132 133 186 35
133 134 186 36
134 135 186 37
135 136 186 38
135 151 186 38
136 137 186 39
137 138 186 55
138 139 186 54
139 140 186 53
140 141 186 52
141 142 186 51
142 143 186 50
145 144 186 201
146 145 186 185
147 146 186 186
148 147 186 187
149 148 186 188
150 149 186 189
151 150 186 190
152 136 186 191
152 151 186 191
153 169 186 58
154 153 186 59
155 154 186 60
156 155 186 61
157 156 186 62
158 157 186 63
160 144 186 167
162 163 186 65
163 164 186 66
164 165 186 67
165 166 186 68
166 167 186 69
167 168 186 70
167 183 186 70
168 169 186 71
169 170 186 87
170 171 186 86
171 172 186 85
172 173 186 84
173 174 186 83
174 175 186 82
177 176 186 187
178 177 186 188
179 178 186 189
180 179 186 190
181 180 186 191
183 182 186 175
184 168 186 174
184 183 186 174
185 201 186 90
186 185 186 91
187 186 186 92
188 187 186 93
189 188 186 94
190 189 186 95
192 176 186 164
194 195 186 97
195 196 186 98
196 197 186 99
197 198 186 100
198 199 186 101
199 200 186 102
199 215 186 102
200 201 186 103
201 202 186 119
202 203 186 118
203 204 186 117
204 205 186 116
205 206 186 115
206 207 186 114
209 208 186 190
210 209 186 191
212 211 186 175
213 212 186 174
214 213 186 173
215 214 186 172
216 200 186 171
216 215 186 171
217 233 186 122
218 217 186 123
219 218 186 124
220 219 186 125
221 220 186 126
222 221 186 127
224 208 186 161
226 227 186 129
227 228 186 130
228 229 186 131
229 230 186 132
230 231 186 133
231 232 186 134
231 247 186 134
232 233 186 135
233 234 186 151
234 235 186 150
235 236 186 149
236 237 186 148
237 238 186 147
238 239 186 146
241 240 186 175
242 241 186 174
243 242 186 173
244 243 186 172
245 244 186 171
246 245 186 170
247 246 186 169
248 232 186 153
248 247 186 153
249 248 186 154
250 249 186 155
251 250 186 156
252 251 186 157
253 252 186 158
254 253 186 159
1 0 187 94
2 1 187 93
3 2 187 92
4 3 187 91
5 4 187 90
6 5 187 89
8 7 187 105
8 24 187 105
9 8 187 106
10 9 187 107
11 10 187 108
12 11 187 109
13 12 187 110
14 13 187 111
15 14 187 127
16 32 187 81
17 18 187 129
18 19 187 113
19 20 187 114
20 21 187 115
21 22 187 116
22 23 187 117
23 7 187 118
23 24 187 118
24 25 187 119
26 27 187 103
27 28 187 102
28 29 187 101
29 30 187 100
30 31 187 99
33 32 187 78
34 33 187 79
35 34 187 95
36 35 187 94
37 36 187 93
38 37 187 92
39 38 187 91
40 39 187 90
40 56 187 90
41 25 187 138
42 41 187 139
43 42 187 140
44 43 187 141
45 44 187 142
46 45 187 143
47 46 187 159
48 64 187 84
49 50 187 161
50 51 187 145
51 52 187 146
52 53 187 147
53 54 187 148
54 55 187 149
55 39 187 150
55 56 187 150
56 57 187 151
58 59 187 135
59 60 187 134
60 61 187 133
61 62 187 132
62 63 187 131
65 64 187 75
66 65 187 76
67 66 187 77
68 67 187 78
69 68 187 79
70 69 187 95
71 70 187 94
72 71 187 93
72 88 187 93
73 57 187 170
74 73 187 171
75 74 187 172
76 75 187 173
77 76 187 174
78 77 187 175
79 78 187 191
80 96 187 87
81 82 187 193
82 83 187 177
83 84 187 178
84 85 187 179
85 86 187 180
86 87 187 181
87 71 187 182
87 88 187 182
88 89 187 183
90 91 187 167
91 92 187 166
92 93 187 165
93 94 187 164
94 95 187 163
98 97 187 73
99 98 187 74
100 99 187 75
101 100 187 76
102 101 187 77
103 102 187 78
104 103 187 79
104 120 187 79
105 89 187 202
106 105 187 203
107 106 187 204
108 107 187 205
109 108 187 206
110 109 187 207
111 110 187 223
112 128 187 70
113 114 187 225
114 115 187 209
115 116 187 210
116 117 187 211
117 118 187 212
118 119 187 213
119 103 187 214
119 120 187 214
120 121 187 215
122 123 187 199
123 124 187 198
124 125 187 197
125 126 187 196
126 127 187 195
129 128 187 59
130 129 187 58
131 130 187 57
133 132 187 73
134 133 187 74
135 134 187 75
136 135 187 76
136 152 187 76
137 121 187 234
138 137 187 235
139 138 187 236
140 139 187 237
141 140 187 238
142 141 187 239
143 142 187 255
144 160 187 67
145 146 187 240
146 147 187 241
147 148 187 242
148 149 187 243
149 150 187 244
150 151 187 245
151 135 187 246
151 152 187 246
152 153 187 247
154 155 187 231
155 156 187 230
156 157 187 229
157 158 187 228
158 159 187 227
161 160 187 62
162 161 187 61
163 162 187 60
164 163 187 59
165 164 187 58
166 165 187 57
168 167 187 73
168 184 187 73
169 153 187 232
170 169 187 216
172 171 187 200
173 172 187 184
175 174 187 168
176 192 187 49
177 178 187 80
179 180 187 96
180 181 187 112
182 183 187 128
183 167 187 144
183 184 187 144
185 186 187 160
186 187 187 176
188 189 187 192
189 190 187 208
193 192 187 46
194 193 187 47
195 194 187 63
196 195 187 62
197 196 187 61
198 197 187 60
199 198 187 59
200 199 187 58
200 216 187 58
201 185 187 72
202 201 187 56
204 203 187 40
205 204 187 24
207 206 187 8
208 224 187 52
210 211 187 7
211 212 187 6
212 213 187 5
213 214 187 4
214 215 187 3
215 199 187 2
215 216 187 2
216 217 187 1
217 218 187 0
218 219 187 16
220 221 187 32
221 222 187 48
225 224 187 43
226 225 187 44
227 226 187 45
228 227 187 46
229 228 187 47
230 229 187 63
231 230 187 62
232 231 187 61
232 248 187 61
233 217 187 30
234 233 187 29
235 234 187 28
236 235 187 27
237 236 187 26
238 237 187 25
240 241 187 55
242 243 187 39
243 244 187 38
244 245 187 37
245 246 187 36
246 247 187 35
247 231 187 34
247 248 187 34
248 249 187 33
249 250 187 17
250 251 187 18
251 252 187 19
252 253 187 20
253 254 187 21
254 255 187 22
1 0 188 218
2 1 188 219
3 2 188 220
4 3 188 221
5 4 188 222
6 5 188 223
8 7 188 207
8 9 188 207
10 11 188 223
11 12 188 222
12 13 188 221
13 14 188 220
14 15 188 219
15 31 188 218
16 0 188 197
17 33 188 230
18 17 188 229
19 18 188 228
20 19 188 227
21 20 188 226
22 21 188 225
24 25 188 225
25 26 188 226
26 27 188 227
27 28 188 228
28 29 188 229
29 30 188 230
30 31 188 231
33 32 188 221
34 33 188 222
35 34 188 223
37 36 188 207
38 37 188 206
39 38 188 205
40 24 188 204
40 39 188 204
42 43 188 255
43 44 188 254
44 45 188 253
45 46 188 252
46 47 188 251
47 63 188 250
48 32 188 194
49 65 188 176
50 49 188 192
52 51 188 208
53 52 188 224
55 54 188 240
55 56 188 240
57 58 188 224
58 59 188 208
60 61 188 192
61 62 188 176
66 65 188 207
67 66 188 206
68 67 188 205
69 68 188 204
70 69 188 203
71 70 188 202
72 56 188 201
72 71 188 201
73 74 188 168
75 76 188 152
76 77 188 136
78 79 188 120
79 95 188 104
80 64 188 177
81 97 188 16
82 81 188 32
84 83 188 48
85 84 188 64
87 86 188 80
87 88 188 80
89 90 188 64
90 91 188 48
92 93 188 32
93 94 188 16
97 96 188 205
98 97 188 204
99 98 188 203
100 99 188 202
101 100 188 201
102 101 188 185
103 102 188 186
104 88 188 187
104 103 188 187
105 106 188 8
106 107 188 9
107 108 188 10
108 109 188 11
109 110 188 12
110 111 188 13
111 127 188 14
112 96 188 180
113 129 188 18
114 113 188 19
115 114 188 20
116 115 188 21
117 116 188 22
118 117 188 23
119 118 188 7
119 120 188 7
120 121 188 23
121 122 188 22
122 123 188 21
123 124 188 20
124 125 188 19
125 126 188 18
126 127 188 17
129 128 188 202
130 129 188 201
131 130 188 185
132 131 188 186
133 132 188 187
134 133 188 188
135 134 188 189
136 120 188 190
136 135 188 190
137 138 188 25
138 139 188 41
139 140 188 42
140 141 188 43
141 142 188 44
142 143 188 45
143 159 188 46
144 128 188 183
145 161 188 50
146 145 188 51
147 146 188 52
148 147 188 53
149 148 188 54
150 149 188 55
151 150 188 39
151 152 188 39
152 153 188 55
153 154 188 54
154 155 188 53
155 156 188 52
156 157 188 51
157 158 188 50
158 159 188 49
161 160 188 186
162 161 188 187
163 162 188 188
164 163 188 189
165 164 188 190
166 165 188 191
168 152 188 175
168 167 188 175
169 170 188 57
170 171 188 73
171 172 188 74
172 173 188 75
173 174 188 76
174 175 188 77
175 191 188 78
176 160 188 165
177 193 188 82
178 177 188 83
179 178 188 84
180 179 188 85
181 180 188 86
182 181 188 87
183 182 188 71
183 184 188 71
184 185 188 87
185 186 188 86
186 187 188 85
187 188 188 84
188 189 188 83
189 190 188 82
190 191 188 81
193 192 188 189
194 193 188 190
195 194 188 191
197 196 188 175
198 197 188 174
199 198 188 173
200 184 188 172
200 199 188 172
201 202 188 89
202 203 188 105
203 204 188 106
204 205 188 107
205 206 188 108
206 207 188 109
207 223 188 110
208 192 188 162
209 225 188 114
210 209 188 115
211 210 188 116
212 211 188 117
213 212 188 118
214 213 188 119
215 214 188 103
215 216 188 103
216 217 188 119
217 218 188 118
218 219 188 117
219 220 188 116
220 221 188 115
221 222 188 114
222 223 188 113
226 225 188 175
227 226 188 174
228 227 188 173
229 228 188 172
230 229 188 171
231 230 188 170
232 216 188 169
232 231 188 169
233 234 188 121
234 235 188 137
235 236 188 138
236 237 188 139
237 238 188 140
238 239 188 141
239 255 188 142
240 224 188 145
241 240 188 146
242 241 188 147
243 242 188 148
244 243 188 149
245 244 188 150
246 245 188 151
247 246 188 135
247 248 188 135
248 249 188 151
249 250 188 150
250 251 188 149
251 252 188 148
252 253 188 147
253 254 188 146
254 255 188 145
0 16 189 98
1 0 189 99
2 1 189 100
3 2 189 101
4 3 189 102
5 4 189 103
7 6 189 119
7 8 189 119
9 10 189 103
10 11 189 102
11 12 189 101
12 13 189 100
13 14 189 99
14 15 189 98
17 16 189 95
18 17 189 94
19 18 189 93
20 19 189 92
21 20 189 91
22 21 189 90
23 22 189 89
25 26 189 137
27 28 189 121
28 29 189 122
29 30 189 123
30 31 189 124
31 15 189 125
32 48 189 82
33 17 189 131
34 33 189 132
35 34 189 133
36 35 189 134
37 36 189 135
39 38 189 151
39 40 189 151
41 42 189 135
42 43 189 134
43 44 189 133
44 45 189 132
45 46 189 131
46 47 189 130
49 48 189 77
50 49 189 78
51 50 189 79
52 51 189 95
53 52 189 94
54 53 189 93
55 54 189 92
56 55 189 91
56 72 189 91
57 58 189 169
59 60 189 153
60 61 189 154
61 62 189 155
62 63 189 156
63 47 189 157
64 80 189 85
65 49 189 163
66 65 189 164
67 66 189 165
68 67 189 166
69 68 189 167
71 70 189 183
71 72 189 183
73 74 189 167
74 75 189 166
75 76 189 165
76 77 189 164
77 78 189 163
78 79 189 162
81 80 189 74
82 81 189 75
83 82 189 76
84 83 189 77
85 84 189 78
86 85 189 79
87 86 189 95
88 87 189 94
88 104 189 94
89 90 189 201
91 92 189 185
92 93 189 186
93 94 189 187
94 95 189 188
95 79 189 189
97 81 189 195
98 97 189 196
99 98 189 197
100 99 189 198
101 100 189 199
103 102 189 215
103 104 189 215
105 106 189 199
106 107 189 198
107 108 189 197
108 109 189 196
109 110 189 195
110 111 189 194
113 112 189 57
115 114 189 73
116 115 189 74
117 116 189 75
118 117 189 76
119 118 189 77
120 119 189 78
120 136 189 78
121 122 189 233
123 124 189 217
124 125 189 218
125 126 189 219
126 127 189 220
127 111 189 221
128 144 189 69
129 113 189 227
130 129 189 228
131 130 189 229
132 131 189 230
133 132 189 231
135 134 189 247
135 136 189 247
137 138 189 231
138 139 189 230
139 140 189 229
140 141 189 228
141 142 189 227
142 143 189 226
145 144 189 60
146 145 189 59
147 146 189 58
148 147 189 57
150 149 189 73
151 150 189 74
152 151 189 75
152 168 189 75
154 155 189 248
155 156 189 249
156 157 189 250
157 158 189 251
158 159 189 252
159 143 189 253
160 176 189 66
162 161 189 208
163 162 189 192
165 164 189 176
166 165 189 160
168 169 189 160
169 170 189 176
171 172 189 192
172 173 189 208
174 175 189 224
177 176 189 63
178 177 189 62
179 178 189 61
180 179 189 60
181 180 189 59
182 181 189 58
183 182 189 57
186 187 189 88
187 188 189 104
189 190 189 120
190 191 189 136
192 208 189 50
194 193 189 48
195 194 189 32
197 196 189 16
198 197 189 0
199 198 189 1
199 200 189 1
200 201 189 0
201 202 189 16
203 204 189 32
204 205 189 48
206 207 189 64
209 208 189 45
210 209 189 46
211 210 189 47
212 211 189 63
213 212 189 62
214 213 189 61
215 214 189 60
216 215 189 59
216 232 189 59
217 218 189 31
218 219 189 15
219 220 189 14
220 221 189 13
221 222 189 12
222 223 189 11
223 207 189 10
224 240 189 53
225 209 189 22
226 225 189 21
227 226 189 20
228 227 189 19
229 228 189 18
230 229 189 17
231 230 189 33
231 232 189 33
232 233 189 17
233 234 189 18
234 235 189 19
235 236 189 20
236 237 189 21
237 238 189 22
238 239 189 23
241 240 189 42
242 241 189 43
243 242 189 44
244 243 189 45
245 244 189 46
246 245 189 47
247 246 189 63
248 247 189 62
248 249 189 62
249 250 189 63
250 251 189 47
251 252 189 46
252 253 189 45
253 254 189 44
254 255 189 43
255 239 189 42
0 1 190 198
1 2 190 199
2 3 190 215
3 4 190 214
4 5 190 213
5 6 190 212
6 7 190 211
7 8 190 210
7 23 190 210
8 9 190 209
10 11 190 225
11 12 190 226
12 13 190 227
13 14 190 228
14 15 190 229
17 16 190 220
18 17 190 221
19 18 190 222
20 19 190 223
22 21 190 207
23 22 190 206
24 8 190 205
24 23 190 205
25 41 190 238
26 25 190 237
27 26 190 236
28 27 190 235
29 28 190 234
30 29 190 233
31 30 190 217
32 16 190 195
33 34 190 231
34 35 190 247
35 36 190 246
36 37 190 245
37 38 190 244
38 39 190 243
39 40 190 242
39 55 190 242
40 41 190 241
41 42 190 240
43 44 190 224
44 45 190 208
46 47 190 192
49 48 190 223
51 50 190 207
52 51 190 206
53 52 190 205
54 53 190 204
55 54 190 203
56 40 190 202
56 55 190 202
58 57 190 200
59 58 190 216
61 60 190 232
62 61 190 248
63 62 190 249
66 67 190 160
67 68 190 144
69 70 190 128
70 71 190 112
72 73 190 96
73 74 190 80
75 76 190 64
76 77 190 48
78 79 190 32
81 80 190 206
82 81 190 205
83 82 190 204
84 83 190 203
85 84 190 202
86 85 190 201
87 86 190 185
88 72 190 186
88 87 190 186
90 89 190 40
91 90 190 56
93 92 190 72
94 93 190 88
96 80 190 179
98 99 190 0
99 100 190 1
100 101 190 2
101 102 190 3
102 103 190 4
103 104 190 5
103 119 190 5
104 105 190 6
105 106 190 7
106 107 190 23
107 108 190 22
108 109 190 21
109 110 190 20
110 111 190 19
113 112 190 203
114 113 190 202
115 114 190 201
116 115 190 185
117 116 190 186
118 117 190 187
119 118 190 188
120 104 190 189
120 119 190 189
121 137 190 27
122 121 190 28
123 122 190 29
124 123 190 30
125 124 190 31
127 126 190 15
128 112 190 182
129 130 190 17
131 132 190 33
132 133 190 34
133 134 190 35
134 135 190 36
135 136 190 37
135 151 190 37
136 137 190 38
137 138 190 39
138 139 190 55
139 140 190 54
140 141 190 53
141 142 190 52
142 143 190 51
145 144 190 185
146 145 190 186
147 146 190 187
148 147 190 188
149 148 190 189
150 149 190 190
151 150 190 191
153 169 190 59
154 153 190 60
155 154 190 61
156 155 190 62
157 156 190 63
159 158 190 47
160 144 190 166
161 162 190 49
163 164 190 65
164 165 190 66
165 166 190 67
166 167 190 68
167 168 190 69
167 183 190 69
168 169 190 70
169 170 190 71
170 171 190 87
171 172 190 86
172 173 190 85
173 174 190 84
174 175 190 83
177 176 190 188
178 177 190 189
179 178 190 190
180 179 190 191
182 181 190 175
183 182 190 174
184 168 190 173
184 183 190 173
185 201 190 91
186 185 190 92
187 186 190 93
188 187 190 94
189 188 190 95
191 190 190 79
192 176 190 163
193 194 190 81
195 196 190 97
196 197 190 98
197 198 190 99
198 199 190 100
199 200 190 101
199 215 190 101
200 201 190 102
201 202 190 103
202 203 190 119
203 204 190 118
204 205 190 117
205 206 190 116
206 207 190 115
209 208 190 191
211 210 190 175
212 211 190 174
213 212 190 173
214 213 190 172
215 214 190 171
216 200 190 170
216 215 190 170
217 233 190 123
218 217 190 124
219 218 190 125
220 219 190 126
221 220 190 127
223 222 190 111
225 226 190 113
227 228 190 129
228 229 190 130
229 230 190 131
230 231 190 132
231 232 190 133
231 247 190 133
232 233 190 134
233 234 190 135
234 235 190 151
235 236 190 150
236 237 190 149
237 238 190 148
238 239 190 147
241 240 190 174
242 241 190 173
243 242 190 172
244 243 190 171
245 244 190 170
246 245 190 169
247 246 190 153
248 232 190 154
248 247 190 154
249 248 190 155
250 249 190 156
251 250 190 157
252 251 190 158
253 252 190 159
255 254 190 143
1 0 191 93
2 1 191 92
3 2 191 91
4 3 191 90
5 4 191 89
7 6 191 105
8 7 191 106
8 24 191 106
9 8 191 107
10 9 191 108
11 10 191 109
12 11 191 110
13 12 191 111
14 13 191 127
15 14 191 126
16 32 191 97
17 18 191 130
18 19 191 129
19 20 191 113
20 21 191 114
21 22 191 115
22 23 191 116
23 7 191 117
23 24 191 117
24 25 191 118
25 26 191 119
27 28 191 103
28 29 191 102
29 30 191 101
30 31 191 100
33 32 191 79
34 33 191 95
35 34 191 94
36 35 191 93
37 36 191 92
38 37 191 91
39 38 191 90
40 39 191 89
40 56 191 89
41 25 191 139
42 41 191 140
43 42 191 141
44 43 191 142
45 44 191 143
46 45 191 159
47 46 191 158
48 64 191 83
49 50 191 162
50 51 191 161
51 52 191 145
52 53 191 146
53 54 191 147
54 55 191 148
55 39 191 149
55 56 191 149
56 57 191 150
57 58 191 151
59 60 191 135
60 61 191 134
61 62 191 133
62 63 191 132
65 64 191 76
66 65 191 77
67 66 191 78
68 67 191 79
69 68 191 95
70 69 191 94
71 70 191 93
72 71 191 92
72 88 191 92
73 57 191 171
74 73 191 172
75 74 191 173
76 75 191 174
77 76 191 175
78 77 191 191
79 78 191 190
80 96 191 86
81 82 191 194
82 83 191 193
83 84 191 177
84 85 191 178
85 86 191 179
86 87 191 180
87 71 191 181
87 88 191 181
88 89 191 182
89 90 191 183
91 92 191 167
92 93 191 166
93 94 191 165
94 95 191 164
97 96 191 73
98 97 191 74
99 98 191 75
100 99 191 76
101 100 191 77
102 101 191 78
103 102 191 79
104 103 191 95
104 120 191 95
105 89 191 203
106 105 191 204
107 106 191 205
108 107 191 206
109 108 191 207
110 109 191 223
111 110 191 222
112 128 191 71
113 114 191 226
114 115 191 225
115 116 191 209
116 117 191 210
117 118 191 211
118 119 191 212
119 103 191 213
119 120 191 213
120 121 191 214
121 122 191 215
123 124 191 199
124 125 191 198
125 126 191 197
126 127 191 196
129 128 191 58
130 129 191 57
132 131 191 73
133 132 191 74
134 133 191 75
135 134 191 76
136 135 191 77
136 152 191 77
137 121 191 235
138 137 191 236
139 138 191 237
140 139 191 238
141 140 191 239
142 141 191 255
143 142 191 254
144 160 191 68
145 146 191 224
146 147 191 240
147 148 191 241
148 149 191 242
149 150 191 243
150 151 191 244
151 135 191 245
151 152 191 245
152 153 191 246
153 154 191 247
155 156 191 231
156 157 191 230
157 158 191 229
158 159 191 228
161 160 191 61
162 161 191 60
163 162 191 59
164 163 191 58
165 164 191 57
167 166 191 73
168 167 191 74
168 184 191 74
169 153 191 216
171 170 191 200
172 171 191 184
174 173 191 168
175 174 191 152
176 192 191 65
177 178 191 64
178 179 191 80
180 181 191 96
181 182 191 112
183 167 191 128
183 184 191 128
184 185 191 144
186 187 191 160
187 188 191 176
189 190 191 192
190 191 191 208
193 192 191 47
194 193 191 63
195 194 191 62
196 195 191 61
197 196 191 60
198 197 191 59
199 198 191 58
200 199 191 57
200 216 191 57
201 185 191 56
203 202 191 40
204 203 191 24
206 205 191 8
207 206 191 9
208 224 191 51
209 210 191 23
211 212 191 7
212 213 191 6
213 214 191 5
214 215 191 4
215 199 191 3
215 216 191 3
216 217 191 2
217 218 191 1
218 219 191 0
219 220 191 16
221 222 191 32
222 223 191 48
225 224 191 44
226 225 191 45
227 226 191 46
228 227 191 47
229 228 191 63
230 229 191 62
231 230 191 61
232 231 191 60
232 248 191 60
233 217 191 29
234 233 191 28
235 234 191 27
236 235 191 26
237 236 191 25
239 238 191 41
240 241 191 54
241 242 191 55
243 244 191 39
244 245 191 38
245 246 191 37
246 247 191 36
247 231 191 35
247 248 191 35
248 249 191 34
249 250 191 33
250 251 191 17
251 252 191 18
252 253 191 19
253 254 191 20
254 255 191 21
1 0 192 219
2 1 192 220
3 2 192 221
4 3 192 222
5 4 192 223
7 6 192 207
8 7 192 206
8 9 192 206
9 10 192 207
11 12 192 223
12 13 192 222
13 14 192 221
14 15 192 220
15 31 192 219
16 0 192 196
17 33 192 229
18 17 192 228
19 18 192 227
20 19 192 226
21 20 192 225
23 22 192 209
23 24 192 209
25 26 192 225
26 27 192 226
27 28 192 227
28 29 192 228
29 30 192 229
30 31 192 230
33 32 192 222
34 33 192 223
36 35 192 207
37 36 192 206
38 37 192 205
39 38 192 204
40 24 192 203
40 39 192 203
41 42 192 239
43 44 192 255
44 45 192 254
45 46 192 253
46 47 192 252
47 63 192 251
48 32 192 193
49 65 192 192
51 50 192 208
52 51 192 224
54 53 192 240
55 54 192 241
55 56 192 241
56 57 192 240
58 59 192 224
59 60 192 208
61 62 192 192
62 63 192 176
65 64 192 207
66 65 192 206
67 66 192 205
68 67 192 204
69 68 192 203
70 69 192 202
71 70 192 201
72 56 192 185
72 71 192 185
73 74 192 184
74 75 192 168
76 77 192 152
77 78 192 136
79 95 192 120
80 64 192 178
81 97 192 32
83 82 192 48
84 83 192 64
86 85 192 80
87 86 192 96
87 88 192 96
88 89 192 80
90 91 192 64
91 92 192 48
93 94 192 32
94 95 192 16
97 96 192 204
98 97 192 203
99 98 192 202
100 99 192 201
101 100 192 185
102 101 192 186
103 102 192 187
104 88 192 188
104 103 192 188
105 106 192 24
106 107 192 8
107 108 192 9
108 109 192 10
109 110 192 11
110 111 192 12
111 127 192 13
112 96 192 181
113 129 192 19
114 113 192 20
115 114 192 21
116 115 192 22
117 116 192 23
118 117 192 7
119 118 192 6
119 120 192 6
120 121 192 7
121 122 192 23
122 123 192 22
123 124 192 21
124 125 192 20
125 126 192 19
126 127 192 18
129 128 192 201
130 129 192 185
131 130 192 186
132 131 192 187
133 132 192 188
134 133 192 189
135 134 192 190
136 120 192 191
136 135 192 191
137 138 192 26
138 139 192 25
139 140 192 41
140 141 192 42
141 142 192 43
142 143 192 44
143 159 192 45
144 128 192 167
145 161 192 51
146 145 192 52
147 146 192 53
148 147 192 54
149 148 192 55
150 149 192 39
151 150 192 38
151 152 192 38
152 153 192 39
153 154 192 55
154 155 192 54
155 156 192 53
156 157 192 52
157 158 192 51
158 159 192 50
161 160 192 187
162 161 192 188
163 162 192 189
164 163 192 190
165 164 192 191
167 166 192 175
168 152 192 174
168 167 192 174
169 170 192 58
170 171 192 57
171 172 192 73
172 173 192 74
173 174 192 75
174 175 192 76
175 191 192 77
176 160 192 164
177 193 192 83
178 177 192 84
179 178 192 85
180 179 192 86
181 180 192 87
182 181 192 71
183 182 192 70
183 184 192 70
184 185 192 71
185 186 192 87
186 187 192 86
187 188 192 85
188 189 192 84
189 190 192 83
190 191 192 82
193 192 192 190
194 193 192 191
196 195 192 175
197 196 192 174
198 197 192 173
199 198 192 172
200 184 192 171
200 199 192 171
201 202 192 90
202 203 192 89
203 204 192 105
204 205 192 106
205 206 192 107
206 207 192 108
207 223 192 109
208 192 192 161
209 225 192 115
210 209 192 116
211 210 192 117
212 211 192 118
213 212 192 119
214 213 192 103
215 214 192 102
215 216 192 102
216 217 192 103
217 218 192 119
218 219 192 118
219 220 192 117
220 221 192 116
221 222 192 115
222 223 192 114
225 224 192 175
226 225 192 174
227 226 192 173
228 227 192 172
229 228 192 171
230 229 192 170
231 230 192 169
232 216 192 153
232 231 192 153
233 234 192 122
234 235 192 121
235 236 192 137
236 237 192 138
237 238 192 139
238 239 192 140
239 255 192 141
240 224 192 146
241 240 192 147
242 241 192 148
243 242 192 149
244 243 192 150
245 244 192 151
246 245 192 135
247 246 192 134
247 248 192 134
248 249 192 135
249 250 192 151
250 251 192 150
251 252 192 149
252 253 192 148
253 254 192 147
254 255 192 146
0 16 193 99
1 0 193 100
2 1 193 101
3 2 193 102
4 3 193 103
6 5 193 119
7 6 193 118
7 8 193 118
8 9 193 119
10 11 193 103
11 12 193 102
12 13 193 101
13 14 193 100
14 15 193 99
17 16 193 94
18 17 193 93
19 18 193 92
20 19 193 91
21 20 193 90
22 21 193 89
24 23 193 105
24 40 193 105
25 26 193 138
26 27 193 137
28 29 193 121
29 30 193 122
30 31 193 123
31 15 193 124
32 48 193 81
33 17 193 132
34 33 193 133
35 34 193 134
36 35 193 135
38 37 193 151
39 38 193 150
39 40 193 150
40 41 193 151
42 43 193 135
43 44 193 134
44 45 193 133
45 46 193 132
46 47 193 131
49 48 193 78
50 49 193 79
51 50 193 95
52 51 193 94
53 52 193 93
54 53 193 92
55 54 193 91
56 55 193 90
56 72 193 90
57 58 193 170
58 59 193 169
60 61 193 153
61 62 193 154
62 63 193 155
63 47 193 156
64 80 193 84
65 49 193 164
66 65 193 165
67 66 193 166
68 67 193 167
70 69 193 183
71 70 193 182
71 72 193 182
72 73 193 183
74 75 193 167
75 76 193 166
76 77 193 165
77 78 193 164
78 79 193 163
81 80 193 75
82 81 193 76
83 82 193 77
84 83 193 78
85 84 193 79
86 85 193 95
87 86 193 94
88 87 193 93
88 104 193 93
89 90 193 202
90 91 193 201
92 93 193 185
93 94 193 186
94 95 193 187
95 79 193 188
96 112 193 87
97 81 193 196
98 97 193 197
99 98 193 198
100 99 193 199
102 101 193 215
103 102 193 214
103 104 193 214
104 105 193 215
106 107 193 199
107 108 193 198
108 109 193 197
109 110 193 196
110 111 193 195
114 113 193 73
115 114 193 74
116 115 193 75
117 116 193 76
118 117 193 77
119 118 193 78
120 119 193 79
120 136 193 79
121 122 193 234
122 123 193 233
124 125 193 217
125 126 193 218
126 127 193 219
127 111 193 220
128 144 193 70
129 113 193 228
130 129 193 229
131 130 193 230
132 131 193 231
134 133 193 247
135 134 193 246
135 136 193 246
136 137 193 247
138 139 193 231
139 140 193 230
140 141 193 229
141 142 193 228
142 143 193 227
145 144 193 59
146 145 193 58
147 146 193 57
149 148 193 73
150 149 193 74
151 150 193 75
152 151 193 76
152 168 193 76
153 154 193 232
155 156 193 248
156 157 193 249
157 158 193 250
158 159 193 251
159 143 193 252
160 176 193 67
161 145 193 208
162 161 193 192
164 163 193 176
165 164 193 160
167 166 193 144
167 168 193 144
169 170 193 160
170 171 193 176
172 173 193 192
173 174 193 208
177 176 193 62
178 177 193 61
179 178 193 60
180 179 193 59
181 180 193 58
182 181 193 57
184 183 193 73
184 200 193 73
185 186 193 72
187 188 193 88
188 189 193 104
190 191 193 120
191 175 193 136
192 208 193 49
193 177 193 48
194 193 193 32
196 195 193 16
197 196 193 0
198 197 193 1
199 198 193 2
199 200 193 2
200 201 193 1
201 202 193 0
202 203 193 16
204 205 193 32
205 206 193 48
209 208 193 46
210 209 193 47
211 210 193 63
212 211 193 62
213 212 193 61
214 213 193 60
215 214 193 59
216 215 193 58
216 232 193 58
217 218 193 30
218 219 193 31
219 220 193 15
220 221 193 14
221 222 193 13
222 223 193 12
223 207 193 11
224 240 193 52
225 209 193 21
226 225 193 20
227 226 193 19
228 227 193 18
229 228 193 17
230 229 193 33
231 230 193 34
231 232 193 34
232 233 193 33
233 234 193 17
234 235 193 18
235 236 193 19
236 237 193 20
237 238 193 21
238 239 193 22
241 240 193 43
242 241 193 44
243 242 193 45
244 243 193 46
245 244 193 47
246 245 193 63
247 246 193 62
248 247 193 61
248 249 193 61
249 250 193 62
250 251 193 63
251 252 193 47
252 253 193 46
253 254 193 45
254 255 193 44
255 239 193 43
0 1 194 197
1 2 194 198
2 3 194 199
3 4 194 215
4 5 194 214
5 6 194 213
6 7 194 212
7 8 194 211
7 23 194 211
8 9 194 210
9 10 194 209
11 12 194 225
12 13 194 226
13 14 194 227
14 15 194 228
17 16 194 221
18 17 194 222
19 18 194 223
21 20 194 207
22 21 194 206
23 22 194 205
24 8 194 204
24 23 194 204
25 41 194 237
26 25 194 236
27 26 194 235
28 27 194 234
29 28 194 233
30 29 194 217
31 30 194 218
32 16 194 194
33 34 194 230
34 35 194 231
35 36 194 247
36 37 194 246
37 38 194 245
38 39 194 244
39 40 194 243
39 55 194 243
40 41 194 242
41 42 194 241
42 43 194 240
44 45 194 224
45 46 194 208
50 49 194 207
51 50 194 206
52 51 194 205
53 52 194 204
54 53 194 203
55 54 194 202
56 40 194 201
56 55 194 201
57 73 194 200
58 57 194 216
60 59 194 232
61 60 194 248
62 61 194 249
63 62 194 250
64 48 194 177
65 66 194 176
67 68 194 160
68 69 194 144
70 71 194 128
71 72 194 112
71 87 194 112
73 74 194 96
74 75 194 80
76 77 194 64
77 78 194 48
81 80 194 205
82 81 194 204
83 82 194 203
84 83 194 202
85 84 194 201
86 85 194 185
87 86 194 186
88 72 194 187
88 87 194 187
89 105 194 40
90 89 194 56
92 91 194 72
93 92 194 88
95 94 194 104
96 80 194 180
97 98 194 16
99 100 194 0
100 101 194 1
101 102 194 2
102 103 194 3
103 104 194 4
103 119 194 4
104 105 194 5
105 106 194 6
106 107 194 7
107 108 194 23
108 109 194 22
109 110 194 21
110 111 194 20
113 112 194 202
114 113 194 201
115 114 194 185
116 115 194 186
117 116 194 187
118 117 194 188
119 118 194 189
120 104 194 190
120 119 194 190
121 137 194 28
122 121 194 29
123 122 194 30
124 123 194 31
126 125 194 15
127 126 194 14
128 112 194 183
129 130 194 18
130 131 194 17
132 133 194 33
133 134 194 34
134 135 194 35
135 136 194 36
135 151 194 36
136 137 194 37
137 138 194 38
138 139 194 39
139 140 194 55
140 141 194 54
141 142 194 53
142 143 194 52
145 144 194 186
146 145 194 187
147 146 194 188
148 147 194 189
149 148 194 190
150 149 194 191
152 136 194 175
152 151 194 175
153 169 194 60
154 153 194 61
155 154 194 62
156 155 194 63
158 157 194 47
159 158 194 46
160 144 194 165
161 162 194 50
162 163 194 49
164 165 194 65
165 166 194 66
166 167 194 67
167 168 194 68
167 183 194 68
168 169 194 69
169 170 194 70
170 171 194 71
171 172 194 87
172 173 194 86
173 174 194 85
174 175 194 84
177 176 194 189
178 177 194 190
179 178 194 191
181 180 194 175
182 181 194 174
183 182 194 173
184 168 194 172
184 183 194 172
185 201 194 92
186 185 194 93
187 186 194 94
188 187 194 95
190 189 194 79
191 190 194 78
192 176 194 162
193 194 194 82
194 195 194 81
196 197 194 97
197 198 194 98
198 199 194 99
199 200 194 100
199 215 194 100
200 201 194 101
201 202 194 102
202 203 194 103
203 204 194 119
204 205 194 118
205 206 194 117
206 207 194 116
210 209 194 175
211 210 194 174
212 211 194 173
213 212 194 172
214 213 194 171
215 214 194 170
216 200 194 169
216 215 194 169
217 233 194 124
218 217 194 125
219 218 194 126
220 219 194 127
222 221 194 111
223 222 194 110
224 208 194 145
225 226 194 114
226 227 194 113
228 229 194 129
229 230 194 130
230 231 194 131
231 232 194 132
231 247 194 132
232 233 194 133
233 234 194 134
234 235 194 135
235 236 194 151
236 237 194 150
237 238 194 149
238 239 194 148
241 240 194 173
242 241 194 172
243 242 194 171
244 243 194 170
245 244 194 169
246 245 194 153
247 246 194 154
248 232 194 155
248 247 194 155
249 248 194 156
250 249 194 157
251 250 194 158
252 251 194 159
254 253 194 143
255 254 194 142
1 0 195 92
2 1 195 91
3 2 195 90
4 3 195 89
6 5 195 105
7 6 195 106
8 7 195 107
8 24 195 107
9 8 195 108
10 9 195 109
11 10 195 110
12 11 195 111
13 12 195 127
14 13 195 126
15 14 195 125
16 32 195 98
17 18 195 131
18 19 195 130
19 20 195 129
20 21 195 113
21 22 195 114
22 23 195 115
23 7 195 116
23 24 195 116
24 25 195 117
25 26 195 118
26 27 195 119
28 29 195 103
29 30 195 102
30 31 195 101
33 32 195 95
34 33 195 94
35 34 195 93
36 35 195 92
37 36 195 91
38 37 195 90
39 38 195 89
41 25 195 140
42 41 195 141
43 42 195 142
44 43 195 143
45 44 195 159
46 45 195 158
47 46 195 157
48 64 195 82
49 50 195 163
50 51 195 162
51 52 195 161
52 53 195 145
53 54 195 146
54 55 195 147
55 39 195 148
55 56 195 148
56 57 195 149
57 58 195 150
58 59 195 151
60 61 195 135
61 62 195 134
62 63 195 133
65 64 195 77
66 65 195 78
67 66 195 79
68 67 195 95
69 68 195 94
70 69 195 93
71 70 195 92
72 71 195 91
72 88 195 91
73 57 195 172
74 73 195 173
75 74 195 174
76 75 195 175
77 76 195 191
78 77 195 190
79 78 195 189
80 96 195 85
81 82 195 195
82 83 195 194
83 84 195 193
84 85 195 177
85 86 195 178
86 87 195 179
87 71 195 180
87 88 195 180
88 89 195 181
89 90 195 182
90 91 195 183
92 93 195 167
93 94 195 166
94 95 195 165
97 96 195 74
98 97 195 75
99 98 195 76
100 99 195 77
101 100 195 78
102 101 195 79
103 102 195 95
104 103 195 94
104 120 195 94
105 89 195 204
106 105 195 205
107 106 195 206
108 107 195 207
109 108 195 223
110 109 195 222
111 110 195 221
113 114 195 227
114 115 195 226
115 116 195 225
116 117 195 209
117 118 195 210
118 119 195 211
119 103 195 212
119 120 195 212
120 121 195 213
121 122 195 214
122 123 195 215
124 125 195 199
125 126 195 198
126 127 195 197
129 128 195 57
131 130 195 73
132 131 195 74
133 132 195 75
134 133 195 76
135 134 195 77
136 135 195 78
136 152 195 78
137 121 195 236
138 137 195 237
139 138 195 238
140 139 195 239
141 140 195 255
142 141 195 254
143 142 195 253
144 160 195 69
146 147 195 224
147 148 195 240
148 149 195 241
149 150 195 242
150 151 195 243
151 135 195 244
151 152 195 244
152 153 195 245
153 154 195 246
154 155 195 247
156 157 195 231
157 158 195 230
158 159 195 229
161 160 195 60
162 161 195 59
163 162 195 58
164 163 195 57
166 165 195 73
167 166 195 74
168 167 195 75
168 184 195 75
170 169 195 200
171 170 195 184
173 172 195 168
174 173 195 152
176 192 195 66
178 179 195 64
179 180 195 80
181 182 195 96
182 183 195 112
184 185 195 128
185 186 195 144
187 188 195 160
188 189 195 176
190 191 195 192
193 192 195 63
194 193 195 62
195 194 195 61
196 195 195 60
197 196 195 59
198 197 195 58
199 198 195 57
202 201 195 40
203 202 195 24
205 204 195 8
206 205 195 9
207 206 195 10
208 224 195 50
209 210 195 22
210 211 195 23
212 213 195 7
213 214 195 6
214 215 195 5
215 199 195 4
215 216 195 4
216 217 195 3
217 218 195 2
218 219 195 1
219 220 195 0
220 221 195 16
222 223 195 32
225 224 195 45
226 225 195 46
227 226 195 47
228 227 195 63
229 228 195 62
230 229 195 61
231 230 195 60
232 231 195 59
232 248 195 59
233 217 195 28
234 233 195 27
235 234 195 26
236 235 195 25
238 237 195 41
239 238 195 42
240 241 195 53
241 242 195 54
242 243 195 55
244 245 195 39
245 246 195 38
246 247 195 37
247 231 195 36
247 248 195 36
248 249 195 35
249 250 195 34
250 251 195 33
251 252 195 17
252 253 195 18
253 254 195 19
254 255 195 20
1 0 196 220
2 1 196 221
3 2 196 222
4 3 196 223
6 5 196 207
7 6 196 206
8 7 196 205
8 9 196 205
9 10 196 206
10 11 196 207
12 13 196 223
13 14 196 222
14 15 196 221
15 31 196 220
16 0 196 195
17 33 196 228
18 17 196 227
19 18 196 226
20 19 196 225
22 21 196 209
23 22 196 210
23 24 196 210
24 25 196 209
26 27 196 225
27 28 196 226
28 29 196 227
29 30 196 228
30 31 196 229
33 32 196 223
35 34 196 207
36 35 196 206
37 36 196 205
38 37 196 204
39 38 196 203
40 24 196 202
40 39 196 202
41 42 196 238
42 43 196 239
44 45 196 255
45 46 196 254
46 47 196 253
47 63 196 252
50 49 196 208
51 50 196 224
53 52 196 240
54 53 196 241
55 54 196 242
55 56 196 242
56 57 196 241
57 58 196 240
59 60 196 224
60 61 196 208
62 63 196 192
65 64 196 206
66 65 196 205
67 66 196 204
68 67 196 203
69 68 196 202
70 69 196 201
71 70 196 185
72 56 196 186
72 71 196 186
74 75 196 184
75 76 196 168
77 78 196 152
78 79 196 136
80 64 196 179
82 81 196 48
83 82 196 64
85 84 196 80
86 85 196 96
88 89 196 96
89 90 196 80
91 92 196 64
92 93 196 48
94 95 196 32
97 96 196 203
98 97 196 202
99 98 196 201
100 99 196 185
101 100 196 186
102 101 196 187
103 102 196 188
104 88 196 189
104 103 196 189
106 107 196 24
107 108 196 8
108 109 196 9
109 110 196 10
110 111 196 11
111 127 196 12
112 96 196 182
113 129 196 20
114 113 196 21
115 114 196 22
116 115 196 23
117 116 196 7
118 117 196 6
119 118 196 5
119 120 196 5
120 121 196 6
121 122 196 7
122 123 196 23
123 124 196 22
124 125 196 21
125 126 196 20
126 127 196 19
129 128 196 185
130 129 196 186
131 130 196 187
132 131 196 188
133 132 196 189
134 133 196 190
135 134 196 191
137 138 196 27
138 139 196 26
139 140 196 25
140 141 196 41
141 142 196 42
142 143 196 43
143 159 196 44
144 128 196 166
145 161 196 52
146 145 196 53
147 146 196 54
148 147 196 55
149 148 196 39
150 149 196 38
151 150 196 37
151 152 196 37
152 153 196 38
153 154 196 39
154 155 196 55
155 156 196 54
156 157 196 53
157 158 196 52
158 159 196 51
161 160 196 188
162 161 196 189
163 162 196 190
164 163 196 191
166 165 196 175
167 166 196 174
168 152 196 173
168 167 196 173
169 170 196 59
170 171 196 58
171 172 196 57
172 173 196 73
173 174 196 74
174 175 196 75
175 191 196 76
176 160 196 163
177 193 196 84
178 177 196 85
179 178 196 86
180 179 196 87
181 180 196 71
182 181 196 70
183 182 196 69
183 184 196 69
184 185 196 70
185 186 196 71
186 187 196 87
187 188 196 86
188 189 196 85
189 190 196 84
190 191 196 83
193 192 196 191
195 194 196 175
196 195 196 174
197 196 196 173
198 197 196 172
199 198 196 171
200 184 196 170
200 199 196 170
201 202 196 91
202 203 196 90
203 204 196 89
204 205 196 105
205 206 196 106
206 207 196 107
207 223 196 108
209 225 196 116
210 209 196 117
211 210 196 118
212 211 196 119
213 212 196 103
214 213 196 102
215 214 196 101
215 216 196 101
216 217 196 102
217 218 196 103
218 219 196 119
219 220 196 118
220 221 196 117
221 222 196 116
222 223 196 115
225 224 196 174
226 225 196 173
227 226 196 172
228 227 196 171
229 228 196 170
230 229 196 169
231 230 196 153
232 216 196 154
232 231 196 154
233 234 196 123
234 235 196 122
235 236 196 121
236 237 196 137
237 238 196 138
238 239 196 139
239 255 196 140
240 224 196 147
241 240 196 148
242 241 196 149
243 242 196 150
244 243 196 151
245 244 196 135
246 245 196 134
247 246 196 133
247 248 196 133
248 249 196 134
249 250 196 135
250 251 196 151
251 252 196 150
252 253 196 149
253 254 196 148
254 255 196 147
0 16 197 100
1 0 197 101
2 1 197 102
3 2 197 103
5 4 197 119
6 5 197 118
7 6 197 117
7 8 197 117
8 9 197 118
9 10 197 119
11 12 197 103
12 13 197 102
13 14 197 101
14 15 197 100
17 16 197 93
18 17 197 92
19 18 197 91
20 19 197 90
21 20 197 89
23 22 197 105
24 23 197 106
24 40 197 106
25 26 197 139
26 27 197 138
27 28 197 137
29 30 197 121
30 31 197 122
31 15 197 123
32 48 197 97
33 17 197 133
34 33 197 134
35 34 197 135
37 36 197 151
38 37 197 150
39 38 197 149
39 40 197 149
40 41 197 150
41 42 197 151
43 44 197 135
44 45 197 134
45 46 197 133
46 47 197 132
49 48 197 79
50 49 197 95
51 50 197 94
52 51 197 93
53 52 197 92
54 53 197 91
55 54 197 90
56 55 197 89
56 72 197 89
57 58 197 171
58 59 197 170
59 60 197 169
61 62 197 153
62 63 197 154
63 47 197 155
64 80 197 83
65 49 197 165
66 65 197 166
67 66 197 167
69 68 197 183
70 69 197 182
71 70 197 181
71 72 197 181
72 73 197 182
73 74 197 183
75 76 197 167
76 77 197 166
77 78 197 165
78 79 197 164
81 80 197 76
82 81 197 77
83 82 197 78
84 83 197 79
85 84 197 95
86 85 197 94
87 86 197 93
88 87 197 92
88 104 197 92
89 90 197 203
90 91 197 202
91 92 197 201
93 94 197 185
94 95 197 186
95 79 197 187
96 112 197 86
97 81 197 197
98 97 197 198
99 98 197 199
101 100 197 215
102 101 197 214
103 102 197 213
103 104 197 213
104 105 197 214
105 106 197 215
107 108 197 199
108 109 197 198
109 110 197 197
110 111 197 196
113 112 197 73
114 113 197 74
115 114 197 75
116 115 197 76
117 116 197 77
118 117 197 78
119 118 197 79
120 119 197 95
120 136 197 95
121 122 197 235
122 123 197 234
123 124 197 233
125 126 197 217
126 127 197 218
127 111 197 219
128 144 197 71
129 113 197 229
130 129 197 230
131 130 197 231
133 132 197 247
134 133 197 246
135 134 197 245
135 136 197 245
136 137 197 246
137 138 197 247
139 140 197 231
140 141 197 230
141 142 197 229
142 143 197 228
145 144 197 58
146 145 197 57
148 147 197 73
149 148 197 74
150 149 197 75
151 150 197 76
152 151 197 77
152 168 197 77
153 154 197 216
154 155 197 232
156 157 197 248
157 158 197 249
158 159 197 250
159 143 197 251
160 176 197 68
161 145 197 192
163 162 197 176
164 163 197 160
166 165 197 144
167 166 197 128
167 168 197 128
168 169 197 144
170 171 197 160
171 172 197 176
173 174 197 192
174 175 197 208
177 176 197 61
178 177 197 60
179 178 197 59
180 179 197 58
181 180 197 57
183 182 197 73
184 183 197 74
184 200 197 74
185 186 197 56
186 187 197 72
188 189 197 88
189 190 197 104
191 175 197 120
192 208 197 65
193 177 197 32
195 194 197 16
196 195 197 0
197 196 197 1
198 197 197 2
199 198 197 3
199 200 197 3
200 201 197 2
201 202 197 1
202 203 197 0
203 204 197 16
205 206 197 32
206 207 197 48
209 208 197 47
210 209 197 63
211 210 197 62
212 211 197 61
213 212 197 60
214 213 197 59
215 214 197 58
216 215 197 57
216 232 197 57
217 218 197 29
218 219 197 30
219 220 197 31
220 221 197 15
221 222 197 14
222 223 197 13
223 207 197 12
224 240 197 51
225 209 197 20
226 225 197 19
227 226 197 18
228 227 197 17
229 228 197 33
230 229 197 34
231 230 197 35
231 232 197 35
232 233 197 34
233 234 197 33
234 235 197 17
235 236 197 18
236 237 197 19
237 238 197 20
238 239 197 21
241 240 197 44
242 241 197 45
243 242 197 46
244 243 197 47
245 244 197 63
246 245 197 62
247 246 197 61
248 247 197 60
248 249 197 60
249 250 197 61
250 251 197 62
251 252 197 63
252 253 197 47
253 254 197 46
254 255 197 45
255 239 197 44
0 1 198 196
1 2 198 197
2 3 198 198
3 4 198 199
4 5 198 215
5 6 198 214
6 7 198 213
7 8 198 212
7 23 198 212
8 9 198 211
9 10 198 210
10 11 198 209
12 13 198 225
13 14 198 226
14 15 198 227
17 16 198 222
18 17 198 223
20 19 198 207
21 20 198 206
22 21 198 205
23 22 198 204
24 8 198 203
24 23 198 203
25 41 198 236
26 25 198 235
27 26 198 234
28 27 198 233
29 28 198 217
30 29 198 218
31 30 198 219
32 16 198 193
33 34 198 229
34 35 198 230
35 36 198 231
36 37 198 247
37 38 198 246
38 39 198 245
39 40 198 244
39 55 198 244
40 41 198 243
41 42 198 242
42 43 198 241
43 44 198 240
45 46 198 224
46 47 198 208
49 48 198 207
50 49 198 206
51 50 198 205
52 51 198 204
53 52 198 203
54 53 198 202
55 54 198 201
56 40 198 185
56 55 198 185
57 73 198 216
59 58 198 232
60 59 198 248
61 60 198 249
62 61 198 250
63 62 198 251
64 48 198 178
65 66 198 192
66 67 198 176
68 69 198 160
69 70 198 144
71 72 198 128
71 87 198 128
72 73 198 112
74 75 198 96
75 76 198 80
77 78 198 64
78 79 198 48
81 80 198 204
82 81 198 203
83 82 198 202
84 83 198 201
85 84 198 185
86 85 198 186
87 86 198 187
88 72 198 188
88 87 198 188
89 105 198 56
91 90 198 72
92 91 198 88
94 93 198 104
95 94 198 120
96 80 198 181
97 98 198 32
98 99 198 16
100 101 198 0
101 102 198 1
102 103 198 2
103 104 198 3
103 119 198 3
104 105 198 4
105 106 198 5
106 107 198 6
107 108 198 7
108 109 198 23
109 110 198 22
110 111 198 21
113 112 198 201
114 113 198 185
115 114 198 186
116 115 198 187
117 116 198 188
118 117 198 189
119 118 198 190
120 104 198 191
120 119 198 191
121 137 198 29
122 121 198 30
123 122 198 31
125 124 198 15
126 125 198 14
127 126 198 13
128 112 198 167
129 130 198 19
130 131 198 18
131 132 198 17
133 134 198 33
134 135 198 34
135 136 198 35
135 151 198 35
136 137 198 36
137 138 198 37
138 139 198 38
139 140 198 39
140 141 198 55
141 142 198 54
142 143 198 53
145 144 198 187
146 145 198 188
147 146 198 189
148 147 198 190
149 148 198 191
151 150 198 175
152 136 198 174
152 151 198 174
153 169 198 61
154 153 198 62
155 154 198 63
157 156 198 47
158 157 198 46
159 158 198 45
160 144 198 164
161 162 198 51
162 163 198 50
163 164 198 49
165 166 198 65
166 167 198 66
167 168 198 67
167 183 198 67
168 169 198 68
169 170 198 69
170 171 198 70
171 172 198 71
172 173 198 87
173 174 198 86
174 175 198 85
177 176 198 190
178 177 198 191
180 179 198 175
181 180 198 174
182 181 198 173
183 182 198 172
184 168 198 171
184 183 198 171
185 201 198 93
186 185 198 94
187 186 198 95
189 188 198 79
190 189 198 78
191 190 198 77
192 176 198 161
193 194 198 83
194 195 198 82
195 196 198 81
197 198 198 97
198 199 198 98
199 200 198 99
199 215 198 99
200 201 198 100
201 202 198 101
202 203 198 102
203 204 198 103
204 205 198 119
205 206 198 118
206 207 198 117
209 208 198 175
210 209 198 174
211 210 198 173
212 211 198 172
213 212 198 171
214 213 198 170
215 214 198 169
216 200 198 153
216 215 198 153
217 233 198 125
218 217 198 126
219 218 198 127
221 220 198 111
222 221 198 110
223 222 198 109
224 208 198 146
225 226 198 115
226 227 198 114
227 228 198 113
229 230 198 129
230 231 198 130
231 232 198 131
231 247 198 131
232 233 198 132
233 234 198 133
234 235 198 134
235 236 198 135
236 237 198 151
237 238 198 150
238 239 198 149
241 240 198 172
242 241 198 171
243 242 198 170
244 243 198 169
245 244 198 153
246 245 198 154
247 246 198 155
248 232 198 156
248 247 198 156
249 248 198 157
250 249 198 158
251 250 198 159
253 252 198 143
254 253 198 142
255 254 198 141
1 0 199 91
2 1 199 90
3 2 199 89
5 4 199 105
6 5 199 106
7 6 199 107
8 7 199 108
8 24 199 108
9 8 199 109
10 9 199 110
11 10 199 111
12 11 199 127
13 12 199 126
14 13 199 125
15 14 199 124
16 32 199 99
17 18 199 132
18 19 199 131
19 20 199 130
20 21 199 129
21 22 199 113
22 23 199 114
23 7 199 115
23 24 199 115
24 25 199 116
25 26 199 117
26 27 199 118
27 28 199 119
29 30 199 103
30 31 199 102
33 32 199 94
34 33 199 93
35 34 199 92
36 35 199 91
37 36 199 90
38 37 199 89
40 39 199 105
40 56 199 105
41 25 199 141
42 41 199 142
43 42 199 143
44 43 199 159
45 44 199 158
46 45 199 157
47 46 199 156
48 64 199 81
49 50 199 164
50 51 199 163
51 52 199 162
52 53 199 161
53 54 199 145
54 55 199 146
55 39 199 147
55 56 199 147
56 57 199 148
57 58 199 149
58 59 199 150
59 60 199 151
61 62 199 135
62 63 199 134
65 64 199 78
66 65 199 79
67 66 199 95
68 67 199 94
69 68 199 93
70 69 199 92
71 70 199 91
72 71 199 90
72 88 199 90
73 57 199 173
74 73 199 174
75 74 199 175
76 75 199 191
77 76 199 190
78 77 199 189
79 78 199 188
80 96 199 84
81 82 199 196
82 83 199 195
83 84 199 194
84 85 199 193
85 86 199 177
86 87 199 178
87 71 199 179
87 88 199 179
88 89 199 180
89 90 199 181
90 91 199 182
91 92 199 183
93 94 199 167
94 95 199 166
97 96 199 75
98 97 199 76
99 98 199 77
100 99 199 78
101 100 199 79
102 101 199 95
103 102 199 94
104 103 199 93
104 120 199 93
105 89 199 205
106 105 199 206
107 106 199 207
108 107 199 223
109 108 199 222
110 109 199 221
111 110 199 220
112 128 199 87
113 114 199 228
114 115 199 227
115 116 199 226
116 117 199 225
117 118 199 209
118 119 199 210
119 103 199 211
119 120 199 211
120 121 199 212
121 122 199 213
122 123 199 214
123 124 199 215
125 126 199 199
126 127 199 198
130 129 199 73
131 130 199 74
132 131 199 75
133 132 199 76
134 133 199 77
135 134 199 78
136 135 199 79
136 152 199 79
137 121 199 237
138 137 199 238
139 138 199 239
140 139 199 255
141 140 199 254
142 141 199 253
143 142 199 252
144 160 199 70
145 146 199 208
147 148 199 224
148 149 199 240
149 150 199 241
150 151 199 242
151 135 199 243
151 152 199 243
152 153 199 244
153 154 199 245
154 155 199 246
155 156 199 247
157 158 199 231
158 159 199 230
161 160 199 59
162 161 199 58
163 162 199 57
165 164 199 73
166 165 199 74
167 166 199 75
168 167 199 76
168 184 199 76
169 153 199 200
170 169 199 184
172 171 199 168
173 172 199 152
175 174 199 136
176 192 199 67
177 178 199 48
179 180 199 64
180 181 199 80
182 183 199 96
183 167 199 112
183 184 199 112
185 186 199 128
186 187 199 144
188 189 199 160
189 190 199 176
193 192 199 62
194 193 199 61
195 194 199 60
196 195 199 59
197 196 199 58
198 197 199 57
200 199 199 73
200 216 199 73
201 185 199 40
202 201 199 24
204 203 199 8
205 204 199 9
206 205 199 10
207 206 199 11
208 224 199 49
209 210 199 21
210 211 199 22
211 212 199 23
213 214 199 7
214 215 199 6
215 199 199 5
215 216 199 5
216 217 199 4
217 218 199 3
218 219 199 2
219 220 199 1
220 221 199 0
221 222 199 16
225 224 199 46
226 225 199 47
227 226 199 63
228 227 199 62
229 228 199 61
230 229 199 60
231 230 199 59
232 231 199 58
232 248 199 58
233 217 199 27
234 233 199 26
235 234 199 25
237 236 199 41
238 237 199 42
239 238 199 43
240 241 199 52
241 242 199 53
242 243 199 54
243 244 199 55
245 246 199 39
246 247 199 38
247 231 199 37
247 248 199 37
248 249 199 36
249 250 199 35
250 251 199 34
251 252 199 33
252 253 199 17
253 254 199 18
254 255 199 19
1 0 200 221
2 1 200 222
3 2 200 223
5 4 200 207
6 5 200 206
7 6 200 205
8 7 200 204
8 9 200 204
9 10 200 205
10 11 200 206
11 12 200 207
13 14 200 223
14 15 200 222
15 31 200 221
16 0 200 194
17 33 200 227
18 17 200 226
19 18 200 225
21 20 200 209
22 21 200 210
23 22 200 211
23 24 200 211
24 25 200 210
25 26 200 209
27 28 200 225
28 29 200 226
29 30 200 227
30 31 200 228
34 33 200 207
35 34 200 206
36 35 200 205
37 36 200 204
38 37 200 203
39 38 200 202
40 24 200 201
40 39 200 201
41 42 200 237
42 43 200 238
43 44 200 239
45 46 200 255
46 47 200 254
47 63 200 253
48 32 200 177
49 65 200 208
50 49 200 224
52 51 200 240
53 52 200 241
54 53 200 242
55 54 200 243
55 56 200 243
56 57 200 242
57 58 200 241
58 59 200 240
60 61 200 224
61 62 200 208
65 64 200 205
66 65 200 204
67 66 200 203
68 67 200 202
69 68 200 201
70 69 200 185
71 70 200 186
72 56 200 187
72 71 200 187
73 74 200 200
75 76 200 184
76 77 200 168
78 79 200 152
79 95 200 136
80 64 200 180
81 97 200 48
82 81 200 64
84 83 200 80
85 84 200 96
87 86 200 112
87 88 200 112
89 90 200 96
90 91 200 80
92 93 200 64
93 94 200 48
97 96 200 202
98 97 200 201
99 98 200 185
100 99 200 186
101 100 200 187
102 101 200 188
103 102 200 189
104 88 200 190
104 103 200 190
105 106 200 40
107 108 200 24
108 109 200 8
109 110 200 9
110 111 200 10
111 127 200 11
112 96 200 183
113 129 200 21
114 113 200 22
115 114 200 23
116 115 200 7
117 116 200 6
118 117 200 5
119 118 200 4
119 120 200 4
120 121 200 5
121 122 200 6
122 123 200 7
123 124 200 23
124 125 200 22
125 126 200 21
126 127 200 20
129 128 200 186
130 129 200 187
131 130 200 188
132 131 200 189
133 132 200 190
134 133 200 191
136 120 200 175
136 135 200 175
137 138 200 28
138 139 200 27
139 140 200 26
140 141 200 25
141 142 200 41
142 143 200 42
143 159 200 43
144 128 200 165
145 161 200 53
146 145 200 54
147 146 200 55
148 147 200 39
149 148 200 38
150 149 200 37
151 150 200 36
151 152 200 36
152 153 200 37
153 154 200 38
154 155 200 39
155 156 200 55
156 157 200 54
157 158 200 53
158 159 200 52
161 160 200 189
162 161 200 190
163 162 200 191
165 164 200 175
166 165 200 174
167 166 200 173
168 152 200 172
168 167 200 172
169 170 200 60
170 171 200 59
171 172 200 58
172 173 200 57
173 174 200 73
174 175 200 74
175 191 200 75
176 160 200 162
177 193 200 85
178 177 200 86
179 178 200 87
180 179 200 71
181 180 200 70
182 181 200 69
183 182 200 68
183 184 200 68
184 185 200 69
185 186 200 70
186 187 200 71
187 188 200 87
188 189 200 86
189 190 200 85
190 191 200 84
194 193 200 175
195 194 200 174
196 195 200 173
197 196 200 172
198 197 200 171
199 198 200 170
200 184 200 169
200 199 200 169
201 202 200 92
202 203 200 91
203 204 200 90
204 205 200 89
205 206 200 105
206 207 200 106
207 223 200 107
208 192 200 145
209 225 200 117
210 209 200 118
211 210 200 119
212 211 200 103
213 212 200 102
214 213 200 101
215 214 200 100
215 216 200 100
216 217 200 101
217 218 200 102
218 219 200 103
219 220 200 119
220 221 200 118
221 222 200 117
222 223 200 116
225 224 200 173
226 225 200 172
227 226 200 171
228 227 200 170
229 228 200 169
230 229 200 153
231 230 200 154
232 216 200 155
232 231 200 155
233 234 200 124
234 235 200 123
235 236 200 122
236 237 200 121
237 238 200 137
238 239 200 138
239 255 200 139
240 224 200 148
241 240 200 149
242 241 200 150
243 242 200 151
244 243 200 135
245 244 200 134
246 245 200 133
247 246 200 132
247 248 200 132
248 249 200 133
249 250 200 134
250 251 200 135
251 252 200 151
252 253 200 150
253 254 200 149
254 255 200 148
0 16 201 101
1 0 201 102
2 1 201 103
4 3 201 119
5 4 201 118
6 5 201 117
7 6 201 116
7 8 201 116
8 9 201 117
9 10 201 118
10 11 201 119
12 13 201 103
13 14 201 102
14 15 201 101
17 16 201 92
18 17 201 91
19 18 201 90
20 19 201 89
22 21 201 105
23 22 201 106
24 23 201 107
24 40 201 107
25 26 201 140
26 27 201 139
27 28 201 138
28 29 201 137
30 31 201 121
31 15 201 122
32 48 201 98
33 17 201 134
34 33 201 135
36 35 201 151
37 36 201 150
38 37 201 149
39 38 201 148
39 40 201 148
40 41 201 149
41 42 201 150
42 43 201 151
44 45 201 135
45 46 201 134
46 47 201 133
49 48 201 95
50 49 201 94
51 50 201 93
52 51 201 92
53 52 201 91
54 53 201 90
55 54 201 89
57 58 201 172
58 59 201 171
59 60 201 170
60 61 201 169
62 63 201 153
63 47 201 154
64 80 201 82
65 49 201 166
66 65 201 167
68 67 201 183
69 68 201 182
70 69 201 181
71 70 201 180
71 72 201 180
72 73 201 181
73 74 201 182
74 75 201 183
76 77 201 167
77 78 201 166
78 79 201 165
81 80 201 77
82 81 201 78
83 82 201 79
84 83 201 95
85 84 201 94
86 85 201 93
87 86 201 92
88 87 201 91
88 104 201 91
89 90 201 204
90 91 201 203
91 92 201 202
92 93 201 201
94 95 201 185
95 79 201 186
96 112 201 85
97 81 201 198
98 97 201 199
100 99 201 215
101 100 201 214
102 101 201 213
103 102 201 212
103 104 201 212
104 105 201 213
105 106 201 214
106 107 201 215
108 109 201 199
109 110 201 198
110 111 201 197
113 112 201 74
114 113 201 75
115 114 201 76
116 115 201 77
117 116 201 78
118 117 201 79
119 118 201 95
120 119 201 94
120 136 201 94
121 122 201 236
122 123 201 235
123 124 201 234
124 125 201 233
126 127 201 217
127 111 201 218
129 113 201 230
130 129 201 231
132 131 201 247
133 132 201 246
134 133 201 245
135 134 201 244
135 136 201 244
136 137 201 245
137 138 201 246
138 139 201 247
140 141 201 231
141 142 201 230
142 143 201 229
145 144 201 57
147 146 201 73
148 147 201 74
149 148 201 75
150 149 201 76
151 150 201 77
152 151 201 78
152 168 201 78
154 155 201 216
155 156 201 232
157 158 201 248
158 159 201 249
159 143 201 250
160 176 201 69
162 161 201 176
163 162 201 160
165 164 201 144
166 165 201 128
168 169 201 128
169 170 201 144
171 172 201 160
172 173 201 176
174 175 201 192
177 176 201 60
178 177 201 59
179 178 201 58
180 179 201 57
182 181 201 73
183 182 201 74
184 183 201 75
184 200 201 75
186 187 201 56
187 188 201 72
189 190 201 88
190 191 201 104
192 208 201 66
194 193 201 16
195 194 201 0
196 195 201 1
197 196 201 2
198 197 201 3
199 198 201 4
199 200 201 4
200 201 201 3
201 202 201 2
202 203 201 1
203 204 201 0
204 205 201 16
206 207 201 32
209 208 201 63
210 209 201 62
211 210 201 61
212 211 201 60
213 212 201 59
214 213 201 58
215 214 201 57
217 218 201 28
218 219 201 29
219 220 201 30
220 221 201 31
221 222 201 15
222 223 201 14
223 207 201 13
224 240 201 50
225 209 201 19
226 225 201 18
227 226 201 17
228 227 201 33
229 228 201 34
230 229 201 35
231 230 201 36
231 232 201 36
232 233 201 35
233 234 201 34
234 235 201 33
235 236 201 17
236 237 201 18
237 238 201 19
238 239 201 20
241 240 201 45
242 241 201 46
243 242 201 47
244 243 201 63
245 244 201 62
246 245 201 61
247 246 201 60
248 247 201 59
248 249 201 59
249 250 201 60
250 251 201 61
251 252 201 62
252 253 201 63
253 254 201 47
254 255 201 46
255 239 201 45
0 1 202 195
1 2 202 196
2 3 202 197
3 4 202 198
4 5 202 199
5 6 202 215
6 7 202 214
7 8 202 213
7 23 202 213
8 9 202 212
9 10 202 211
10 11 202 210
11 12 202 209
13 14 202 225
14 15 202 226
17 16 202 223
19 18 202 207
20 19 202 206
21 20 202 205
22 21 202 204
23 22 202 203
24 8 202 202
24 23 202 202
25 41 202 235
26 25 202 234
27 26 202 233
28 27 202 217
29 28 202 218
30 29 202 219
31 30 202 220
33 34 202 228
34 35 202 229
35 36 202 230
36 37 202 231
37 38 202 247
38 39 202 246
39 40 202 245
39 55 202 245
40 41 202 244
41 42 202 243
42 43 202 242
43 44 202 241
44 45 202 240
46 47 202 224
49 48 202 206
50 49 202 205
51 50 202 204
52 51 202 203
53 52 202 202
54 53 202 201
55 54 202 185
56 40 202 186
56 55 202 186
58 57 202 232
59 58 202 248
60 59 202 249
61 60 202 250
62 61 202 251
63 62 202 252
64 48 202 179
66 67 202 192
67 68 202 176
69 70 202 160
70 71 202 144
72 73 202 128
73 74 202 112
75 76 202 96
76 77 202 80
78 79 202 64
81 80 202 203
82 81 202 202
83 82 202 201
84 83 202 185
85 84 202 186
86 85 202 187
87 86 202 188
88 72 202 189
88 87 202 189
90 89 202 72
91 90 202 88
93 92 202 104
94 93 202 120
96 80 202 182
98 99 202 32
99 100 202 16
101 102 202 0
102 103 202 1
103 104 202 2
103 119 202 2
104 105 202 3
105 106 202 4
106 107 202 5
107 108 202 6
108 109 202 7
109 110 202 23
110 111 202 22
113 112 202 185
114 113 202 186
115 114 202 187
116 115 202 188
117 116 202 189
118 117 202 190
119 118 202 191
121 137 202 30
122 121 202 31
124 123 202 15
125 124 202 14
126 125 202 13
127 126 202 12
128 112 202 166
129 130 202 20
130 131 202 19
131 132 202 18
132 133 202 17
134 135 202 33
135 136 202 34
135 151 202 34
136 137 202 35
137 138 202 36
138 139 202 37
139 140 202 38
140 141 202 39
141 142 202 55
142 143 202 54
145 144 202 188
146 145 202 189
147 146 202 190
148 147 202 191
150 149 202 175
151 150 202 174
152 136 202 173
152 151 202 173
153 169 202 62
154 153 202 63
156 155 202 47
157 156 202 46
158 157 202 45
159 158 202 44
160 144 202 163
161 162 202 52
162 163 202 51
163 164 202 50
164 165 202 49
166 167 202 65
167 168 202 66
167 183 202 66
168 169 202 67
169 170 202 68
170 171 202 69
171 172 202 70
172 173 202 71
173 174 202 87
174 175 202 86
177 176 202 191
179 178 202 175
180 179 202 174
181 180 202 173
182 181 202 172
183 182 202 171
184 168 202 170
184 183 202 170
185 201 202 94
186 185 202 95
188 187 202 79
189 188 202 78
190 189 202 77
191 190 202 76
193 194 202 84
194 195 202 83
195 196 202 82
196 197 202 81
198 199 202 97
199 200 202 98
199 215 202 98
200 201 202 99
201 202 202 100
202 203 202 101
203 204 202 102
204 205 202 103
205 206 202 119
206 207 202 118
209 208 202 174
210 209 202 173
211 210 202 172
212 211 202 171
213 212 202 170
214 213 202 169
215 214 202 153
216 200 202 154
216 215 202 154
217 233 202 126
218 217 202 127
220 219 202 111
221 220 202 110
222 221 202 109
223 222 202 108
224 208 202 147
225 226 202 116
226 227 202 115
227 228 202 114
228 229 202 113
230 231 202 129
231 232 202 130
231 247 202 130
232 233 202 131
233 234 202 132
234 235 202 133
235 236 202 134
236 237 202 135
237 238 202 151
238 239 202 150
241 240 202 171
242 241 202 170
243 242 202 169
244 243 202 153
245 244 202 154
246 245 202 155
247 246 202 156
248 232 202 157
248 247 202 157
249 248 202 158
250 249 202 159
252 251 202 143
253 252 202 142
254 253 202 141
255 254 202 140
1 0 203 90
2 1 203 89
4 3 203 105
5 4 203 106
6 5 203 107
7 6 203 108
8 7 203 109
8 24 203 109
9 8 203 110
10 9 203 111
11 10 203 127
12 11 203 126
13 12 203 125
14 13 203 124
15 14 203 123
16 32 203 100
17 18 203 133
18 19 203 132
19 20 203 131
20 21 203 130
21 22 203 129
22 23 203 113
23 7 203 114
23 24 203 114
24 25 203 115
25 26 203 116
26 27 203 117
27 28 203 118
28 29 203 119
30 31 203 103
33 32 203 93
34 33 203 92
35 34 203 91
36 35 203 90
37 36 203 89
39 38 203 105
40 39 203 106
40 56 203 106
41 25 203 142
42 41 203 143
43 42 203 159
44 43 203 158
45 44 203 157
46 45 203 156
47 46 203 155
48 64 203 97
49 50 203 165
50 51 203 164
51 52 203 163
52 53 203 162
53 54 203 161
54 55 203 145
55 39 203 146
55 56 203 146
56 57 203 147
57 58 203 148
58 59 203 149
59 60 203 150
60 61 203 151
62 63 203 135
65 64 203 79
66 65 203 95
67 66 203 94
68 67 203 93
69 68 203 92
70 69 203 91
71 70 203 90
72 71 203 89
72 88 203 89
73 57 203 174
74 73 203 175
75 74 203 191
76 75 203 190
77 76 203 189
78 77 203 188
79 78 203 187
80 96 203 83
81 82 203 197
82 83 203 196
83 84 203 195
84 85 203 194
85 86 203 193
86 87 203 177
87 71 203 178
87 88 203 178
88 89 203 179
89 90 203 180
90 91 203 181
91 92 203 182
92 93 203 183
94 95 203 167
97 96 203 76
98 97 203 77
99 98 203 78
100 99 203 79
101 100 203 95
102 101 203 94
103 102 203 93
104 103 203 92
104 120 203 92
105 89 203 206
106 105 203 207
107 106 203 223
108 107 203 222
109 108 203 221
110 109 203 220
111 110 203 219
112 128 203 86
113 114 203 229
114 115 203 228
115 116 203 227
116 117 203 226
117 118 203 225
118 119 203 209
119 103 203 210
119 120 203 210
120 121 203 211
121 122 203 212
122 123 203 213
123 124 203 214
124 125 203 215
126 127 203 199
129 128 203 73
130 129 203 74
131 130 203 75
132 131 203 76
133 132 203 77
134 133 203 78
135 134 203 79
136 135 203 95
136 152 203 95
137 121 203 238
138 137 203 239
139 138 203 255
140 139 203 254
141 140 203 253
142 141 203 252
143 142 203 251
144 160 203 71
145 146 203 192
146 147 203 208
148 149 203 224
149 150 203 240
150 151 203 241
151 135 203 242
151 152 203 242
152 153 203 243
153 154 203 244
154 155 203 245
155 156 203 246
156 157 203 247
158 159 203 231
161 160 203 58
162 161 203 57
164 163 203 73
165 164 203 74
166 165 203 75
167 166 203 76
168 167 203 77
168 184 203 77
169 153 203 184
171 170 203 168
172 171 203 152
174 173 203 136
175 174 203 120
176 192 203 68
177 178 203 32
178 179 203 48
180 181 203 64
181 182 203 80
183 167 203 96
183 184 203 96
184 185 203 112
186 187 203 128
187 188 203 144
189 190 203 160
190 191 203 176
193 192 203 61
194 193 203 60
195 194 203 59
196 195 203 58
197 196 203 57
199 198 203 73
200 199 203 74
200 216 203 74
201 185 203 24
203 202 203 8
204 203 203 9
205 204 203 10
206 205 203 11
207 206 203 12
208 224 203 65
209 210 203 20
210 211 203 21
211 212 203 22
212 213 203 23
214 215 203 7
215 199 203 6
215 216 203 6
216 217 203 5
217 218 203 4
218 219 203 3
219 220 203 2
220 221 203 1
221 222 203 0
222 223 203 16
225 224 203 47
226 225 203 63
227 226 203 62
228 227 203 61
229 228 203 60
230 229 203 59
231 230 203 58
232 231 203 57
232 248 203 57
233 217 203 26
234 233 203 25
236 235 203 41
237 236 203 42
238 237 203 43
239 238 203 44
240 241 203 51
241 242 203 52
242 243 203 53
243 244 203 54
244 245 203 55
246 247 203 39
247 231 203 38
247 248 203 38
248 249 203 37
249 250 203 36
250 251 203 35
251 252 203 34
252 253 203 33
253 254 203 17
254 255 203 18
1 0 204 222
2 1 204 223
4 3 204 207
5 4 204 206
6 5 204 205
7 6 204 204
8 7 204 203
8 9 204 203
9 10 204 204
10 11 204 205
11 12 204 206
12 13 204 207
14 15 204 223
15 31 204 222
16 0 204 193
17 33 204 226
18 17 204 225
20 19 204 209
21 20 204 210
22 21 204 211
23 22 204 212
23 24 204 212
24 25 204 211
25 26 204 210
26 27 204 209
28 29 204 225
29 30 204 226
30 31 204 227
33 32 204 207
34 33 204 206
35 34 204 205
36 35 204 204
37 36 204 203
38 37 204 202
39 38 204 201
40 24 204 185
40 39 204 185
41 42 204 236
42 43 204 237
43 44 204 238
44 45 204 239
46 47 204 255
47 63 204 254
48 32 204 178
49 65 204 224
51 50 204 240
52 51 204 241
53 52 204 242
54 53 204 243
55 54 204 244
55 56 204 244
56 57 204 243
57 58 204 242
58 59 204 241
59 60 204 240
61 62 204 224
62 63 204 208
65 64 204 204
66 65 204 203
67 66 204 202
68 67 204 201
69 68 204 185
70 69 204 186
71 70 204 187
72 56 204 188
72 71 204 188
73 74 204 216
74 75 204 200
76 77 204 184
77 78 204 168
79 95 204 152
80 64 204 181
81 97 204 64
83 82 204 80
84 83 204 96
86 85 204 112
87 86 204 128
87 88 204 128
88 89 204 112
90 91 204 96
91 92 204 80
93 94 204 64
94 95 204 48
97 96 204 201
98 97 204 185
99 98 204 186
100 99 204 187
101 100 204 188
102 101 204 189
103 102 204 190
104 88 204 191
104 103 204 191
105 106 204 56
106 107 204 40
108 109 204 24
109 110 204 8
110 111 204 9
111 127 204 10
112 96 204 167
113 129 204 22
114 113 204 23
115 114 204 7
116 115 204 6
117 116 204 5
118 117 204 4
119 118 204 3
119 120 204 3
120 121 204 4
121 122 204 5
122 123 204 6
123 124 204 7
124 125 204 23
125 126 204 22
126 127 204 21
129 128 204 187
130 129 204 188
131 130 204 189
132 131 204 190
133 132 204 191
135 134 204 175
136 120 204 174
136 135 204 174
137 138 204 29
138 139 204 28
139 140 204 27
140 141 204 26
141 142 204 25
142 143 204 41
143 159 204 42
144 128 204 164
145 161 204 54
146 145 204 55
147 146 204 39
148 147 204 38
149 148 204 37
150 149 204 36
151 150 204 35
151 152 204 35
152 153 204 36
153 154 204 37
154 155 204 38
155 156 204 39
156 157 204 55
157 158 204 54
158 159 204 53
161 160 204 190
162 161 204 191
164 163 204 175
165 164 204 174
166 165 204 173
167 166 204 172
168 152 204 171
168 167 204 171
169 170 204 61
170 171 204 60
171 172 204 59
172 173 204 58
173 174 204 57
174 175 204 73
175 191 204 74
176 160 204 161
177 193 204 86
178 177 204 87
179 178 204 71
180 179 204 70
181 180 204 69
182 181 204 68
183 182 204 67
183 184 204 67
184 185 204 68
185 186 204 69
186 187 204 70
187 188 204 71
188 189 204 87
189 190 204 86
190 191 204 85
193 192 204 175
194 193 204 174
195 194 204 173
196 195 204 172
197 196 204 171
198 197 204 170
199 198 204 169
200 184 204 153
200 199 204 153
201 202 204 93
202 203 204 92
203 204 204 91
204 205 204 90
205 206 204 89
206 207 204 105
207 223 204 106
208 192 204 146
209 225 204 118
210 209 204 119
211 210 204 103
212 211 204 102
213 212 204 101
214 213 204 100
215 214 204 99
215 216 204 99
216 217 204 100
217 218 204 101
218 219 204 102
219 220 204 103
220 221 204 119
221 222 204 118
222 223 204 117
225 224 204 172
226 225 204 171
227 226 204 170
228 227 204 169
229 228 204 153
230 229 204 154
231 230 204 155
232 216 204 156
232 231 204 156
233 234 204 125
234 235 204 124
235 236 204 123
236 237 204 122
237 238 204 121
238 239 204 137
239 255 204 138
240 224 204 149
241 240 204 150
242 241 204 151
243 242 204 135
244 243 204 134
245 244 204 133
246 245 204 132
247 246 204 131
247 248 204 131
248 249 204 132
249 250 204 133
250 251 204 134
251 252 204 135
252 253 204 151
253 254 204 150
254 255 204 149
0 16 205 102
1 0 205 103
3 2 205 119
4 3 205 118
5 4 205 117
6 5 205 116
7 6 205 115
7 8 205 115
8 9 205 116
9 10 205 117
10 11 205 118
11 12 205 119
13 14 205 103
14 15 205 102
17 16 205 91
18 17 205 90
19 18 205 89
21 20 205 105
22 21 205 106
23 22 205 107
24 23 205 108
24 40 205 108
25 26 205 141
26 27 205 140
27 28 205 139
28 29 205 138
29 30 205 137
31 15 205 121
32 48 205 99
33 17 205 135
35 34 205 151
36 35 205 150
37 36 205 149
38 37 205 148
39 38 205 147
39 40 205 147
40 41 205 148
41 42 205 149
42 43 205 150
43 44 205 151
45 46 205 135
46 47 205 134
49 48 205 94
50 49 205 93
51 50 205 92
52 51 205 91
53 52 205 90
54 53 205 89
56 55 205 105
56 72 205 105
57 58 205 173
58 59 205 172
59 60 205 171
60 61 205 170
61 62 205 169
63 47 205 153
64 80 205 81
65 49 205 167
67 66 205 183
68 67 205 182
69 68 205 181
70 69 205 180
71 70 205 179
71 72 205 179
72 73 205 180
73 74 205 181
74 75 205 182
75 76 205 183
77 78 205 167
78 79 205 166
81 80 205 78
82 81 205 79
83 82 205 95
84 83 205 94
85 84 205 93
86 85 205 92
87 86 205 91
88 87 205 90
88 104 205 90
89 90 205 205
90 91 205 204
91 92 205 203
92 93 205 202
93 94 205 201
95 79 205 185
96 112 205 84
97 81 205 199
99 98 205 215
100 99 205 214
101 100 205 213
102 101 205 212
103 102 205 211
103 104 205 211
104 105 205 212
105 106 205 213
106 107 205 214
107 108 205 215
109 110 205 199
110 111 205 198
113 112 205 75
114 113 205 76
115 114 205 77
116 115 205 78
117 116 205 79
118 117 205 95
119 118 205 94
120 119 205 93
120 136 205 93
121 122 205 237
122 123 205 236
123 124 205 235
124 125 205 234
125 126 205 233
127 111 205 217
128 144 205 87
129 113 205 231
131 130 205 247
132 131 205 246
133 132 205 245
134 133 205 244
135 134 205 243
135 136 205 243
136 137 205 244
137 138 205 245
138 139 205 246
139 140 205 247
141 142 205 231
142 143 205 230
146 145 205 73
147 146 205 74
148 147 205 75
149 148 205 76
150 149 205 77
151 150 205 78
152 151 205 79
152 168 205 79
153 154 205 200
155 156 205 216
156 157 205 232
158 159 205 248
159 143 205 249
160 176 205 70
161 145 205 176
162 161 205 160
164 163 205 144
165 164 205 128
167 166 205 112
167 168 205 112
169 170 205 128
170 171 205 144
172 173 205 160
173 174 205 176
177 176 205 59
178 177 205 58
179 178 205 57
181 180 205 73
182 181 205 74
183 182 205 75
184 183 205 76
184 200 205 76
185 186 205 40
187 188 205 56
188 189 205 72
190 191 205 88
191 175 205 104
192 208 205 67
193 177 205 16
194 193 205 0
195 194 205 1
196 195 205 2
197 196 205 3
198 197 205 4
199 198 205 5
199 200 205 5
200 201 205 4
201 202 205 3
202 203 205 2
203 204 205 1
204 205 205 0
205 206 205 16
209 208 205 62
210 209 205 61
211 210 205 60
212 211 205 59
213 212 205 58
214 213 205 57
216 215 205 73
216 232 205 73
217 218 205 27
218 219 205 28
219 220 205 29
220 221 205 30
221 222 205 31
222 223 205 15
223 207 205 14
224 240 205 49
225 209 205 18
226 225 205 17
227 226 205 33
228 227 205 34
229 228 205 35
230 229 205 36
231 230 205 37
231 232 205 37
232 233 205 36
233 234 205 35
234 235 205 34
235 236 205 33
236 237 205 17
237 238 205 18
238 239 205 19
241 240 205 46
242 241 205 47
243 242 205 63
244 243 205 62
245 244 205 61
246 245 205 60
247 246 205 59
248 247 205 58
248 249 205 58
249 250 205 59
250 251 205 60
251 252 205 61
252 253 205 62
253 254 205 63
254 255 205 47
255 239 205 46
0 1 206 194
1 2 206 195
2 3 206 196
3 4 206 197
4 5 206 198
5 6 206 199
6 7 206 215
7 8 206 214
7 23 206 214
8 9 206 213
9 10 206 212
10 11 206 211
11 12 206 210
12 13 206 209
14 15 206 225
18 17 206 207
19 18 206 206
20 19 206 205
21 20 206 204
22 21 206 203
23 22 206 202
24 8 206 201
24 23 206 201
25 41 206 234
26 25 206 233
27 26 206 217
28 27 206 218
29 28 206 219
30 29 206 220
31 30 206 221
32 16 206 177
33 34 206 227
34 35 206 228
35 36 206 229
36 37 206 230
37 38 206 231
38 39 206 247
39 40 206 246
39 55 206 246
40 41 206 245
41 42 206 244
42 43 206 243
43 44 206 242
44 45 206 241
45 46 206 240
49 48 206 205
50 49 206 204
51 50 206 203
52 51 206 202
53 52 206 201
54 53 206 185
55 54 206 186
56 40 206 187
56 55 206 187
57 73 206 232
58 57 206 248
59 58 206 249
60 59 206 250
61 60 206 251
62 61 206 252
63 62 206 253
64 48 206 180
65 66 206 208
67 68 206 192
68 69 206 176
70 71 206 160
71 72 206 144
71 87 206 144
73 74 206 128
74 75 206 112
76 77 206 96
77 78 206 80
81 80 206 202
82 81 206 201
83 82 206 185
84 83 206 186
85 84 206 187
86 85 206 188
87 86 206 189
88 72 206 190
88 87 206 190
89 105 206 72
90 89 206 88
92 91 206 104
93 92 206 120
95 94 206 136
96 80 206 183
97 98 206 48
99 100 206 32
100 101 206 16
102 103 206 0
103 104 206 1
103 119 206 1
104 105 206 2
105 106 206 3
106 107 206 4
107 108 206 5
108 109 206 6
109 110 206 7
110 111 206 23
113 112 206 186
114 113 206 187
115 114 206 188
116 115 206 189
117 116 206 190
118 117 206 191
120 104 206 175
120 119 206 175
121 137 206 31
123 122 206 15
124 123 206 14
125 124 206 13
126 125 206 12
127 126 206 11
128 112 206 165
129 130 206 21
130 131 206 20
131 132 206 19
132 133 206 18
133 134 206 17
135 136 206 33
135 151 206 33
136 137 206 34
137 138 206 35
138 139 206 36
139 140 206 37
140 141 206 38
141 142 206 39
142 143 206 55
145 144 206 189
146 145 206 190
147 146 206 191
149 148 206 175
150 149 206 174
151 150 206 173
152 136 206 172
152 151 206 172
153 169 206 63
155 154 206 47
156 155 206 46
157 156 206 45
158 157 206 44
159 158 206 43
160 144 206 162
161 162 206 53
162 163 206 52
163 164 206 51
164 165 206 50
165 166 206 49
167 168 206 65
167 183 206 65
168 169 206 66
169 170 206 67
170 171 206 68
171 172 206 69
172 173 206 70
173 174 206 71
174 175 206 87
178 177 206 175
179 178 206 174
180 179 206 173
181 180 206 172
182 181 206 171
183 182 206 170
184 168 206 169
184 183 206 169
185 201 206 95
187 186 206 79
188 187 206 78
189 188 206 77
190 189 206 76
191 190 206 75
192 176 206 145
193 194 206 85
194 195 206 84
195 196 206 83
196 197 206 82
197 198 206 81
199 200 206 97
199 215 206 97
200 201 206 98
201 202 206 99
202 203 206 100
203 204 206 101
204 205 206 102
205 206 206 103
206 207 206 119
209 208 206 173
210 209 206 172
211 210 206 171
212 211 206 170
213 212 206 169
214 213 206 153
215 214 206 154
216 200 206 155
216 215 206 155
217 233 206 127
219 218 206 111
220 219 206 110
221 220 206 109
222 221 206 108
223 222 206 107
224 208 206 148
225 226 206 117
226 227 206 116
227 228 206 115
228 229 206 114
229 230 206 113
231 232 206 129
231 247 206 129
232 233 206 130
233 234 206 131
234 235 206 132
235 236 206 133
236 237 206 134
237 238 206 135
238 239 206 151
241 240 206 170
242 241 206 169
243 242 206 153
244 243 206 154
245 244 206 155
246 245 206 156
247 246 206 157
248 232 206 158
248 247 206 158
249 248 206 159
251 250 206 143
252 251 206 142
253 252 206 141
254 253 206 140
255 254 206 139
1 0 207 89
3 2 207 105
4 3 207 106
5 4 207 107
6 5 207 108
7 6 207 109
8 7 207 110
8 24 207 110
9 8 207 111
10 9 207 127
11 10 207 126
12 11 207 125
13 12 207 124
14 13 207 123
15 14 207 122
16 32 207 101
17 18 207 134
18 19 207 133
19 20 207 132
20 21 207 131
21 22 207 130
22 23 207 129
23 7 207 113
23 24 207 113
24 25 207 114
25 26 207 115
26 27 207 116
27 28 207 117
28 29 207 118
29 30 207 119
33 32 207 92
34 33 207 91
35 34 207 90
36 35 207 89
38 37 207 105
39 38 207 106
40 39 207 107
40 56 207 107
41 25 207 143
42 41 207 159
43 42 207 158
44 43 207 157
45 44 207 156
46 45 207 155
47 46 207 154
48 64 207 98
49 50 207 166
50 51 207 165
51 52 207 164
52 53 207 163
53 54 207 162
54 55 207 161
55 39 207 145
55 56 207 145
56 57 207 146
57 58 207 147
58 59 207 148
59 60 207 149
60 61 207 150
61 62 207 151
65 64 207 95
66 65 207 94
67 66 207 93
68 67 207 92
69 68 207 91
70 69 207 90
71 70 207 89
73 57 207 175
74 73 207 191
75 74 207 190
76 75 207 189
77 76 207 188
78 77 207 187
79 78 207 186
80 96 207 82
81 82 207 198
82 83 207 197
83 84 207 196
84 85 207 195
85 86 207 194
86 87 207 193
87 71 207 177
87 88 207 177
88 89 207 178
89 90 207 179
90 91 207 180
91 92 207 181
92 93 207 182
93 94 207 183
97 96 207 77
98 97 207 78
99 98 207 79
100 99 207 95
101 100 207 94
102 101 207 93
103 102 207 92
104 103 207 91
104 120 207 91
105 89 207 207
106 105 207 223
107 106 207 222
108 107 207 221
109 108 207 220
110 109 207 219
111 110 207 218
112 128 207 85
113 114 207 230
114 115 207 229
115 116 207 228
116 117 207 227
117 118 207 226
118 119 207 225
119 103 207 209
119 120 207 209
120 121 207 210
121 122 207 211
122 123 207 212
123 124 207 213
124 125 207 214
125 126 207 215
129 128 207 74
130 129 207 75
131 130 207 76
132 131 207 77
133 132 207 78
134 133 207 79
135 134 207 95
136 135 207 94
136 152 207 94
137 121 207 239
138 137 207 255
139 138 207 254
140 139 207 253
141 140 207 252
142 141 207 251
143 142 207 250
146 147 207 192
147 148 207 208
149 150 207 224
150 151 207 240
151 135 207 241
151 152 207 241
152 153 207 242
153 154 207 243
154 155 207 244
155 156 207 245
156 157 207 246
157 158 207 247
161 160 207 57
163 162 207 73
164 163 207 74
165 164 207 75
166 165 207 76
167 166 207 77
168 167 207 78
168 184 207 78
170 169 207 168
171 170 207 152
173 172 207 136
174 173 207 120
176 192 207 69
178 179 207 32
179 180 207 48
181 182 207 64
182 183 207 80
184 185 207 96
185 186 207 112
187 188 207 128
188 189 207 144
190 191 207 160
193 192 207 60
194 193 207 59
195 194 207 58
196 195 207 57
198 197 207 73
199 198 207 74
200 199 207 75
200 216 207 75
202 201 207 8
203 202 207 9
204 203 207 10
205 204 207 11
206 205 207 12
207 206 207 13
208 224 207 66
209 210 207 19
210 211 207 20
211 212 207 21
212 213 207 22
213 214 207 23
215 199 207 7
215 216 207 7
216 217 207 6
217 218 207 5
218 219 207 4
219 220 207 3
220 221 207 2
221 222 207 1
222 223 207 0
225 224 207 63
226 225 207 62
227 226 207 61
228 227 207 60
229 228 207 59
230 229 207 58
231 230 207 57
233 217 207 25
235 234 207 41
236 235 207 42
237 236 207 43
238 237 207 44
239 238 207 45
240 241 207 50
241 242 207 51
242 243 207 52
243 244 207 53
244 245 207 54
245 246 207 55
247 231 207 39
247 248 207 39
248 249 207 38
249 250 207 37
250 251 207 36
251 252 207 35
252 253 207 34
253 254 207 33
254 255 207 17
1 0 208 223
3 2 208 207
4 3 208 206
5 4 208 205
6 5 208 204
7 6 208 203
8 7 208 202
8 9 208 202
9 10 208 203
10 11 208 204
11 12 208 205
12 13 208 206
13 14 208 207
15 31 208 223
17 33 208 225
19 18 208 209
20 19 208 210
21 20 208 211
22 21 208 212
23 22 208 213
23 24 208 213
24 25 208 212
25 26 208 211
26 27 208 210
27 28 208 209
29 30 208 225
30 31 208 226
33 32 208 206
34 33 208 205
35 34 208 204
36 35 208 203
37 36 208 202
38 37 208 201
39 38 208 185
40 24 208 186
40 39 208 186
41 42 208 235
42 43 208 236
43 44 208 237
44 45 208 238
45 46 208 239
47 63 208 255
48 32 208 179
50 49 208 240
51 50 208 241
52 51 208 242
53 52 208 243
54 53 208 244
55 54 208 245
55 56 208 245
56 57 208 244
57 58 208 243
58 59 208 242
59 60 208 241
60 61 208 240
62 63 208 224
65 64 208 203
66 65 208 202
67 66 208 201
68 67 208 185
69 68 208 186
70 69 208 187
71 70 208 188
72 56 208 189
72 71 208 189
74 75 208 216
75 76 208 200
77 78 208 184
78 79 208 168
80 64 208 182
82 81 208 80
83 82 208 96
85 84 208 112
86 85 208 128
88 89 208 128
89 90 208 112
91 92 208 96
92 93 208 80
94 95 208 64
97 96 208 185
98 97 208 186
99 98 208 187
100 99 208 188
101 100 208 189
102 101 208 190
103 102 208 191
106 107 208 56
107 108 208 40
109 110 208 24
110 111 208 8
111 127 208 9
112 96 208 166
113 129 208 23
114 113 208 7
115 114 208 6
116 115 208 5
117 116 208 4
118 117 208 3
119 118 208 2
119 120 208 2
120 121 208 3
121 122 208 4
122 123 208 5
123 124 208 6
124 125 208 7
125 126 208 23
126 127 208 22
129 128 208 188
130 129 208 189
131 130 208 190
132 131 208 191
134 133 208 175
135 134 208 174
136 120 208 173
136 135 208 173
137 138 208 30
138 139 208 29
139 140 208 28
140 141 208 27
141 142 208 26
142 143 208 25
143 159 208 41
144 128 208 163
145 161 208 55
146 145 208 39
147 146 208 38
148 147 208 37
149 148 208 36
150 149 208 35
151 150 208 34
151 152 208 34
152 153 208 35
153 154 208 36
154 155 208 37
155 156 208 38
156 157 208 39
157 158 208 55
158 159 208 54
161 160 208 191
163 162 208 175
164 163 208 174
165 164 208 173
166 165 208 172
167 166 208 171
168 152 208 170
168 167 208 170
169 170 208 62
170 171 208 61
171 172 208 60
172 173 208 59
173 174 208 58
174 175 208 57
175 191 208 73
177 193 208 87
178 177 208 71
179 178 208 70
180 179 208 69
181 180 208 68
182 181 208 67
183 182 208 66
183 184 208 66
184 185 208 67
185 186 208 68
186 187 208 69
187 188 208 70
188 189 208 71
189 190 208 87
190 191 208 86
193 192 208 174
194 193 208 173
195 194 208 172
196 195 208 171
197 196 208 170
198 197 208 169
199 198 208 153
200 184 208 154
200 199 208 154
201 202 208 94
202 203 208 93
203 204 208 92
204 205 208 91
205 206 208 90
206 207 208 89
207 223 208 105
208 192 208 147
209 225 208 119
210 209 208 103
211 210 208 102
212 211 208 101
213 212 208 100
214 213 208 99
215 214 208 98
215 216 208 98
216 217 208 99
217 218 208 100
218 219 208 101
219 220 208 102
220 221 208 103
221 222 208 119
222 223 208 118
225 224 208 171
226 225 208 170
227 226 208 169
228 227 208 153
229 228 208 154
230 229 208 155
231 230 208 156
232 216 208 157
232 231 208 157
233 234 208 126
234 235 208 125
235 236 208 124
236 237 208 123
237 238 208 122
238 239 208 121
239 255 208 137
240 224 208 150
241 240 208 151
242 241 208 135
243 242 208 134
244 243 208 133
245 244 208 132
246 245 208 131
247 246 208 130
247 248 208 130
248 249 208 131
249 250 208 132
250 251 208 133
251 252 208 134
252 253 208 135
253 254 208 151
254 255 208 150
0 16 209 103
2 1 209 119
3 2 209 118
4 3 209 117
5 4 209 116
6 5 209 115
7 6 209 114
7 8 209 114
8 9 209 115
9 10 209 116
10 11 209 117
11 12 209 118
12 13 209 119
14 15 209 103
17 16 209 90
18 17 209 89
20 19 209 105
21 20 209 106
22 21 209 107
23 22 209 108
24 23 209 109
24 40 209 109
25 26 209 142
26 27 209 141
27 28 209 140
28 29 209 139
29 30 209 138
30 31 209 137
32 48 209 100
34 33 209 151
35 34 209 150
36 35 209 149
37 36 209 148
38 37 209 147
39 38 209 146
39 40 209 146
40 41 209 147
41 42 209 148
42 43 209 149
43 44 209 150
44 45 209 151
46 47 209 135
49 48 209 93
50 49 209 92
51 50 209 91
52 51 209 90
53 52 209 89
55 54 209 105
56 55 209 106
56 72 209 106
57 58 209 174
58 59 209 173
59 60 209 172
60 61 209 171
61 62 209 170
62 63 209 169
64 80 209 97
66 65 209 183
67 66 209 182
68 67 209 181
69 68 209 180
70 69 209 179
71 70 209 178
71 72 209 178
72 73 209 179
73 74 209 180
74 75 209 181
75 76 209 182
76 77 209 183
78 79 209 167
81 80 209 79
82 81 209 95
83 82 209 94
84 83 209 93
85 84 209 92
86 85 209 91
87 86 209 90
88 87 209 89
88 104 209 89
89 90 209 206
90 91 209 205
91 92 209 204
92 93 209 203
93 94 209 202
94 95 209 201
96 112 209 83
98 97 209 215
99 98 209 214
100 99 209 213
101 100 209 212
102 101 209 211
103 102 209 210
103 104 209 210
104 105 209 211
105 106 209 212
106 107 209 213
107 108 209 214
108 109 209 215
110 111 209 199
113 112 209 76
114 113 209 77
115 114 209 78
116 115 209 79
117 116 209 95
118 117 209 94
119 118 209 93
120 119 209 92
120 136 209 92
121 122 209 238
122 123 209 237
123 124 209 236
124 125 209 235
125 126 209 234
126 127 209 233
128 144 209 86
130 129 209 247
131 130 209 246
132 131 209 245
133 132 209 244
134 133 209 243
135 134 209 242
135 136 209 242
136 137 209 243
137 138 209 244
138 139 209 245
139 140 209 246
140 141 209 247
142 143 209 231
145 144 209 73
146 145 209 74
147 146 209 75
148 147 209 76
149 148 209 77
150 149 209 78
151 150 209 79
152 151 209 95
152 168 209 95
153 154 209 184
154 155 209 200
156 157 209 216
157 158 209 232
159 143 209 248
160 176 209 71
161 145 209 160
163 162 209 144
164 163 209 128
166 165 209 112
167 166 209 96
167 168 209 96
168 169 209 112
170 171 209 128
171 172 209 144
173 174 209 160
174 175 209 176
177 176 209 58
178 177 209 57
180 179 209 73
181 180 209 74
182 181 209 75
183 182 209 76
184 183 209 77
184 200 209 77
185 186 209 24
186 187 209 40
188 189 209 56
189 190 209 72
191 175 209 88
192 208 209 68
193 177 209 0
194 193 209 1
195 194 209 2
196 195 209 3
197 196 209 4
198 197 209 5
199 198 209 6
199 200 209 6
200 201 209 5
201 202 209 4
202 203 209 3
203 204 209 2
204 205 209 1
205 206 209 0
206 207 209 16
209 208 209 61
210 209 209 60
211 210 209 59
212 211 209 58
213 212 209 57
215 214 209 73
216 215 209 74
216 232 209 74
217 218 209 26
218 219 209 27
219 220 209 28
220 221 209 29
221 222 209 30
222 223 209 31
223 207 209 15
224 240 209 65
225 209 209 17
226 225 209 33
227 226 209 34
228 227 209 35
229 228 209 36
230 229 209 37
231 230 209 38
231 232 209 38
232 233 209 37
233 234 209 36
234 235 209 35
235 236 209 34
236 237 209 33
237 238 209 17
238 239 209 18
241 240 209 47
242 241 209 63
243 242 209 62
244 243 209 61
245 244 209 60
246 245 209 59
247 246 209 58
248 247 209 57
248 249 209 57
249 250 209 58
250 251 209 59
251 252 209 60
252 253 209 61
253 254 209 62
254 255 209 63
255 239 209 47
0 1 210 193
1 2 210 194
2 3 210 195
3 4 210 196
4 5 210 197
5 6 210 198
6 7 210 199
7 8 210 215
7 23 210 215
8 9 210 214
9 10 210 213
10 11 210 212
11 12 210 211
12 13 210 210
13 14 210 209
17 16 210 207
18 17 210 206
19 18 210 205
20 19 210 204
21 20 210 203
22 21 210 202
23 22 210 201
24 8 210 185
24 23 210 185
25 41 210 233
26 25 210 217
27 26 210 218
28 27 210 219
29 28 210 220
30 29 210 221
31 30 210 222
32 16 210 178
33 34 210 226
34 35 210 227
35 36 210 228
36 37 210 229
37 38 210 230
38 39 210 231
39 40 210 247
39 55 210 247
40 41 210 246
41 42 210 245
42 43 210 244
43 44 210 243
44 45 210 242
45 46 210 241
46 47 210 240
49 48 210 204
50 49 210 203
51 50 210 202
52 51 210 201
53 52 210 185
54 53 210 186
55 54 210 187
56 40 210 188
56 55 210 188
57 73 210 248
58 57 210 249
59 58 210 250
60 59 210 251
61 60 210 252
62 61 210 253
63 62 210 254
64 48 210 181
65 66 210 224
66 67 210 208
68 69 210 192
69 70 210 176
71 72 210 160
71 87 210 160
72 73 210 144
74 75 210 128
75 76 210 112
77 78 210 96
78 79 210 80
81 80 210 201
82 81 210 185
83 82 210 186
84 83 210 187
85 84 210 188
86 85 210 189
87 86 210 190
88 72 210 191
88 87 210 191
89 105 210 88
91 90 210 104
92 91 210 120
94 93 210 136
95 94 210 152
96 80 210 167
97 98 210 64
98 99 210 48
100 101 210 32
101 102 210 16
103 104 210 0
103 119 210 0
104 105 210 1
105 106 210 2
106 107 210 3
107 108 210 4
108 109 210 5
109 110 210 6
110 111 210 7
113 112 210 187
114 113 210 188
115 114 210 189
116 115 210 190
117 116 210 191
119 118 210 175
120 104 210 174
120 119 210 174
122 121 210 15
123 122 210 14
124 123 210 13
125 124 210 12
126 125 210 11
127 126 210 10
128 112 210 164
129 130 210 22
130 131 210 21
131 132 210 20
132 133 210 19
133 134 210 18
134 135 210 17
136 137 210 33
137 138 210 34
138 139 210 35
139 140 210 36
140 141 210 37
141 142 210 38
142 143 210 39
145 144 210 190
146 145 210 191
148 147 210 175
149 148 210 174
150 149 210 173
151 150 210 172
152 136 210 171
152 151 210 171
154 153 210 47
155 154 210 46
156 155 210 45
157 156 210 44
158 157 210 43
159 158 210 42
160 144 210 161
161 162 210 54
162 163 210 53
163 164 210 52
164 165 210 51
165 166 210 50
166 167 210 49
168 169 210 65
169 170 210 66
170 171 210 67
171 172 210 68
172 173 210 69
173 174 210 70
174 175 210 71
177 176 210 175
178 177 210 174
179 178 210 173
180 179 210 172
181 180 210 171
182 181 210 170
183 182 210 169
184 168 210 153
184 183 210 153
186 185 210 79
187 186 210 78
188 187 210 77
189 188 210 76
190 189 210 75
191 190 210 74
192 176 210 146
193 194 210 86
194 195 210 85
195 196 210 84
196 197 210 83
197 198 210 82
198 199 210 81
200 201 210 97
201 202 210 98
202 203 210 99
203 204 210 100
204 205 210 101
205 206 210 102
206 207 210 103
209 208 210 172
210 209 210 171
211 210 210 170
212 211 210 169
213 212 210 153
214 213 210 154
215 214 210 155
216 200 210 156
216 215 210 156
218 217 210 111
219 218 210 110
220 219 210 109
221 220 210 108
222 221 210 107
223 222 210 106
224 208 210 149
225 226 210 118
226 227 210 117
227 228 210 116
228 229 210 115
229 230 210 114
230 231 210 113
232 233 210 129
233 234 210 130
234 235 210 131
235 236 210 132
236 237 210 133
237 238 210 134
238 239 210 135
241 240 210 169
242 241 210 153
243 242 210 154
244 243 210 155
245 244 210 156
246 245 210 157
247 246 210 158
248 232 210 159
248 247 210 159
250 249 210 143
251 250 210 142
252 251 210 141
253 252 210 140
254 253 210 139
255 254 210 138
2 1 211 105
3 2 211 106
4 3 211 107
5 4 211 108
6 5 211 109
7 6 211 110
8 7 211 111
8 24 211 111
9 8 211 127
10 9 211 126
11 10 211 125
12 11 211 124
13 12 211 123
14 13 211 122
15 14 211 121
16 32 211 102
17 18 211 135
18 19 211 134
19 20 211 133
20 21 211 132
21 22 211 131
22 23 211 130
23 7 211 129
23 24 211 129
24 25 211 113
25 26 211 114
26 27 211 115
27 28 211 116
28 29 211 117
29 30 211 118
30 31 211 119
33 32 211 91
34 33 211 90
35 34 211 89
37 36 211 105
38 37 211 106
39 38 211 107
40 39 211 108
40 56 211 108
41 25 211 159
42 41 211 158
43 42 211 157
44 43 211 156
45 44 211 155
46 45 211 154
47 46 211 153
48 64 211 99
49 50 211 167
50 51 211 166
51 52 211 165
52 53 211 164
53 54 211 163
54 55 211 162
55 39 211 161
55 56 211 161
56 57 211 145
57 58 211 146
58 59 211 147
59 60 211 148
60 61 211 149
61 62 211 150
62 63 211 151
65 64 211 94
66 65 211 93
67 66 211 92
68 67 211 91
69 68 211 90
70 69 211 89
72 71 211 105
72 88 211 105
73 57 211 191
74 73 211 190
75 74 211 189
76 75 211 188
77 76 211 187
78 77 211 186
79 78 211 185
80 96 211 81
81 82 211 199
82 83 211 198
83 84 211 197
84 85 211 196
85 86 211 195
86 87 211 194
87 71 211 193
87 88 211 193
88 89 211 177
89 90 211 178
90 91 211 179
91 92 211 180
92 93 211 181
93 94 211 182
94 95 211 183
97 96 211 78
98 97 211 79
99 98 211 95
100 99 211 94
101 100 211 93
102 101 211 92
103 102 211 91
104 103 211 90
104 120 211 90
105 89 211 223
106 105 211 222
107 106 211 221
108 107 211 220
109 108 211 219
110 109 211 218
111 110 211 217
112 128 211 84
113 114 211 231
114 115 211 230
115 116 211 229
116 117 211 228
117 118 211 227
118 119 211 226
119 103 211 225
119 120 211 225
120 121 211 209
121 122 211 210
122 123 211 211
123 124 211 212
124 125 211 213
125 126 211 214
126 127 211 215
129 128 211 75
130 129 211 76
131 130 211 77
132 131 211 78
133 132 211 79
134 133 211 95
135 134 211 94
136 135 211 93
136 152 211 93
137 121 211 255
138 137 211 254
139 138 211 253
140 139 211 252
141 140 211 251
142 141 211 250
143 142 211 249
144 160 211 87
145 146 211 176
147 148 211 192
148 149 211 208
150 151 211 224
151 135 211 240
151 152 211 240
152 153 211 241
153 154 211 242
154 155 211 243
155 156 211 244
156 157 211 245
157 158 211 246
158 159 211 247
162 161 211 73
163 162 211 74
164 163 211 75
165 164 211 76
166 165 211 77
167 166 211 78
168 167 211 79
168 184 211 79
169 153 211 168
170 169 211 152
172 171 211 136
173 172 211 120
175 174 211 104
176 192 211 70
177 178 211 16
179 180 211 32
180 181 211 48
182 183 211 64
183 167 211 80
183 184 211 80
185 186 211 96
186 187 211 112
188 189 211 128
189 190 211 144
193 192 211 59
194 193 211 58
195 194 211 57
197 196 211 73
198 197 211 74
199 198 211 75
200 199 211 76
200 216 211 76
201 185 211 8
202 201 211 9
203 202 211 10
204 203 211 11
205 204 211 12
206 205 211 13
207 206 211 14
208 224 211 67
209 210 211 18
210 211 211 19
211 212 211 20
212 213 211 21
213 214 211 22
214 215 211 23
216 217 211 7
217 218 211 6
218 219 211 5
219 220 211 4
220 221 211 3
221 222 211 2
222 223 211 1
225 224 211 62
226 225 211 61
227 226 211 60
228 227 211 59
229 228 211 58
230 229 211 57
232 231 211 73
232 248 211 73
234 233 211 41
235 234 211 42
236 235 211 43
237 236 211 44
238 237 211 45
239 238 211 46
240 241 211 49
241 242 211 50
242 243 211 51
243 244 211 52
244 245 211 53
245 246 211 54
246 247 211 55
248 249 211 39
249 250 211 38
250 251 211 37
251 252 211 36
252 253 211 35
253 254 211 34
254 255 211 33
2 1 212 207
3 2 212 206
4 3 212 205
5 4 212 204
6 5 212 203
7 6 212 202
8 7 212 201
8 9 212 201
9 10 212 202
10 11 212 203
11 12 212 204
12 13 212 205
13 14 212 206
14 15 212 207
16 0 212 177
18 17 212 209
19 18 212 210
20 19 212 211
21 20 212 212
22 21 212 213
23 22 212 214
23 24 212 214
24 25 212 213
25 26 212 212
26 27 212 211
27 28 212 210
28 29 212 209
30 31 212 225
33 32 212 205
34 33 212 204
35 34 212 203
36 35 212 202
37 36 212 201
38 37 212 185
39 38 212 186
40 24 212 187
40 39 212 187
41 42 212 234
42 43 212 235
43 44 212 236
44 45 212 237
45 46 212 238
46 47 212 239
48 32 212 180
49 65 212 240
50 49 212 241
51 50 212 242
52 51 212 243
53 52 212 244
54 53 212 245
55 54 212 246
55 56 212 246
56 57 212 245
57 58 212 244
58 59 212 243
59 60 212 242
60 61 212 241
61 62 212 240
65 64 212 202
66 65 212 201
67 66 212 185
68 67 212 186
69 68 212 187
70 69 212 188
71 70 212 189
72 56 212 190
72 71 212 190
73 74 212 232
75 76 212 216
76 77 212 200
78 79 212 184
79 95 212 168
80 64 212 183
81 97 212 80
82 81 212 96
84 83 212 112
85 84 212 128
87 86 212 144
87 88 212 144
89 90 212 128
90 91 212 112
92 93 212 96
93 94 212 80
97 96 212 186
98 97 212 187
99 98 212 188
100 99 212 189
101 100 212 190
102 101 212 191
104 88 212 175
104 103 212 175
105 106 212 72
107 108 212 56
108 109 212 40
110 111 212 24
111 127 212 8
112 96 212 165
113 129 212 7
114 113 212 6
115 114 212 5
116 115 212 4
117 116 212 3
118 117 212 2
119 118 212 1
119 120 212 1
120 121 212 2
121 122 212 3
122 123 212 4
123 124 212 5
124 125 212 6
125 126 212 7
126 127 212 23
129 128 212 189
130 129 212 190
131 130 212 191
133 132 212 175
134 133 212 174
135 134 212 173
136 120 212 172
136 135 212 172
137 138 212 31
138 139 212 30
139 140 212 29
140 141 212 28
141 142 212 27
142 143 212 26
143 159 212 25
144 128 212 162
145 161 212 39
146 145 212 38
147 146 212 37
148 147 212 36
149 148 212 35
150 149 212 34
151 150 212 33
151 152 212 33
152 153 212 34
153 154 212 35
154 155 212 36
155 156 212 37
156 157 212 38
157 158 212 39
158 159 212 55
162 161 212 175
163 162 212 174
164 163 212 173
165 164 212 172
166 165 212 171
167 166 212 170
168 152 212 169
168 167 212 169
169 170 212 63
170 171 212 62
171 172 212 61
172 173 212 60
173 174 212 59
174 175 212 58
175 191 212 57
176 160 212 145
177 193 212 71
178 177 212 70
179 178 212 69
180 179 212 68
181 180 212 67
182 181 212 66
183 182 212 65
183 184 212 65
184 185 212 66
185 186 212 67
186 187 212 68
187 188 212 69
188 189 212 70
189 190 212 71
190 191 212 87
193 192 212 173
194 193 212 172
195 194 212 171
196 195 212 170
197 196 212 169
198 197 212 153
199 198 212 154
200 184 212 155
200 199 212 155
201 202 212 95
202 203 212 94
203 204 212 93
204 205 212 92
205 206 212 91
206 207 212 90
207 223 212 89
208 192 212 148
209 225 212 103
210 209 212 102
211 210 212 101
212 211 212 100
213 212 212 99
214 213 212 98
215 214 212 97
215 216 212 97
216 217 212 98
217 218 212 99
218 219 212 100
219 220 212 101
220 221 212 102
221 222 212 103
222 223 212 119
225 224 212 170
226 225 212 169
227 226 212 153
228 227 212 154
229 228 212 155
230 229 212 156
231 230 212 157
232 216 212 158
232 231 212 158
233 234 212 127
234 235 212 126
235 236 212 125
236 237 212 124
237 238 212 123
238 239 212 122
239 255 212 121
240 224 212 151
241 240 212 135
242 241 212 134
243 242 212 133
244 243 212 132
245 244 212 131
246 245 212 130
247 246 212 129
247 248 212 129
248 249 212 130
249 250 212 131
250 251 212 132
251 252 212 133
252 253 212 134
253 254 212 135
254 255 212 151
1 0 213 119
2 1 213 118
3 2 213 117
4 3 213 116
5 4 213 115
6 5 213 114
7 6 213 113
7 8 213 113
8 9 213 114
9 10 213 115
10 11 213 116
11 12 213 117
12 13 213 118
13 14 213 119
17 16 213 89
19 18 213 105
20 19 213 106
21 20 213 107
22 21 213 108
23 22 213 109
24 23 213 110
24 40 213 110
25 26 213 143
26 27 213 142
27 28 213 141
28 29 213 140
29 30 213 139
30 31 213 138
31 15 213 137
32 48 213 101
33 17 213 151
34 33 213 150
35 34 213 149
36 35 213 148
37 36 213 147
38 37 213 146
39 38 213 145
39 40 213 145
40 41 213 146
41 42 213 147
42 43 213 148
43 44 213 149
44 45 213 150
45 46 213 151
49 48 213 92
50 49 213 91
51 50 213 90
52 51 213 89
54 53 213 105
55 54 213 106
56 55 213 107
56 72 213 107
57 58 213 175
58 59 213 174
59 60 213 173
60 61 213 172
61 62 213 171
62 63 213 170
63 47 213 169
64 80 213 98
65 49 213 183
66 65 213 182
67 66 213 181
68 67 213 180
69 68 213 179
70 69 213 178
71 70 213 177
71 72 213 177
72 73 213 178
73 74 213 179
74 75 213 180
75 76 213 181
76 77 213 182
77 78 213 183
81 80 213 95
82 81 213 94
83 82 213 93
84 83 213 92
85 84 213 91
86 85 213 90
87 86 213 89
89 90 213 207
90 91 213 206
91 92 213 205
92 93 213 204
93 94 213 203
94 95 213 202
95 79 213 201
96 112 213 82
97 81 213 215
98 97 213 214
99 98 213 213
100 99 213 212
101 100 213 211
102 101 213 210
103 102 213 209
103 104 213 209
104 105 213 210
105 106 213 211
106 107 213 212
107 108 213 213
108 109 213 214
109 110 213 215
113 112 213 77
114 113 213 78
115 114 213 79
116 115 213 95
117 116 213 94
118 117 213 93
119 118 213 92
120 119 213 91
120 136 213 91
121 122 213 239
122 123 213 238
123 124 213 237
124 125 213 236
125 126 213 235
126 127 213 234
127 111 213 233
128 144 213 85
129 113 213 247
130 129 213 246
131 130 213 245
132 131 213 244
133 132 213 243
134 133 213 242
135 134 213 241
135 136 213 241
136 137 213 242
137 138 213 243
138 139 213 244
139 140 213 245
140 141 213 246
141 142 213 247
145 144 213 74
146 145 213 75
147 146 213 76
148 147 213 77
149 148 213 78
150 149 213 79
151 150 213 95
152 151 213 94
152 168 213 94
154 155 213 184
155 156 213 200
157 158 213 216
158 159 213 232
162 161 213 144
163 162 213 128
165 164 213 112
166 165 213 96
168 169 213 96
169 170 213 112
171 172 213 128
172 173 213 144
174 175 213 160
177 176 213 57
179 178 213 73
180 179 213 74
181 180 213 75
182 181 213 76
183 182 213 77
184 183 213 78
184 200 213 78
186 187 213 24
187 188 213 40
189 190 213 56
190 191 213 72
192 208 213 69
193 177 213 1
194 193 213 2
195 194 213 3
196 195 213 4
197 196 213 5
198 197 213 6
199 198 213 7
199 200 213 7
200 201 213 6
201 202 213 5
202 203 213 4
203 204 213 3
204 205 213 2
205 206 213 1
206 207 213 0
209 208 213 60
210 209 213 59
211 210 213 58
212 211 213 57
214 213 213 73
215 214 213 74
216 215 213 75
216 232 213 75
217 218 213 25
218 219 213 26
219 220 213 27
220 221 213 28
221 222 213 29
222 223 213 30
223 207 213 31
224 240 213 66
225 209 213 33
226 225 213 34
227 226 213 35
228 227 213 36
229 228 213 37
230 229 213 38
231 230 213 39
231 232 213 39
232 233 213 38
233 234 213 37
234 235 213 36
235 236 213 35
236 237 213 34
237 238 213 33
238 239 213 17
241 240 213 63
242 241 213 62
243 242 213 61
244 243 213 60
245 244 213 59
246 245 213 58
247 246 213 57
249 250 213 57
250 251 213 58
251 252 213 59
252 253 213 60
253 254 213 61
254 255 213 62
255 239 213 63
1 2 214 193
2 3 214 194
3 4 214 195
4 5 214 196
5 6 214 197
6 7 214 198
7 8 214 199
7 23 214 199
8 9 214 215
9 10 214 214
10 11 214 213
11 12 214 212
12 13 214 211
13 14 214 210
14 15 214 209
17 16 214 206
18 17 214 205
19 18 214 204
20 19 214 203
21 20 214 202
22 21 214 201
23 22 214 185
24 8 214 186
24 23 214 186
25 41 214 217
26 25 214 218
27 26 214 219
28 27 214 220
29 28 214 221
30 29 214 222
31 30 214 223
32 16 214 179
33 34 214 225
34 35 214 226
35 36 214 227
36 37 214 228
37 38 214 229
38 39 214 230
39 40 214 231
39 55 214 231
40 41 214 247
41 42 214 246
42 43 214 245
43 44 214 244
44 45 214 243
45 46 214 242
46 47 214 241
49 48 214 203
50 49 214 202
51 50 214 201
52 51 214 185
53 52 214 186
54 53 214 187
55 54 214 188
56 40 214 189
56 55 214 189
57 73 214 249
58 57 214 250
59 58 214 251
60 59 214 252
61 60 214 253
62 61 214 254
63 62 214 255
64 48 214 182
66 67 214 224
67 68 214 208
69 70 214 192
70 71 214 176
72 73 214 160
73 74 214 144
75 76 214 128
76 77 214 112
78 79 214 96
81 80 214 185
82 81 214 186
83 82 214 187
84 83 214 188
85 84 214 189
86 85 214 190
87 86 214 191
90 89 214 104
91 90 214 120
93 92 214 136
94 93 214 152
96 80 214 166
98 99 214 64
99 100 214 48
101 102 214 32
102 103 214 16
104 105 214 0
105 106 214 1
106 107 214 2
107 108 214 3
108 109 214 4
109 110 214 5
110 111 214 6
113 112 214 188
114 113 214 189
115 114 214 190
116 115 214 191
118 117 214 175
119 118 214 174
120 104 214 173
120 119 214 173
121 137 214 15
122 121 214 14
123 122 214 13
124 123 214 12
125 124 214 11
126 125 214 10
127 126 214 9
128 112 214 163
129 130 214 23
130 131 214 22
131 132 214 21
132 133 214 20
133 134 214 19
134 135 214 18
135 136 214 17
135 151 214 17
137 138 214 33
138 139 214 34
139 140 214 35
140 141 214 36
141 142 214 37
142 143 214 38
145 144 214 191
147 146 214 175
148 147 214 174
149 148 214 173
150 149 214 172
151 150 214 171
152 136 214 170
152 151 214 170
153 169 214 47
154 153 214 46
155 154 214 45
156 155 214 44
157 156 214 43
158 157 214 42
159 158 214 41
161 162 214 55
162 163 214 54
163 164 214 53
164 165 214 52
165 166 214 51
166 167 214 50
167 168 214 49
167 183 214 49
169 170 214 65
170 171 214 66
171 172 214 67
172 173 214 68
173 174 214 69
174 175 214 70
177 176 214 174
178 177 214 173
179 178 214 172
180 179 214 171
181 180 214 170
182 181 214 169
183 182 214 153
184 168 214 154
184 183 214 154
185 201 214 79
186 185 214 78
187 186 214 77
188 187 214 76
189 188 214 75
190 189 214 74
191 190 214 73
192 176 214 147
193 194 214 87
194 195 214 86
195 196 214 85
196 197 214 84
197 198 214 83
198 199 214 82
199 200 214 81
199 215 214 81
201 202 214 97
202 203 214 98
203 204 214 99
204 205 214 100
205 206 214 101
206 207 214 102
209 208 214 171
210 209 214 170
211 210 214 169
212 211 214 153
213 212 214 154
214 213 214 155
215 214 214 156
216 200 214 157
216 215 214 157
217 233 214 111
218 217 214 110
219 218 214 109
220 219 214 108
221 220 214 107
222 221 214 106
223 222 214 105
224 208 214 150
225 226 214 119
226 227 214 118
227 228 214 117
228 229 214 116
229 230 214 115
230 231 214 114
231 232 214 113
231 247 214 113
233 234 214 129
234 235 214 130
235 236 214 131
236 237 214 132
237 238 214 133
238 239 214 134
241 240 214 153
242 241 214 154
243 242 214 155
244 243 214 156
245 244 214 157
246 245 214 158
247 246 214 159
249 248 214 143
250 249 214 142
251 250 214 141
252 251 214 140
253 252 214 139
254 253 214 138
255 254 214 137
1 0 215 105
2 1 215 106
3 2 215 107
4 3 215 108
5 4 215 109
6 5 215 110
7 6 215 111
8 7 215 127
8 24 215 127
9 8 215 126
10 9 215 125
11 10 215 124
12 11 215 123
13 12 215 122
14 13 215 121
16 32 215 103
18 19 215 135
19 20 215 134
20 21 215 133
21 22 215 132
22 23 215 131
23 7 215 130
23 24 215 130
24 25 215 129
25 26 215 113
26 27 215 114
27 28 215 115
28 29 215 116
29 30 215 117
30 31 215 118
33 32 215 90
34 33 215 89
36 35 215 105
37 36 215 106
38 37 215 107
39 38 215 108
40 39 215 109
40 56 215 109
41 25 215 158
42 41 215 157
43 42 215 156
44 43 215 155
45 44 215 154
46 45 215 153
48 64 215 100
50 51 215 167
51 52 215 166
52 53 215 165
53 54 215 164
54 55 215 163
55 39 215 162
55 56 215 162
56 57 215 161
57 58 215 145
58 59 215 146
59 60 215 147
60 61 215 148
61 62 215 149
62 63 215 150
65 64 215 93
66 65 215 92
67 66 215 91
68 67 215 90
69 68 215 89
71 70 215 105
72 71 215 106
72 88 215 106
73 57 215 190
74 73 215 189
75 74 215 188
76 75 215 187
77 76 215 186
78 77 215 185
80 96 215 97
82 83 215 199
83 84 215 198
84 85 215 197
85 86 215 196
86 87 215 195
87 71 215 194
87 88 215 194
88 89 215 193
89 90 215 177
90 91 215 178
91 92 215 179
92 93 215 180
93 94 215 181
94 95 215 182
97 96 215 79
98 97 215 95
99 98 215 94
100 99 215 93
101 100 215 92
102 101 215 91
103 102 215 90
104 103 215 89
104 120 215 89
105 89 215 222
106 105 215 221
107 106 215 220
108 107 215 219
109 108 215 218
110 109 215 217
112 128 215 83
114 115 215 231
115 116 215 230
116 117 215 229
117 118 215 228
118 119 215 227
119 103 215 226
119 120 215 226
120 121 215 225
121 122 215 209
122 123 215 210
123 124 215 211
124 125 215 212
125 126 215 213
126 127 215 214
129 128 215 76
130 129 215 77
131 130 215 78
132 131 215 79
133 132 215 95
134 133 215 94
135 134 215 93
136 135 215 92
136 152 215 92
137 121 215 254
138 137 215 253
139 138 215 252
140 139 215 251
141 140 215 250
142 141 215 249
143 142 215 248
144 160 215 86
145 146 215 160
146 147 215 176
148 149 215 192
149 150 215 208
151 135 215 224
151 152 215 224
152 153 215 240
153 154 215 241
154 155 215 242
155 156 215 243
156 157 215 244
157 158 215 245
158 159 215 246
161 160 215 73
162 161 215 74
163 162 215 75
164 163 215 76
165 164 215 77
166 165 215 78
167 166 215 79
168 167 215 95
168 184 215 95
169 153 215 152
171 170 215 136
172 171 215 120
174 173 215 104
175 174 215 88
176 192 215 71
177 178 215 0
178 179 215 16
180 181 215 32
181 182 215 48
183 167 215 64
183 184 215 64
184 185 215 80
186 187 215 96
187 188 215 112
189 190 215 128
190 191 215 144
193 192 215 58
194 193 215 57
196 195 215 73
197 196 215 74
198 197 215 75
199 198 215 76
200 199 215 77
200 216 215 77
201 185 215 9
202 201 215 10
203 202 215 11
204 203 215 12
205 204 215 13
206 205 215 14
207 206 215 15
208 224 215 68
209 210 215 17
210 211 215 18
211 212 215 19
212 213 215 20
213 214 215 21
214 215 215 22
215 199 215 23
215 216 215 23
217 218 215 7
218 219 215 6
219 220 215 5
220 221 215 4
221 222 215 3
222 223 215 2
225 224 215 61
226 225 215 60
227 226 215 59
228 227 215 58
229 228 215 57
231 230 215 73
232 231 215 74
232 248 215 74
233 217 215 41
234 233 215 42
235 234 215 43
236 235 215 44
237 236 215 45
238 237 215 46
239 238 215 47
240 241 215 65
241 242 215 49
242 243 215 50
243 244 215 51
244 245 215 52
245 246 215 53
246 247 215 54
247 231 215 55
247 248 215 55
249 250 215 39
250 251 215 38
251 252 215 37
252 253 215 36
253 254 215 35
254 255 215 34
1 0 216 207
2 1 216 206
3 2 216 205
4 3 216 204
5 4 216 203
6 5 216 202
7 6 216 201
8 7 216 185
8 9 216 185
9 10 216 201
10 11 216 202
11 12 216 203
12 13 216 204
13 14 216 205
14 15 216 206
15 31 216 207
16 0 216 178
17 33 216 209
18 17 216 210
19 18 216 211
20 19 216 212
21 20 216 213
22 21 216 214
23 22 216 215
23 24 216 215
24 25 216 214
25 26 216 213
26 27 216 212
27 28 216 211
28 29 216 210
29 30 216 209
33 32 216 204
34 33 216 203
35 34 216 202
36 35 216 201
37 36 216 185
38 37 216 186
39 38 216 187
40 24 216 188
40 39 216 188
41 42 216 233
42 43 216 234
43 44 216 235
44 45 216 236
45 46 216 237
46 47 216 238
47 63 216 239
48 32 216 181
49 65 216 241
50 49 216 242
51 50 216 243
52 51 216 244
53 52 216 245
54 53 216 246
55 54 216 247
55 56 216 247
56 57 216 246
57 58 216 245
58 59 216 244
59 60 216 243
60 61 216 242
61 62 216 241
62 63 216 240
65 64 216 201
66 65 216 185
67 66 216 186
68 67 216 187
69 68 216 188
70 69 216 189
71 70 216 190
72 56 216 191
72 71 216 191
73 74 216 248
74 75 216 232
76 77 216 216
77 78 216 200
79 95 216 184
80 64 216 167
81 97 216 96
83 82 216 112
84 83 216 128
86 85 216 144
87 86 216 160
87 88 216 160
88 89 216 144
90 91 216 128
91 92 216 112
93 94 216 96
94 95 216 80
97 96 216 187
98 97 216 188
99 98 216 189
100 99 216 190
101 100 216 191
103 102 216 175
104 88 216 174
104 103 216 174
105 106 216 88
106 107 216 72
108 109 216 56
109 110 216 40
111 127 216 24
112 96 216 164
113 129 216 6
114 113 216 5
115 114 216 4
116 115 216 3
117 116 216 2
118 117 216 1
119 118 216 0
119 120 216 0
120 121 216 1
121 122 216 2
122 123 216 3
123 124 216 4
124 125 216 5
125 126 216 6
126 127 216 7
129 128 216 190
130 129 216 191
132 131 216 175
133 132 216 174
134 133 216 173
135 134 216 172
136 120 216 171
136 135 216 171
138 139 216 31
139 140 216 30
140 141 216 29
141 142 216 28
142 143 216 27
143 159 216 26
144 128 216 161
145 161 216 38
146 145 216 37
147 146 216 36
148 147 216 35
149 148 216 34
150 149 216 33
152 153 216 33
153 154 216 34
154 155 216 35
155 156 216 36
156 157 216 37
157 158 216 38
158 159 216 39
161 160 216 175
162 161 216 174
163 162 216 173
164 163 216 172
165 164 216 171
166 165 216 170
167 166 216 169
168 152 216 153
168 167 216 153
170 171 216 63
171 172 216 62
172 173 216 61
173 174 216 60
174 175 216 59
175 191 216 58
176 160 216 146
177 193 216 70
178 177 216 69
179 178 216 68
180 179 216 67
181 180 216 66
182 181 216 65
184 185 216 65
185 186 216 66
186 187 216 67
187 188 216 68
188 189 216 69
189 190 216 70
190 191 216 71
193 192 216 172
194 193 216 171
195 194 216 170
196 195 216 169
197 196 216 153
198 197 216 154
199 198 216 155
200 184 216 156
200 199 216 156
202 203 216 95
203 204 216 94
204 205 216 93
205 206 216 92
206 207 216 91
207 223 216 90
208 192 216 149
209 225 216 102
210 209 216 101
211 210 216 100
212 211 216 99
213 212 216 98
214 213 216 97
216 217 216 97
217 218 216 98
218 219 216 99
219 220 216 100
220 221 216 101
221 222 216 102
222 223 216 103
225 224 216 169
226 225 216 153
227 226 216 154
228 227 216 155
229 228 216 156
230 229 216 157
231 230 216 158
232 216 216 159
232 231 216 159
234 235 216 127
235 236 216 126
236 237 216 125
237 238 216 124
238 239 216 123
239 255 216 122
240 224 216 135
241 240 216 134
242 241 216 133
243 242 216 132
244 243 216 131
245 244 216 130
246 245 216 129
248 249 216 129
249 250 216 130
250 251 216 131
251 252 216 132
252 253 216 133
253 254 216 134
254 255 216 135
0 16 217 119
1 0 217 118
2 1 217 117
3 2 217 116
4 3 217 115
5 4 217 114
6 5 217 113
7 6 217 129
7 8 217 129
8 9 217 113
9 10 217 114
10 11 217 115
11 12 217 116
12 13 217 117
13 14 217 118
14 15 217 119
18 17 217 105
19 18 217 106
20 19 217 107
21 20 217 108
22 21 217 109
23 22 217 110
24 23 217 111
24 40 217 111
25 26 217 159
26 27 217 143
27 28 217 142
28 29 217 141
29 30 217 140
30 31 217 139
31 15 217 138
32 48 217 102
33 17 217 150
34 33 217 149
35 34 217 148
36 35 217 147
37 36 217 146
38 37 217 145
39 38 217 161
39 40 217 161
40 41 217 145
41 42 217 146
42 43 217 147
43 44 217 148
44 45 217 149
45 46 217 150
46 47 217 151
49 48 217 91
50 49 217 90
51 50 217 89
53 52 217 105
54 53 217 106
55 54 217 107
56 55 217 108
56 72 217 108
57 58 217 191
58 59 217 175
59 60 217 174
60 61 217 173
61 62 217 172
62 63 217 171
63 47 217 170
64 80 217 99
65 49 217 182
66 65 217 181
67 66 217 180
68 67 217 179
69 68 217 178
70 69 217 177
71 70 217 193
71 72 217 193
72 73 217 177
73 74 217 178
74 75 217 179
75 76 217 180
76 77 217 181
77 78 217 182
78 79 217 183
81 80 217 94
82 81 217 93
83 82 217 92
84 83 217 91
85 84 217 90
86 85 217 89
88 87 217 105
88 104 217 105
89 90 217 223
90 91 217 207
91 92 217 206
92 93 217 205
93 94 217 204
94 95 217 203
95 79 217 202
96 112 217 81
97 81 217 214
98 97 217 213
99 98 217 212
100 99 217 211
101 100 217 210
102 101 217 209
103 102 217 225
103 104 217 225
104 105 217 209
105 106 217 210
106 107 217 211
107 108 217 212
108 109 217 213
109 110 217 214
110 111 217 215
113 112 217 78
114 113 217 79
115 114 217 95
116 115 217 94
117 116 217 93
118 117 217 92
119 118 217 91
120 119 217 90
120 136 217 90
121 122 217 255
122 123 217 239
123 124 217 238
124 125 217 237
125 126 217 236
126 127 217 235
127 111 217 234
128 144 217 84
129 113 217 246
130 129 217 245
131 130 217 244
132 131 217 243
133 132 217 242
134 133 217 241
135 134 217 240
135 136 217 240
136 137 217 241
137 138 217 242
138 139 217 243
139 140 217 244
140 141 217 245
141 142 217 246
142 143 217 247
145 144 217 75
146 145 217 76
147 146 217 77
148 147 217 78
149 148 217 79
150 149 217 95
151 150 217 94
152 151 217 93
152 168 217 93
153 154 217 168
155 156 217 184
156 157 217 200
158 159 217 216
159 143 217 232
160 176 217 87
161 145 217 144
162 161 217 128
164 163 217 112
165 164 217 96
167 166 217 80
167 168 217 80
169 170 217 96
170 171 217 112
172 173 217 128
173 174 217 144
178 177 217 73
179 178 217 74
180 179 217 75
181 180 217 76
182 181 217 77
183 182 217 78
184 183 217 79
184 200 217 79
185 186 217 8
187 188 217 24
188 189 217 40
190 191 217 56
191 175 217 72
192 208 217 70
193 177 217 2
194 193 217 3
195 194 217 4
196 195 217 5
197 196 217 6
198 197 217 7
200 201 217 7
201 202 217 6
202 203 217 5
203 204 217 4
204 205 217 3
205 206 217 2
206 207 217 1
209 208 217 59
210 209 217 58
211 210 217 57
213 212 217 73
214 213 217 74
215 214 217 75
216 215 217 76
216 232 217 76
218 219 217 25
219 220 217 26
220 221 217 27
221 222 217 28
222 223 217 29
223 207 217 30
224 240 217 67
225 209 217 34
226 225 217 35
227 226 217 36
228 227 217 37
229 228 217 38
230 229 217 39
232 233 217 39
233 234 217 38
234 235 217 37
235 236 217 36
236 237 217 35
237 238 217 34
238 239 217 33
241 240 217 62
242 241 217 61
243 242 217 60
244 243 217 59
245 244 217 58
246 245 217 57
248 247 217 73
248 249 217 73
250 251 217 57
251 252 217 58
252 253 217 59
253 254 217 60
254 255 217 61
255 239 217 62
0 1 218 177
2 3 218 193
3 4 218 194
4 5 218 195
5 6 218 196
6 7 218 197
7 8 218 198
7 23 218 198
8 9 218 199
9 10 218 215
10 11 218 214
11 12 218 213
12 13 218 212
13 14 218 211
14 15 218 210
17 16 218 205
18 17 218 204
19 18 218 203
20 19 218 202
21 20 218 201
22 21 218 185
23 22 218 186
24 8 218 187
24 23 218 187
25 41 218 218
26 25 218 219
27 26 218 220
28 27 218 221
29 28 218 222
30 29 218 223
32 16 218 180
34 35 218 225
35 36 218 226
36 37 218 227
37 38 218 228
38 39 218 229
39 40 218 230
39 55 218 230
40 41 218 231
41 42 218 247
42 43 218 246
43 44 218 245
44 45 218 244
45 46 218 243
46 47 218 242
49 48 218 202
50 49 218 201
51 50 218 185
52 51 218 186
53 52 218 187
54 53 218 188
55 54 218 189
56 40 218 190
56 55 218 190
57 73 218 250
58 57 218 251
59 58 218 252
60 59 218 253
61 60 218 254
62 61 218 255
64 48 218 183
65 66 218 240
67 68 218 224
68 69 218 208
70 71 218 192
71 72 218 176
71 87 218 176
73 74 218 160
74 75 218 144
76 77 218 128
77 78 218 112
81 80 218 186
82 81 218 187
83 82 218 188
84 83 218 189
85 84 218 190
86 85 218 191
88 72 218 175
88 87 218 175
89 105 218 104
90 89 218 120
92 91 218 136
93 92 218 152
95 94 218 168
96 80 218 165
97 98 218 80
99 100 218 64
100 101 218 48
102 103 218 32
103 104 218 16
103 119 218 16
105 106 218 0
106 107 218 1
107 108 218 2
108 109 218 3
109 110 218 4
110 111 218 5
113 112 218 189
114 113 218 190
115 114 218 191
117 116 218 175
118 117 218 174
119 118 218 173
120 104 218 172
120 119 218 172
121 137 218 14
122 121 218 13
123 122 218 12
124 123 218 11
125 124 218 10
126 125 218 9
127 126 218 8
128 112 218 162
129 130 218 7
130 131 218 23
131 132 218 22
132 133 218 21
133 134 218 20
134 135 218 19
135 136 218 18
135 151 218 18
136 137 218 17
138 139 218 33
139 140 218 34
140 141 218 35
141 142 218 36
142 143 218 37
146 145 218 175
147 146 218 174
148 147 218 173
149 148 218 172
150 149 218 171
151 150 218 170
152 136 218 169
152 151 218 169
153 169 218 46
154 153 218 45
155 154 218 44
156 155 218 43
157 156 218 42
158 157 218 41
159 158 218 25
160 144 218 145
161 162 218 39
162 163 218 55
163 164 218 54
164 165 218 53
165 166 218 52
166 167 218 51
167 168 218 50
167 183 218 50
168 169 218 49
170 171 218 65
171 172 218 66
172 173 218 67
173 174 218 68
174 175 218 69
177 176 218 173
178 177 218 172
179 178 218 171
180 179 218 170
181 180 218 169
182 181 218 153
183 182 218 154
184 168 218 155
184 183 218 155
185 201 218 78
186 185 218 77
187 186 218 76
188 187 218 75
189 188 218 74
190 189 218 73
191 190 218 57
192 176 218 148
193 194 218 71
194 195 218 87
195 196 218 86
196 197 218 85
197 198 218 84
198 199 218 83
199 200 218 82
199 215 218 82
200 201 218 81
202 203 218 97
203 204 218 98
204 205 218 99
205 206 218 100
206 207 218 101
209 208 218 170
210 209 218 169
211 210 218 153
212 211 218 154
213 212 218 155
214 213 218 156
215 214 218 157
216 200 218 158
216 215 218 158
217 233 218 110
218 217 218 109
219 218 218 108
220 219 218 107
221 220 218 106
222 221 218 105
223 222 218 89
224 208 218 151
225 226 218 103
226 227 218 119
227 228 218 118
228 229 218 117
229 230 218 116
230 231 218 115
231 232 218 114
231 247 218 114
232 233 218 113
234 235 218 129
235 236 218 130
236 237 218 131
237 238 218 132
238 239 218 133
241 240 218 154
242 241 218 155
243 242 218 156
244 243 218 157
245 244 218 158
246 245 218 159
248 232 218 143
248 247 218 143
249 248 218 142
250 249 218 141
251 250 218 140
252 251 218 139
253 252 218 138
254 253 218 137
255 254 218 121
1 0 219 106
2 1 219 107
3 2 219 108
4 3 219 109
5 4 219 110
6 5 219 111
7 6 219 127
8 7 219 126
8 24 219 126
9 8 219 125
10 9 219 124
11 10 219 123
12 11 219 122
13 12 219 121
15 14 219 137
17 18 219 151
19 20 219 135
20 21 219 134
21 22 219 133
22 23 219 132
23 7 219 131
23 24 219 131
24 25 219 130
25 26 219 129
26 27 219 113
27 28 219 114
28 29 219 115
29 30 219 116
30 31 219 117
33 32 219 89
35 34 219 105
36 35 219 106
37 36 219 107
38 37 219 108
39 38 219 109
40 39 219 110
40 56 219 110
41 25 219 157
42 41 219 156
43 42 219 155
44 43 219 154
45 44 219 153
47 46 219 169
48 64 219 101
49 50 219 183
51 52 219 167
52 53 219 166
53 54 219 165
54 55 219 164
55 39 219 163
55 56 219 163
56 57 219 162
57 58 219 161
58 59 219 145
59 60 219 146
60 61 219 147
61 62 219 148
62 63 219 149
65 64 219 92
66 65 219 91
67 66 219 90
68 67 219 89
70 69 219 105
71 70 219 106
72 71 219 107
72 88 219 107
73 57 219 189
74 73 219 188
75 74 219 187
76 75 219 186
77 76 219 185
79 78 219 201
80 96 219 98
81 82 219 215
83 84 219 199
84 85 219 198
85 86 219 197
86 87 219 196
87 71 219 195
87 88 219 195
88 89 219 194
89 90 219 193
90 91 219 177
91 92 219 178
92 93 219 179
93 94 219 180
94 95 219 181
97 96 219 95
98 97 219 94
99 98 219 93
100 99 219 92
101 100 219 91
102 101 219 90
103 102 219 89
105 89 219 221
106 105 219 220
107 106 219 219
108 107 219 218
109 108 219 217
111 110 219 233
112 128 219 82
113 114 219 247
115 116 219 231
116 117 219 230
117 118 219 229
118 119 219 228
119 103 219 227
119 120 219 227
120 121 219 226
121 122 219 225
122 123 219 209
123 124 219 210
124 125 219 211
125 126 219 212
126 127 219 213
129 128 219 77
130 129 219 78
131 130 219 79
132 131 219 95
133 132 219 94
134 133 219 93
135 134 219 92
136 135 219 91
136 152 219 91
137 121 219 253
138 137 219 252
139 138 219 251
140 139 219 250
141 140 219 249
142 141 219 248
144 160 219 85
146 147 219 160
147 148 219 176
149 150 219 192
150 151 219 208
152 153 219 224
153 154 219 240
154 155 219 241
155 156 219 242
156 157 219 243
157 158 219 244
158 159 219 245
161 160 219 74
162 161 219 75
163 162 219 76
164 163 219 77
165 164 219 78
166 165 219 79
167 166 219 95
168 167 219 94
168 184 219 94
170 169 219 136
171 170 219 120
173 172 219 104
174 173 219 88
177 178 219 1
178 179 219 0
179 180 219 16
181 182 219 32
182 183 219 48
184 185 219 64
185 186 219 80
187 188 219 96
188 189 219 112
190 191 219 128
193 192 219 57
195 194 219 73
196 195 219 74
197 196 219 75
198 197 219 76
199 198 219 77
200 199 219 78
200 216 219 78
201 185 219 10
202 201 219 11
203 202 219 12
204 203 219 13
205 204 219 14
206 205 219 15
207 206 219 31
208 224 219 69
209 210 219 33
210 211 219 17
211 212 219 18
212 213 219 19
213 214 219 20
214 215 219 21
215 199 219 22
215 216 219 22
216 217 219 23
218 219 219 7
219 220 219 6
220 221 219 5
221 222 219 4
222 223 219 3
225 224 219 60
226 225 219 59
227 226 219 58
228 227 219 57
230 229 219 73
231 230 219 74
232 231 219 75
232 248 219 75
233 217 219 42
234 233 219 43
235 234 219 44
236 235 219 45
237 236 219 46
238 237 219 47
239 238 219 63
240 241 219 66
241 242 219 65
242 243 219 49
243 244 219 50
244 245 219 51
245 246 219 52
246 247 219 53
247 231 219 54
247 248 219 54
248 249 219 55
250 251 219 39
251 252 219 38
252 253 219 37
253 254 219 36
254 255 219 35
1 0 220 206
2 1 220 205
3 2 220 204
4 3 220 203
5 4 220 202
6 5 220 201
7 6 220 185
8 7 220 186
8 9 220 186
9 10 220 185
10 11 220 201
11 12 220 202
12 13 220 203
13 14 220 204
14 15 220 205
15 31 220 206
16 0 220 179
17 33 220 210
18 17 220 211
19 18 220 212
20 19 220 213
21 20 220 214
22 21 220 215
23 22 220 199
23 24 220 199
24 25 220 215
25 26 220 214
26 27 220 213
27 28 220 212
28 29 220 211
29 30 220 210
30 31 220 209
33 32 220 203
34 33 220 202
35 34 220 201
36 35 220 185
37 36 220 186
38 37 220 187
39 38 220 188
40 24 220 189
40 39 220 189
41 42 220 217
42 43 220 233
43 44 220 234
44 45 220 235
45 46 220 236
46 47 220 237
47 63 220 238
48 32 220 182
49 65 220 242
50 49 220 243
51 50 220 244
52 51 220 245
53 52 220 246
54 53 220 247
55 54 220 231
55 56 220 231
56 57 220 247
57 58 220 246
58 59 220 245
59 60 220 244
60 61 220 243
61 62 220 242
62 63 220 241
65 64 220 185
66 65 220 186
67 66 220 187
68 67 220 188
69 68 220 189
70 69 220 190
71 70 220 191
73 74 220 249
74 75 220 248
75 76 220 232
77 78 220 216
78 79 220 200
80 64 220 166
82 81 220 112
83 82 220 128
85 84 220 144
86 85 220 160
88 89 220 160
89 90 220 144
91 92 220 128
92 93 220 112
94 95 220 96
97 96 220 188
98 97 220 189
99 98 220 190
100 99 220 191
102 101 220 175
103 102 220 174
104 88 220 173
104 103 220 173
106 107 220 88
107 108 220 72
109 110 220 56
110 111 220 40
112 96 220 163
113 129 220 5
114 113 220 4
115 114 220 3
116 115 220 2
117 116 220 1
118 117 220 0
120 121 220 0
121 122 220 1
122 123 220 2
123 124 220 3
124 125 220 4
125 126 220 5
126 127 220 6
129 128 220 191
131 130 220 175
132 131 220 174
133 132 220 173
134 133 220 172
135 134 220 171
136 120 220 170
136 135 220 170
137 138 220 15
139 140 220 31
140 141 220 30
141 142 220 29
142 143 220 28
143 159 220 27
145 161 220 37
146 145 220 36
147 146 220 35
148 147 220 34
149 148 220 33
151 150 220 17
151 152 220 17
153 154 220 33
154 155 220 34
155 156 220 35
156 157 220 36
157 158 220 37
158 159 220 38
161 160 220 174
162 161 220 173
163 162 220 172
164 163 220 171
165 164 220 170
166 165 220 169
167 166 220 153
168 152 220 154
168 167 220 154
169 170 220 47
171 172 220 63
172 173 220 62
173 174 220 61
174 175 220 60
175 191 220 59
176 160 220 147
177 193 220 69
178 177 220 68
179 178 220 67
180 179 220 66
181 180 220 65
183 182 220 49
183 184 220 49
185 186 220 65
186 187 220 66
187 188 220 67
188 189 220 68
189 190 220 69
190 191 220 70
193 192 220 171
194 193 220 170
195 194 220 169
196 195 220 153
197 196 220 154
198 197 220 155
199 198 220 156
200 184 220 157
200 199 220 157
201 202 220 79
203 204 220 95
204 205 220 94
205 206 220 93
206 207 220 92
207 223 220 91
208 192 220 150
209 225 220 101
210 209 220 100
211 210 220 99
212 211 220 98
213 212 220 97
215 214 220 81
215 216 220 81
217 218 220 97
218 219 220 98
219 220 220 99
220 221 220 100
221 222 220 101
222 223 220 102
225 224 220 153
226 225 220 154
227 226 220 155
228 227 220 156
229 228 220 157
230 229 220 158
231 230 220 159
233 234 220 111
235 236 220 127
236 237 220 126
237 238 220 125
238 239 220 124
239 255 220 123
240 224 220 134
241 240 220 133
242 241 220 132
243 242 220 131
244 243 220 130
245 244 220 129
247 246 220 113
247 248 220 113
249 250 220 129
250 251 220 130
251 252 220 131
252 253 220 132
253 254 220 133
254 255 220 134
0 16 221 118
1 0 221 117
2 1 221 116
3 2 221 115
4 3 221 114
5 4 221 113
6 5 221 129
7 6 221 130
7 8 221 130
8 9 221 129
9 10 221 113
10 11 221 114
11 12 221 115
12 13 221 116
13 14 221 117
14 15 221 118
17 16 221 105
18 17 221 106
19 18 221 107
20 19 221 108
21 20 221 109
22 21 221 110
23 22 221 111
24 23 221 127
24 40 221 127
25 26 221 158
26 27 221 159
27 28 221 143
28 29 221 142
29 30 221 141
30 31 221 140
31 15 221 139
32 48 221 103
33 17 221 149
34 33 221 148
35 34 221 147
36 35 221 146
37 36 221 145
38 37 221 161
39 38 221 162
39 40 221 162
40 41 221 161
41 42 221 145
42 43 221 146
43 44 221 147
44 45 221 148
45 46 221 149
46 47 221 150
49 48 221 90
50 49 221 89
52 51 221 105
53 52 221 106
54 53 221 107
55 54 221 108
56 55 221 109
56 72 221 109
57 58 221 190
58 59 221 191
59 60 221 175
60 61 221 174
61 62 221 173
62 63 221 172
63 47 221 171
64 80 221 100
65 49 221 181
66 65 221 180
67 66 221 179
68 67 221 178
69 68 221 177
70 69 221 193
71 70 221 194
71 72 221 194
72 73 221 193
73 74 221 177
74 75 221 178
75 76 221 179
76 77 221 180
77 78 221 181
78 79 221 182
81 80 221 93
82 81 221 92
83 82 221 91
84 83 221 90
85 84 221 89
87 86 221 105
88 87 221 106
88 104 221 106
89 90 221 222
90 91 221 223
91 92 221 207
92 93 221 206
93 94 221 205
94 95 221 204
95 79 221 203
96 112 221 97
97 81 221 213
98 97 221 212
99 98 221 211
100 99 221 210
101 100 221 209
102 101 221 225
103 102 221 226
103 104 221 226
104 105 221 225
105 106 221 209
106 107 221 210
107 108 221 211
108 109 221 212
109 110 221 213
110 111 221 214
113 112 221 79
114 113 221 95
115 114 221 94
116 115 221 93
117 116 221 92
118 117 221 91
119 118 221 90
120 119 221 89
120 136 221 89
121 122 221 254
122 123 221 255
123 124 221 239
124 125 221 238
125 126 221 237
126 127 221 236
127 111 221 235
128 144 221 83
129 113 221 245
130 129 221 244
131 130 221 243
132 131 221 242
133 132 221 241
134 133 221 240
135 134 221 224
135 136 221 224
136 137 221 240
137 138 221 241
138 139 221 242
139 140 221 243
140 141 221 244
141 142 221 245
142 143 221 246
145 144 221 76
146 145 221 77
147 146 221 78
148 147 221 79
149 148 221 95
150 149 221 94
151 150 221 93
152 151 221 92
152 168 221 92
153 154 221 152
154 155 221 168
156 157 221 184
157 158 221 200
159 143 221 216
160 176 221 86
161 145 221 128
163 162 221 112
164 163 221 96
166 165 221 80
167 166 221 64
167 168 221 64
168 169 221 80
170 171 221 96
171 172 221 112
173 174 221 128
174 175 221 144
177 176 221 73
178 177 221 74
179 178 221 75
180 179 221 76
181 180 221 77
182 181 221 78
183 182 221 79
184 183 221 95
184 200 221 95
185 186 221 9
186 187 221 8
188 189 221 24
189 190 221 40
191 175 221 56
192 208 221 71
193 177 221 3
194 193 221 4
195 194 221 5
196 195 221 6
197 196 221 7
199 198 221 23
199 200 221 23
201 202 221 7
202 203 221 6
203 204 221 5
204 205 221 4
205 206 221 3
206 207 221 2
209 208 221 58
210 209 221 57
212 211 221 73
213 212 221 74
214 213 221 75
215 214 221 76
216 215 221 77
216 232 221 77
217 218 221 41
219 220 221 25
220 221 221 26
221 222 221 27
222 223 221 28
223 207 221 29
224 240 221 68
225 209 221 35
226 225 221 36
227 226 221 37
228 227 221 38
229 228 221 39
231 230 221 55
231 232 221 55
233 234 221 39
234 235 221 38
235 236 221 37
236 237 221 36
237 238 221 35
238 239 221 34
241 240 221 61
242 241 221 60
243 242 221 59
244 243 221 58
245 244 221 57
247 246 221 73
248 247 221 74
248 249 221 74
249 250 221 73
251 252 221 57
252 253 221 58
253 254 221 59
254 255 221 60
255 239 221 61
0 1 222 178
1 2 222 177
3 4 222 193
4 5 222 194
5 6 222 195
6 7 222 196
7 8 222 197
7 23 222 197
8 9 222 198
9 10 222 199
10 11 222 215
11 12 222 214
12 13 222 213
13 14 222 212
14 15 222 211
17 16 222 204
18 17 222 203
19 18 222 202
20 19 222 201
21 20 222 185
22 21 222 186
23 22 222 187
24 8 222 188
24 23 222 188
25 41 222 219
26 25 222 220
27 26 222 221
28 27 222 222
29 28 222 223
31 30 222 207
32 16 222 181
33 34 222 209
35 36 222 225
36 37 222 226
37 38 222 227
38 39 222 228
39 40 222 229
39 55 222 229
40 41 222 230
41 42 222 231
42 43 222 247
43 44 222 246
44 45 222 245
45 46 222 244
46 47 222 243
49 48 222 201
50 49 222 185
51 50 222 186
52 51 222 187
53 52 222 188
54 53 222 189
55 54 222 190
56 40 222 191
56 55 222 191
57 73 222 251
58 57 222 252
59 58 222 253
60 59 222 254
61 60 222 255
63 62 222 239
64 48 222 167
65 66 222 241
66 67 222 240
68 69 222 224
69 70 222 208
71 72 222 192
71 87 222 192
72 73 222 176
74 75 222 160
75 76 222 144
77 78 222 128
78 79 222 112
81 80 222 187
82 81 222 188
83 82 222 189
84 83 222 190
85 84 222 191
87 86 222 175
88 72 222 174
88 87 222 174
89 105 222 120
91 90 222 136
92 91 222 152
94 93 222 168
95 94 222 184
96 80 222 164
97 98 222 96
98 99 222 80
100 101 222 64
101 102 222 48
103 104 222 32
103 119 222 32
104 105 222 16
106 107 222 0
107 108 222 1
108 109 222 2
109 110 222 3
110 111 222 4
113 112 222 190
114 113 222 191
116 115 222 175
117 116 222 174
118 117 222 173
119 118 222 172
120 104 222 171
120 119 222 171
121 137 222 13
122 121 222 12
123 122 222 11
124 123 222 10
125 124 222 9
126 125 222 8
127 126 222 24
128 112 222 161
129 130 222 6
130 131 222 7
131 132 222 23
132 133 222 22
133 134 222 21
134 135 222 20
135 136 222 19
135 151 222 19
136 137 222 18
137 138 222 17
139 140 222 33
140 141 222 34
141 142 222 35
142 143 222 36
145 144 222 175
146 145 222 174
147 146 222 173
148 147 222 172
149 148 222 171
150 149 222 170
151 150 222 169
152 136 222 153
152 151 222 153
153 169 222 45
154 153 222 44
155 154 222 43
156 155 222 42
157 156 222 41
158 157 222 25
159 158 222 26
160 144 222 146
161 162 222 38
162 163 222 39
163 164 222 55
164 165 222 54
165 166 222 53
166 167 222 52
167 168 222 51
167 183 222 51
168 169 222 50
169 170 222 49
171 172 222 65
172 173 222 66
173 174 222 67
174 175 222 68
177 176 222 172
178 177 222 171
179 178 222 170
180 179 222 169
181 180 222 153
182 181 222 154
183 182 222 155
184 168 222 156
184 183 222 156
185 201 222 77
186 185 222 76
187 186 222 75
188 187 222 74
189 188 222 73
190 189 222 57
191 190 222 58
192 176 222 149
193 194 222 70
194 195 222 71
195 196 222 87
196 197 222 86
197 198 222 85
198 199 222 84
199 200 222 83
199 215 222 83
200 201 222 82
201 202 222 81
203 204 222 97
204 205 222 98
205 206 222 99
206 207 222 100
209 208 222 169
210 209 222 153
211 210 222 154
212 211 222 155
213 212 222 156
214 213 222 157
215 214 222 158
216 200 222 159
216 215 222 159
217 233 222 109
218 217 222 108
219 218 222 107
220 219 222 106
221 220 222 105
222 221 222 89
223 222 222 90
224 208 222 135
225 226 222 102
226 227 222 103
227 228 222 119
228 229 222 118
229 230 222 117
230 231 222 116
231 232 222 115
231 247 222 115
232 233 222 114
233 234 222 113
235 236 222 129
236 237 222 130
237 238 222 131
238 239 222 132
241 240 222 155
242 241 222 156
243 242 222 157
244 243 222 158
245 244 222 159
247 246 222 143
248 232 222 142
248 247 222 142
249 248 222 141
250 249 222 140
251 250 222 139
252 251 222 138
253 252 222 137
254 253 222 121
255 254 222 122
1 0 223 107
2 1 223 108
3 2 223 109
4 3 223 110
5 4 223 111
6 5 223 127
7 6 223 126
8 7 223 125
8 24 223 125
9 8 223 124
10 9 223 123
11 10 223 122
12 11 223 121
14 13 223 137
15 14 223 138
16 32 223 119
17 18 223 150
18 19 223 151
20 21 223 135
21 22 223 134
22 23 223 133
23 7 223 132
23 24 223 132
24 25 223 131
25 26 223 130
26 27 223 129
27 28 223 113
28 29 223 114
29 30 223 115
30 31 223 116
34 33 223 105
35 34 223 106
36 35 223 107
37 36 223 108
38 37 223 109
39 38 223 110
40 39 223 111
40 56 223 111
41 25 223 156
42 41 223 155
43 42 223 154
44 43 223 153
46 45 223 169
47 46 223 170
48 64 223 102
49 50 223 182
50 51 223 183
52 53 223 167
53 54 223 166
54 55 223 165
55 39 223 164
55 56 223 164
56 57 223 163
57 58 223 162
58 59 223 161
59 60 223 145
60 61 223 146
61 62 223 147
62 63 223 148
65 64 223 91
66 65 223 90
67 66 223 89
69 68 223 105
70 69 223 106
71 70 223 107
72 71 223 108
72 88 223 108
73 57 223 188
74 73 223 187
75 74 223 186
76 75 223 185
78 77 223 201
79 78 223 202
80 96 223 99
81 82 223 214
82 83 223 215
84 85 223 199
85 86 223 198
86 87 223 197
87 71 223 196
87 88 223 196
88 89 223 195
89 90 223 194
90 91 223 193
91 92 223 177
92 93 223 178
93 94 223 179
94 95 223 180
97 96 223 94
98 97 223 93
99 98 223 92
100 99 223 91
101 100 223 90
102 101 223 89
104 103 223 105
104 120 223 105
105 89 223 220
106 105 223 219
107 106 223 218
108 107 223 217
110 109 223 233
111 110 223 234
112 128 223 81
113 114 223 246
114 115 223 247
116 117 223 231
117 118 223 230
118 119 223 229
119 103 223 228
119 120 223 228
120 121 223 227
121 122 223 226
122 123 223 225
123 124 223 209
124 125 223 210
125 126 223 211
126 127 223 212
129 128 223 78
130 129 223 79
131 130 223 95
132 131 223 94
133 132 223 93
134 133 223 92
135 134 223 91
136 135 223 90
136 152 223 90
137 121 223 252
138 137 223 251
139 138 223 250
140 139 223 249
141 140 223 248
143 142 223 232
144 160 223 84
145 146 223 144
147 148 223 160
148 149 223 176
150 151 223 192
151 135 223 208
151 152 223 208
153 154 223 224
154 155 223 240
155 156 223 241
156 157 223 242
157 158 223 243
158 159 223 244
161 160 223 75
162 161 223 76
163 162 223 77
164 163 223 78
165 164 223 79
166 165 223 95
167 166 223 94
168 167 223 93
168 184 223 93
169 153 223 136
170 169 223 120
172 171 223 104
173 172 223 88
175 174 223 72
176 192 223 87
177 178 223 2
178 179 223 1
179 180 223 0
180 181 223 16
182 183 223 32
183 167 223 48
183 184 223 48
185 186 223 64
186 187 223 80
188 189 223 96
189 190 223 112
194 193 223 73
195 194 223 74
196 195 223 75
197 196 223 76
198 197 223 77
199 198 223 78
200 199 223 79
200 216 223 79
201 185 223 11
202 201 223 12
203 202 223 13
204 203 223 14
205 204 223 15
206 205 223 31
207 206 223 30
208 224 223 70
209 210 223 34
210 211 223 33
211 212 223 17
212 213 223 18
213 214 223 19
214 215 223 20
215 199 223 21
215 216 223 21
216 217 223 22
217 218 223 23
219 220 223 7
220 221 223 6
221 222 223 5
222 223 223 4
225 224 223 59
226 225 223 58
227 226 223 57
229 228 223 73
230 229 223 74
231 230 223 75
232 231 223 76
232 248 223 76
233 217 223 43
234 233 223 44
235 234 223 45
236 235 223 46
237 236 223 47
238 237 223 63
239 238 223 62
240 241 223 67
241 242 223 66
242 243 223 65
243 244 223 49
244 245 223 50
245 246 223 51
246 247 223 52
247 231 223 53
247 248 223 53
248 249 223 54
249 250 223 55
251 252 223 39
252 253 223 38
253 254 223 37
254 255 223 36
1 0 224 205
2 1 224 204
3 2 224 203
4 3 224 202
5 4 224 201
6 5 224 185
7 6 224 186
8 7 224 187
8 9 224 187
9 10 224 186
10 11 224 185
11 12 224 201
12 13 224 202
13 14 224 203
14 15 224 204
15 31 224 205
16 0 224 180
17 33 224 211
18 17 224 212
19 18 224 213
20 19 224 214
21 20 224 215
22 21 224 199
23 22 224 198
23 24 224 198
24 25 224 199
25 26 224 215
26 27 224 214
27 28 224 213
28 29 224 212
29 30 224 211
30 31 224 210
33 32 224 202
34 33 224 201
35 34 224 185
36 35 224 186
37 36 224 187
38 37 224 188
39 38 224 189
40 24 224 190
40 39 224 190
41 42 224 218
42 43 224 217
43 44 224 233
44 45 224 234
45 46 224 235
46 47 224 236
47 63 224 237
48 32 224 183
49 65 224 243
50 49 224 244
51 50 224 245
52 51 224 246
53 52 224 247
54 53 224 231
55 54 224 230
55 56 224 230
56 57 224 231
57 58 224 247
58 59 224 246
59 60 224 245
60 61 224 244
61 62 224 243
62 63 224 242
65 64 224 186
66 65 224 187
67 66 224 188
68 67 224 189
69 68 224 190
70 69 224 191
72 56 224 175
72 71 224 175
73 74 224 250
74 75 224 249
75 76 224 248
76 77 224 232
78 79 224 216
79 95 224 200
80 64 224 165
81 97 224 112
82 81 224 128
84 83 224 144
85 84 224 160
87 86 224 176
87 88 224 176
89 90 224 160
90 91 224 144
92 93 224 128
93 94 224 112
97 96 224 189
98 97 224 190
99 98 224 191
101 100 224 175
102 101 224 174
103 102 224 173
104 88 224 172
104 103 224 172
105 106 224 104
107 108 224 88
108 109 224 72
110 111 224 56
111 127 224 40
112 96 224 162
113 129 224 4
114 113 224 3
115 114 224 2
116 115 224 1
117 116 224 0
119 118 224 16
119 120 224 16
121 122 224 0
122 123 224 1
123 124 224 2
124 125 224 3
125 126 224 4
126 127 224 5
130 129 224 175
131 130 224 174
132 131 224 173
133 132 224 172
134 133 224 171
135 134 224 170
136 120 224 169
136 135 224 169
137 138 224 14
138 139 224 15
140 141 224 31
141 142 224 30
142 143 224 29
143 159 224 28
144 128 224 145
145 161 224 36
146 145 224 35
147 146 224 34
148 147 224 33
150 149 224 17
151 150 224 18
151 152 224 18
152 153 224 17
154 155 224 33
155 156 224 34
156 157 224 35
157 158 224 36
158 159 224 37
161 160 224 173
162 161 224 172
163 162 224 171
164 163 224 170
165 164 224 169
166 165 224 153
167 166 224 154
168 152 224 155
168 167 224 155
169 170 224 46
170 171 224 47
172 173 224 63
173 174 224 62
174 175 224 61
175 191 224 60
176 160 224 148
177 193 224 68
178 177 224 67
179 178 224 66
180 179 224 65
182 181 224 49
183 182 224 50
183 184 224 50
184 185 224 49
186 187 224 65
187 188 224 66
188 189 224 67
189 190 224 68
190 191 224 69
193 192 224 170
194 193 224 169
195 194 224 153
196 195 224 154
197 196 224 155
198 197 224 156
199 198 224 157
200 184 224 158
200 199 224 158
201 202 224 78
202 203 224 79
204 205 224 95
205 206 224 94
206 207 224 93
207 223 224 92
208 192 224 151
209 225 224 100
210 209 224 99
211 210 224 98
212 211 224 97
214 213 224 81
215 214 224 82
215 216 224 82
216 217 224 81
218 219 224 97
219 220 224 98
220 221 224 99
221 222 224 100
222 223 224 101
225 224 224 154
226 225 224 155
227 226 224 156
228 227 224 157
229 228 224 158
230 229 224 159
232 216 224 143
232 231 224 143
233 234 224 110
234 235 224 111
236 237 224 127
237 238 224 126
238 239 224 125
239 255 224 124
240 224 224 133
241 240 224 132
242 241 224 131
243 242 224 130
244 243 224 129
246 245 224 113
247 246 224 114
247 248 224 114
248 249 224 113
250 251 224 129
251 252 224 130
252 253 224 131
253 254 224 132
254 255 224 133
0 16 225 117
1 0 225 116
2 1 225 115
3 2 225 114
4 3 225 113
5 4 225 129
6 5 225 130
7 6 225 131
7 8 225 131
8 9 225 130
9 10 225 129
10 11 225 113
11 12 225 114
12 13 225 115
13 14 225 116
14 15 225 117
17 16 225 106
18 17 225 107
19 18 225 108
20 19 225 109
21 20 225 110
22 21 225 111
23 22 225 127
24 23 225 126
24 40 225 126
25 26 225 157
26 27 225 158
27 28 225 159
28 29 225 143
29 30 225 142
30 31 225 141
31 15 225 140
33 17 225 148
34 33 225 147
35 34 225 146
36 35 225 145
37 36 225 161
38 37 225 162
39 38 225 163
39 40 225 163
40 41 225 162
41 42 225 161
42 43 225 145
43 44 225 146
44 45 225 147
45 46 225 148
46 47 225 149
49 48 225 89
51 50 225 105
52 51 225 106
53 52 225 107
54 53 225 108
55 54 225 109
56 55 225 110
56 72 225 110
57 58 225 189
58 59 225 190
59 60 225 191
60 61 225 175
61 62 225 174
62 63 225 173
63 47 225 172
64 80 225 101
65 49 225 180
66 65 225 179
67 66 225 178
68 67 225 177
69 68 225 193
70 69 225 194
71 70 225 195
71 72 225 195
72 73 225 194
73 74 225 193
74 75 225 177
75 76 225 178
76 77 225 179
77 78 225 180
78 79 225 181
81 80 225 92
82 81 225 91
83 82 225 90
84 83 225 89
86 85 225 105
87 86 225 106
88 87 225 107
88 104 225 107
89 90 225 221
90 91 225 222
91 92 225 223
92 93 225 207
93 94 225 206
94 95 225 205
95 79 225 204
96 112 225 98
97 81 225 212
98 97 225 211
99 98 225 210
100 99 225 209
101 100 225 225
102 101 225 226
103 102 225 227
103 104 225 227
104 105 225 226
105 106 225 225
106 107 225 209
107 108 225 210
108 109 225 211
109 110 225 212
110 111 225 213
113 112 225 95
114 113 225 94
115 114 225 93
116 115 225 92
117 116 225 91
118 117 225 90
119 118 225 89
121 122 225 253
122 123 225 254
123 124 225 255
124 125 225 239
125 126 225 238
126 127 225 237
127 111 225 236
128 144 225 82
129 113 225 244
130 129 225 243
131 130 225 242
132 131 225 241
133 132 225 240
134 133 225 224
136 137 225 224
137 138 225 240
138 139 225 241
139 140 225 242
140 141 225 243
141 142 225 244
142 143 225 245
145 144 225 77
146 145 225 78
147 146 225 79
148 147 225 95
149 148 225 94
150 149 225 93
151 150 225 92
152 151 225 91
152 168 225 91
154 155 225 152
155 156 225 168
157 158 225 184
158 159 225 200
160 176 225 85
162 161 225 112
163 162 225 96
165 164 225 80
166 165 225 64
168 169 225 64
169 170 225 80
171 172 225 96
172 173 225 112
174 175 225 128
177 176 225 74
178 177 225 75
179 178 225 76
180 179 225 77
181 180 225 78
182 181 225 79
183 182 225 95
184 183 225 94
184 200 225 94
185 186 225 10
186 187 225 9
187 188 225 8
189 190 225 24
190 191 225 40
193 177 225 4
194 193 225 5
195 194 225 6
196 195 225 7
198 197 225 23
199 198 225 22
199 200 225 22
200 201 225 23
202 203 225 7
203 204 225 6
204 205 225 5
205 206 225 4
206 207 225 3
209 208 225 57
211 210 225 73
212 211 225 74
213 212 225 75
214 213 225 76
215 214 225 77
216 215 225 78
216 232 225 78
217 218 225 42
218 219 225 41
220 221 225 25
221 222 225 26
222 223 225 27
223 207 225 28
224 240 225 69
225 209 225 36
226 225 225 37
227 226 225 38
228 227 225 39
230 229 225 55
231 230 225 54
231 232 225 54
232 233 225 55
234 235 225 39
235 236 225 38
236 237 225 37
237 238 225 36
238 239 225 35
241 240 225 60
242 241 225 59
243 242 225 58
244 243 225 57
246 245 225 73
247 246 225 74
248 247 225 75
248 249 225 75
249 250 225 74
250 251 225 73
252 253 225 57
253 254 225 58
254 255 225 59
255 239 225 60
0 1 226 179
1 2 226 178
2 3 226 177
4 5 226 193
5 6 226 194
6 7 226 195
7 8 226 196
7 23 226 196
8 9 226 197
9 10 226 198
10 11 226 199
11 12 226 215
12 13 226 214
13 14 226 213
14 15 226 212
17 16 226 203
18 17 226 202
19 18 226 201
20 19 226 185
21 20 226 186
22 21 226 187
23 22 226 188
24 8 226 189
24 23 226 189
25 41 226 220
26 25 226 221
27 26 226 222
28 27 226 223
30 29 226 207
31 30 226 206
32 16 226 182
33 34 226 210
34 35 226 209
36 37 226 225
37 38 226 226
38 39 226 227
39 40 226 228
39 55 226 228
40 41 226 229
41 42 226 230
42 43 226 231
43 44 226 247
44 45 226 246
45 46 226 245
46 47 226 244
49 48 226 185
50 49 226 186
51 50 226 187
52 51 226 188
53 52 226 189
54 53 226 190
55 54 226 191
57 73 226 252
58 57 226 253
59 58 226 254
60 59 226 255
62 61 226 239
63 62 226 238
64 48 226 166
65 66 226 242
66 67 226 241
67 68 226 240
69 70 226 224
70 71 226 208
72 73 226 192
73 74 226 176
75 76 226 160
76 77 226 144
78 79 226 128
81 80 226 188
82 81 226 189
83 82 226 190
84 83 226 191
86 85 226 175
87 86 226 174
88 72 226 173
88 87 226 173
90 89 226 136
91 90 226 152
93 92 226 168
94 93 226 184
96 80 226 163
98 99 226 96
99 100 226 80
101 102 226 64
102 103 226 48
104 105 226 32
105 106 226 16
107 108 226 0
108 109 226 1
109 110 226 2
110 111 226 3
113 112 226 191
115 114 226 175
116 115 226 174
117 116 226 173
118 117 226 172
119 118 226 171
120 104 226 170
120 119 226 170
121 137 226 12
122 121 226 11
123 122 226 10
124 123 226 9
125 124 226 8
126 125 226 24
129 130 226 5
130 131 226 6
131 132 226 7
132 133 226 23
133 134 226 22
134 135 226 21
135 136 226 20
135 151 226 20
136 137 226 19
137 138 226 18
138 139 226 17
140 141 226 33
141 142 226 34
142 143 226 35
145 144 226 174
146 145 226 173
147 146 226 172
148 147 226 171
149 148 226 170
150 149 226 169
151 150 226 153
152 136 226 154
152 151 226 154
153 169 226 44
154 153 226 43
155 154 226 42
156 155 226 41
157 156 226 25
158 157 226 26
159 158 226 27
160 144 226 147
161 162 226 37
162 163 226 38
163 164 226 39
164 165 226 55
165 166 226 54
166 167 226 53
167 168 226 52
167 183 226 52
168 169 226 51
169 170 226 50
170 171 226 49
172 173 226 65
173 174 226 66
174 175 226 67
177 176 226 171
178 177 226 170
179 178 226 169
180 179 226 153
181 180 226 154
182 181 226 155
183 182 226 156
184 168 226 157
184 183 226 157
185 201 226 76
186 185 226 75
187 186 226 74
188 187 226 73
189 188 226 57
190 189 226 58
191 190 226 59
192 176 226 150
193 194 226 69
194 195 226 70
195 196 226 71
196 197 226 87
197 198 226 86
198 199 226 85
199 200 226 84
199 215 226 84
200 201 226 83
201 202 226 82
202 203 226 81
204 205 226 97
205 206 226 98
206 207 226 99
209 208 226 153
210 209 226 154
211 210 226 155
212 211 226 156
213 212 226 157
214 213 226 158
215 214 226 159
217 233 226 108
218 217 226 107
219 218 226 106
220 219 226 105
221 220 226 89
222 221 226 90
223 222 226 91
224 208 226 134
225 226 226 101
226 227 226 102
227 228 226 103
228 229 226 119
229 230 226 118
230 231 226 117
231 232 226 116
231 247 226 116
232 233 226 115
233 234 226 114
234 235 226 113
236 237 226 129
237 238 226 130
238 239 226 131
241 240 226 156
242 241 226 157
243 242 226 158
244 243 226 159
246 245 226 143
247 246 226 142
248 232 226 141
248 247 226 141
249 248 226 140
250 249 226 139
251 250 226 138
252 251 226 137
253 252 226 121
254 253 226 122
255 254 226 123
1 0 227 108
2 1 227 109
3 2 227 110
4 3 227 111
5 4 227 127
6 5 227 126
7 6 227 125
8 7 227 124
8 24 227 124
9 8 227 123
10 9 227 122
11 10 227 121
13 12 227 137
14 13 227 138
15 14 227 139
16 32 227 118
17 18 227 149
18 19 227 150
19 20 227 151
21 22 227 135
22 23 227 134
23 7 227 133
23 24 227 133
24 25 227 132
25 26 227 131
26 27 227 130
27 28 227 129
28 29 227 113
29 30 227 114
30 31 227 115
33 32 227 105
34 33 227 106
35 34 227 107
36 35 227 108
37 36 227 109
38 37 227 110
39 38 227 111
40 39 227 127
40 56 227 127
41 25 227 155
42 41 227 154
43 42 227 153
45 44 227 169
46 45 227 170
47 46 227 171
48 64 227 103
49 50 227 181
50 51 227 182
51 52 227 183
53 54 227 167
54 55 227 166
55 39 227 165
55 56 227 165
56 57 227 164
57 58 227 163
58 59 227 162
59 60 227 161
60 61 227 145
61 62 227 146
62 63 227 147
65 64 227 90
66 65 227 89
68 67 227 105
69 68 227 106
70 69 227 107
71 70 227 108
72 71 227 109
72 88 227 109
73 57 227 187
74 73 227 186
75 74 227 185
77 76 227 201
78 77 227 202
79 78 227 203
80 96 227 100
81 82 227 213
82 83 227 214
83 84 227 215
85 86 227 199
86 87 227 198
87 71 227 197
87 88 227 197
88 89 227 196
89 90 227 195
90 91 227 194
91 92 227 193
92 93 227 177
93 94 227 178
94 95 227 179
97 96 227 93
98 97 227 92
99 98 227 91
100 99 227 90
101 100 227 89
103 102 227 105
104 103 227 106
104 120 227 106
105 89 227 219
106 105 227 218
107 106 227 217
109 108 227 233
110 109 227 234
111 110 227 235
112 128 227 97
113 114 227 245
114 115 227 246
115 116 227 247
117 118 227 231
118 119 227 230
119 103 227 229
119 120 227 229
120 121 227 228
121 122 227 227
122 123 227 226
123 124 227 225
124 125 227 209
125 126 227 210
126 127 227 211
129 128 227 79
130 129 227 95
131 130 227 94
132 131 227 93
133 132 227 92
134 133 227 91
135 134 227 90
136 135 227 89
136 152 227 89
137 121 227 251
138 137 227 250
139 138 227 249
140 139 227 248
142 141 227 232
143 142 227 216
144 160 227 83
145 146 227 128
146 147 227 144
148 149 227 160
149 150 227 176
151 135 227 192
151 152 227 192
152 153 227 208
154 155 227 224
155 156 227 240
156 157 227 241
157 158 227 242
158 159 227 243
161 160 227 76
162 161 227 77
163 162 227 78
164 163 227 79
165 164 227 95
166 165 227 94
167 166 227 93
168 167 227 92
168 184 227 92
169 153 227 120
171 170 227 104
172 171 227 88
174 173 227 72
175 174 227 56
176 192 227 86
177 178 227 3
178 179 227 2
179 180 227 1
180 181 227 0
181 182 227 16
183 167 227 32
183 184 227 32
184 185 227 48
186 187 227 64
187 188 227 80
189 190 227 96
190 191 227 112
193 192 227 73
194 193 227 74
195 194 227 75
196 195 227 76
197 196 227 77
198 197 227 78
199 198 227 79
200 199 227 95
200 216 227 95
201 185 227 12
202 201 227 13
203 202 227 14
204 203 227 15
205 204 227 31
206 205 227 30
207 206 227 29
208 224 227 71
209 210 227 35
210 211 227 34
211 212 227 33
212 213 227 17
213 214 227 18
214 215 227 19
215 199 227 20
215 216 227 20
216 217 227 21
217 218 227 22
218 219 227 23
220 221 227 7
221 222 227 6
222 223 227 5
225 224 227 58
226 225 227 57
228 227 227 73
229 228 227 74
230 229 227 75
231 230 227 76
232 231 227 77
232 248 227 77
233 217 227 44
234 233 227 45
235 234 227 46
236 235 227 47
237 236 227 63
238 237 227 62
239 238 227 61
240 241 227 68
241 242 227 67
242 243 227 66
243 244 227 65
244 245 227 49
245 246 227 50
246 247 227 51
247 231 227 52
247 248 227 52
248 249 227 53
249 250 227 54
250 251 227 55
252 253 227 39
253 254 227 38
254 255 227 37
1 0 228 204
2 1 228 203
3 2 228 202
4 3 228 201
5 4 228 185
6 5 228 186
7 6 228 187
8 7 228 188
8 9 228 188
9 10 228 187
10 11 228 186
11 12 228 185
12 13 228 201
13 14 228 202
14 15 228 203
15 31 228 204
16 0 228 181
17 33 228 212
18 17 228 213
19 18 228 214
20 19 228 215
21 20 228 199
22 21 228 198
23 22 228 197
23 24 228 197
24 25 228 198
25 26 228 199
26 27 228 215
27 28 228 214
28 29 228 213
29 30 228 212
30 31 228 211
33 32 228 201
34 33 228 185
35 34 228 186
36 35 228 187
37 36 228 188
38 37 228 189
39 38 228 190
40 24 228 191
40 39 228 191
41 42 228 219
42 43 228 218
43 44 228 217
44 45 228 233
45 46 228 234
46 47 228 235
47 63 228 236
48 32 228 167
49 65 228 244
50 49 228 245
51 50 228 246
52 51 228 247
53 52 228 231
54 53 228 230
55 54 228 229
55 56 228 229
56 57 228 230
57 58 228 231
58 59 228 247
59 60 228 246
60 61 228 245
61 62 228 244
62 63 228 243
65 64 228 187
66 65 228 188
67 66 228 189
68 67 228 190
69 68 228 191
71 70 228 175
72 56 228 174
72 71 228 174
73 74 228 251
74 75 228 250
75 76 228 249
76 77 228 248
77 78 228 232
79 95 228 216
80 64 228 164
81 97 228 128
83 82 228 144
84 83 228 160
86 85 228 176
87 86 228 192
87 88 228 192
88 89 228 176
90 91 228 160
91 92 228 144
93 94 228 128
94 95 228 112
97 96 228 190
98 97 228 191
100 99 228 175
101 100 228 174
102 101 228 173
103 102 228 172
104 88 228 171
104 103 228 171
105 106 228 120
106 107 228 104
108 109 228 88
109 110 228 72
111 127 228 56
112 96 228 161
113 129 228 3
114 113 228 2
115 114 228 1
116 115 228 0
118 117 228 16
119 118 228 32
119 120 228 32
120 121 228 16
122 123 228 0
123 124 228 1
124 125 228 2
125 126 228 3
126 127 228 4
129 128 228 175
130 129 228 174
131 130 228 173
132 131 228 172
133 132 228 171
134 133 228 170
135 134 228 169
136 120 228 153
136 135 228 153
137 138 228 13
138 139 228 14
139 140 228 15
141 142 228 31
142 143 228 30
143 159 228 29
144 128 228 146
145 161 228 35
146 145 228 34
147 146 228 33
149 148 228 17
150 149 228 18
151 150 228 19
151 152 228 19
152 153 228 18
153 154 228 17
155 156 228 33
156 157 228 34
157 158 228 35
158 159 228 36
161 160 228 172
162 161 228 171
163 162 228 170
164 163 228 169
165 164 228 153
166 165 228 154
167 166 228 155
168 152 228 156
168 167 228 156
169 170 228 45
170 171 228 46
171 172 228 47
173 174 228 63
174 175 228 62
175 191 228 61
176 160 228 149
177 193 228 67
178 177 228 66
179 178 228 65
181 180 228 49
182 181 228 50
183 182 228 51
183 184 228 51
184 185 228 50
185 186 228 49
187 188 228 65
188 189 228 66
189 190 228 67
190 191 228 68
193 192 228 169
194 193 228 153
195 194 228 154
196 195 228 155
197 196 228 156
198 197 228 157
199 198 228 158
200 184 228 159
200 199 228 159
201 202 228 77
202 203 228 78
203 204 228 79
205 206 228 95
206 207 228 94
207 223 228 93
208 192 228 135
209 225 228 99
210 209 228 98
211 210 228 97
213 212 228 81
214 213 228 82
215 214 228 83
215 216 228 83
216 217 228 82
217 218 228 81
219 220 228 97
220 221 228 98
221 222 228 99
222 223 228 100
225 224 228 155
226 225 228 156
227 226 228 157
228 227 228 158
229 228 228 159
231 230 228 143
232 216 228 142
232 231 228 142
233 234 228 109
234 235 228 110
235 236 228 111
237 238 228 127
238 239 228 126
239 255 228 125
240 224 228 132
241 240 228 131
242 241 228 130
243 242 228 129
245 244 228 113
246 245 228 114
247 246 228 115
247 248 228 115
248 249 228 114
249 250 228 113
251 252 228 129
252 253 228 130
253 254 228 131
254 255 228 132
0 16 229 116
1 0 229 115
2 1 229 114
3 2 229 113
4 3 229 129
5 4 229 130
6 5 229 131
7 6 229 132
7 8 229 132
8 9 229 131
9 10 229 130
10 11 229 129
11 12 229 113
12 13 229 114
13 14 229 115
14 15 229 116
17 16 229 107
18 17 229 108
19 18 229 109
20 19 229 110
21 20 229 111
22 21 229 127
23 22 229 126
24 23 229 125
24 40 229 125
25 26 229 156
26 27 229 157
27 28 229 158
28 29 229 159
29 30 229 143
30 31 229 142
31 15 229 141
32 48 229 119
33 17 229 147
34 33 229 146
35 34 229 145
36 35 229 161
37 36 229 162
38 37 229 163
39 38 229 164
39 40 229 164
40 41 229 163
41 42 229 162
42 43 229 161
43 44 229 145
44 45 229 146
45 46 229 147
46 47 229 148
50 49 229 105
51 50 229 106
52 51 229 107
53 52 229 108
54 53 229 109
55 54 229 110
56 55 229 111
56 72 229 111
57 58 229 188
58 59 229 189
59 60 229 190
60 61 229 191
61 62 229 175
62 63 229 174
63 47 229 173
64 80 229 102
65 49 229 179
66 65 229 178
67 66 229 177
68 67 229 193
69 68 229 194
70 69 229 195
71 70 229 196
71 72 229 196
72 73 229 195
73 74 229 194
74 75 229 193
75 76 229 177
76 77 229 178
77 78 229 179
78 79 229 180
81 80 229 91
82 81 229 90
83 82 229 89
85 84 229 105
86 85 229 106
87 86 229 107
88 87 229 108
88 104 229 108
89 90 229 220
90 91 229 221
91 92 229 222
92 93 229 223
93 94 229 207
94 95 229 206
95 79 229 205
96 112 229 99
97 81 229 211
98 97 229 210
99 98 229 209
100 99 229 225
101 100 229 226
102 101 229 227
103 102 229 228
103 104 229 228
104 105 229 227
105 106 229 226
106 107 229 225
107 108 229 209
108 109 229 210
109 110 229 211
110 111 229 212
113 112 229 94
114 113 229 93
115 114 229 92
116 115 229 91
117 116 229 90
118 117 229 89
120 119 229 105
120 136 229 105
121 122 229 252
122 123 229 253
123 124 229 254
124 125 229 255
125 126 229 239
126 127 229 238
127 111 229 237
128 144 229 81
129 113 229 243
130 129 229 242
131 130 229 241
132 131 229 240
133 132 229 224
135 134 229 208
135 136 229 208
137 138 229 224
138 139 229 240
139 140 229 241
140 141 229 242
141 142 229 243
142 143 229 244
145 144 229 78
146 145 229 79
147 146 229 95
148 147 229 94
149 148 229 93
150 149 229 92
151 150 229 91
152 151 229 90
152 168 229 90
153 154 229 136
155 156 229 152
156 157 229 168
158 159 229 184
159 143 229 200
160 176 229 84
161 145 229 112
162 161 229 96
164 163 229 80
165 164 229 64
167 166 229 48
167 168 229 48
169 170 229 64
170 171 229 80
172 173 229 96
173 174 229 112
177 176 229 75
178 177 229 76
179 178 229 77
180 179 229 78
181 180 229 79
182 181 229 95
183 182 229 94
184 183 229 93
184 200 229 93
185 186 229 11
186 187 229 10
187 188 229 9
188 189 229 8
190 191 229 24
191 175 229 40
192 208 229 87
193 177 229 5
194 193 229 6
195 194 229 7
197 196 229 23
198 197 229 22
199 198 229 21
199 200 229 21
200 201 229 22
201 202 229 23
203 204 229 7
204 205 229 6
205 206 229 5
206 207 229 4
210 209 229 73
211 210 229 74
212 211 229 75
213 212 229 76
214 213 229 77
215 214 229 78
216 215 229 79
216 232 229 79
217 218 229 43
218 219 229 42
219 220 229 41
221 222 229 25
222 223 229 26
223 207 229 27
224 240 229 70
225 209 229 37
226 225 229 38
227 226 229 39
229 228 229 55
230 229 229 54
231 230 229 53
231 232 229 53
232 233 229 54
233 234 229 55
235 236 229 39
236 237 229 38
237 238 229 37
238 239 229 36
241 240 229 59
242 241 229 58
243 242 229 57
245 244 229 73
246 245 229 74
247 246 229 75
248 247 229 76
248 249 229 76
249 250 229 75
250 251 229 74
251 252 229 73
253 254 229 57
254 255 229 58
255 239 229 59
0 1 230 180
1 2 230 179
2 3 230 178
3 4 230 177
5 6 230 193
6 7 230 194
7 8 230 195
7 23 230 195
8 9 230 196
9 10 230 197
10 11 230 198
11 12 230 199
12 13 230 215
13 14 230 214
14 15 230 213
17 16 230 202
18 17 230 201
19 18 230 185
20 19 230 186
21 20 230 187
22 21 230 188
23 22 230 189
24 8 230 190
24 23 230 190
25 41 230 221
26 25 230 222
27 26 230 223
29 28 230 207
30 29 230 206
31 30 230 205
32 16 230 183
33 34 230 211
34 35 230 210
35 36 230 209
37 38 230 225
38 39 230 226
39 40 230 227
39 55 230 227
40 41 230 228
41 42 230 229
42 43 230 230
43 44 230 231
44 45 230 247
45 46 230 246
46 47 230 245
49 48 230 186
50 49 230 187
51 50 230 188
52 51 230 189
53 52 230 190
54 53 230 191
56 40 230 175
56 55 230 175
57 73 230 253
58 57 230 254
59 58 230 255
61 60 230 239
62 61 230 238
63 62 230 237
64 48 230 165
65 66 230 243
66 67 230 242
67 68 230 241
68 69 230 240
70 71 230 224
71 72 230 208
71 87 230 208
73 74 230 192
74 75 230 176
76 77 230 160
77 78 230 144
81 80 230 189
82 81 230 190
83 82 230 191
85 84 230 175
86 85 230 174
87 86 230 173
88 72 230 172
88 87 230 172
89 105 230 136
90 89 230 152
92 91 230 168
93 92 230 184
95 94 230 200
96 80 230 162
97 98 230 112
99 100 230 96
100 101 230 80
102 103 230 64
103 104 230 48
103 119 230 48
105 106 230 32
106 107 230 16
108 109 230 0
109 110 230 1
110 111 230 2
114 113 230 175
115 114 230 174
116 115 230 173
117 116 230 172
118 117 230 171
119 118 230 170
120 104 230 169
120 119 230 169
121 137 230 11
122 121 230 10
123 122 230 9
124 123 230 8
125 124 230 24
127 126 230 40
128 112 230 145
129 130 230 4
130 131 230 5
131 132 230 6
132 133 230 7
133 134 230 23
134 135 230 22
135 136 230 21
135 151 230 21
136 137 230 20
137 138 230 19
138 139 230 18
139 140 230 17
141 142 230 33
142 143 230 34
145 144 230 173
146 145 230 172
147 146 230 171
148 147 230 170
149 148 230 169
150 149 230 153
151 150 230 154
152 136 230 155
152 151 230 155
153 169 230 43
154 153 230 42
155 154 230 41
156 155 230 25
157 156 230 26
158 157 230 27
159 158 230 28
160 144 230 148
161 162 230 36
162 163 230 37
163 164 230 38
164 165 230 39
165 166 230 55
166 167 230 54
167 168 230 53
167 183 230 53
168 169 230 52
169 170 230 51
170 171 230 50
171 172 230 49
173 174 230 65
174 175 230 66
177 176 230 170
178 177 230 169
179 178 230 153
180 179 230 154
181 180 230 155
182 181 230 156
183 182 230 157
184 168 230 158
184 183 230 158
185 201 230 75
186 185 230 74
187 186 230 73
188 187 230 57
189 188 230 58
190 189 230 59
191 190 230 60
192 176 230 151
193 194 230 68
194 195 230 69
195 196 230 70
196 197 230 71
197 198 230 87
198 199 230 86
199 200 230 85
199 215 230 85
200 201 230 84
201 202 230 83
202 203 230 82
203 204 230 81
205 206 230 97
206 207 230 98
209 208 230 154
210 209 230 155
211 210 230 156
212 211 230 157
213 212 230 158
214 213 230 159
216 200 230 143
216 215 230 143
217 233 230 107
218 217 230 106
219 218 230 105
220 219 230 89
221 220 230 90
222 221 230 91
223 222 230 92
224 208 230 133
225 226 230 100
226 227 230 101
227 228 230 102
228 229 230 103
229 230 230 119
230 231 230 118
231 232 230 117
231 247 230 117
232 233 230 116
233 234 230 115
234 235 230 114
235 236 230 113
237 238 230 129
238 239 230 130
241 240 230 157
242 241 230 158
243 242 230 159
245 244 230 143
246 245 230 142
247 246 230 141
248 232 230 140
248 247 230 140
249 248 230 139
250 249 230 138
251 250 230 137
252 251 230 121
253 252 230 122
254 253 230 123
255 254 230 124
1 0 231 109
2 1 231 110
3 2 231 111
4 3 231 127
5 4 231 126
6 5 231 125
7 6 231 124
8 7 231 123
8 24 231 123
9 8 231 122
10 9 231 121
12 11 231 137
13 12 231 138
14 13 231 139
15 14 231 140
16 32 231 117
17 18 231 148
18 19 231 149
19 20 231 150
20 21 231 151
22 23 231 135
23 7 231 134
23 24 231 134
24 25 231 133
25 26 231 132
26 27 231 131
27 28 231 130
28 29 231 129
29 30 231 113
30 31 231 114
33 32 231 106
34 33 231 107
35 34 231 108
36 35 231 109
37 36 231 110
38 37 231 111
39 38 231 127
40 39 231 126
40 56 231 126
41 25 231 154
42 41 231 153
44 43 231 169
45 44 231 170
46 45 231 171
47 46 231 172
49 50 231 180
50 51 231 181
51 52 231 182
52 53 231 183
54 55 231 167
55 39 231 166
55 56 231 166
56 57 231 165
57 58 231 164
58 59 231 163
59 60 231 162
60 61 231 161
61 62 231 145
62 63 231 146
65 64 231 89
67 66 231 105
68 67 231 106
69 68 231 107
70 69 231 108
71 70 231 109
72 71 231 110
72 88 231 110
73 57 231 186
74 73 231 185
76 75 231 201
77 76 231 202
78 77 231 203
79 78 231 204
80 96 231 101
81 82 231 212
82 83 231 213
83 84 231 214
84 85 231 215
86 87 231 199
87 71 231 198
87 88 231 198
88 89 231 197
89 90 231 196
90 91 231 195
91 92 231 194
92 93 231 193
93 94 231 177
94 95 231 178
97 96 231 92
98 97 231 91
99 98 231 90
100 99 231 89
102 101 231 105
103 102 231 106
104 103 231 107
104 120 231 107
105 89 231 218
106 105 231 217
108 107 231 233
109 108 231 234
110 109 231 235
111 110 231 236
112 128 231 98
113 114 231 244
114 115 231 245
115 116 231 246
116 117 231 247
118 119 231 231
119 103 231 230
119 120 231 230
120 121 231 229
121 122 231 228
122 123 231 227
123 124 231 226
124 125 231 225
125 126 231 209
126 127 231 210
129 128 231 95
130 129 231 94
131 130 231 93
132 131 231 92
133 132 231 91
134 133 231 90
135 134 231 89
137 121 231 250
138 137 231 249
139 138 231 248
141 140 231 232
142 141 231 216
144 160 231 82
146 147 231 128
147 148 231 144
149 150 231 160
150 151 231 176
152 153 231 192
153 154 231 208
155 156 231 224
156 157 231 240
157 158 231 241
158 159 231 242
161 160 231 77
162 161 231 78
163 162 231 79
164 163 231 95
165 164 231 94
166 165 231 93
167 166 231 92
168 167 231 91
168 184 231 91
170 169 231 104
171 170 231 88
173 172 231 72
174 173 231 56
176 192 231 85
177 178 231 4
178 179 231 3
179 180 231 2
180 181 231 1
181 182 231 0
182 183 231 16
184 185 231 32
185 186 231 48
187 188 231 64
188 189 231 80
190 191 231 96
193 192 231 74
194 193 231 75
195 194 231 76
196 195 231 77
197 196 231 78
198 197 231 79
199 198 231 95
200 199 231 94
200 216 231 94
201 185 231 13
202 201 231 14
203 202 231 15
204 203 231 31
205 204 231 30
206 205 231 29
207 206 231 28
209 210 231 36
210 211 231 35
211 212 231 34
212 213 231 33
213 214 231 17
214 215 231 18
215 199 231 19
215 216 231 19
216 217 231 20
217 218 231 21
218 219 231 22
219 220 231 23
221 222 231 7
222 223 231 6
225 224 231 57
227 226 231 73
228 227 231 74
229 228 231 75
230 229 231 76
231 230 231 77
232 231 231 78
232 248 231 78
233 217 231 45
234 233 231 46
235 234 231 47
236 235 231 63
237 236 231 62
238 237 231 61
239 238 231 60
240 241 231 69
241 242 231 68
242 243 231 67
243 244 231 66
244 245 231 65
245 246 231 49
246 247 231 50
247 231 231 51
247 248 231 51
248 249 231 52
249 250 231 53
250 251 231 54
251 252 231 55
253 254 231 39
254 255 231 38
1 0 232 203
2 1 232 202
3 2 232 201
4 3 232 185
5 4 232 186
6 5 232 187
7 6 232 188
8 7 232 189
8 9 232 189
9 10 232 188
10 11 232 187
11 12 232 186
12 13 232 185
13 14 232 201
14 15 232 202
15 31 232 203
16 0 232 182
17 33 232 213
18 17 232 214
19 18 232 215
20 19 232 199
21 20 232 198
22 21 232 197
23 22 232 196
23 24 232 196
24 25 232 197
25 26 232 198
26 27 232 199
27 28 232 215
28 29 232 214
29 30 232 213
30 31 232 212
33 32 232 185
34 33 232 186
35 34 232 187
36 35 232 188
37 36 232 189
38 37 232 190
39 38 232 191
41 42 232 220
42 43 232 219
43 44 232 218
44 45 232 217
45 46 232 233
46 47 232 234
47 63 232 235
48 32 232 166
49 65 232 245
50 49 232 246
51 50 232 247
52 51 232 231
53 52 232 230
54 53 232 229
55 54 232 228
55 56 232 228
56 57 232 229
57 58 232 230
58 59 232 231
59 60 232 247
60 61 232 246
61 62 232 245
62 63 232 244
65 64 232 188
66 65 232 189
67 66 232 190
68 67 232 191
70 69 232 175
71 70 232 174
72 56 232 173
72 71 232 173
73 74 232 252
74 75 232 251
75 76 232 250
76 77 232 249
77 78 232 248
78 79 232 232
80 64 232 163
82 81 232 144
83 82 232 160
85 84 232 176
86 85 232 192
88 89 232 192
89 90 232 176
91 92 232 160
92 93 232 144
94 95 232 128
97 96 232 191
99 98 232 175
100 99 232 174
101 100 232 173
102 101 232 172
103 102 232 171
104 88 232 170
104 103 232 170
106 107 232 120
107 108 232 104
109 110 232 88
110 111 232 72
113 129 232 2
114 113 232 1
115 114 232 0
117 116 232 16
118 117 232 32
120 121 232 32
121 122 232 16
123 124 232 0
124 125 232 1
125 126 232 2
126 127 232 3
129 128 232 174
130 129 232 173
131 130 232 172
132 131 232 171
133 132 232 170
134 133 232 169
135 134 232 153
136 120 232 154
136 135 232 154
137 138 232 12
138 139 232 13
139 140 232 14
140 141 232 15
142 143 232 31
143 159 232 30
144 128 232 147
145 161 232 34
146 145 232 33
148 147 232 17
149 148 232 18
150 149 232 19
151 150 232 20
151 152 232 20
152 153 232 19
153 154 232 18
154 155 232 17
156 157 232 33
157 158 232 34
158 159 232 35
161 160 232 171
162 161 232 170
163 162 232 169
164 163 232 153
165 164 232 154
166 165 232 155
167 166 232 156
168 152 232 157
168 167 232 157
169 170 232 44
170 171 232 45
171 172 232 46
172 173 232 47
174 175 232 63
175 191 232 62
176 160 232 150
177 193 232 66
178 177 232 65
180 179 232 49
181 180 232 50
182 181 232 51
183 182 232 52
183 184 232 52
184 185 232 51
185 186 232 50
186 187 232 49
188 189 232 65
189 190 232 66
190 191 232 67
193 192 232 153
194 193 232 154
195 194 232 155
196 195 232 156
197 196 232 157
198 197 232 158
199 198 232 159
201 202 232 76
202 203 232 77
203 204 232 78
204 205 232 79
206 207 232 95
207 223 232 94
208 192 232 134
209 225 232 98
210 209 232 97
212 211 232 81
213 212 232 82
214 213 232 83
215 214 232 84
215 216 232 84
216 217 232 83
217 218 232 82
218 219 232 81
220 221 232 97
221 222 232 98
222 223 232 99
225 224 232 156
226 225 232 157
227 226 232 158
228 227 232 159
230 229 232 143
231 230 232 142
232 216 232 141
232 231 232 141
233 234 232 108
234 235 232 109
235 236 232 110
236 237 232 111
238 239 232 127
239 255 232 126
240 224 232 131
241 240 232 130
242 241 232 129
244 243 232 113
245 244 232 114
246 245 232 115
247 246 232 116
247 248 232 116
248 249 232 115
249 250 232 114
250 251 232 113
252 253 232 129
253 254 232 130
254 255 232 131
0 16 233 115
1 0 233 114
2 1 233 113
3 2 233 129
4 3 233 130
5 4 233 131
6 5 233 132
7 6 233 133
7 8 233 133
8 9 233 132
9 10 233 131
10 11 233 130
11 12 233 129
12 13 233 113
13 14 233 114
14 15 233 115
17 16 233 108
18 17 233 109
19 18 233 110
20 19 233 111
21 20 233 127
22 21 233 126
23 22 233 125
24 23 233 124
24 40 233 124
25 26 233 155
26 27 233 156
27 28 233 157
28 29 233 158
29 30 233 159
30 31 233 143
31 15 233 142
32 48 233 118
33 17 233 146
34 33 233 145
35 34 233 161
36 35 233 162
37 36 233 163
38 37 233 164
39 38 233 165
39 40 233 165
40 41 233 164
41 42 233 163
42 43 233 162
43 44 233 161
44 45 233 145
45 46 233 146
46 47 233 147
49 48 233 105
50 49 233 106
51 50 233 107
52 51 233 108
53 52 233 109
54 53 233 110
55 54 233 111
56 55 233 127
56 72 233 127
57 58 233 187
58 59 233 188
59 60 233 189
60 61 233 190
61 62 233 191
62 63 233 175
63 47 233 174
64 80 233 103
65 49 233 178
66 65 233 177
67 66 233 193
68 67 233 194
69 68 233 195
70 69 233 196
71 70 233 197
71 72 233 197
72 73 233 196
73 74 233 195
74 75 233 194
75 76 233 193
76 77 233 177
77 78 233 178
78 79 233 179
81 80 233 90
82 81 233 89
84 83 233 105
85 84 233 106
86 85 233 107
87 86 233 108
88 87 233 109
88 104 233 109
89 90 233 219
90 91 233 220
91 92 233 221
92 93 233 222
93 94 233 223
94 95 233 207
95 79 233 206
96 112 233 100
97 81 233 210
98 97 233 209
99 98 233 225
100 99 233 226
101 100 233 227
102 101 233 228
103 102 233 229
103 104 233 229
104 105 233 228
105 106 233 227
106 107 233 226
107 108 233 225
108 109 233 209
109 110 233 210
110 111 233 211
113 112 233 93
114 113 233 92
115 114 233 91
116 115 233 90
117 116 233 89
119 118 233 105
120 119 233 106
120 136 233 106
121 122 233 251
122 123 233 252
123 124 233 253
124 125 233 254
125 126 233 255
126 127 233 239
127 111 233 238
128 144 233 97
129 113 233 242
130 129 233 241
131 130 233 240
132 131 233 224
134 133 233 208
135 134 233 192
135 136 233 192
136 137 233 208
138 139 233 224
139 140 233 240
140 141 233 241
141 142 233 242
142 143 233 243
145 144 233 79
146 145 233 95
147 146 233 94
148 147 233 93
149 148 233 92
150 149 233 91
151 150 233 90
152 151 233 89
152 168 233 89
153 154 233 120
154 155 233 136
156 157 233 152
157 158 233 168
159 143 233 184
160 176 233 83
161 145 233 96
163 162 233 80
164 163 233 64
166 165 233 48
167 166 233 32
167 168 233 32
168 169 233 48
170 171 233 64
171 172 233 80
173 174 233 96
174 175 233 112
177 176 233 76
178 177 233 77
179 178 233 78
180 179 233 79
181 180 233 95
182 181 233 94
183 182 233 93
184 183 233 92
184 200 233 92
185 186 233 12
186 187 233 11
187 188 233 10
188 189 233 9
189 190 233 8
191 175 233 24
192 208 233 86
193 177 233 6
194 193 233 7
196 195 233 23
197 196 233 22
198 197 233 21
199 198 233 20
199 200 233 20
200 201 233 21
201 202 233 22
202 203 233 23
204 205 233 7
205 206 233 6
206 207 233 5
209 208 233 73
210 209 233 74
211 210 233 75
212 211 233 76
213 212 233 77
214 213 233 78
215 214 233 79
216 215 233 95
216 232 233 95
217 218 233 44
218 219 233 43
219 220 233 42
220 221 233 41
222 223 233 25
223 207 233 26
224 240 233 71
225 209 233 38
226 225 233 39
228 227 233 55
229 228 233 54
230 229 233 53
231 230 233 52
231 232 233 52
232 233 233 53
233 234 233 54
234 235 233 55
236 237 233 39
237 238 233 38
238 239 233 37
241 240 233 58
242 241 233 57
244 243 233 73
245 244 233 74
246 245 233 75
247 246 233 76
248 247 233 77
248 249 233 77
249 250 233 76
250 251 233 75
251 252 233 74
252 253 233 73
254 255 233 57
255 239 233 58
0 1 234 181
1 2 234 180
2 3 234 179
3 4 234 178
4 5 234 177
6 7 234 193
7 8 234 194
7 23 234 194
8 9 234 195
9 10 234 196
10 11 234 197
11 12 234 198
12 13 234 199
13 14 234 215
14 15 234 214
17 16 234 201
18 17 234 185
19 18 234 186
20 19 234 187
21 20 234 188
22 21 234 189
23 22 234 190
24 8 234 191
24 23 234 191
25 41 234 222
26 25 234 223
28 27 234 207
29 28 234 206
30 29 234 205
31 30 234 204
32 16 234 167
33 34 234 212
34 35 234 211
35 36 234 210
36 37 234 209
38 39 234 225
39 40 234 226
39 55 234 226
40 41 234 227
41 42 234 228
42 43 234 229
43 44 234 230
44 45 234 231
45 46 234 247
46 47 234 246
49 48 234 187
50 49 234 188
51 50 234 189
52 51 234 190
53 52 234 191
55 54 234 175
56 40 234 174
56 55 234 174
57 73 234 254
58 57 234 255
60 59 234 239
61 60 234 238
62 61 234 237
63 62 234 236
64 48 234 164
65 66 234 244
66 67 234 243
67 68 234 242
68 69 234 241
69 70 234 240
71 72 234 224
71 87 234 224
72 73 234 208
74 75 234 192
75 76 234 176
77 78 234 160
78 79 234 144
81 80 234 190
82 81 234 191
84 83 234 175
85 84 234 174
86 85 234 173
87 86 234 172
88 72 234 171
88 87 234 171
89 105 234 152
91 90 234 168
92 91 234 184
94 93 234 200
95 94 234 216
96 80 234 161
97 98 234 128
98 99 234 112
100 101 234 96
101 102 234 80
103 104 234 64
103 119 234 64
104 105 234 48
106 107 234 32
107 108 234 16
109 110 234 0
110 111 234 1
113 112 234 175
114 113 234 174
115 114 234 173
116 115 234 172
117 116 234 171
118 117 234 170
119 118 234 169
120 104 234 153
120 119 234 153
121 137 234 10
122 121 234 9
123 122 234 8
124 123 234 24
126 125 234 40
127 126 234 56
128 112 234 146
129 130 234 3
130 131 234 4
131 132 234 5
132 133 234 6
133 134 234 7
134 135 234 23
135 136 234 22
135 151 234 22
136 137 234 21
137 138 234 20
138 139 234 19
139 140 234 18
140 141 234 17
142 143 234 33
145 144 234 172
146 145 234 171
147 146 234 170
148 147 234 169
149 148 234 153
150 149 234 154
151 150 234 155
152 136 234 156
152 151 234 156
153 169 234 42
154 153 234 41
155 154 234 25
156 155 234 26
157 156 234 27
158 157 234 28
159 158 234 29
160 144 234 149
161 162 234 35
162 163 234 36
163 164 234 37
164 165 234 38
165 166 234 39
166 167 234 55
167 168 234 54
167 183 234 54
168 169 234 53
169 170 234 52
170 171 234 51
171 172 234 50
172 173 234 49
174 175 234 65
177 176 234 169
178 177 234 153
179 178 234 154
180 179 234 155
181 180 234 156
182 181 234 157
183 182 234 158
184 168 234 159
184 183 234 159
185 201 234 74
186 185 234 73
187 186 234 57
188 187 234 58
189 188 234 59
190 189 234 60
191 190 234 61
192 176 234 135
193 194 234 67
194 195 234 68
195 196 234 69
196 197 234 70
197 198 234 71
198 199 234 87
199 200 234 86
199 215 234 86
200 201 234 85
201 202 234 84
202 203 234 83
203 204 234 82
204 205 234 81
206 207 234 97
209 208 234 155
210 209 234 156
211 210 234 157
212 211 234 158
213 212 234 159
215 214 234 143
216 200 234 142
216 215 234 142
217 233 234 106
218 217 234 105
219 218 234 89
220 219 234 90
221 220 234 91
222 221 234 92
223 222 234 93
224 208 234 132
225 226 234 99
226 227 234 100
227 228 234 101
228 229 234 102
229 230 234 103
230 231 234 119
231 232 234 118
231 247 234 118
232 233 234 117
233 234 234 116
234 235 234 115
235 236 234 114
236 237 234 113
238 239 234 129
241 240 234 158
242 241 234 159
244 243 234 143
245 244 234 142
246 245 234 141
247 246 234 140
248 232 234 139
248 247 234 139
249 248 234 138
250 249 234 137
251 250 234 121
252 251 234 122
253 252 234 123
254 253 234 124
255 254 234 125
1 0 235 110
2 1 235 111
3 2 235 127
4 3 235 126
5 4 235 125
6 5 235 124
7 6 235 123
8 7 235 122
8 24 235 122
9 8 235 121
11 10 235 137
12 11 235 138
13 12 235 139
14 13 235 140
15 14 235 141
16 32 235 116
17 18 235 147
18 19 235 148
19 20 235 149
20 21 235 150
21 22 235 151
23 7 235 135
23 24 235 135
24 25 235 134
25 26 235 133
26 27 235 132
27 28 235 131
28 29 235 130
29 30 235 129
30 31 235 113
33 32 235 107
34 33 235 108
35 34 235 109
36 35 235 110
37 36 235 111
38 37 235 127
39 38 235 126
40 39 235 125
40 56 235 125
41 25 235 153
43 42 235 169
44 43 235 170
45 44 235 171
46 45 235 172
47 46 235 173
48 64 235 119
49 50 235 179
50 51 235 180
51 52 235 181
52 53 235 182
53 54 235 183
55 39 235 167
55 56 235 167
56 57 235 166
57 58 235 165
58 59 235 164
59 60 235 163
60 61 235 162
61 62 235 161
62 63 235 145
66 65 235 105
67 66 235 106
68 67 235 107
69 68 235 108
70 69 235 109
71 70 235 110
72 71 235 111
72 88 235 111
73 57 235 185
75 74 235 201
76 75 235 202
77 76 235 203
78 77 235 204
79 78 235 205
80 96 235 102
81 82 235 211
82 83 235 212
83 84 235 213
84 85 235 214
85 86 235 215
87 71 235 199
87 88 235 199
88 89 235 198
89 90 235 197
90 91 235 196
91 92 235 195
92 93 235 194
93 94 235 193
94 95 235 177
97 96 235 91
98 97 235 90
99 98 235 89
101 100 235 105
102 101 235 106
103 102 235 107
104 103 235 108
104 120 235 108
105 89 235 217
107 106 235 233
108 107 235 234
109 108 235 235
110 109 235 236
111 110 235 237
112 128 235 99
113 114 235 243
114 115 235 244
115 116 235 245
116 117 235 246
117 118 235 247
119 103 235 231
119 120 235 231
120 121 235 230
121 122 235 229
122 123 235 228
123 124 235 227
124 125 235 226
125 126 235 225
126 127 235 209
129 128 235 94
130 129 235 93
131 130 235 92
132 131 235 91
133 132 235 90
134 133 235 89
136 135 235 105
136 152 235 105
137 121 235 249
138 137 235 248
140 139 235 232
141 140 235 216
143 142 235 200
144 160 235 81
145 146 235 112
147 148 235 128
148 149 235 144
150 151 235 160
151 135 235 176
151 152 235 176
153 154 235 192
154 155 235 208
156 157 235 224
157 158 235 240
158 159 235 241
161 160 235 78
162 161 235 79
163 162 235 95
164 163 235 94
165 164 235 93
166 165 235 92
167 166 235 91
168 167 235 90
168 184 235 90
169 153 235 104
170 169 235 88
172 171 235 72
173 172 235 56
175 174 235 40
176 192 235 84
177 178 235 5
178 179 235 4
179 180 235 3
180 181 235 2
181 182 235 1
182 183 235 0
183 167 235 16
183 184 235 16
185 186 235 32
186 187 235 48
188 189 235 64
189 190 235 80
193 192 235 75
194 193 235 76
195 194 235 77
196 195 235 78
197 196 235 79
198 197 235 95
199 198 235 94
200 199 235 93
200 216 235 93
201 185 235 14
202 201 235 15
203 202 235 31
204 203 235 30
205 204 235 29
206 205 235 28
207 206 235 27
208 224 235 87
209 210 235 37
210 211 235 36
211 212 235 35
212 213 235 34
213 214 235 33
214 215 235 17
215 199 235 18
215 216 235 18
216 217 235 19
217 218 235 20
218 219 235 21
219 220 235 22
220 221 235 23
222 223 235 7
226 225 235 73
227 226 235 74
228 227 235 75
229 228 235 76
230 229 235 77
231 230 235 78
232 231 235 79
232 248 235 79
233 217 235 46
234 233 235 47
235 234 235 63
236 235 235 62
237 236 235 61
238 237 235 60
239 238 235 59
240 241 235 70
241 242 235 69
242 243 235 68
243 244 235 67
244 245 235 66
245 246 235 65
246 247 235 49
247 231 235 50
247 248 235 50
248 249 235 51
249 250 235 52
250 251 235 53
251 252 235 54
252 253 235 55
254 255 235 39
1 0 236 202
2 1 236 201
3 2 236 185
4 3 236 186
5 4 236 187
6 5 236 188
7 6 236 189
8 7 236 190
8 9 236 190
9 10 236 189
10 11 236 188
11 12 236 187
12 13 236 186
13 14 236 185
14 15 236 201
15 31 236 202
16 0 236 183
17 33 236 214
18 17 236 215
19 18 236 199
20 19 236 198
21 20 236 197
22 21 236 196
23 22 236 195
23 24 236 195
24 25 236 196
25 26 236 197
26 27 236 198
27 28 236 199
28 29 236 215
29 30 236 214
30 31 236 213
33 32 236 186
34 33 236 187
35 34 236 188
36 35 236 189
37 36 236 190
38 37 236 191
40 24 236 175
40 39 236 175
41 42 236 221
42 43 236 220
43 44 236 219
44 45 236 218
45 46 236 217
46 47 236 233
47 63 236 234
48 32 236 165
49 65 236 246
50 49 236 247
51 50 236 231
52 51 236 230
53 52 236 229
54 53 236 228
55 54 236 227
55 56 236 227
56 57 236 228
57 58 236 229
58 59 236 230
59 60 236 231
60 61 236 247
61 62 236 246
62 63 236 245
65 64 236 189
66 65 236 190
67 66 236 191
69 68 236 175
70 69 236 174
71 70 236 173
72 56 236 172
72 71 236 172
73 74 236 253
74 75 236 252
75 76 236 251
76 77 236 250
77 78 236 249
78 79 236 248
79 95 236 232
80 64 236 162
81 97 236 144
82 81 236 160
84 83 236 176
85 84 236 192
87 86 236 208
87 88 236 208
89 90 236 192
90 91 236 176
92 93 236 160
93 94 236 144
98 97 236 175
99 98 236 174
100 99 236 173
101 100 236 172
102 101 236 171
103 102 236 170
104 88 236 169
104 103 236 169
105 106 236 136
107 108 236 120
108 109 236 104
110 111 236 88
111 127 236 72
112 96 236 145
113 129 236 1
114 113 236 0
116 115 236 16
117 116 236 32
119 118 236 48
119 120 236 48
121 122 236 32
122 123 236 16
124 125 236 0
125 126 236 1
126 127 236 2
129 128 236 173
130 129 236 172
131 130 236 171
132 131 236 170
133 132 236 169
134 133 236 153
135 134 236 154
136 120 236 155
136 135 236 155
137 138 236 11
138 139 236 12
139 140 236 13
140 141 236 14
141 142 236 15
143 159 236 31
144 128 236 148
145 161 236 33
147 146 236 17
148 147 236 18
149 148 236 19
150 149 236 20
151 150 236 21
151 152 236 21
152 153 236 20
153 154 236 19
154 155 236 18
155 156 236 17
157 158 236 33
158 159 236 34
161 160 236 170
162 161 236 169
163 162 236 153
164 163 236 154
165 164 236 155
166 165 236 156
167 166 236 157
168 152 236 158
168 167 236 158
169 170 236 43
170 171 236 44
171 172 236 45
172 173 236 46
173 174 236 47
175 191 236 63
176 160 236 151
177 193 236 65
179 178 236 49
180 179 236 50
181 180 236 51
182 181 236 52
183 182 236 53
183 184 236 53
184 185 236 52
185 186 236 51
186 187 236 50
187 188 236 49
189 190 236 65
190 191 236 66
193 192 236 154
194 193 236 155
195 194 236 156
196 195 236 157
197 196 236 158
198 197 236 159
200 184 236 143
200 199 236 143
201 202 236 75
202 203 236 76
203 204 236 77
204 205 236 78
205 206 236 79
207 223 236 95
208 192 236 133
209 225 236 97
211 210 236 81
212 211 236 82
213 212 236 83
214 213 236 84
215 214 236 85
215 216 236 85
216 217 236 84
217 218 236 83
218 219 236 82
219 220 236 81
221 222 236 97
222 223 236 98
225 224 236 157
226 225 236 158
227 226 236 159
229 228 236 143
230 229 236 142
231 230 236 141
232 216 236 140
232 231 236 140
233 234 236 107
234 235 236 108
235 236 236 109
236 237 236 110
237 238 236 111
239 255 236 127
240 224 236 130
241 240 236 129
243 242 236 113
244 243 236 114
245 244 236 115
246 245 236 116
247 246 236 117
247 248 236 117
248 249 236 116
249 250 236 115
250 251 236 114
251 252 236 113
253 254 236 129
254 255 236 130
0 16 237 114
1 0 237 113
2 1 237 129
3 2 237 130
4 3 237 131
5 4 237 132
6 5 237 133
7 6 237 134
7 8 237 134
8 9 237 133
9 10 237 132
10 11 237 131
11 12 237 130
12 13 237 129
13 14 237 113
14 15 237 114
17 16 237 109
18 17 237 110
19 18 237 111
20 19 237 127
21 20 237 126
22 21 237 125
23 22 237 124
24 23 237 123
24 40 237 123
25 26 237 154
26 27 237 155
27 28 237 156
28 29 237 157
29 30 237 158
30 31 237 159
31 15 237 143
32 48 237 117
33 17 237 145
34 33 237 161
35 34 237 162
36 35 237 163
37 36 237 164
38 37 237 165
39 38 237 166
39 40 237 166
40 41 237 165
41 42 237 164
42 43 237 163
43 44 237 162
44 45 237 161
45 46 237 145
46 47 237 146
49 48 237 106
50 49 237 107
51 50 237 108
52 51 237 109
53 52 237 110
54 53 237 111
55 54 237 127
56 55 237 126
56 72 237 126
57 58 237 186
58 59 237 187
59 60 237 188
60 61 237 189
61 62 237 190
62 63 237 191
63 47 237 175
65 49 237 177
66 65 237 193
67 66 237 194
68 67 237 195
69 68 237 196
70 69 237 197
71 70 237 198
71 72 237 198
72 73 237 197
73 74 237 196
74 75 237 195
75 76 237 194
76 77 237 193
77 78 237 177
78 79 237 178
81 80 237 89
83 82 237 105
84 83 237 106
85 84 237 107
86 85 237 108
87 86 237 109
88 87 237 110
88 104 237 110
89 90 237 218
90 91 237 219
91 92 237 220
92 93 237 221
93 94 237 222
94 95 237 223
95 79 237 207
96 112 237 101
97 81 237 209
98 97 237 225
99 98 237 226
100 99 237 227
101 100 237 228
102 101 237 229
103 102 237 230
103 104 237 230
104 105 237 229
105 106 237 228
106 107 237 227
107 108 237 226
108 109 237 225
109 110 237 209
110 111 237 210
113 112 237 92
114 113 237 91
115 114 237 90
116 115 237 89
118 117 237 105
119 118 237 106
120 119 237 107
120 136 237 107
121 122 237 250
122 123 237 251
123 124 237 252
124 125 237 253
125 126 237 254
126 127 237 255
127 111 237 239
128 144 237 98
129 113 237 241
130 129 237 240
131 130 237 224
133 132 237 208
134 133 237 192
136 137 237 192
137 138 237 208
139 140 237 224
140 141 237 240
141 142 237 241
142 143 237 242
145 144 237 95
146 145 237 94
147 146 237 93
148 147 237 92
149 148 237 91
150 149 237 90
151 150 237 89
154 155 237 120
155 156 237 136
157 158 237 152
158 159 237 168
160 176 237 82
162 161 237 80
163 162 237 64
165 164 237 48
166 165 237 32
168 169 237 32
169 170 237 48
171 172 237 64
172 173 237 80
174 175 237 96
177 176 237 77
178 177 237 78
179 178 237 79
180 179 237 95
181 180 237 94
182 181 237 93
183 182 237 92
184 183 237 91
184 200 237 91
185 186 237 13
186 187 237 12
187 188 237 11
188 189 237 10
189 190 237 9
190 191 237 8
192 208 237 85
193 177 237 7
195 194 237 23
196 195 237 22
197 196 237 21
198 197 237 20
199 198 237 19
199 200 237 19
200 201 237 20
201 202 237 21
202 203 237 22
203 204 237 23
205 206 237 7
206 207 237 6
209 208 237 74
210 209 237 75
211 210 237 76
212 211 237 77
213 212 237 78
214 213 237 79
215 214 237 95
216 215 237 94
216 232 237 94
217 218 237 45
218 219 237 44
219 220 237 43
220 221 237 42
221 222 237 41
223 207 237 25
225 209 237 39
227 226 237 55
228 227 237 54
229 228 237 53
230 229 237 52
231 230 237 51
231 232 237 51
232 233 237 52
233 234 237 53
234 235 237 54
235 236 237 55
237 238 237 39
238 239 237 38
241 240 237 57
243 242 237 73
244 243 237 74
245 244 237 75
246 245 237 76
247 246 237 77
248 247 237 78
248 249 237 78
249 250 237 77
250 251 237 76
251 252 237 75
252 253 237 74
253 254 237 73
255 239 237 57
0 1 238 182
1 2 238 181
2 3 238 180
3 4 238 179
4 5 238 178
5 6 238 177
7 8 238 193
7 23 238 193
8 9 238 194
9 10 238 195
10 11 238 196
11 12 238 197
12 13 238 198
13 14 238 199
14 15 238 215
17 16 238 185
18 17 238 186
19 18 238 187
20 19 238 188
21 20 238 189
22 21 238 190
23 22 238 191
25 41 238 223
27 26 238 207
28 27 238 206
29 28 238 205
30 29 238 204
31 30 238 203
32 16 238 166
33 34 238 213
34 35 238 212
35 36 238 211
36 37 238 210
37 38 238 209
39 40 238 225
39 55 238 225
40 41 238 226
41 42 238 227
42 43 238 228
43 44 238 229
44 45 238 230
45 46 238 231
46 47 238 247
49 48 238 188
50 49 238 189
51 50 238 190
52 51 238 191
54 53 238 175
55 54 238 174
56 40 238 173
56 55 238 173
57 73 238 255
59 58 238 239
60 59 238 238
61 60 238 237
62 61 238 236
63 62 238 235
64 48 238 163
65 66 238 245
66 67 238 244
67 68 238 243
68 69 238 242
69 70 238 241
70 71 238 240
72 73 238 224
73 74 238 208
75 76 238 192
76 77 238 176
78 79 238 160
81 80 238 191
83 82 238 175
84 83 238 174
85 84 238 173
86 85 238 172
87 86 238 171
88 72 238 170
88 87 238 170
90 89 238 168
91 90 238 184
93 92 238 200
94 93 238 216
98 99 238 128
99 100 238 112
101 102 238 96
102 103 238 80
104 105 238 64
105 106 238 48
107 108 238 32
108 109 238 16
110 111 238 0
113 112 238 174
114 113 238 173
115 114 238 172
116 115 238 171
117 116 238 170
118 117 238 169
119 118 238 153
120 104 238 154
120 119 238 154
121 137 238 9
122 121 238 8
123 122 238 24
125 124 238 40
126 125 238 56
128 112 238 147
129 130 238 2
130 131 238 3
131 132 238 4
132 133 238 5
133 134 238 6
134 135 238 7
135 136 238 23
135 151 238 23
136 137 238 22
137 138 238 21
138 139 238 20
139 140 238 19
140 141 238 18
141 142 238 17
145 144 238 171
146 145 238 170
147 146 238 169
148 147 238 153
149 148 238 154
150 149 238 155
151 150 238 156
152 136 238 157
152 151 238 157
153 169 238 41
154 153 238 25
155 154 238 26
156 155 238 27
157 156 238 28
158 157 238 29
159 158 238 30
160 144 238 150
161 162 238 34
162 163 238 35
163 164 238 36
164 165 238 37
165 166 238 38
166 167 238 39
167 168 238 55
167 183 238 55
168 169 238 54
169 170 238 53
170 171 238 52
171 172 238 51
172 173 238 50
173 174 238 49
177 176 238 153
178 177 238 154
179 178 238 155
180 179 238 156
181 180 238 157
182 181 238 158
183 182 238 159
185 201 238 73
186 185 238 57
187 186 238 58
188 187 238 59
189 188 238 60
190 189 238 61
191 190 238 62
192 176 238 134
193 194 238 66
194 195 238 67
195 196 238 68
196 197 238 69
197 198 238 70
198 199 238 71
199 200 238 87
199 215 238 87
200 201 238 86
201 202 238 85
202 203 238 84
203 204 238 83
204 205 238 82
205 206 238 81
209 208 238 156
210 209 238 157
211 210 238 158
212 211 238 159
214 213 238 143
215 214 238 142
216 200 238 141
216 215 238 141
217 233 238 105
218 217 238 89
219 218 238 90
220 219 238 91
221 220 238 92
222 221 238 93
223 222 238 94
224 208 238 131
225 226 238 98
226 227 238 99
227 228 238 100
228 229 238 101
229 230 238 102
230 231 238 103
231 232 238 119
231 247 238 119
232 233 238 118
233 234 238 117
234 235 238 116
235 236 238 115
236 237 238 114
237 238 238 113
241 240 238 159
243 242 238 143
244 243 238 142
245 244 238 141
246 245 238 140
247 246 238 139
248 232 238 138
248 247 238 138
249 248 238 137
250 249 238 121
251 250 238 122
252 251 238 123
253 252 238 124
254 253 238 125
255 254 238 126
1 0 239 111
2 1 239 127
3 2 239 126
4 3 239 125
5 4 239 124
6 5 239 123
7 6 239 122
8 7 239 121
8 24 239 121
10 9 239 137
11 10 239 138
12 11 239 139
13 12 239 140
14 13 239 141
15 14 239 142
16 32 239 115
17 18 239 146
18 19 239 147
19 20 239 148
20 21 239 149
21 22 239 150
22 23 239 151
24 25 239 135
25 26 239 134
26 27 239 133
27 28 239 132
28 29 239 131
29 30 239 130
30 31 239 129
33 32 239 108
34 33 239 109
35 34 239 110
36 35 239 111
37 36 239 127
38 37 239 126
39 38 239 125
40 39 239 124
40 56 239 124
42 41 239 169
43 42 239 170
44 43 239 171
45 44 239 172
46 45 239 173
47 46 239 174
48 64 239 118
49 50 239 178
50 51 239 179
51 52 239 180
52 53 239 181
53 54 239 182
54 55 239 183
56 57 239 167
57 58 239 166
58 59 239 165
59 60 239 164
60 61 239 163
61 62 239 162
62 63 239 161
65 64 239 105
66 65 239 106
67 66 239 107
68 67 239 108
69 68 239 109
70 69 239 110
71 70 239 111
72 71 239 127
72 88 239 127
74 73 239 201
75 74 239 202
76 75 239 203
77 76 239 204
78 77 239 205
79 78 239 206
80 96 239 103
81 82 239 210
82 83 239 211
83 84 239 212
84 85 239 213
85 86 239 214
86 87 239 215
88 89 239 199
89 90 239 198
90 91 239 197
91 92 239 196
92 93 239 195
93 94 239 194
94 95 239 193
97 96 239 90
98 97 239 89
100 99 239 105
101 100 239 106
102 101 239 107
103 102 239 108
104 103 239 109
104 120 239 109
106 105 239 233
107 106 239 234
108 107 239 235
109 108 239 236
110 109 239 237
111 110 239 238
112 128 239 100
113 114 239 242
114 115 239 243
115 116 239 244
116 117 239 245
117 118 239 246
118 119 239 247
120 121 239 231
121 122 239 230
122 123 239 229
123 124 239 228
124 125 239 227
125 126 239 226
126 127 239 225
129 128 239 93
130 129 239 92
131 130 239 91
132 131 239 90
133 132 239 89
135 134 239 105
136 135 239 106
136 152 239 106
137 121 239 248
139 138 239 232
140 139 239 216
142 141 239 200
143 142 239 184
144 160 239 97
145 146 239 96
146 147 239 112
148 149 239 128
149 150 239 144
151 135 239 160
151 152 239 160
152 153 239 176
154 155 239 192
155 156 239 208
157 158 239 224
158 159 239 240
161 160 239 79
162 161 239 95
163 162 239 94
164 163 239 93
165 164 239 92
166 165 239 91
167 166 239 90
168 167 239 89
168 184 239 89
169 153 239 88
171 170 239 72
172 171 239 56
174 173 239 40
175 174 239 24
176 192 239 83
177 178 239 6
178 179 239 5
179 180 239 4
180 181 239 3
181 182 239 2
182 183 239 1
183 167 239 0
183 184 239 0
184 185 239 16
186 187 239 32
187 188 239 48
189 190 239 64
190 191 239 80
193 192 239 76
194 193 239 77
195 194 239 78
196 195 239 79
197 196 239 95
198 197 239 94
199 198 239 93
200 199 239 92
200 216 239 92
201 185 239 15
202 201 239 31
203 202 239 30
204 203 239 29
205 204 239 28
206 205 239 27
207 206 239 26
208 224 239 86
209 210 239 38
210 211 239 37
211 212 239 36
212 213 239 35
213 214 239 34
214 215 239 33
215 199 239 17
215 216 239 17
216 217 239 18
217 218 239 19
218 219 239 20
219 220 239 21
220 221 239 22
221 222 239 23
225 224 239 73
226 225 239 74
227 226 239 75
228 227 239 76
229 228 239 77
230 229 239 78
231 230 239 79
232 231 239 95
232 248 239 95
233 217 239 47
234 233 239 63
235 234 239 62
236 235 239 61
237 236 239 60
238 237 239 59
239 238 239 58
240 241 239 71
241 242 239 70
242 243 239 69
243 244 239 68
244 245 239 67
245 246 239 66
246 247 239 65
247 231 239 49
247 248 239 49
248 249 239 50
249 250 239 51
250 251 239 52
251 252 239 53
252 253 239 54
253 254 239 55
1 0 240 201
2 1 240 185
3 2 240 186
4 3 240 187
5 4 240 188
6 5 240 189
7 6 240 190
8 7 240 191
8 9 240 191
9 10 240 190
10 11 240 189
11 12 240 188
12 13 240 187
13 14 240 186
14 15 240 185
15 31 240 201
16 0 240 167
17 33 240 215
18 17 240 199
19 18 240 198
20 19 240 197
21 20 240 196
22 21 240 195
23 22 240 194
23 24 240 194
24 25 240 195
25 26 240 196
26 27 240 197
27 28 240 198
28 29 240 199
29 30 240 215
30 31 240 214
33 32 240 187
34 33 240 188
35 34 240 189
36 35 240 190
37 36 240 191
39 38 240 175
40 24 240 174
40 39 240 174
41 42 240 222
42 43 240 221
43 44 240 220
44 45 240 219
45 46 240 218
46 47 240 217
47 63 240 233
48 32 240 164
49 65 240 247
50 49 240 231
51 50 240 230
52 51 240 229
53 52 240 228
54 53 240 227
55 54 240 226
55 56 240 226
56 57 240 227
57 58 240 228
58 59 240 229
59 60 240 230
60 61 240 231
61 62 240 247
62 63 240 246
65 64 240 190
66 65 240 191
68 67 240 175
69 68 240 174
70 69 240 173
71 70 240 172
72 56 240 171
72 71 240 171
73 74 240 254
74 75 240 253
75 76 240 252
76 77 240 251
77 78 240 250
78 79 240 249
79 95 240 248
80 64 240 161
81 97 240 160
83 82 240 176
84 83 240 192
86 85 240 208
87 86 240 224
87 88 240 224
88 89 240 208
90 91 240 192
91 92 240 176
93 94 240 160
94 95 240 144
97 96 240 175
98 97 240 174
99 98 240 173
100 99 240 172
101 100 240 171
102 101 240 170
103 102 240 169
104 88 240 153
104 103 240 153
105 106 240 152
106 107 240 136
108 109 240 120
109 110 240 104
111 127 240 88
112 96 240 146
113 129 240 0
115 114 240 16
116 115 240 32
118 117 240 48
119 118 240 64
119 120 240 64
120 121 240 48
122 123 240 32
123 124 240 16
125 126 240 0
126 127 240 1
129 128 240 172
130 129 240 171
131 130 240 170
132 131 240 169
133 132 240 153
134 133 240 154
135 134 240 155
136 120 240 156
136 135 240 156
137 138 240 10
138 139 240 11
139 140 240 12
140 141 240 13
141 142 240 14
142 143 240 15
144 128 240 149
146 145 240 17
147 146 240 18
148 147 240 19
149 148 240 20
150 149 240 21
151 150 240 22
151 152 240 22
152 153 240 21
153 154 240 20
154 155 240 19
155 156 240 18
156 157 240 17
158 159 240 33
161 160 240 169
162 161 240 153
163 162 240 154
164 163 240 155
165 164 240 156
166 165 240 157
167 166 240 158
168 152 240 159
168 167 240 159
169 170 240 42
170 171 240 43
171 172 240 44
172 173 240 45
173 174 240 46
174 175 240 47
176 160 240 135
178 177 240 49
179 178 240 50
180 179 240 51
181 180 240 52
182 181 240 53
183 182 240 54
183 184 240 54
184 185 240 53
185 186 240 52
186 187 240 51
187 188 240 50
188 189 240 49
190 191 240 65
193 192 240 155
194 193 240 156
195 194 240 157
196 195 240 158
197 196 240 159
199 198 240 143
200 184 240 142
200 199 240 142
201 202 240 74
202 203 240 75
203 204 240 76
204 205 240 77
205 206 240 78
206 207 240 79
208 192 240 132
210 209 240 81
211 210 240 82
212 211 240 83
213 212 240 84
214 213 240 85
215 214 240 86
215 216 240 86
216 217 240 85
217 218 240 84
218 219 240 83
219 220 240 82
220 221 240 81
222 223 240 97
225 224 240 158
226 225 240 159
228 227 240 143
229 228 240 142
230 229 240 141
231 230 240 140
232 216 240 139
232 231 240 139
233 234 240 106
234 235 240 107
235 236 240 108
236 237 240 109
237 238 240 110
238 239 240 111
240 224 240 129
242 241 240 113
243 242 240 114
244 243 240 115
245 244 240 116
246 245 240 117
247 246 240 118
247 248 240 118
248 249 240 117
249 250 240 116
250 251 240 115
251 252 240 114
252 253 240 113
254 255 240 129
0 16 241 113
1 0 241 129
2 1 241 130
3 2 241 131
4 3 241 132
5 4 241 133
6 5 241 134
7 6 241 135
7 8 241 135
8 9 241 134
9 10 241 133
10 11 241 132
11 12 241 131
12 13 241 130
13 14 241 129
14 15 241 113
17 16 241 110
18 17 241 111
19 18 241 127
20 19 241 126
21 20 241 125
22 21 241 124
23 22 241 123
24 23 241 122
24 40 241 122
25 26 241 153
26 27 241 154
27 28 241 155
28 29 241 156
29 30 241 157
30 31 241 158
31 15 241 159
32 48 241 116
33 17 241 161
34 33 241 162
35 34 241 163
36 35 241 164
37 36 241 165
38 37 241 166
39 38 241 167
39 40 241 167
40 41 241 166
41 42 241 165
42 43 241 164
43 44 241 163
44 45 241 162
45 46 241 161
46 47 241 145
49 48 241 107
50 49 241 108
51 50 241 109
52 51 241 110
53 52 241 111
54 53 241 127
55 54 241 126
56 55 241 125
56 72 241 125
57 58 241 185
58 59 241 186
59 60 241 187
60 61 241 188
61 62 241 189
62 63 241 190
63 47 241 191
64 80 241 119
65 49 241 193
66 65 241 194
67 66 241 195
68 67 241 196
69 68 241 197
70 69 241 198
71 70 241 199
71 72 241 199
72 73 241 198
73 74 241 197
74 75 241 196
75 76 241 195
76 77 241 194
77 78 241 193
78 79 241 177
82 81 241 105
83 82 241 106
84 83 241 107
85 84 241 108
86 85 241 109
87 86 241 110
88 87 241 111
88 104 241 111
89 90 241 217
90 91 241 218
91 92 241 219
92 93 241 220
93 94 241 221
94 95 241 222
95 79 241 223
96 112 241 102
97 81 241 225
98 97 241 226
99 98 241 227
100 99 241 228
101 100 241 229
102 101 241 230
103 102 241 231
103 104 241 231
104 105 241 230
105 106 241 229
106 107 241 228
107 108 241 227
108 109 241 226
109 110 241 225
110 111 241 209
113 112 241 91
114 113 241 90
115 114 241 89
117 116 241 105
118 117 241 106
119 118 241 107
120 119 241 108
120 136 241 108
121 122 241 249
122 123 241 250
123 124 241 251
124 125 241 252
125 126 241 253
126 127 241 254
127 111 241 255
128 144 241 99
129 113 241 240
130 129 241 224
132 131 241 208
133 132 241 192
135 134 241 176
135 136 241 176
137 138 241 192
138 139 241 208
140 141 241 224
141 142 241 240
142 143 241 241
145 144 241 94
146 145 241 93
147 146 241 92
148 147 241 91
149 148 241 90
150 149 241 89
152 151 241 105
152 168 241 105
153 154 241 104
155 156 241 120
156 157 241 136
158 159 241 152
159 143 241 168
160 176 241 81
161 145 241 80
162 161 241 64
164 163 241 48
165 164 241 32
167 166 241 16
167 168 241 16
169 170 241 32
170 171 241 48
172 173 241 64
173 174 241 80
177 176 241 78
178 177 241 79
179 178 241 95
180 179 241 94
181 180 241 93
182 181 241 92
183 182 241 91
184 183 241 90
184 200 241 90
185 186 241 14
186 187 241 13
187 188 241 12
188 189 241 11
189 190 241 10
190 191 241 9
191 175 241 8
192 208 241 84
194 193 241 23
195 194 241 22
196 195 241 21
197 196 241 20
198 197 241 19
199 198 241 18
199 200 241 18
200 201 241 19
201 202 241 20
202 203 241 21
203 204 241 22
204 205 241 23
206 207 241 7
209 208 241 75
210 209 241 76
211 210 241 77
212 211 241 78
213 212 241 79
214 213 241 95
215 214 241 94
216 215 241 93
216 232 241 93
217 218 241 46
218 219 241 45
219 220 241 44
220 221 241 43
221 222 241 42
222 223 241 41
224 240 241 87
226 225 241 55
227 226 241 54
228 227 241 53
229 228 241 52
230 229 241 51
231 230 241 50
231 232 241 50
232 233 241 51
233 234 241 52
234 235 241 53
235 236 241 54
236 237 241 55
238 239 241 39
242 241 241 73
243 242 241 74
244 243 241 75
245 244 241 76
246 245 241 77
247 246 241 78
248 247 241 79
248 249 241 79
249 250 241 78
250 251 241 77
251 252 241 76
252 253 241 75
253 254 241 74
254 255 241 73
0 1 242 183
1 2 242 182
2 3 242 181
3 4 242 180
4 5 242 179
5 6 242 178
6 7 242 177
8 9 242 193
9 10 242 194
10 11 242 195
11 12 242 196
12 13 242 197
13 14 242 198
14 15 242 199
17 16 242 186
18 17 242 187
19 18 242 188
20 19 242 189
21 20 242 190
22 21 242 191
24 8 242 175
24 23 242 175
26 25 242 207
27 26 242 206
28 27 242 205
29 28 242 204
30 29 242 203
31 30 242 202
32 16 242 165
33 34 242 214
34 35 242 213
35 36 242 212
36 37 242 211
37 38 242 210
38 39 242 209
40 41 242 225
41 42 242 226
42 43 242 227
43 44 242 228
44 45 242 229
45 46 242 230
46 47 242 231
49 48 242 189
50 49 242 190
51 50 242 191
53 52 242 175
54 53 242 174
55 54 242 173
56 40 242 172
56 55 242 172
58 57 242 239
59 58 242 238
60 59 242 237
61 60 242 236
62 61 242 235
63 62 242 234
64 48 242 162
65 66 242 246
66 67 242 245
67 68 242 244
68 69 242 243
69 70 242 242
70 71 242 241
71 72 242 240
71 87 242 240
73 74 242 224
74 75 242 208
76 77 242 192
77 78 242 176
82 81 242 175
83 82 242 174
84 83 242 173
85 84 242 172
86 85 242 171
87 86 242 170
88 72 242 169
88 87 242 169
89 105 242 168
90 89 242 184
92 91 242 200
93 92 242 216
95 94 242 232
96 80 242 145
97 98 242 144
99 100 242 128
100 101 242 112
102 103 242 96
103 104 242 80
103 119 242 80
105 106 242 64
106 107 242 48
108 109 242 32
109 110 242 16
113 112 242 173
114 113 242 172
115 114 242 171
116 115 242 170
117 116 242 169
118 117 242 153
119 118 242 154
120 104 242 155
120 119 242 155
121 137 242 8
122 121 242 24
124 123 242 40
125 124 242 56
127 126 242 72
128 112 242 148
129 130 242 1
130 131 242 2
131 132 242 3
132 133 242 4
133 134 242 5
134 135 242 6
135 136 242 7
135 151 242 7
136 137 242 23
137 138 242 22
138 139 242 21
139 140 242 20
140 141 242 19
141 142 242 18
142 143 242 17
145 144 242 170
146 145 242 169
147 146 242 153
148 147 242 154
149 148 242 155
150 149 242 156
151 150 242 157
152 136 242 158
152 151 242 158
153 169 242 25
154 153 242 26
155 154 242 27
156 155 242 28
157 156 242 29
158 157 242 30
159 158 242 31
160 144 242 151
161 162 242 33
162 163 242 34
163 164 242 35
164 165 242 36
165 166 242 37
166 167 242 38
167 168 242 39
167 183 242 39
168 169 242 55
169 170 242 54
170 171 242 53
171 172 242 52
172 173 242 51
173 174 242 50
174 175 242 49
177 176 242 154
178 177 242 155
179 178 242 156
180 179 242 157
181 180 242 158
182 181 242 159
184 168 242 143
184 183 242 143
185 201 242 57
186 185 242 58
187 186 242 59
188 187 242 60
189 188 242 61
190 189 242 62
191 190 242 63
192 176 242 133
193 194 242 65
194 195 242 66
195 196 242 67
196 197 242 68
197 198 242 69
198 199 242 70
199 200 242 71
199 215 242 71
200 201 242 87
201 202 242 86
202 203 242 85
203 204 242 84
204 205 242 83
205 206 242 82
206 207 242 81
209 208 242 157
210 209 242 158
211 210 242 159
213 212 242 143
214 213 242 142
215 214 242 141
216 200 242 140
216 215 242 140
217 233 242 89
218 217 242 90
219 218 242 91
220 219 242 92
221 220 242 93
222 221 242 94
223 222 242 95
224 208 242 130
225 226 242 97
226 227 242 98
227 228 242 99
228 229 242 100
229 230 242 101
230 231 242 102
231 232 242 103
231 247 242 103
232 233 242 119
233 234 242 118
234 235 242 117
235 236 242 116
236 237 242 115
237 238 242 114
238 239 242 113
242 241 242 143
243 242 242 142
244 243 242 141
245 244 242 140
246 245 242 139
247 246 242 138
248 232 242 137
248 247 242 137
249 248 242 121
250 249 242 122
251 250 242 123
252 251 242 124
253 252 242 125
254 253 242 126
255 254 242 127
1 0 243 127
2 1 243 126
3 2 243 125
4 3 243 124
5 4 243 123
6 5 243 122
7 6 243 121
9 8 243 137
10 9 243 138
11 10 243 139
12 11 243 140
13 12 243 141
14 13 243 142
15 14 243 143
16 32 243 114
17 18 243 145
18 19 243 146
19 20 243 147
20 21 243 148
21 22 243 149
22 23 243 150
23 7 243 151
23 24 243 151
25 26 243 135
26 27 243 134
27 28 243 133
28 29 243 132
29 30 243 131
30 31 243 130
33 32 243 109
34 33 243 110
35 34 243 111
36 35 243 127
37 36 243 126
38 37 243 125
39 38 243 124
40 39 243 123
40 56 243 123
41 25 243 169
42 41 243 170
43 42 243 171
44 43 243 172
45 44 243 173
46 45 243 174
47 46 243 175
48 64 243 117
49 50 243 177
50 51 243 178
51 52 243 179
52 53 243 180
53 54 243 181
54 55 243 182
55 39 243 183
55 56 243 183
57 58 243 167
58 59 243 166
59 60 243 165
60 61 243 164
61 62 243 163
62 63 243 162
65 64 243 106
66 65 243 107
67 66 243 108
68 67 243 109
69 68 243 110
70 69 243 111
71 70 243 127
72 71 243 126
72 88 243 126
73 57 243 201
74 73 243 202
75 74 243 203
76 75 243 204
77 76 243 205
78 77 243 206
79 78 243 207
81 82 243 209
82 83 243 210
83 84 243 211
84 85 243 212
85 86 243 213
86 87 243 214
87 71 243 215
87 88 243 215
89 90 243 199
90 91 243 198
91 92 243 197
92 93 243 196
93 94 243 195
94 95 243 194
97 96 243 89
99 98 243 105
100 99 243 106
101 100 243 107
102 101 243 108
103 102 243 109
104 103 243 110
104 120 243 110
105 89 243 233
106 105 243 234
107 106 243 235
108 107 243 236
109 108 243 237
110 109 243 238
111 110 243 239
112 128 243 101
113 114 243 241
114 115 243 242
115 116 243 243
116 117 243 244
117 118 243 245
118 119 243 246
119 103 243 247
119 120 243 247
121 122 243 231
122 123 243 230
123 124 243 229
124 125 243 228
125 126 243 227
126 127 243 226
129 128 243 92
130 129 243 91
131 130 243 90
132 131 243 89
134 133 243 105
135 134 243 106
136 135 243 107
136 152 243 107
138 137 243 232
139 138 243 216
141 140 243 200
142 141 243 184
144 160 243 98
146 147 243 96
147 148 243 112
149 150 243 128
150 151 243 144
152 153 243 160
153 154 243 176
155 156 243 192
156 157 243 208
158 159 243 224
161 160 243 95
162 161 243 94
163 162 243 93
164 163 243 92
165 164 243 91
166 165 243 90
167 166 243 89
170 169 243 72
171 170 243 56
173 172 243 40
174 173 243 24
176 192 243 82
177 178 243 7
178 179 243 6
179 180 243 5
180 181 243 4
181 182 243 3
182 183 243 2
183 167 243 1
183 184 243 1
184 185 243 0
185 186 243 16
187 188 243 32
188 189 243 48
190 191 243 64
193 192 243 77
194 193 243 78
195 194 243 79
196 195 243 95
197 196 243 94
198 197 243 93
199 198 243 92
200 199 243 91
200 216 243 91
201 185 243 31
202 201 243 30
203 202 243 29
204 203 243 28
205 204 243 27
206 205 243 26
207 206 243 25
208 224 243 85
209 210 243 39
210 211 243 38
211 212 243 37
212 213 243 36
213 214 243 35
214 215 243 34
215 199 243 33
215 216 243 33
216 217 243 17
217 218 243 18
218 219 243 19
219 220 243 20
220 221 243 21
221 222 243 22
222 223 243 23
225 224 243 74
226 225 243 75
227 226 243 76
228 227 243 77
229 228 243 78
230 229 243 79
231 230 243 95
232 231 243 94
232 248 243 94
233 217 243 63
234 233 243 62
235 234 243 61
236 235 243 60
237 236 243 59
238 237 243 58
239 238 243 57
241 242 243 71
242 243 243 70
243 244 243 69
244 245 243 68
245 246 243 67
246 247 243 66
247 231 243 65
247 248 243 65
248 249 243 49
249 250 243 50
250 251 243 51
251 252 243 52
252 253 243 53
253 254 243 54
254 255 243 55
1 0 244 185
2 1 244 186
3 2 244 187
4 3 244 188
5 4 244 189
6 5 244 190
7 6 244 191
9 10 244 191
10 11 244 190
11 12 244 189
12 13 244 188
13 14 244 187
14 15 244 186
15 31 244 185
16 0 244 166
17 33 244 199
18 17 244 198
19 18 244 197
20 19 244 196
21 20 244 195
22 21 244 194
23 22 244 193
23 24 244 193
24 25 244 194
25 26 244 195
26 27 244 196
27 28 244 197
28 29 244 198
29 30 244 199
30 31 244 215
33 32 244 188
34 33 244 189
35 34 244 190
36 35 244 191
38 37 244 175
39 38 244 174
40 24 244 173
40 39 244 173
41 42 244 223
42 43 244 222
43 44 244 221
44 45 244 220
45 46 244 219
46 47 244 218
47 63 244 217
48 32 244 163
49 65 244 231
50 49 244 230
51 50 244 229
52 51 244 228
53 52 244 227
54 53 244 226
55 54 244 225
55 56 244 225
56 57 244 226
57 58 244 227
58 59 244 228
59 60 244 229
60 61 244 230
61 62 244 231
62 63 244 247
65 64 244 191
67 66 244 175
68 67 244 174
69 68 244 173
70 69 244 172
71 70 244 171
72 56 244 170
72 71 244 170
73 74 244 255
74 75 244 254
75 76 244 253
76 77 244 252
77 78 244 251
78 79 244 250
79 95 244 249
82 81 244 176
83 82 244 192
85 84 244 208
86 85 244 224
88 89 244 224
89 90 244 208
91 92 244 192
92 93 244 176
94 95 244 160
97 96 244 174
98 97 244 173
99 98 244 172
100 99 244 171
101 100 244 170
102 101 244 169
103 102 244 153
104 88 244 154
104 103 244 154
106 107 244 152
107 108 244 136
109 110 244 120
110 111 244 104
112 96 244 147
114 113 244 16
115 114 244 32
117 116 244 48
118 117 244 64
120 121 244 64
121 122 244 48
123 124 244 32
124 125 244 16
126 127 244 0
129 128 244 171
130 129 244 170
131 130 244 169
132 131 244 153
133 132 244 154
134 133 244 155
135 134 244 156
136 120 244 157
136 135 244 157
137 138 244 9
138 139 244 10
139 140 244 11
140 141 244 12
141 142 244 13
142 143 244 14
143 159 244 15
144 128 244 150
145 161 244 17
146 145 244 18
147 146 244 19
148 147 244 20
149 148 244 21
150 149 244 22
151 150 244 23
151 152 244 23
152 153 244 22
153 154 244 21
154 155 244 20
155 156 244 19
156 157 244 18
157 158 244 17
161 160 244 153
162 161 244 154
163 162 244 155
164 163 244 156
165 164 244 157
166 165 244 158
167 166 244 159
169 170 244 41
170 171 244 42
171 172 244 43
172 173 244 44
173 174 244 45
174 175 244 46
175 191 244 47
176 160 244 134
177 193 244 49
178 177 244 50
179 178 244 51
180 179 244 52
181 180 244 53
182 181 244 54
183 182 244 55
183 184 244 55
184 185 244 54
185 186 244 53
186 187 244 52
187 188 244 51
188 189 244 50
189 190 244 49
193 192 244 156
194 193 244 157
195 194 244 158
196 195 244 159
198 197 244 143
199 198 244 142
200 184 244 141
200 199 244 141
201 202 244 73
202 203 244 74
203 204 244 75
204 205 244 76
205 206 244 77
206 207 244 78
207 223 244 79
208 192 244 131
209 225 244 81
210 209 244 82
211 210 244 83
212 211 244 84
213 212 244 85
214 213 244 86
215 214 244 87
215 216 244 87
216 217 244 86
217 218 244 85
218 219 244 84
219 220 244 83
220 221 244 82
221 222 244 81
225 224 244 159
227 226 244 143
228 227 244 142
229 228 244 141
230 229 244 140
231 230 244 139
232 216 244 138
232 231 244 138
233 234 244 105
234 235 244 106
235 236 244 107
236 237 244 108
237 238 244 109
238 239 244 110
239 255 244 111
241 240 244 113
242 241 244 114
243 242 244 115
244 243 244 116
245 244 244 117
246 245 244 118
247 246 244 119
247 248 244 119
248 249 244 118
249 250 244 117
250 251 244 116
251 252 244 115
252 253 244 114
253 254 244 113
0 16 245 129
1 0 245 130
2 1 245 131
3 2 245 132
4 3 245 133
5 4 245 134
6 5 245 135
8 9 245 135
9 10 245 134
10 11 245 133
11 12 245 132
12 13 245 131
13 14 245 130
14 15 245 129
17 16 245 111
18 17 245 127
19 18 245 126
20 19 245 125
21 20 245 124
22 21 245 123
23 22 245 122
24 23 245 121
24 40 245 121
26 27 245 153
27 28 245 154
28 29 245 155
29 30 245 156
30 31 245 157
31 15 245 158
32 48 245 115
33 17 245 162
34 33 245 163
35 34 245 164
36 35 245 165
37 36 245 166
38 37 245 167
40 41 245 167
41 42 245 166
42 43 245 165
43 44 245 164
44 45 245 163
45 46 245 162
46 47 245 161
49 48 245 108
50 49 245 109
51 50 245 110
52 51 245 111
53 52 245 127
54 53 245 126
55 54 245 125
56 55 245 124
56 72 245 124
58 59 245 185
59 60 245 186
60 61 245 187
61 62 245 188
62 63 245 189
63 47 245 190
64 80 245 118
65 49 245 194
66 65 245 195
67 66 245 196
68 67 245 197
69 68 245 198
70 69 245 199
72 73 245 199
73 74 245 198
74 75 245 197
75 76 245 196
76 77 245 195
77 78 245 194
78 79 245 193
81 80 245 105
82 81 245 106
83 82 245 107
84 83 245 108
85 84 245 109
86 85 245 110
87 86 245 111
88 87 245 127
88 104 245 127
90 91 245 217
91 92 245 218
92 93 245 219
93 94 245 220
94 95 245 221
95 79 245 222
96 112 245 103
97 81 245 226
98 97 245 227
99 98 245 228
100 99 245 229
101 100 245 230
102 101 245 231
104 105 245 231
105 106 245 230
106 107 245 229
107 108 245 228
108 109 245 227
109 110 245 226
110 111 245 225
113 112 245 90
114 113 245 89
116 115 245 105
117 116 245 106
118 117 245 107
119 118 245 108
120 119 245 109
120 136 245 109
121 122 245 248
122 123 245 249
123 124 245 250
124 125 245 251
125 126 245 252
126 127 245 253
127 111 245 254
128 144 245 100
129 113 245 224
131 130 245 208
132 131 245 192
134 133 245 176
135 134 245 160
135 136 245 160
136 137 245 176
138 139 245 192
139 140 245 208
141 142 245 224
142 143 245 240
145 144 245 93
146 145 245 92
147 146 245 91
148 147 245 90
149 148 245 89
151 150 245 105
152 151 245 106
152 168 245 106
153 154 245 88
154 155 245 104
156 157 245 120
157 158 245 136
159 143 245 152
160 176 245 97
161 145 245 64
163 162 245 48
164 163 245 32
166 165 245 16
167 166 245 0
167 168 245 0
168 169 245 16
170 171 245 32
171 172 245 48
173 174 245 64
174 175 245 80
177 176 245 79
178 177 245 95
179 178 245 94
180 179 245 93
181 180 245 92
182 181 245 91
183 182 245 90
184 183 245 89
184 200 245 89
185 186 245 15
186 187 245 14
187 188 245 13
188 189 245 12
189 190 245 11
190 191 245 10
191 175 245 9
192 208 245 83
193 177 245 23
194 193 245 22
195 194 245 21
196 195 245 20
197 196 245 19
198 197 245 18
199 198 245 17
199 200 245 17
200 201 245 18
201 202 245 19
202 203 245 20
203 204 245 21
204 205 245 22
205 206 245 23
209 208 245 76
210 209 245 77
211 210 245 78
212 211 245 79
213 212 245 95
214 213 245 94
215 214 245 93
216 215 245 92
216 232 245 92
217 218 245 47
218 219 245 46
219 220 245 45
220 221 245 44
221 222 245 43
222 223 245 42
223 207 245 41
224 240 245 86
225 209 245 55
226 225 245 54
227 226 245 53
228 227 245 52
229 228 245 51
230 229 245 50
231 230 245 49
231 232 245 49
232 233 245 50
233 234 245 51
234 235 245 52
235 236 245 53
236 237 245 54
237 238 245 55
241 240 245 73
242 241 245 74
243 242 245 75
244 243 245 76
245 244 245 77
246 245 245 78
247 246 245 79
248 247 245 95
248 249 245 95
249 250 245 79
250 251 245 78
251 252 245 77
252 253 245 76
253 254 245 75
254 255 245 74
255 239 245 73
0 1 246 167
1 2 246 183
2 3 246 182
3 4 246 181
4 5 246 180
5 6 246 179
6 7 246 178
7 8 246 177
7 23 246 177
9 10 246 193
10 11 246 194
11 12 246 195
12 13 246 196
13 14 246 197
14 15 246 198
17 16 246 187
18 17 246 188
19 18 246 189
20 19 246 190
21 20 246 191
23 22 246 175
24 8 246 174
24 23 246 174
25 41 246 207
26 25 246 206
27 26 246 205
28 27 246 204
29 28 246 203
30 29 246 202
31 30 246 201
32 16 246 164
33 34 246 215
34 35 246 214
35 36 246 213
36 37 246 212
37 38 246 211
38 39 246 210
39 40 246 209
39 55 246 209
41 42 246 225
42 43 246 226
43 44 246 227
44 45 246 228
45 46 246 229
46 47 246 230
49 48 246 190
50 49 246 191
52 51 246 175
53 52 246 174
54 53 246 173
55 54 246 172
56 40 246 171
56 55 246 171
57 73 246 239
58 57 246 238
59 58 246 237
60 59 246 236
61 60 246 235
62 61 246 234
63 62 246 233
64 48 246 161
65 66 246 247
66 67 246 246
67 68 246 245
68 69 246 244
69 70 246 243
70 71 246 242
71 72 246 241
71 87 246 241
72 73 246 240
74 75 246 224
75 76 246 208
77 78 246 192
78 79 246 176
81 80 246 175
82 81 246 174
83 82 246 173
84 83 246 172
85 84 246 171
86 85 246 170
87 86 246 169
88 72 246 153
88 87 246 153
89 105 246 184
91 90 246 200
92 91 246 216
94 93 246 232
95 94 246 248
96 80 246 146
97 98 246 160
98 99 246 144
100 101 246 128
101 102 246 112
103 104 246 96
103 119 246 96
104 105 246 80
106 107 246 64
107 108 246 48
109 110 246 32
110 111 246 16
113 112 246 172
114 113 246 171
115 114 246 170
116 115 246 169
117 116 246 153
118 117 246 154
119 118 246 155
120 104 246 156
120 119 246 156
121 137 246 24
123 122 246 40
124 123 246 56
126 125 246 72
127 126 246 88
128 112 246 149
129 130 246 0
130 131 246 1
131 132 246 2
132 133 246 3
133 134 246 4
134 135 246 5
135 136 246 6
135 151 246 6
136 137 246 7
137 138 246 23
138 139 246 22
139 140 246 21
140 141 246 20
141 142 246 19
142 143 246 18
145 144 246 169
146 145 246 153
147 146 246 154
148 147 246 155
149 148 246 156
150 149 246 157
151 150 246 158
152 136 246 159
152 151 246 159
153 169 246 26
154 153 246 27
155 154 246 28
156 155 246 29
157 156 246 30
158 157 246 31
160 144 246 135
162 163 246 33
163 164 246 34
164 165 246 35
165 166 246 36
166 167 246 37
167 168 246 38
167 183 246 38
168 169 246 39
169 170 246 55
170 171 246 54
171 172 246 53
172 173 246 52
173 174 246 51
174 175 246 50
177 176 246 155
178 177 246 156
179 178 246 157
180 179 246 158
181 180 246 159
183 182 246 143
184 168 246 142
184 183 246 142
185 201 246 58
186 185 246 59
187 186 246 60
188 187 246 61
189 188 246 62
190 189 246 63
192 176 246 132
194 195 246 65
195 196 246 66
196 197 246 67
197 198 246 68
198 199 246 69
199 200 246 70
199 215 246 70
200 201 246 71
201 202 246 87
202 203 246 86
203 204 246 85
204 205 246 84
205 206 246 83
206 207 246 82
209 208 246 158
210 209 246 159
212 211 246 143
213 212 246 142
214 213 246 141
215 214 246 140
216 200 246 139
216 215 246 139
217 233 246 90
218 217 246 91
219 218 246 92
220 219 246 93
221 220 246 94
222 221 246 95
224 208 246 129
226 227 246 97
227 228 246 98
228 229 246 99
229 230 246 100
230 231 246 101
231 232 246 102
231 247 246 102
232 233 246 103
233 234 246 119
234 235 246 118
235 236 246 117
236 237 246 116
237 238 246 115
238 239 246 114
241 240 246 143
242 241 246 142
243 242 246 141
244 243 246 140
245 244 246 139
246 245 246 138
247 246 246 137
248 232 246 121
248 247 246 121
249 248 246 122
250 249 246 123
251 250 246 124
252 251 246 125
253 252 246 126
254 253 246 127
1 0 247 126
2 1 247 125
3 2 247 124
4 3 247 123
5 4 247 122
6 5 247 121
8 7 247 137
8 24 247 137
9 8 247 138
10 9 247 139
11 10 247 140
12 11 247 141
13 12 247 142
14 13 247 143
15 14 247 159
16 32 247 113
17 18 247 161
18 19 247 145
19 20 247 146
20 21 247 147
21 22 247 148
22 23 247 149
23 7 247 150
23 24 247 150
24 25 247 151
26 27 247 135
27 28 247 134
28 29 247 133
29 30 247 132
30 31 247 131
33 32 247 110
34 33 247 111
35 34 247 127
36 35 247 126
37 36 247 125
38 37 247 124
39 38 247 123
40 39 247 122
40 56 247 122
41 25 247 170
42 41 247 171
43 42 247 172
44 43 247 173
45 44 247 174
46 45 247 175
47 46 247 191
48 64 247 116
49 50 247 193
50 51 247 177
51 52 247 178
52 53 247 179
53 54 247 180
54 55 247 181
55 39 247 182
55 56 247 182
56 57 247 183
58 59 247 167
59 60 247 166
60 61 247 165
61 62 247 164
62 63 247 163
65 64 247 107
66 65 247 108
67 66 247 109
68 67 247 110
69 68 247 111
70 69 247 127
71 70 247 126
72 71 247 125
72 88 247 125
73 57 247 202
74 73 247 203
75 74 247 204
76 75 247 205
77 76 247 206
78 77 247 207
79 78 247 223
80 96 247 119
81 82 247 225
82 83 247 209
83 84 247 210
84 85 247 211
85 86 247 212
86 87 247 213
87 71 247 214
87 88 247 214
88 89 247 215
90 91 247 199
91 92 247 198
92 93 247 197
93 94 247 196
94 95 247 195
98 97 247 105
99 98 247 106
100 99 247 107
101 100 247 108
102 101 247 109
103 102 247 110
104 103 247 111
104 120 247 111
105 89 247 234
106 105 247 235
107 106 247 236
108 107 247 237
109 108 247 238
110 109 247 239
111 110 247 255
112 128 247 102
113 114 247 240
114 115 247 241
115 116 247 242
116 117 247 243
117 118 247 244
118 119 247 245
119 103 247 246
119 120 247 246
120 121 247 247
122 123 247 231
123 124 247 230
124 125 247 229
125 126 247 228
126 127 247 227
129 128 247 91
130 129 247 90
131 130 247 89
133 132 247 105
134 133 247 106
135 134 247 107
136 135 247 108
136 152 247 108
137 121 247 232
138 137 247 216
140 139 247 200
141 140 247 184
143 142 247 168
144 160 247 99
145 146 247 80
147 148 247 96
148 149 247 112
150 151 247 128
151 135 247 144
151 152 247 144
153 154 247 160
154 155 247 176
156 157 247 192
157 158 247 208
161 160 247 94
162 161 247 93
163 162 247 92
164 163 247 91
165 164 247 90
166 165 247 89
168 167 247 105
168 184 247 105
169 153 247 72
170 169 247 56
172 171 247 40
173 172 247 24
175 174 247 8
176 192 247 81
178 179 247 7
179 180 247 6
180 181 247 5
181 182 247 4
182 183 247 3
183 167 247 2
183 184 247 2
184 185 247 1
185 186 247 0
186 187 247 16
188 189 247 32
189 190 247 48
193 192 247 78
194 193 247 79
195 194 247 95
196 195 247 94
197 196 247 93
198 197 247 92
199 198 247 91
200 199 247 90
200 216 247 90
201 185 247 30
202 201 247 29
203 202 247 28
204 203 247 27
205 204 247 26
206 205 247 25
208 224 247 84
210 211 247 39
211 212 247 38
212 213 247 37
213 214 247 36
214 215 247 35
215 199 247 34
215 216 247 34
216 217 247 33
217 218 247 17
218 219 247 18
219 220 247 19
220 221 247 20
221 222 247 21
222 223 247 22
225 224 247 75
226 225 247 76
227 226 247 77
228 227 247 78
229 228 247 79
230 229 247 95
231 230 247 94
232 231 247 93
232 248 247 93
233 217 247 62
234 233 247 61
235 234 247 60
236 235 247 59
237 236 247 58
238 237 247 57
240 241 247 87
242 243 247 71
243 244 247 70
244 245 247 69
245 246 247 68
246 247 247 67
247 231 247 66
247 248 247 66
248 249 247 65
249 250 247 49
250 251 247 50
251 252 247 51
252 253 247 52
253 254 247 53
254 255 247 54
1 0 248 186
2 1 248 187
3 2 248 188
4 3 248 189
5 4 248 190
6 5 248 191
8 7 248 175
8 9 248 175
10 11 248 191
11 12 248 190
12 13 248 189
13 14 248 188
14 15 248 187
15 31 248 186
16 0 248 165
17 33 248 198
18 17 248 197
19 18 248 196
20 19 248 195
21 20 248 194
22 21 248 193
24 25 248 193
25 26 248 194
26 27 248 195
27 28 248 196
28 29 248 197
29 30 248 198
30 31 248 199
33 32 248 189
34 33 248 190
35 34 248 191
37 36 248 175
38 37 248 174
39 38 248 173
40 24 248 172
40 39 248 172
42 43 248 223
43 44 248 222
44 45 248 221
45 46 248 220
46 47 248 219
47 63 248 218
48 32 248 162
49 65 248 230
50 49 248 229
51 50 248 228
52 51 248 227
53 52 248 226
54 53 248 225
56 57 248 225
57 58 248 226
58 59 248 227
59 60 248 228
60 61 248 229
61 62 248 230
62 63 248 231
66 65 248 175
67 66 248 174
68 67 248 173
69 68 248 172
70 69 248 171
71 70 248 170
72 56 248 169
72 71 248 169
74 75 248 255
75 76 248 254
76 77 248 253
77 78 248 252
78 79 248 251
79 95 248 250
80 64 248 145
81 97 248 176
82 81 248 192
84 83 248 208
85 84 248 224
87 86 248 240
87 88 248 240
89 90 248 224
90 91 248 208
92 93 248 192
93 94 248 176
97 96 248 173
98 97 248 172
99 98 248 171
100 99 248 170
101 100 248 169
102 101 248 153
103 102 248 154
104 88 248 155
104 103 248 155
105 106 248 168
107 108 248 152
108 109 248 136
110 111 248 120
111 127 248 104
112 96 248 148
113 129 248 16
114 113 248 32
116 115 248 48
117 116 248 64
119 118 248 80
119 120 248 80
121 122 248 64
122 123 248 48
124 125 248 32
125 126 248 16
129 128 248 170
130 129 248 169
131 130 248 153
132 131 248 154
133 132 248 155
134 133 248 156
135 134 248 157
136 120 248 158
136 135 248 158
137 138 248 8
138 139 248 9
139 140 248 10
140 141 248 11
141 142 248 12
142 143 248 13
143 159 248 14
144 128 248 151
145 161 248 18
146 145 248 19
147 146 248 20
148 147 248 21
149 148 248 22
150 149 248 23
151 150 248 7
151 152 248 7
152 153 248 23
153 154 248 22
154 155 248 21
155 156 248 20
156 157 248 19
157 158 248 18
158 159 248 17
161 160 248 154
162 161 248 155
163 162 248 156
164 163 248 157
165 164 248 158
166 165 248 159
168 152 248 143
168 167 248 143
169 170 248 25
170 171 248 41
171 172 248 42
172 173 248 43
173 174 248 44
174 175 248 45
175 191 248 46
176 160 248 133
177 193 248 50
178 177 248 51
179 178 248 52
180 179 248 53
181 180 248 54
182 181 248 55
183 182 248 39
183 184 248 39
184 185 248 55
185 186 248 54
186 187 248 53
187 188 248 52
188 189 248 51
189 190 248 50
190 191 248 49
193 192 248 157
194 193 248 158
195 194 248 159
197 196 248 143
198 197 248 142
199 198 248 141
200 184 248 140
200 199 248 140
201 202 248 57
202 203 248 73
203 204 248 74
204 205 248 75
205 206 248 76
206 207 248 77
207 223 248 78
208 192 248 130
209 225 248 82
210 209 248 83
211 210 248 84
212 211 248 85
213 212 248 86
214 213 248 87
215 214 248 71
215 216 248 71
216 217 248 87
217 218 248 86
218 219 248 85
219 220 248 84
220 221 248 83
221 222 248 82
222 223 248 81
226 225 248 143
227 226 248 142
228 227 248 141
229 228 248 140
230 229 248 139
231 230 248 138
232 216 248 137
232 231 248 137
233 234 248 89
234 235 248 105
235 236 248 106
236 237 248 107
237 238 248 108
238 239 248 109
239 255 248 110
240 224 248 113
241 240 248 114
242 241 248 115
243 242 248 116
244 243 248 117
245 244 248 118
246 245 248 119
247 246 248 103
247 248 248 103
248 249 248 119
249 250 248 118
250 251 248 117
251 252 248 116
252 253 248 115
253 254 248 114
254 255 248 113
0 16 249 130
1 0 249 131
2 1 249 132
3 2 249 133
4 3 249 134
5 4 249 135
7 6 249 151
7 8 249 151
9 10 249 135
10 11 249 134
11 12 249 133
12 13 249 132
13 14 249 131
14 15 249 130
17 16 249 127
18 17 249 126
19 18 249 125
20 19 249 124
21 20 249 123
22 21 249 122
23 22 249 121
25 26 249 169
27 28 249 153
28 29 249 154
29 30 249 155
30 31 249 156
31 15 249 157
32 48 249 114
33 17 249 163
34 33 249 164
35 34 249 165
36 35 249 166
37 36 249 167
39 38 249 183
39 40 249 183
41 42 249 167
42 43 249 166
43 44 249 165
44 45 249 164
45 46 249 163
46 47 249 162
49 48 249 109
50 49 249 110
51 50 249 111
52 51 249 127
53 52 249 126
54 53 249 125
55 54 249 124
56 55 249 123
56 72 249 123
57 58 249 201
59 60 249 185
60 61 249 186
61 62 249 187
62 63 249 188
63 47 249 189
64 80 249 117
65 49 249 195
66 65 249 196
67 66 249 197
68 67 249 198
69 68 249 199
71 70 249 215
71 72 249 215
73 74 249 199
74 75 249 198
75 76 249 197
76 77 249 196
77 78 249 195
78 79 249 194
81 80 249 106
82 81 249 107
83 82 249 108
84 83 249 109
85 84 249 110
86 85 249 111
87 86 249 127
88 87 249 126
88 104 249 126
89 90 249 233
91 92 249 217
92 93 249 218
93 94 249 219
94 95 249 220
95 79 249 221
97 81 249 227
98 97 249 228
99 98 249 229
100 99 249 230
101 100 249 231
103 102 249 247
103 104 249 247
105 106 249 231
106 107 249 230
107 108 249 229
108 109 249 228
109 110 249 227
110 111 249 226
113 112 249 89
115 114 249 105
116 115 249 106
117 116 249 107
118 117 249 108
119 118 249 109
120 119 249 110
120 136 249 110
122 123 249 248
123 124 249 249
124 125 249 250
125 126 249 251
126 127 249 252
127 111 249 253
128 144 249 101
130 129 249 208
131 130 249 192
133 132 249 176
134 133 249 160
136 137 249 160
137 138 249 176
139 140 249 192
140 141 249 208
142 143 249 224
145 144 249 92
146 145 249 91
147 146 249 90
148 147 249 89
150 149 249 105
151 150 249 106
152 151 249 107
152 168 249 107
154 155 249 88
155 156 249 104
157 158 249 120
158 159 249 136
160 176 249 98
162 161 249 48
163 162 249 32
165 164 249 16
166 165 249 0
167 166 249 1
167 168 249 1
168 169 249 0
169 170 249 16
171 172 249 32
172 173 249 48
174 175 249 64
177 176 249 95
178 177 249 94
179 178 249 93
180 179 249 92
181 180 249 91
182 181 249 90
183 182 249 89
185 186 249 31
186 187 249 15
187 188 249 14
188 189 249 13
189 190 249 12
190 191 249 11
191 175 249 10
192 208 249 82
193 177 249 22
194 193 249 21
195 194 249 20
196 195 249 19
197 196 249 18
198 197 249 17
199 198 249 33
199 200 249 33
200 201 249 17
201 202 249 18
202 203 249 19
203 204 249 20
204 205 249 21
205 206 249 22
206 207 249 23
209 208 249 77
210 209 249 78
211 210 249 79
212 211 249 95
213 212 249 94
214 213 249 93
215 214 249 92
216 215 249 91
216 232 249 91
217 218 249 63
218 219 249 47
219 220 249 46
220 221 249 45
221 222 249 44
222 223 249 43
223 207 249 42
224 240 249 85
225 209 249 54
226 225 249 53
227 226 249 52
228 227 249 51
229 228 249 50
230 229 249 49
231 230 249 65
231 232 249 65
232 233 249 49
233 234 249 50
234 235 249 51
235 236 249 52
236 237 249 53
237 238 249 54
238 239 249 55
241 240 249 74
242 241 249 75
243 242 249 76
244 243 249 77
245 244 249 78
246 245 249 79
247 246 249 95
248 247 249 94
248 249 249 94
249 250 249 95
250 251 249 79
251 252 249 78
252 253 249 77
253 254 249 76
254 255 249 75
255 239 249 74
0 1 250 166
1 2 250 167
2 3 250 183
3 4 250 182
4 5 250 181
5 6 250 180
6 7 250 179
7 8 250 178
7 23 250 178
8 9 250 177
10 11 250 193
11 12 250 194
12 13 250 195
13 14 250 196
14 15 250 197
17 16 250 188
18 17 250 189
19 18 250 190
20 19 250 191
22 21 250 175
23 22 250 174
24 8 250 173
24 23 250 173
25 41 250 206
26 25 250 205
27 26 250 204
28 27 250 203
29 28 250 202
30 29 250 201
31 30 250 185
32 16 250 163
33 34 250 199
34 35 250 215
35 36 250 214
36 37 250 213
37 38 250 212
38 39 250 211
39 40 250 210
39 55 250 210
40 41 250 209
42 43 250 225
43 44 250 226
44 45 250 227
45 46 250 228
46 47 250 229
49 48 250 191
51 50 250 175
52 51 250 174
53 52 250 173
54 53 250 172
55 54 250 171
56 40 250 170
56 55 250 170
57 73 250 238
58 57 250 237
59 58 250 236
60 59 250 235
61 60 250 234
62 61 250 233
63 62 250 217
65 66 250 231
66 67 250 247
67 68 250 246
68 69 250 245
69 70 250 244
70 71 250 243
71 72 250 242
71 87 250 242
72 73 250 241
73 74 250 240
75 76 250 224
76 77 250 208
78 79 250 192
81 80 250 174
82 81 250 173
83 82 250 172
84 83 250 171
85 84 250 170
86 85 250 169
87 86 250 153
88 72 250 154
88 87 250 154
90 89 250 200
91 90 250 216
93 92 250 232
94 93 250 248
95 94 250 249
96 80 250 147
98 99 250 160
99 100 250 144
101 102 250 128
102 103 250 112
104 105 250 96
105 106 250 80
107 108 250 64
108 109 250 48
110 111 250 32
113 112 250 171
114 113 250 170
115 114 250 169
116 115 250 153
117 116 250 154
118 117 250 155
119 118 250 156
120 104 250 157
120 119 250 157
122 121 250 40
123 122 250 56
125 124 250 72
126 125 250 88
128 112 250 150
130 131 250 0
131 132 250 1
132 133 250 2
133 134 250 3
134 135 250 4
135 136 250 5
135 151 250 5
136 137 250 6
137 138 250 7
138 139 250 23
139 140 250 22
140 141 250 21
141 142 250 20
142 143 250 19
145 144 250 153
146 145 250 154
147 146 250 155
148 147 250 156
149 148 250 157
150 149 250 158
151 150 250 159
153 169 250 27
154 153 250 28
155 154 250 29
156 155 250 30
157 156 250 31
159 158 250 15
160 144 250 134
161 162 250 17
163 164 250 33
164 165 250 34
165 166 250 35
166 167 250 36
167 168 250 37
167 183 250 37
168 169 250 38
169 170 250 39
170 171 250 55
171 172 250 54
172 173 250 53
173 174 250 52
174 175 250 51
177 176 250 156
178 177 250 157
179 178 250 158
180 179 250 159
182 181 250 143
183 182 250 142
184 168 250 141
184 183 250 141
185 201 250 59
186 185 250 60
187 186 250 61
188 187 250 62
189 188 250 63
191 190 250 47
192 176 250 131
193 194 250 49
195 196 250 65
196 197 250 66
197 198 250 67
198 199 250 68
199 200 250 69
199 215 250 69
200 201 250 70
201 202 250 71
202 203 250 87
203 204 250 86
204 205 250 85
205 206 250 84
206 207 250 83
209 208 250 159
211 210 250 143
212 211 250 142
213 212 250 141
214 213 250 140
215 214 250 139
216 200 250 138
216 215 250 138
217 233 250 91
218 217 250 92
219 218 250 93
220 219 250 94
221 220 250 95
223 222 250 79
225 226 250 81
227 228 250 97
228 229 250 98
229 230 250 99
230 231 250 100
231 232 250 101
231 247 250 101
232 233 250 102
233 234 250 103
234 235 250 119
235 236 250 118
236 237 250 117
237 238 250 116
238 239 250 115
241 240 250 142
242 241 250 141
243 242 250 140
244 243 250 139
245 244 250 138
246 245 250 137
247 246 250 121
248 232 250 122
248 247 250 122
249 248 250 123
250 249 250 124
251 250 250 125
252 251 250 126
253 252 250 127
255 254 250 111
1 0 251 125
2 1 251 124
3 2 251 123
4 3 251 122
5 4 251 121
7 6 251 137
8 7 251 138
8 24 251 138
9 8 251 139
10 9 251 140
11 10 251 141
12 11 251 142
13 12 251 143
14 13 251 159
15 14 251 158
16 32 251 129
17 18 251 162
18 19 251 161
19 20 251 145
20 21 251 146
21 22 251 147
22 23 251 148
23 7 251 149
23 24 251 149
24 25 251 150
25 26 251 151
27 28 251 135
28 29 251 134
29 30 251 133
30 31 251 132
33 32 251 111
34 33 251 127
35 34 251 126
36 35 251 125
37 36 251 124
38 37 251 123
39 38 251 122
40 39 251 121
40 56 251 121
41 25 251 171
42 41 251 172
43 42 251 173
44 43 251 174
45 44 251 175
46 45 251 191
47 46 251 190
48 64 251 115
49 50 251 194
50 51 251 193
51 52 251 177
52 53 251 178
53 54 251 179
54 55 251 180
55 39 251 181
55 56 251 181
56 57 251 182
57 58 251 183
59 60 251 167
60 61 251 166
61 62 251 165
62 63 251 164
65 64 251 108
66 65 251 109
67 66 251 110
68 67 251 111
69 68 251 127
70 69 251 126
71 70 251 125
72 71 251 124
72 88 251 124
73 57 251 203
74 73 251 204
75 74 251 205
76 75 251 206
77 76 251 207
78 77 251 223
79 78 251 222
80 96 251 118
81 82 251 226
82 83 251 225
83 84 251 209
84 85 251 210
85 86 251 211
86 87 251 212
87 71 251 213
87 88 251 213
88 89 251 214
89 90 251 215
91 92 251 199
92 93 251 198
93 94 251 197
94 95 251 196
97 96 251 105
98 97 251 106
99 98 251 107
100 99 251 108
101 100 251 109
102 101 251 110
103 102 251 111
104 103 251 127
104 120 251 127
105 89 251 235
106 105 251 236
107 106 251 237
108 107 251 238
109 108 251 239
110 109 251 255
111 110 251 254
112 128 251 103
113 114 251 224
114 115 251 240
115 116 251 241
116 117 251 242
117 118 251 243
118 119 251 244
119 103 251 245
119 120 251 245
120 121 251 246
121 122 251 247
123 124 251 231
124 125 251 230
125 126 251 229
126 127 251 228
129 128 251 90
130 129 251 89
132 131 251 105
133 132 251 106
134 133 251 107
135 134 251 108
136 135 251 109
136 152 251 109
137 121 251 216
139 138 251 200
140 139 251 184
142 141 251 168
143 142 251 152
144 160 251 100
145 146 251 64
146 147 251 80
148 149 251 96
149 150 251 112
151 135 251 128
151 152 251 128
152 153 251 144
154 155 251 160
155 156 251 176
157 158 251 192
158 159 251 208
161 160 251 93
162 161 251 92
163 162 251 91
164 163 251 90
165 164 251 89
167 166 251 105
168 167 251 106
168 184 251 106
169 153 251 56
171 170 251 40
172 171 251 24
174 173 251 8
175 174 251 9
176 192 251 97
177 178 251 23
179 180 251 7
180 181 251 6
181 182 251 5
182 183 251 4
183 167 251 3
183 184 251 3
184 185 251 2
185 186 251 1
186 187 251 0
187 188 251 16
189 190 251 32
190 191 251 48
193 192 251 79
194 193 251 95
195 194 251 94
196 195 251 93
197 196 251 92
198 197 251 91
199 198 251 90
200 199 251 89
200 216 251 89
201 185 251 29
202 201 251 28
203 202 251 27
204 203 251 26
205 204 251 25
207 206 251 41
208 224 251 83
209 210 251 55
211 212 251 39
212 213 251 38
213 214 251 37
214 215 251 36
215 199 251 35
215 216 251 35
216 217 251 34
217 218 251 33
218 219 251 17
219 220 251 18
220 221 251 19
221 222 251 20
222 223 251 21
225 224 251 76
226 225 251 77
227 226 251 78
228 227 251 79
229 228 251 95
230 229 251 94
231 230 251 93
232 231 251 92
232 248 251 92
233 217 251 61
234 233 251 60
235 234 251 59
236 235 251 58
237 236 251 57
239 238 251 73
240 241 251 86
241 242 251 87
243 244 251 71
244 245 251 70
245 246 251 69
246 247 251 68
247 231 251 67
247 248 251 67
248 249 251 66
249 250 251 65
250 251 251 49
251 252 251 50
252 253 251 51
253 254 251 52
254 255 251 53
1 0 252 187
2 1 252 188
3 2 252 189
4 3 252 190
5 4 252 191
7 6 252 175
8 7 252 174
8 9 252 174
9 10 252 175
11 12 252 191
12 13 252 190
13 14 252 189
14 15 252 188
15 31 252 187
16 0 252 164
17 33 252 197
18 17 252 196
19 18 252 195
20 19 252 194
21 20 252 193
23 22 252 177
23 24 252 177
25 26 252 193
26 27 252 194
27 28 252 195
28 29 252 196
29 30 252 197
30 31 252 198
33 32 252 190
34 33 252 191
36 35 252 175
37 36 252 174
38 37 252 173
39 38 252 172
40 24 252 171
40 39 252 171
41 42 252 207
43 44 252 223
44 45 252 222
45 46 252 221
46 47 252 220
47 63 252 219
48 32 252 161
49 65 252 229
50 49 252 228
51 50 252 227
52 51 252 226
53 52 252 225
55 54 252 209
55 56 252 209
57 58 252 225
58 59 252 226
59 60 252 227
60 61 252 228
61 62 252 229
62 63 252 230
65 64 252 175
66 65 252 174
67 66 252 173
68 67 252 172
69 68 252 171
70 69 252 170
71 70 252 169
72 56 252 153
72 71 252 153
73 74 252 239
75 76 252 255
76 77 252 254
77 78 252 253
78 79 252 252
79 95 252 251
80 64 252 146
81 97 252 192
83 82 252 208
84 83 252 224
86 85 252 240
87 86 252 241
87 88 252 241
88 89 252 240
90 91 252 224
91 92 252 208
93 94 252 192
94 95 252 176
97 96 252 172
98 97 252 171
99 98 252 170
100 99 252 169
101 100 252 153
102 101 252 154
103 102 252 155
104 88 252 156
104 103 252 156
105 106 252 184
106 107 252 168
108 109 252 152
109 110 252 136
111 127 252 120
112 96 252 149
113 129 252 32
115 114 252 48
116 115 252 64
118 117 252 80
119 118 252 96
119 120 252 96
120 121 252 80
122 123 252 64
123 124 252 48
125 126 252 32
126 127 252 16
129 128 252 169
130 129 252 153
131 130 252 154
132 131 252 155
133 132 252 156
134 133 252 157
135 134 252 158
136 120 252 159
136 135 252 159
137 138 252 24
138 139 252 8
139 140 252 9
140 141 252 10
141 142 252 11
142 143 252 12
143 159 252 13
144 128 252 135
145 161 252 19
146 145 252 20
147 146 252 21
148 147 252 22
149 148 252 23
150 149 252 7
151 150 252 6
151 152 252 6
152 153 252 7
153 154 252 23
154 155 252 22
155 156 252 21
156 157 252 20
157 158 252 19
158 159 252 18
161 160 252 155
162 161 252 156
163 162 252 157
164 163 252 158
165 164 252 159
167 166 252 143
168 152 252 142
168 167 252 142
169 170 252 26
170 171 252 25
171 172 252 41
172 173 252 42
173 174 252 43
174 175 252 44
175 191 252 45
176 160 252 132
177 193 252 51
178 177 252 52
179 178 252 53
180 179 252 54
181 180 252 55
182 181 252 39
183 182 252 38
183 184 252 38
184 185 252 39
185 186 252 55
186 187 252 54
187 188 252 53
188 189 252 52
189 190 252 51
190 191 252 50
193 192 252 158
194 193 252 159
196 195 252 143
197 196 252 142
198 197 252 141
199 198 252 140
200 184 252 139
200 199 252 139
201 202 252 58
202 203 252 57
203 204 252 73
204 205 252 74
205 206 252 75
206 207 252 76
207 223 252 77
208 192 252 129
209 225 252 83
210 209 252 84
211 210 252 85
212 211 252 86
213 212 252 87
214 213 252 71
215 214 252 70
215 216 252 70
216 217 252 71
217 218 252 87
218 219 252 86
219 220 252 85
220 221 252 84
221 222 252 83
222 223 252 82
225 224 252 143
226 225 252 142
227 226 252 141
228 227 252 140
229 228 252 139
230 229 252 138
231 230 252 137
232 216 252 121
232 231 252 121
233 234 252 90
234 235 252 89
235 236 252 105
236 237 252 106
237 238 252 107
238 239 252 108
239 255 252 109
240 224 252 114
241 240 252 115
242 241 252 116
243 242 252 117
244 243 252 118
245 244 252 119
246 245 252 103
247 246 252 102
247 248 252 102
248 249 252 103
249 250 252 119
250 251 252 118
251 252 252 117
252 253 252 116
253 254 252 115
254 255 252 114
0 16 253 131
1 0 253 132
2 1 253 133
3 2 253 134
4 3 253 135
6 5 253 151
7 6 253 150
7 8 253 150
8 9 253 151
10 11 253 135
11 12 253 134
12 13 253 133
13 14 253 132
14 15 253 131
17 16 253 126
18 17 253 125
19 18 253 124
20 19 253 123
21 20 253 122
22 21 253 121
24 23 253 137
24 40 253 137
25 26 253 170
26 27 253 169
28 29 253 153
29 30 253 154
30 31 253 155
31 15 253 156
32 48 253 113
33 17 253 164
34 33 253 165
35 34 253 166
36 35 253 167
38 37 253 183
39 38 253 182
39 40 253 182
40 41 253 183
42 43 253 167
43 44 253 166
44 45 253 165
45 46 253 164
46 47 253 163
49 48 253 110
50 49 253 111
51 50 253 127
52 51 253 126
53 52 253 125
54 53 253 124
55 54 253 123
56 55 253 122
56 72 253 122
57 58 253 202
58 59 253 201
60 61 253 185
61 62 253 186
62 63 253 187
63 47 253 188
64 80 253 116
65 49 253 196
66 65 253 197
67 66 253 198
68 67 253 199
70 69 253 215
71 70 253 214
71 72 253 214
72 73 253 215
74 75 253 199
75 76 253 198
76 77 253 197
77 78 253 196
78 79 253 195
81 80 253 107
82 81 253 108
83 82 253 109
84 83 253 110
85 84 253 111
86 85 253 127
87 86 253 126
88 87 253 125
88 104 253 125
89 90 253 234
90 91 253 233
92 93 253 217
93 94 253 218
94 95 253 219
95 79 253 220
96 112 253 119
97 81 253 228
98 97 253 229
99 98 253 230
100 99 253 231
102 101 253 247
103 102 253 246
103 104 253 246
104 105 253 247
106 107 253 231
107 108 253 230
108 109 253 229
109 110 253 228
110 111 253 227
114 113 253 105
115 114 253 106
116 115 253 107
117 116 253 108
118 117 253 109
119 118 253 110
120 119 253 111
120 136 253 111
121 122 253 232
123 124 253 248
124 125 253 249
125 126 253 250
126 127 253 251
127 111 253 252
128 144 253 102
129 113 253 208
130 129 253 192
132 131 253 176
133 132 253 160
135 134 253 144
135 136 253 144
137 138 253 160
138 139 253 176
140 141 253 192
141 142 253 208
145 144 253 91
146 145 253 90
147 146 253 89
149 148 253 105
150 149 253 106
151 150 253 107
152 151 253 108
152 168 253 108
153 154 253 72
155 156 253 88
156 157 253 104
158 159 253 120
159 143 253 136
160 176 253 99
161 145 253 48
162 161 253 32
164 163 253 16
165 164 253 0
166 165 253 1
167 166 253 2
167 168 253 2
168 169 253 1
169 170 253 0
170 171 253 16
172 173 253 32
173 174 253 48
177 176 253 94
178 177 253 93
179 178 253 92
180 179 253 91
181 180 253 90
182 181 253 89
184 183 253 105
184 200 253 105
185 186 253 30
186 187 253 31
187 188 253 15
188 189 253 14
189 190 253 13
190 191 253 12
191 175 253 11
192 208 253 81
193 177 253 21
194 193 253 20
195 194 253 19
196 195 253 18
197 196 253 17
198 197 253 33
199 198 253 34
199 200 253 34
200 201 253 33
201 202 253 17
202 203 253 18
203 204 253 19
204 205 253 20
205 206 253 21
206 207 253 22
209 208 253 78
210 209 253 79
211 210 253 95
212 211 253 94
213 212 253 93
214 213 253 92
215 214 253 91
216 215 253 90
216 232 253 90
217 218 253 62
218 219 253 63
219 220 253 47
220 221 253 46
221 222 253 45
222 223 253 44
223 207 253 43
224 240 253 84
225 209 253 53
226 225 253 52
227 226 253 51
228 227 253 50
229 228 253 49
230 229 253 65
231 230 253 66
231 232 253 66
232 233 253 65
233 234 253 49
234 235 253 50
235 236 253 51
236 237 253 52
237 238 253 53
238 239 253 54
241 240 253 75
242 241 253 76
243 242 253 77
244 243 253 78
245 244 253 79
246 245 253 95
247 246 253 94
248 247 253 93
248 249 253 93
249 250 253 94
250 251 253 95
251 252 253 79
252 253 253 78
253 254 253 77
254 255 253 76
255 239 253 75
0 1 254 165
1 2 254 166
2 3 254 167
3 4 254 183
4 5 254 182
5 6 254 181
6 7 254 180
7 8 254 179
7 23 254 179
8 9 254 178
9 10 254 177
11 12 254 193
12 13 254 194
13 14 254 195
14 15 254 196
17 16 254 189
18 17 254 190
19 18 254 191
21 20 254 175
22 21 254 174
23 22 254 173
24 8 254 172
24 23 254 172
25 41 254 205
26 25 254 204
27 26 254 203
28 27 254 202
29 28 254 201
30 29 254 185
31 30 254 186
32 16 254 162
33 34 254 198
34 35 254 199
35 36 254 215
36 37 254 214
37 38 254 213
38 39 254 212
39 40 254 211
39 55 254 211
40 41 254 210
41 42 254 209
43 44 254 225
44 45 254 226
45 46 254 227
46 47 254 228
50 49 254 175
51 50 254 174
52 51 254 173
53 52 254 172
54 53 254 171
55 54 254 170
56 40 254 169
56 55 254 169
57 73 254 237
58 57 254 236
59 58 254 235
60 59 254 234
61 60 254 233
62 61 254 217
63 62 254 218
64 48 254 145
65 66 254 230
66 67 254 231
67 68 254 247
68 69 254 246
69 70 254 245
70 71 254 244
71 72 254 243
71 87 254 243
72 73 254 242
73 74 254 241
74 75 254 240
76 77 254 224
77 78 254 208
81 80 254 173
82 81 254 172
83 82 254 171
84 83 254 170
85 84 254 169
86 85 254 153
87 86 254 154
88 72 254 155
88 87 254 155
89 105 254 200
90 89 254 216
92 91 254 232
93 92 254 248
94 93 254 249
95 94 254 250
96 80 254 148
97 98 254 176
99 100 254 160
100 101 254 144
102 103 254 128
103 104 254 112
103 119 254 112
105 106 254 96
106 107 254 80
108 109 254 64
109 110 254 48
113 112 254 170
114 113 254 169
115 114 254 153
116 115 254 154
117 116 254 155
118 117 254 156
119 118 254 157
120 104 254 158
120 119 254 158
121 137 254 40
122 121 254 56
124 123 254 72
125 124 254 88
127 126 254 104
128 112 254 151
129 130 254 16
131 132 254 0
132 133 254 1
133 134 254 2
134 135 254 3
135 136 254 4
135 151 254 4
136 137 254 5
137 138 254 6
138 139 254 7
139 140 254 23
140 141 254 22
141 142 254 21
142 143 254 20
145 144 254 154
146 145 254 155
147 146 254 156
148 147 254 157
149 148 254 158
150 149 254 159
152 136 254 143
152 151 254 143
153 169 254 28
154 153 254 29
155 154 254 30
156 155 254 31
158 157 254 15
159 158 254 14
160 144 254 133
161 162 254 18
162 163 254 17
164 165 254 33
165 166 254 34
166 167 254 35
167 168 254 36
167 183 254 36
168 169 254 37
169 170 254 38
170 171 254 39
171 172 254 55
172 173 254 54
173 174 254 53
174 175 254 52
177 176 254 157
178 177 254 158
179 178 254 159
181 180 254 143
182 181 254 142
183 182 254 141
184 168 254 140
184 183 254 140
185 201 254 60
186 185 254 61
187 186 254 62
188 187 254 63
190 189 254 47
191 190 254 46
192 176 254 130
193 194 254 50
194 195 254 49
196 197 254 65
197 198 254 66
198 199 254 67
199 200 254 68
199 215 254 68
200 201 254 69
201 202 254 70
202 203 254 71
203 204 254 87
204 205 254 86
205 206 254 85
206 207 254 84
210 209 254 143
211 210 254 142
212 211 254 141
213 212 254 140
214 213 254 139
215 214 254 138
216 200 254 137
216 215 254 137
217 233 254 92
218 217 254 93
219 218 254 94
220 219 254 95
222 221 254 79
223 222 254 78
224 208 254 113
225 226 254 82
226 227 254 81
228 229 254 97
229 230 254 98
230 231 254 99
231 232 254 100
231 247 254 100
232 233 254 101
233 234 254 102
234 235 254 103
235 236 254 119
236 237 254 118
237 238 254 117
238 239 254 116
241 240 254 141
242 241 254 140
243 242 254 139
244 243 254 138
245 244 254 137
246 245 254 121
247 246 254 122
248 232 254 123
248 247 254 123
249 248 254 124
250 249 254 125
251 250 254 126
252 251 254 127
254 253 254 111
255 254 254 110
1 0 255 124
2 1 255 123
3 2 255 122
4 3 255 121
6 5 255 137
7 6 255 138
8 7 255 139
8 24 255 139
9 8 255 140
10 9 255 141
11 10 255 142
12 11 255 143
13 12 255 159
14 13 255 158
15 14 255 157
16 32 255 130
17 18 255 163
18 19 255 162
19 20 255 161
20 21 255 145
21 22 255 146
22 23 255 147
23 7 255 148
23 24 255 148
24 25 255 149
25 26 255 150
26 27 255 151
28 29 255 135
29 30 255 134
30 31 255 133
33 32 255 127
34 33 255 126
35 34 255 125
36 35 255 124
37 36 255 123
38 37 255 122
39 38 255 121
41 25 255 172
42 41 255 173
43 42 255 174
44 43 255 175
45 44 255 191
46 45 255 190
47 46 255 189
48 64 255 114
49 50 255 195
50 51 255 194
51 52 255 193
52 53 255 177
53 54 255 178
54 55 255 179
55 39 255 180
55 56 255 180
56 57 255 181
57 58 255 182
58 59 255 183
60 61 255 167
61 62 255 166
62 63 255 165
65 64 255 109
66 65 255 110
67 66 255 111
68 67 255 127
69 68 255 126
70 69 255 125
71 70 255 124
72 71 255 123
72 88 255 123
73 57 255 204
74 73 255 205
75 74 255 206
76 75 255 207
77 76 255 223
78 77 255 222
79 78 255 221
80 96 255 117
81 82 255 227
82 83 255 226
83 84 255 225
84 85 255 209
85 86 255 210
86 87 255 211
87 71 255 212
87 88 255 212
88 89 255 213
89 90 255 214
90 91 255 215
92 93 255 199
93 94 255 198
94 95 255 197
97 96 255 106
98 97 255 107
99 98 255 108
100 99 255 109
101 100 255 110
102 101 255 111
103 102 255 127
104 103 255 126
104 120 255 126
105 89 255 236
106 105 255 237
107 106 255 238
108 107 255 239
109 108 255 255
110 109 255 254
111 110 255 253
114 115 255 224
115 116 255 240
116 117 255 241
117 118 255 242
118 119 255 243
119 103 255 244
119 120 255 244
120 121 255 245
121 122 255 246
122 123 255 247
124 125 255 231
125 126 255 230
126 127 255 229
129 128 255 89
131 130 255 105
132 131 255 106
133 132 255 107
134 133 255 108
135 134 255 109
136 135 255 110
136 152 255 110
138 137 255 200
139 138 255 184
141 140 255 168
142 141 255 152
144 160 255 101
146 147 255 64
147 148 255 80
149 150 255 96
150 151 255 112
152 153 255 128
153 154 255 144
155 156 255 160
156 157 255 176
158 159 255 192
161 160 255 92
162 161 255 91
163 162 255 90
164 163 255 89
166 165 255 105
167 166 255 106
168 167 255 107
168 184 255 107
170 169 255 40
171 170 255 24
173 172 255 8
174 173 255 9
175 174 255 10
176 192 255 98
177 178 255 22
178 179 255 23
180 181 255 7
181 182 255 6
182 183 255 5
183 167 255 4
183 184 255 4
184 185 255 3
185 186 255 2
186 187 255 1
187 188 255 0
188 189 255 16
190 191 255 32
193 192 255 95
194 193 255 94
195 194 255 93
196 195 255 92
197 196 255 91
198 197 255 90
199 198 255 89
201 185 255 28
202 201 255 27
203 202 255 26
204 203 255 25
206 205 255 41
207 206 255 42
208 224 255 82
209 210 255 54
210 211 255 55
212 213 255 39
213 214 255 38
214 215 255 37
215 199 255 36
215 216 255 36
216 217 255 35
217 218 255 34
218 219 255 33
219 220 255 17
220 221 255 18
221 222 255 19
222 223 255 20
225 224 255 77
226 225 255 78
227 226 255 79
228 227 255 95
229 228 255 94
230 229 255 93
231 230 255 92
232 231 255 91
232 248 255 91
233 217 255 60
234 233 255 59
235 234 255 58
236 235 255 57
238 237 255 73
239 238 255 74
240 241 255 85
241 242 255 86
242 243 255 87
244 245 255 71
245 246 255 70
246 247 255 69
247 231 255 68
247 248 255 68
248 249 255 67
249 250 255 66
250 251 255 65
251 252 255 49
252 253 255 50
253 254 255 51
254 255 255 52
1 0 256 188
2 1 256 189
3 2 256 190
4 3 256 191
6 5 256 175
7 6 256 174
8 7 256 173
8 9 256 173
9 10 256 174
10 11 256 175
12 13 256 191
13 14 256 190
14 15 256 189
15 31 256 188
16 0 256 163
17 33 256 196
18 17 256 195
19 18 256 194
20 19 256 193
22 21 256 177
23 22 256 178
23 24 256 178
24 25 256 177
26 27 256 193
27 28 256 194
28 29 256 195
29 30 256 196
30 31 256 197
33 32 256 191
35 34 256 175
36 35 256 174
37 36 256 173
38 37 256 172
39 38 256 171
40 24 256 170
40 39 256 170
41 42 256 206
42 43 256 207
44 45 256 223
45 46 256 222
46 47 256 221
47 63 256 220
49 65 256 228
50 49 256 227
51 50 256 226
52 51 256 225
54 53 256 209
55 54 256 210
55 56 256 210
56 57 256 209
58 59 256 225
59 60 256 226
60 61 256 227
61 62 256 228
62 63 256 229
65 64 256 174
66 65 256 173
67 66 256 172
68 67 256 171
69 68 256 170
70 69 256 169
71 70 256 153
72 56 256 154
72 71 256 154
73 74 256 238
74 75 256 239
76 77 256 255
77 78 256 254
78 79 256 253
79 95 256 252
80 64 256 147
82 81 256 208
83 82 256 224
85 84 256 240
86 85 256 241
87 86 256 242
87 88 256 242
88 89 256 241
89 90 256 240
91 92 256 224
92 93 256 208
94 95 256 192
97 96 256 171
98 97 256 170
99 98 256 169
100 99 256 153
101 100 256 154
102 101 256 155
103 102 256 156
104 88 256 157
104 103 256 157
106 107 256 184
107 108 256 168
109 110 256 152
110 111 256 136
112 96 256 150
114 113 256 48
115 114 256 64
117 116 256 80
118 117 256 96
120 121 256 96
121 122 256 80
123 124 256 64
124 125 256 48
126 127 256 32
129 128 256 153
130 129 256 154
131 130 256 155
132 131 256 156
133 132 256 157
134 133 256 158
135 134 256 159
138 139 256 24
139 140 256 8
140 141 256 9
141 142 256 10
142 143 256 11
143 159 256 12
144 128 256 134
145 161 256 20
146 145 256 21
147 146 256 22
148 147 256 23
149 148 256 7
150 149 256 6
151 150 256 5
151 152 256 5
152 153 256 6
153 154 256 7
154 155 256 23
155 156 256 22
156 157 256 21
157 158 256 20
158 159 256 19
161 160 256 156
162 161 256 157
163 162 256 158
164 163 256 159
166 165 256 143
167 166 256 142
168 152 256 141
168 167 256 141
169 170 256 27
170 171 256 26
171 172 256 25
172 173 256 41
173 174 256 42
174 175 256 43
175 191 256 44
176 160 256 131
177 193 256 52
178 177 256 53
179 178 256 54
180 179 256 55
181 180 256 39
182 181 256 38
183 182 256 37
183 184 256 37
184 185 256 38
185 186 256 39
186 187 256 55
187 188 256 54
188 189 256 53
189 190 256 52
190 191 256 51
193 192 256 159
195 194 256 143
196 195 256 142
197 196 256 141
198 197 256 140
199 198 256 139
200 184 256 138
200 199 256 138
201 202 256 59
202 203 256 58
203 204 256 57
204 205 256 73
205 206 256 74
206 207 256 75
207 223 256 76
209 225 256 84
210 209 256 85
211 210 256 86
212 211 256 87
213 212 256 71
214 213 256 70
215 214 256 69
215 216 256 69
216 217 256 70
217 218 256 71
218 219 256 87
219 220 256 86
220 221 256 85
221 222 256 84
222 223 256 83
225 224 256 142
226 225 256 141
227 226 256 140
228 227 256 139
229 228 256 138
230 229 256 137
231 230 256 121
232 216 256 122
232 231 256 122
233 234 256 91
234 235 256 90
235 236 256 89
236 237 256 105
237 238 256 106
238 239 256 107
239 255 256 108
240 224 256 115
241 240 256 116
242 241 256 117
243 242 256 118
244 243 256 119
245 244 256 103
246 245 256 102
247 246 256 101
247 248 256 101
248 249 256 102
249 250 256 103
250 251 256 119
251 252 256 118
252 253 256 117
253 254 256 116
254 255 256 115
0 16 257 132
1 0 257 133
2 1 257 134
3 2 257 135
5 4 257 151
6 5 257 150
7 6 257 149
7 8 257 149
8 9 257 150
9 10 257 151
11 12 257 135
12 13 257 134
13 14 257 133
14 15 257 132
17 16 257 125
18 17 257 124
19 18 257 123
20 19 257 122
21 20 257 121
23 22 257 137
24 23 257 138
24 40 257 138
25 26 257 171
26 27 257 170
27 28 257 169
29 30 257 153
30 31 257 154
31 15 257 155
32 48 257 129
33 17 257 165
34 33 257 166
35 34 257 167
37 36 257 183
38 37 257 182
39 38 257 181
39 40 257 181
40 41 257 182
41 42 257 183
43 44 257 167
44 45 257 166
45 46 257 165
46 47 257 164
49 48 257 111
50 49 257 127
51 50 257 126
52 51 257 125
53 52 257 124
54 53 257 123
55 54 257 122
56 55 257 121
56 72 257 121
57 58 257 203
58 59 257 202
59 60 257 201
61 62 257 185
62 63 257 186
63 47 257 187
64 80 257 115
65 49 257 197
66 65 257 198
67 66 257 199
69 68 257 215
70 69 257 214
71 70 257 213
71 72 257 213
72 73 257 214
73 74 257 215
75 76 257 199
76 77 257 198
77 78 257 197
78 79 257 196
81 80 257 108
82 81 257 109
83 82 257 110
84 83 257 111
85 84 257 127
86 85 257 126
87 86 257 125
88 87 257 124
88 104 257 124
89 90 257 235
90 91 257 234
91 92 257 233
93 94 257 217
94 95 257 218
95 79 257 219
96 112 257 118
97 81 257 229
98 97 257 230
99 98 257 231
101 100 257 247
102 101 257 246
103 102 257 245
103 104 257 245
104 105 257 246
105 106 257 247
107 108 257 231
108 109 257 230
109 110 257 229
110 111 257 228
113 112 257 105
114 113 257 106
115 114 257 107
116 115 257 108
117 116 257 109
118 117 257 110
119 118 257 111
120 119 257 127
120 136 257 127
121 122 257 216
122 123 257 232
124 125 257 248
125 126 257 249
126 127 257 250
127 111 257 251
128 144 257 103
129 113 257 192
131 130 257 176
132 131 257 160
134 133 257 144
135 134 257 128
135 136 257 128
136 137 257 144
138 139 257 160
139 140 257 176
141 142 257 192
142 143 257 208
145 144 257 90
146 145 257 89
148 147 257 105
149 148 257 106
150 149 257 107
151 150 257 108
152 151 257 109
152 168 257 109
153 154 257 56
154 155 257 72
156 157 257 88
157 158 257 104
159 143 257 120
160 176 257 100
161 145 257 32
163 162 257 16
164 163 257 0
165 164 257 1
166 165 257 2
167 166 257 3
167 168 257 3
168 169 257 2
169 170 257 1
170 171 257 0
171 172 257 16
173 174 257 32
174 175 257 48
177 176 257 93
178 177 257 92
179 178 257 91
180 179 257 90
181 180 257 89
183 182 257 105
184 183 257 106
184 200 257 106
185 186 257 29
186 187 257 30
187 188 257 31
188 189 257 15
189 190 257 14
190 191 257 13
191 175 257 12
192 208 257 97
193 177 257 20
194 193 257 19
195 194 257 18
196 195 257 17
197 196 257 33
198 197 257 34
199 198 257 35
199 200 257 35
200 201 257 34
201 202 257 33
202 203 257 17
203 204 257 18
204 205 257 19
205 206 257 20
206 207 257 21
209 208 257 79
210 209 257 95
211 210 257 94
212 211 257 93
213 212 257 92
214 213 257 91
215 214 257 90
216 215 257 89
216 232 257 89
217 218 257 61
218 219 257 62
219 220 257 63
220 221 257 47
221 222 257 46
222 223 257 45
223 207 257 44
224 240 257 83
225 209 257 52
226 225 257 51
227 226 257 50
228 227 257 49
229 228 257 65
230 229 257 66
231 230 257 67
231 232 257 67
232 233 257 66
233 234 257 65
234 235 257 49
235 236 257 50
236 237 257 51
237 238 257 52
238 239 257 53
241 240 257 76
242 241 257 77
243 242 257 78
244 243 257 79
245 244 257 95
246 245 257 94
247 246 257 93
248 247 257 92
248 249 257 92
249 250 257 93
250 251 257 94
251 252 257 95
252 253 257 79
253 254 257 78
254 255 257 77
255 239 257 76
0 1 258 164
1 2 258 165
2 3 258 166
3 4 258 167
4 5 258 183
5 6 258 182
6 7 258 181
7 8 258 180
7 23 258 180
8 9 258 179
9 10 258 178
10 11 258 177
12 13 258 193
13 14 258 194
14 15 258 195
17 16 258 190
18 17 258 191
20 19 258 175
21 20 258 174
22 21 258 173
23 22 258 172
24 8 258 171
24 23 258 171
25 41 258 204
26 25 258 203
27 26 258 202
28 27 258 201
29 28 258 185
30 29 258 186
31 30 258 187
32 16 258 161
33 34 258 197
34 35 258 198
35 36 258 199
36 37 258 215
37 38 258 214
38 39 258 213
39 40 258 212
39 55 258 212
40 41 258 211
41 42 258 210
42 43 258 209
44 45 258 225
45 46 258 226
46 47 258 227
49 48 258 175
50 49 258 174
51 50 258 173
52 51 258 172
53 52 258 171
54 53 258 170
55 54 258 169
56 40 258 153
56 55 258 153
57 73 258 236
58 57 258 235
59 58 258 234
60 59 258 233
61 60 258 217
62 61 258 218
63 62 258 219
64 48 258 146
65 66 258 229
66 67 258 230
67 68 258 231
68 69 258 247
69 70 258 246
70 71 258 245
71 72 258 244
71 87 258 244
72 73 258 243
73 74 258 242
74 75 258 241
75 76 258 240
77 78 258 224
78 79 258 208
81 80 258 172
82 81 258 171
83 82 258 170
84 83 258 169
85 84 258 153
86 85 258 154
87 86 258 155
88 72 258 156
88 87 258 156
89 105 258 216
91 90 258 232
92 91 258 248
93 92 258 249
94 93 258 250
95 94 258 251
96 80 258 149
97 98 258 192
98 99 258 176
100 101 258 160
101 102 258 144
103 104 258 128
103 119 258 128
104 105 258 112
106 107 258 96
107 108 258 80
109 110 258 64
110 111 258 48
113 112 258 169
114 113 258 153
115 114 258 154
116 115 258 155
117 116 258 156
118 117 258 157
119 118 258 158
120 104 258 159
120 119 258 159
121 137 258 56
123 122 258 72
124 123 258 88
126 125 258 104
127 126 258 120
128 112 258 135
129 130 258 32
130 131 258 16
132 133 258 0
133 134 258 1
134 135 258 2
135 136 258 3
135 151 258 3
136 137 258 4
137 138 258 5
138 139 258 6
139 140 258 7
140 141 258 23
141 142 258 22
142 143 258 21
145 144 258 155
146 145 258 156
147 146 258 157
148 147 258 158
149 148 258 159
151 150 258 143
152 136 258 142
152 151 258 142
153 169 258 29
154 153 258 30
155 154 258 31
157 156 258 15
158 157 258 14
159 158 258 13
160 144 258 132
161 162 258 19
162 163 258 18
163 164 258 17
165 166 258 33
166 167 258 34
167 168 258 35
167 183 258 35
168 169 258 36
169 170 258 37
170 171 258 38
171 172 258 39
172 173 258 55
173 174 258 54
174 175 258 53
177 176 258 158
178 177 258 159
180 179 258 143
181 180 258 142
182 181 258 141
183 182 258 140
184 168 258 139
184 183 258 139
185 201 258 61
186 185 258 62
187 186 258 63
189 188 258 47
190 189 258 46
191 190 258 45
192 176 258 129
193 194 258 51
194 195 258 50
195 196 258 49
197 198 258 65
198 199 258 66
199 200 258 67
199 215 258 67
200 201 258 68
201 202 258 69
202 203 258 70
203 204 258 71
204 205 258 87
205 206 258 86
206 207 258 85
209 208 258 143
210 209 258 142
211 210 258 141
212 211 258 140
213 212 258 139
214 213 258 138
215 214 258 137
216 200 258 121
216 215 258 121
217 233 258 93
218 217 258 94
219 218 258 95
221 220 258 79
222 221 258 78
223 222 258 77
224 208 258 114
225 226 258 83
226 227 258 82
227 228 258 81
229 230 258 97
230 231 258 98
231 232 258 99
231 247 258 99
232 233 258 100
233 234 258 101
234 235 258 102
235 236 258 103
236 237 258 119
237 238 258 118
238 239 258 117
241 240 258 140
242 241 258 139
243 242 258 138
244 243 258 137
245 244 258 121
246 245 258 122
247 246 258 123
248 232 258 124
248 247 258 124
249 248 258 125
250 249 258 126
251 250 258 127
253 252 258 111
254 253 258 110
255 254 258 109
1 0 259 123
2 1 259 122
3 2 259 121
5 4 259 137
6 5 259 138
7 6 259 139
8 7 259 140
8 24 259 140
9 8 259 141
10 9 259 142
11 10 259 143
12 11 259 159
13 12 259 158
14 13 259 157
15 14 259 156
16 32 259 131
17 18 259 164
18 19 259 163
19 20 259 162
20 21 259 161
21 22 259 145
22 23 259 146
23 7 259 147
23 24 259 147
24 25 259 148
25 26 259 149
26 27 259 150
27 28 259 151
29 30 259 135
30 31 259 134
33 32 259 126
34 33 259 125
35 34 259 124
36 35 259 123
37 36 259 122
38 37 259 121
40 39 259 137
40 56 259 137
41 25 259 173
42 41 259 174
43 42 259 175
44 43 259 191
45 44 259 190
46 45 259 189
47 46 259 188
48 64 259 113
49 50 259 196
50 51 259 195
51 52 259 194
52 53 259 193
53 54 259 177
54 55 259 178
55 39 259 179
55 56 259 179
56 57 259 180
57 58 259 181
58 59 259 182
59 60 259 183
61 62 259 167
62 63 259 166
65 64 259 110
66 65 259 111
67 66 259 127
68 67 259 126
69 68 259 125
70 69 259 124
71 70 259 123
72 71 259 122
72 88 259 122
73 57 259 205
74 73 259 206
75 74 259 207
76 75 259 223
77 76 259 222
78 77 259 221
79 78 259 220
80 96 259 116
81 82 259 228
82 83 259 227
83 84 259 226
84 85 259 225
85 86 259 209
86 87 259 210
87 71 259 211
87 88 259 211
88 89 259 212
89 90 259 213
90 91 259 214
91 92 259 215
93 94 259 199
94 95 259 198
97 96 259 107
98 97 259 108
99 98 259 109
100 99 259 110
101 100 259 111
102 101 259 127
103 102 259 126
104 103 259 125
104 120 259 125
105 89 259 237
106 105 259 238
107 106 259 239
108 107 259 255
109 108 259 254
110 109 259 253
111 110 259 252
112 128 259 119
113 114 259 208
115 116 259 224
116 117 259 240
117 118 259 241
118 119 259 242
119 103 259 243
119 120 259 243
120 121 259 244
121 122 259 245
122 123 259 246
123 124 259 247
125 126 259 231
126 127 259 230
130 129 259 105
131 130 259 106
132 131 259 107
133 132 259 108
134 133 259 109
135 134 259 110
136 135 259 111
136 152 259 111
137 121 259 200
138 137 259 184
140 139 259 168
141 140 259 152
143 142 259 136
144 160 259 102
145 146 259 48
147 148 259 64
148 149 259 80
150 151 259 96
151 135 259 112
151 152 259 112
153 154 259 128
154 155 259 144
156 157 259 160
157 158 259 176
161 160 259 91
162 161 259 90
163 162 259 89
165 164 259 105
166 165 259 106
167 166 259 107
168 167 259 108
168 184 259 108
169 153 259 40
170 169 259 24
172 171 259 8
173 172 259 9
174 173 259 10
175 174 259 11
176 192 259 99
177 178 259 21
178 179 259 22
179 180 259 23
181 182 259 7
182 183 259 6
183 167 259 5
183 184 259 5
184 185 259 4
185 186 259 3
186 187 259 2
187 188 259 1
188 189 259 0
189 190 259 16
193 192 259 94
194 193 259 93
195 194 259 92
196 195 259 91
197 196 259 90
198 197 259 89
200 199 259 105
200 216 259 105
201 185 259 27
202 201 259 26
203 202 259 25
205 204 259 41
206 205 259 42
207 206 259 43
208 224 259 81
209 210 259 53
210 211 259 54
211 212 259 55
213 214 259 39
214 215 259 38
215 199 259 37
215 216 259 37
216 217 259 36
217 218 259 35
218 219 259 34
219 220 259 33
220 221 259 17
221 222 259 18
222 223 259 19
225 224 259 78
226 225 259 79
227 226 259 95
228 227 259 94
229 228 259 93
230 229 259 92
231 230 259 91
232 231 259 90
232 248 259 90
233 217 259 59
234 233 259 58
235 234 259 57
237 236 259 73
238 237 259 74
239 238 259 75
240 241 259 84
241 242 259 85
242 243 259 86
243 244 259 87
245 246 259 71
246 247 259 70
247 231 259 69
247 248 259 69
248 249 259 68
249 250 259 67
250 251 259 66
251 252 259 65
252 253 259 49
253 254 259 50
254 255 259 51
1 0 260 189
2 1 260 190
3 2 260 191
5 4 260 175
6 5 260 174
7 6 260 173
8 7 260 172
8 9 260 172
9 10 260 173
10 11 260 174
11 12 260 175
13 14 260 191
14 15 260 190
15 31 260 189
16 0 260 162
17 33 260 195
18 17 260 194
19 18 260 193
21 20 260 177
22 21 260 178
23 22 260 179
23 24 260 179
24 25 260 178
25 26 260 177
27 28 260 193
28 29 260 194
29 30 260 195
30 31 260 196
34 33 260 175
35 34 260 174
36 35 260 173
37 36 260 172
38 37 260 171
39 38 260 170
40 24 260 169
40 39 260 169
41 42 260 205
42 43 260 206
43 44 260 207
45 46 260 223
46 47 260 222
47 63 260 221
48 32 260 145
49 65 260 227
50 49 260 226
51 50 260 225
53 52 260 209
54 53 260 210
55 54 260 211
55 56 260 211
56 57 260 210
57 58 260 209
59 60 260 225
60 61 260 226
61 62 260 227
62 63 260 228
65 64 260 173
66 65 260 172
67 66 260 171
68 67 260 170
69 68 260 169
70 69 260 153
71 70 260 154
72 56 260 155
72 71 260 155
73 74 260 237
74 75 260 238
75 76 260 239
77 78 260 255
78 79 260 254
79 95 260 253
80 64 260 148
81 97 260 208
82 81 260 224
84 83 260 240
85 84 260 241
86 85 260 242
87 86 260 243
87 88 260 243
88 89 260 242
89 90 260 241
90 91 260 240
92 93 260 224
93 94 260 208
97 96 260 170
98 97 260 169
99 98 260 153
100 99 260 154
101 100 260 155
102 101 260 156
103 102 260 157
104 88 260 158
104 103 260 158
105 106 260 200
107 108 260 184
108 109 260 168
110 111 260 152
111 127 260 136
112 96 260 151
113 129 260 48
114 113 260 64
116 115 260 80
117 116 260 96
119 118 260 112
119 120 260 112
121 122 260 96
122 123 260 80
124 125 260 64
125 126 260 48
129 128 260 154
130 129 260 155
131 130 260 156
132 131 260 157
133 132 260 158
134 133 260 159
136 120 260 143
136 135 260 143
137 138 260 40
139 140 260 24
140 141 260 8
141 142 260 9
142 143 260 10
143 159 260 11
144 128 260 133
145 161 260 21
146 145 260 22
147 146 260 23
148 147 260 7
149 148 260 6
150 149 260 5
151 150 260 4
151 152 260 4
152 153 260 5
153 154 260 6
154 155 260 7
155 156 260 23
156 157 260 22
157 158 260 21
158 159 260 20
161 160 260 157
162 161 260 158
163 162 260 159
165 164 260 143
166 165 260 142
167 166 260 141
168 152 260 140
168 167 260 140
169 170 260 28
170 171 260 27
171 172 260 26
172 173 260 25
173 174 260 41
174 175 260 42
175 191 260 43
176 160 260 130
177 193 260 53
178 177 260 54
179 178 260 55
180 179 260 39
181 180 260 38
182 181 260 37
183 182 260 36
183 184 260 36
184 185 260 37
185 186 260 38
186 187 260 39
187 188 260 55
188 189 260 54
189 190 260 53
190 191 260 52
194 193 260 143
195 194 260 142
196 195 260 141
197 196 260 140
198 197 260 139
199 198 260 138
200 184 260 137
200 199 260 137
201 202 260 60
202 203 260 59
203 204 260 58
204 205 260 57
205 206 260 73
206 207 260 74
207 223 260 75
208 192 260 113
209 225 260 85
210 209 260 86
211 210 260 87
212 211 260 71
213 212 260 70
214 213 260 69
215 214 260 68
215 216 260 68
216 217 260 69
217 218 260 70
218 219 260 71
219 220 260 87
220 221 260 86
221 222 260 85
222 223 260 84
225 224 260 141
226 225 260 140
227 226 260 139
228 227 260 138
229 228 260 137
230 229 260 121
231 230 260 122
232 216 260 123
232 231 260 123
233 234 260 92
234 235 260 91
235 236 260 90
236 237 260 89
237 238 260 105
238 239 260 106
239 255 260 107
240 224 260 116
241 240 260 117
242 241 260 118
243 242 260 119
244 243 260 103
245 244 260 102
246 245 260 101
247 246 260 100
247 248 260 100
248 249 260 101
249 250 260 102
250 251 260 103
251 252 260 119
252 253 260 118
253 254 260 117
254 255 260 116
0 16 261 133
1 0 261 134
2 1 261 135
4 3 261 151
5 4 261 150
6 5 261 149
7 6 261 148
7 8 261 148
8 9 261 149
9 10 261 150
10 11 261 151
12 13 261 135
13 14 261 134
14 15 261 133
17 16 261 124
18 17 261 123
19 18 261 122
20 19 261 121
22 21 261 137
23 22 261 138
24 23 261 139
24 40 261 139
25 26 261 172
26 27 261 171
27 28 261 170
28 29 261 169
30 31 261 153
31 15 261 154
32 48 261 130
33 17 261 166
34 33 261 167
36 35 261 183
37 36 261 182
38 37 261 181
39 38 261 180
39 40 261 180
40 41 261 181
41 42 261 182
42 43 261 183
44 45 261 167
45 46 261 166
46 47 261 165
49 48 261 127
50 49 261 126
51 50 261 125
52 51 261 124
53 52 261 123
54 53 261 122
55 54 261 121
57 58 261 204
58 59 261 203
59 60 261 202
60 61 261 201
62 63 261 185
63 47 261 186
64 80 261 114
65 49 261 198
66 65 261 199
68 67 261 215
69 68 261 214
70 69 261 213
71 70 261 212
71 72 261 212
72 73 261 213
73 74 261 214
74 75 261 215
76 77 261 199
77 78 261 198
78 79 261 197
81 80 261 109
82 81 261 110
83 82 261 111
84 83 261 127
85 84 261 126
86 85 261 125
87 86 261 124
88 87 261 123
88 104 261 123
89 90 261 236
90 91 261 235
91 92 261 234
92 93 261 233
94 95 261 217
95 79 261 218
96 112 261 117
97 81 261 230
98 97 261 231
100 99 261 247
101 100 261 246
102 101 261 245
103 102 261 244
103 104 261 244
104 105 261 245
105 106 261 246
106 107 261 247
108 109 261 231
109 110 261 230
110 111 261 229
113 112 261 106
114 113 261 107
115 114 261 108
116 115 261 109
117 116 261 110
118 117 261 111
119 118 261 127
120 119 261 126
120 136 261 126
122 123 261 216
123 124 261 232
125 126 261 248
126 127 261 249
127 111 261 250
130 129 261 176
131 130 261 160
133 132 261 144
134 133 261 128
136 137 261 128
137 138 261 144
139 140 261 160
140 141 261 176
142 143 261 192
145 144 261 89
147 146 261 105
148 147 261 106
149 148 261 107
150 149 261 108
151 150 261 109
152 151 261 110
152 168 261 110
154 155 261 56
155 156 261 72
157 158 261 88
158 159 261 104
160 176 261 101
162 161 261 16
163 162 261 0
164 163 261 1
165 164 261 2
166 165 261 3
167 166 261 4
167 168 261 4
168 169 261 3
169 170 261 2
170 171 261 1
171 172 261 0
172 173 261 16
174 175 261 32
177 176 261 92
178 177 261 91
179 178 261 90
180 179 261 89
182 181 261 105
183 182 261 106
184 183 261 107
184 200 261 107
185 186 261 28
186 187 261 29
187 188 261 30
188 189 261 31
189 190 261 15
190 191 261 14
191 175 261 13
192 208 261 98
193 177 261 19
194 193 261 18
195 194 261 17
196 195 261 33
197 196 261 34
198 197 261 35
199 198 261 36
199 200 261 36
200 201 261 35
201 202 261 34
202 203 261 33
203 204 261 17
204 205 261 18
205 206 261 19
206 207 261 20
209 208 261 95
210 209 261 94
211 210 261 93
212 211 261 92
213 212 261 91
214 213 261 90
215 214 261 89
217 218 261 60
218 219 261 61
219 220 261 62
220 221 261 63
221 222 261 47
222 223 261 46
223 207 261 45
224 240 261 82
225 209 261 51
226 225 261 50
227 226 261 49
228 227 261 65
229 228 261 66
230 229 261 67
231 230 261 68
231 232 261 68
232 233 261 67
233 234 261 66
234 235 261 65
235 236 261 49
236 237 261 50
237 238 261 51
238 239 261 52
241 240 261 77
242 241 261 78
243 242 261 79
244 243 261 95
245 244 261 94
246 245 261 93
247 246 261 92
248 247 261 91
248 249 261 91
249 250 261 92
250 251 261 93
251 252 261 94
252 253 261 95
253 254 261 79
254 255 261 78
255 239 261 77
0 1 262 163
1 2 262 164
2 3 262 165
3 4 262 166
4 5 262 167
5 6 262 183
6 7 262 182
7 8 262 181
7 23 262 181
8 9 262 180
9 10 262 179
10 11 262 178
11 12 262 177
13 14 262 193
14 15 262 194
17 16 262 191
19 18 262 175
20 19 262 174
21 20 262 173
22 21 262 172
23 22 262 171
24 8 262 170
24 23 262 170
25 41 262 203
26 25 262 202
27 26 262 201
28 27 262 185
29 28 262 186
30 29 262 187
31 30 262 188
33 34 262 196
34 35 262 197
35 36 262 198
36 37 262 199
37 38 262 215
38 39 262 214
39 40 262 213
39 55 262 213
40 41 262 212
41 42 262 211
42 43 262 210
43 44 262 209
45 46 262 225
46 47 262 226
49 48 262 174
50 49 262 173
51 50 262 172
52 51 262 171
53 52 262 170
54 53 262 169
55 54 262 153
56 40 262 154
56 55 262 154
57 73 262 235
58 57 262 234
59 58 262 233
60 59 262 217
61 60 262 218
62 61 262 219
63 62 262 220
64 48 262 147
65 66 262 228
66 67 262 229
67 68 262 230
68 69 262 231
69 70 262 247
70 71 262 246
71 72 262 245
71 87 262 245
72 73 262 244
73 74 262 243
74 75 262 242
75 76 262 241
76 77 262 240
78 79 262 224
81 80 262 171
82 81 262 170
83 82 262 169
84 83 262 153
85 84 262 154
86 85 262 155
87 86 262 156
88 72 262 157
88 87 262 157
90 89 262 232
91 90 262 248
92 91 262 249
93 92 262 250
94 93 262 251
95 94 262 252
96 80 262 150
98 99 262 192
99 100 262 176
101 102 262 160
102 103 262 144
104 105 262 128
105 106 262 112
107 108 262 96
108 109 262 80
110 111 262 64
113 112 262 153
114 113 262 154
115 114 262 155
116 115 262 156
117 116 262 157
118 117 262 158
119 118 262 159
122 121 262 72
123 122 262 88
125 124 262 104
126 125 262 120
128 112 262 134
130 131 262 32
131 132 262 16
133 134 262 0
134 135 262 1
135 136 262 2
135 151 262 2
136 137 262 3
137 138 262 4
138 139 262 5
139 140 262 6
140 141 262 7
141 142 262 23
142 143 262 22
145 144 262 156
146 145 262 157
147 146 262 158
148 147 262 159
150 149 262 143
151 150 262 142
152 136 262 141
152 151 262 141
153 169 262 30
154 153 262 31
156 155 262 15
157 156 262 14
158 157 262 13
159 158 262 12
160 144 262 131
161 162 262 20
162 163 262 19
163 164 262 18
164 165 262 17
166 167 262 33
167 168 262 34
167 183 262 34
168 169 262 35
169 170 262 36
170 171 262 37
171 172 262 38
172 173 262 39
173 174 262 55
174 175 262 54
177 176 262 159
179 178 262 143
180 179 262 142
181 180 262 141
182 181 262 140
183 182 262 139
184 168 262 138
184 183 262 138
185 201 262 62
186 185 262 63
188 187 262 47
189 188 262 46
190 189 262 45
191 190 262 44
193 194 262 52
194 195 262 51
195 196 262 50
196 197 262 49
198 199 262 65
199 200 262 66
199 215 262 66
200 201 262 67
201 202 262 68
202 203 262 69
203 204 262 70
204 205 262 71
205 206 262 87
206 207 262 86
209 208 262 142
210 209 262 141
211 210 262 140
212 211 262 139
213 212 262 138
214 213 262 137
215 214 262 121
216 200 262 122
216 215 262 122
217 233 262 94
218 217 262 95
220 219 262 79
221 220 262 78
222 221 262 77
223 222 262 76
224 208 262 115
225 226 262 84
226 227 262 83
227 228 262 82
228 229 262 81
230 231 262 97
231 232 262 98
231 247 262 98
232 233 262 99
233 234 262 100
234 235 262 101
235 236 262 102
236 237 262 103
237 238 262 119
238 239 262 118
241 240 262 139
242 241 262 138
243 242 262 137
244 243 262 121
245 244 262 122
246 245 262 123
247 246 262 124
248 232 262 125
248 247 262 125
249 248 262 126
250 249 262 127
252 251 262 111
253 252 262 110
254 253 262 109
255 254 262 108
1 0 263 122
2 1 263 121
4 3 263 137
5 4 263 138
6 5 263 139
7 6 263 140
8 7 263 141
8 24 263 141
9 8 263 142
10 9 263 143
11 10 263 159
12 11 263 158
13 12 263 157
14 13 263 156
15 14 263 155
16 32 263 132
17 18 263 165
18 19 263 164
19 20 263 163
20 21 263 162
21 22 263 161
22 23 263 145
23 7 263 146
23 24 263 146
24 25 263 147
25 26 263 148
26 27 263 149
27 28 263 150
28 29 263 151
30 31 263 135
33 32 263 125
34 33 263 124
35 34 263 123
36 35 263 122
37 36 263 121
39 38 263 137
40 39 263 138
40 56 263 138
41 25 263 174
42 41 263 175
43 42 263 191
44 43 263 190
45 44 263 189
46 45 263 188
47 46 263 187
48 64 263 129
49 50 263 197
50 51 263 196
51 52 263 195
52 53 263 194
53 54 263 193
54 55 263 177
55 39 263 178
55 56 263 178
56 57 263 179
57 58 263 180
58 59 263 181
59 60 263 182
60 61 263 183
62 63 263 167
65 64 263 111
66 65 263 127
67 66 263 126
68 67 263 125
69 68 263 124
70 69 263 123
71 70 263 122
72 71 263 121
72 88 263 121
73 57 263 206
74 73 263 207
75 74 263 223
76 75 263 222
77 76 263 221
78 77 263 220
79 78 263 219
80 96 263 115
81 82 263 229
82 83 263 228
83 84 263 227
84 85 263 226
85 86 263 225
86 87 263 209
87 71 263 210
87 88 263 210
88 89 263 211
89 90 263 212
90 91 263 213
91 92 263 214
92 93 263 215
94 95 263 199
97 96 263 108
98 97 263 109
99 98 263 110
100 99 263 111
101 100 263 127
102 101 263 126
103 102 263 125
104 103 263 124
104 120 263 124
105 89 263 238
106 105 263 239
107 106 263 255
108 107 263 254
109 108 263 253
110 109 263 252
111 110 263 251
112 128 263 118
113 114 263 192
114 115 263 208
116 117 263 224
117 118 263 240
118 119 263 241
119 103 263 242
119 120 263 242
120 121 263 243
121 122 263 244
122 123 263 245
123 124 263 246
124 125 263 247
126 127 263 231
129 128 263 105
130 129 263 106
131 130 263 107
132 131 263 108
133 132 263 109
134 133 263 110
135 134 263 111
136 135 263 127
136 152 263 127
137 121 263 184
139 138 263 168
140 139 263 152
142 141 263 136
143 142 263 120
144 160 263 103
145 146 263 32
146 147 263 48
148 149 263 64
149 150 263 80
151 135 263 96
151 152 263 96
152 153 263 112
154 155 263 128
155 156 263 144
157 158 263 160
158 159 263 176
161 160 263 90
162 161 263 89
164 163 263 105
165 164 263 106
166 165 263 107
167 166 263 108
168 167 263 109
168 184 263 109
169 153 263 24
171 170 263 8
172 171 263 9
173 172 263 10
174 173 263 11
175 174 263 12
176 192 263 100
177 178 263 20
178 179 263 21
179 180 263 22
180 181 263 23
182 183 263 7
183 167 263 6
183 184 263 6
184 185 263 5
185 186 263 4
186 187 263 3
187 188 263 2
188 189 263 1
189 190 263 0
190 191 263 16
193 192 263 93
194 193 263 92
195 194 263 91
196 195 263 90
197 196 263 89
199 198 263 105
200 199 263 106
200 216 263 106
201 185 263 26
202 201 263 25
204 203 263 41
205 204 263 42
206 205 263 43
207 206 263 44
208 224 263 97
209 210 263 52
210 211 263 53
211 212 263 54
212 213 263 55
214 215 263 39
215 199 263 38
215 216 263 38
216 217 263 37
217 218 263 36
218 219 263 35
219 220 263 34
220 221 263 33
221 222 263 17
222 223 263 18
225 224 263 79
226 225 263 95
227 226 263 94
228 227 263 93
229 228 263 92
230 229 263 91
231 230 263 90
232 231 263 89
232 248 263 89
233 217 263 58
234 233 263 57
236 235 263 73
237 236 263 74
238 237 263 75
239 238 263 76
240 241 263 83
241 242 263 84
242 243 263 85
243 244 263 86
244 245 263 87
246 247 263 71
247 231 263 70
247 248 263 70
248 249 263 69
249 250 263 68
250 251 263 67
251 252 263 66
252 253 263 65
253 254 263 49
254 255 263 50
1 0 264 190
2 1 264 191
4 3 264 175
5 4 264 174
6 5 264 173
7 6 264 172
8 7 264 171
8 9 264 171
9 10 264 172
10 11 264 173
11 12 264 174
12 13 264 175
14 15 264 191
15 31 264 190
16 0 264 161
17 33 264 194
18 17 264 193
20 19 264 177
21 20 264 178
22 21 264 179
23 22 264 180
23 24 264 180
24 25 264 179
25 26 264 178
26 27 264 177
28 29 264 193
29 30 264 194
30 31 264 195
33 32 264 175
34 33 264 174
35 34 264 173
36 35 264 172
37 36 264 171
38 37 264 170
39 38 264 169
40 24 264 153
40 39 264 153
41 42 264 204
42 43 264 205
43 44 264 206
44 45 264 207
46 47 264 223
47 63 264 222
48 32 264 146
49 65 264 226
50 49 264 225
52 51 264 209
53 52 264 210
54 53 264 211
55 54 264 212
55 56 264 212
56 57 264 211
57 58 264 210
58 59 264 209
60 61 264 225
61 62 264 226
62 63 264 227
65 64 264 172
66 65 264 171
67 66 264 170
68 67 264 169
69 68 264 153
70 69 264 154
71 70 264 155
72 56 264 156
72 71 264 156
73 74 264 236
74 75 264 237
75 76 264 238
76 77 264 239
78 79 264 255
79 95 264 254
80 64 264 149
81 97 264 224
83 82 264 240
84 83 264 241
85 84 264 242
86 85 264 243
87 86 264 244
87 88 264 244
88 89 264 243
89 90 264 242
90 91 264 241
91 92 264 240
93 94 264 224
94 95 264 208
97 96 264 169
98 97 264 153
99 98 264 154
100 99 264 155
101 100 264 156
102 101 264 157
103 102 264 158
104 88 264 159
104 103 264 159
105 106 264 216
106 107 264 200
108 109 264 184
109 110 264 168
111 127 264 152
112 96 264 135
113 129 264 64
115 114 264 80
116 115 264 96
118 117 264 112
119 118 264 128
119 120 264 128
120 121 264 112
122 123 264 96
123 124 264 80
125 126 264 64
126 127 264 48
129 128 264 155
130 129 264 156
131 130 264 157
132 131 264 158
133 132 264 159
135 134 264 143
136 120 264 142
136 135 264 142
137 138 264 56
138 139 264 40
140 141 264 24
141 142 264 8
142 143 264 9
143 159 264 10
144 128 264 132
145 161 264 22
146 145 264 23
147 146 264 7
148 147 264 6
149 148 264 5
150 149 264 4
151 150 264 3
151 152 264 3
152 153 264 4
153 154 264 5
154 155 264 6
155 156 264 7
156 157 264 23
157 158 264 22
158 159 264 21
161 160 264 158
162 161 264 159
164 163 264 143
165 164 264 142
166 165 264 141
167 166 264 140
168 152 264 139
168 167 264 139
169 170 264 29
170 171 264 28
171 172 264 27
172 173 264 26
173 174 264 25
174 175 264 41
175 191 264 42
176 160 264 129
177 193 264 54
178 177 264 55
179 178 264 39
180 179 264 38
181 180 264 37
182 181 264 36
183 182 264 35
183 184 264 35
184 185 264 36
185 186 264 37
186 187 264 38
187 188 264 39
188 189 264 55
189 190 264 54
190 191 264 53
193 192 264 143
194 193 264 142
195 194 264 141
196 195 264 140
197 196 264 139
198 197 264 138
199 198 264 137
200 184 264 121
200 199 264 121
201 202 264 61
202 203 264 60
203 204 264 59
204 205 264 58
205 206 264 57
206 207 264 73
207 223 264 74
208 192 264 114
209 225 264 86
210 209 264 87
211 210 264 71
212 211 264 70
213 212 264 69
214 213 264 68
215 214 264 67
215 216 264 67
216 217 264 68
217 218 264 69
218 219 264 70
219 220 264 71
220 221 264 87
221 222 264 86
222 223 264 85
225 224 264 140
226 225 264 139
227 226 264 138
228 227 264 137
229 228 264 121
230 229 264 122
231 230 264 123
232 216 264 124
232 231 264 124
233 234 264 93
234 235 264 92
235 236 264 91
236 237 264 90
237 238 264 89
238 239 264 105
239 255 264 106
240 224 264 117
241 240 264 118
242 241 264 119
243 242 264 103
244 243 264 102
245 244 264 101
246 245 264 100
247 246 264 99
247 248 264 99
248 249 264 100
249 250 264 101
250 251 264 102
251 252 264 103
252 253 264 119
253 254 264 118
254 255 264 117
0 16 265 134
1 0 265 135
3 2 265 151
4 3 265 150
5 4 265 149
6 5 265 148
7 6 265 147
7 8 265 147
8 9 265 148
9 10 265 149
10 11 265 150
11 12 265 151
13 14 265 135
14 15 265 134
17 16 265 123
18 17 265 122
19 18 265 121
21 20 265 137
22 21 265 138
23 22 265 139
24 23 265 140
24 40 265 140
25 26 265 173
26 27 265 172
27 28 265 171
28 29 265 170
29 30 265 169
31 15 265 153
32 48 265 131
33 17 265 167
35 34 265 183
36 35 265 182
37 36 265 181
38 37 265 180
39 38 265 179
39 40 265 179
40 41 265 180
41 42 265 181
42 43 265 182
43 44 265 183
45 46 265 167
46 47 265 166
49 48 265 126
50 49 265 125
51 50 265 124
52 51 265 123
53 52 265 122
54 53 265 121
56 55 265 137
56 72 265 137
57 58 265 205
58 59 265 204
59 60 265 203
60 61 265 202
61 62 265 201
63 47 265 185
64 80 265 113
65 49 265 199
67 66 265 215
68 67 265 214
69 68 265 213
70 69 265 212
71 70 265 211
71 72 265 211
72 73 265 212
73 74 265 213
74 75 265 214
75 76 265 215
77 78 265 199
78 79 265 198
81 80 265 110
82 81 265 111
83 82 265 127
84 83 265 126
85 84 265 125
86 85 265 124
87 86 265 123
88 87 265 122
88 104 265 122
89 90 265 237
90 91 265 236
91 92 265 235
92 93 265 234
93 94 265 233
95 79 265 217
96 112 265 116
97 81 265 231
99 98 265 247
100 99 265 246
101 100 265 245
102 101 265 244
103 102 265 243
103 104 265 243
104 105 265 244
105 106 265 245
106 107 265 246
107 108 265 247
109 110 265 231
110 111 265 230
113 112 265 107
114 113 265 108
115 114 265 109
116 115 265 110
117 116 265 111
118 117 265 127
119 118 265 126
120 119 265 125
120 136 265 125
121 122 265 200
123 124 265 216
124 125 265 232
126 127 265 248
127 111 265 249
128 144 265 119
129 113 265 176
130 129 265 160
132 131 265 144
133 132 265 128
135 134 265 112
135 136 265 112
137 138 265 128
138 139 265 144
140 141 265 160
141 142 265 176
146 145 265 105
147 146 265 106
148 147 265 107
149 148 265 108
150 149 265 109
151 150 265 110
152 151 265 111
152 168 265 111
153 154 265 40
155 156 265 56
156 157 265 72
158 159 265 88
159 143 265 104
160 176 265 102
161 145 265 16
162 161 265 0
163 162 265 1
164 163 265 2
165 164 265 3
166 165 265 4
167 166 265 5
167 168 265 5
168 169 265 4
169 170 265 3
170 171 265 2
171 172 265 1
172 173 265 0
173 174 265 16
177 176 265 91
178 177 265 90
179 178 265 89
181 180 265 105
182 181 265 106
183 182 265 107
184 183 265 108
184 200 265 108
185 186 265 27
186 187 265 28
187 188 265 29
188 189 265 30
189 190 265 31
190 191 265 15
191 175 265 14
192 208 265 99
193 177 265 18
194 193 265 17
195 194 265 33
196 195 265 34
197 196 265 35
198 197 265 36
199 198 265 37
199 200 265 37
200 201 265 36
201 202 265 35
202 203 265 34
203 204 265 33
204 205 265 17
205 206 265 18
206 207 265 19
209 208 265 94
210 209 265 93
211 210 265 92
212 211 265 91
213 212 265 90
214 213 265 89
216 215 265 105
216 232 265 105
217 218 265 59
218 219 265 60
219 220 265 61
220 221 265 62
221 222 265 63
222 223 265 47
223 207 265 46
224 240 265 81
225 209 265 50
226 225 265 49
227 226 265 65
228 227 265 66
229 228 265 67
230 229 265 68
231 230 265 69
231 232 265 69
232 233 265 68
233 234 265 67
234 235 265 66
235 236 265 65
236 237 265 49
237 238 265 50
238 239 265 51
241 240 265 78
242 241 265 79
243 242 265 95
244 243 265 94
245 244 265 93
246 245 265 92
247 246 265 91
248 247 265 90
248 249 265 90
249 250 265 91
250 251 265 92
251 252 265 93
252 253 265 94
253 254 265 95
254 255 265 79
255 239 265 78
0 1 266 162
1 2 266 163
2 3 266 164
3 4 266 165
4 5 266 166
5 6 266 167
6 7 266 183
7 8 266 182
7 23 266 182
8 9 266 181
9 10 266 180
10 11 266 179
11 12 266 178
12 13 266 177
14 15 266 193
18 17 266 175
19 18 266 174
20 19 266 173
21 20 266 172
22 21 266 171
23 22 266 170
24 8 266 169
24 23 266 169
25 41 266 202
26 25 266 201
27 26 266 185
28 27 266 186
29 28 266 187
30 29 266 188
31 30 266 189
32 16 266 145
33 34 266 195
34 35 266 196
35 36 266 197
36 37 266 198
37 38 266 199
38 39 266 215
39 40 266 214
39 55 266 214
40 41 266 213
41 42 266 212
42 43 266 211
43 44 266 210
44 45 266 209
46 47 266 225
49 48 266 173
50 49 266 172
51 50 266 171
52 51 266 170
53 52 266 169
54 53 266 153
55 54 266 154
56 40 266 155
56 55 266 155
57 73 266 234
58 57 266 233
59 58 266 217
60 59 266 218
61 60 266 219
62 61 266 220
63 62 266 221
64 48 266 148
65 66 266 227
66 67 266 228
67 68 266 229
68 69 266 230
69 70 266 231
70 71 266 247
71 72 266 246
71 87 266 246
72 73 266 245
73 74 266 244
74 75 266 243
75 76 266 242
76 77 266 241
77 78 266 240
81 80 266 170
82 81 266 169
83 82 266 153
84 83 266 154
85 84 266 155
86 85 266 156
87 86 266 157
88 72 266 158
88 87 266 158
89 105 266 232
90 89 266 248
91 90 266 249
92 91 266 250
93 92 266 251
94 93 266 252
95 94 266 253
96 80 266 151
97 98 266 208
99 100 266 192
100 101 266 176
102 103 266 160
103 104 266 144
103 119 266 144
105 106 266 128
106 107 266 112
108 109 266 96
109 110 266 80
113 112 266 154
114 113 266 155
115 114 266 156
116 115 266 157
117 116 266 158
118 117 266 159
120 104 266 143
120 119 266 143
121 137 266 72
122 121 266 88
124 123 266 104
125 124 266 120
127 126 266 136
128 112 266 133
129 130 266 48
131 132 266 32
132 133 266 16
134 135 266 0
135 136 266 1
135 151 266 1
136 137 266 2
137 138 266 3
138 139 266 4
139 140 266 5
140 141 266 6
141 142 266 7
142 143 266 23
145 144 266 157
146 145 266 158
147 146 266 159
149 148 266 143
150 149 266 142
151 150 266 141
152 136 266 140
152 151 266 140
153 169 266 31
155 154 266 15
156 155 266 14
157 156 266 13
158 157 266 12
159 158 266 11
160 144 266 130
161 162 266 21
162 163 266 20
163 164 266 19
164 165 266 18
165 166 266 17
167 168 266 33
167 183 266 33
168 169 266 34
169 170 266 35
170 171 266 36
171 172 266 37
172 173 266 38
173 174 266 39
174 175 266 55
178 177 266 143
179 178 266 142
180 179 266 141
181 180 266 140
182 181 266 139
183 182 266 138
184 168 266 137
184 183 266 137
185 201 266 63
187 186 266 47
188 187 266 46
189 188 266 45
190 189 266 44
191 190 266 43
192 176 266 113
193 194 266 53
194 195 266 52
195 196 266 51
196 197 266 50
197 198 266 49
199 200 266 65
199 215 266 65
200 201 266 66
201 202 266 67
202 203 266 68
203 204 266 69
204 205 266 70
205 206 266 71
206 207 266 87
209 208 266 141
210 209 266 140
211 210 266 139
212 211 266 138
213 212 266 137
214 213 266 121
215 214 266 122
216 200 266 123
216 215 266 123
217 233 266 95
219 218 266 79
220 219 266 78
221 220 266 77
222 221 266 76
223 222 266 75
224 208 266 116
225 226 266 85
226 227 266 84
227 228 266 83
228 229 266 82
229 230 266 81
231 232 266 97
231 247 266 97
232 233 266 98
233 234 266 99
234 235 266 100
235 236 266 101
236 237 266 102
237 238 266 103
238 239 266 119
241 240 266 138
242 241 266 137
243 242 266 121
244 243 266 122
245 244 266 123
246 245 266 124
247 246 266 125
248 232 266 126
248 247 266 126
249 248 266 127
251 250 266 111
252 251 266 110
253 252 266 109
254 253 266 108
255 254 266 107
1 0 267 121
3 2 267 137
4 3 267 138
5 4 267 139
6 5 267 140
7 6 267 141
8 7 267 142
8 24 267 142
9 8 267 143
10 9 267 159
11 10 267 158
12 11 267 157
13 12 267 156
14 13 267 155
15 14 267 154
16 32 267 133
17 18 267 166
18 19 267 165
19 20 267 164
20 21 267 163
21 22 267 162
22 23 267 161
23 7 267 145
23 24 267 145
24 25 267 146
25 26 267 147
26 27 267 148
27 28 267 149
28 29 267 150
29 30 267 151
33 32 267 124
34 33 267 123
35 34 267 122
36 35 267 121
38 37 267 137
39 38 267 138
40 39 267 139
40 56 267 139
41 25 267 175
42 41 267 191
43 42 267 190
44 43 267 189
45 44 267 188
46 45 267 187
47 46 267 186
48 64 267 130
49 50 267 198
50 51 267 197
51 52 267 196
52 53 267 195
53 54 267 194
54 55 267 193
55 39 267 177
55 56 267 177
56 57 267 178
57 58 267 179
58 59 267 180
59 60 267 181
60 61 267 182
61 62 267 183
65 64 267 127
66 65 267 126
67 66 267 125
68 67 267 124
69 68 267 123
70 69 267 122
71 70 267 121
73 57 267 207
74 73 267 223
75 74 267 222
76 75 267 221
77 76 267 220
78 77 267 219
79 78 267 218
80 96 267 114
81 82 267 230
82 83 267 229
83 84 267 228
84 85 267 227
85 86 267 226
86 87 267 225
87 71 267 209
87 88 267 209
88 89 267 210
89 90 267 211
90 91 267 212
91 92 267 213
92 93 267 214
93 94 267 215
97 96 267 109
98 97 267 110
99 98 267 111
100 99 267 127
101 100 267 126
102 101 267 125
103 102 267 124
104 103 267 123
104 120 267 123
105 89 267 239
106 105 267 255
107 106 267 254
108 107 267 253
109 108 267 252
110 109 267 251
111 110 267 250
112 128 267 117
114 115 267 192
115 116 267 208
117 118 267 224
118 119 267 240
119 103 267 241
119 120 267 241
120 121 267 242
121 122 267 243
122 123 267 244
123 124 267 245
124 125 267 246
125 126 267 247
129 128 267 106
130 129 267 107
131 130 267 108
132 131 267 109
133 132 267 110
134 133 267 111
135 134 267 127
136 135 267 126
136 152 267 126
138 137 267 168
139 138 267 152
141 140 267 136
142 141 267 120
146 147 267 32
147 148 267 48
149 150 267 64
150 151 267 80
152 153 267 96
153 154 267 112
155 156 267 128
156 157 267 144
158 159 267 160
161 160 267 89
163 162 267 105
164 163 267 106
165 164 267 107
166 165 267 108
167 166 267 109
168 167 267 110
168 184 267 110
170 169 267 8
171 170 267 9
172 171 267 10
173 172 267 11
174 173 267 12
175 174 267 13
176 192 267 101
177 178 267 19
178 179 267 20
179 180 267 21
180 181 267 22
181 182 267 23
183 167 267 7
183 184 267 7
184 185 267 6
185 186 267 5
186 187 267 4
187 188 267 3
188 189 267 2
189 190 267 1
190 191 267 0
193 192 267 92
194 193 267 91
195 194 267 90
196 195 267 89
198 197 267 105
199 198 267 106
200 199 267 107
200 216 267 107
201 185 267 25
203 202 267 41
204 203 267 42
205 204 267 43
206 205 267 44
207 206 267 45
208 224 267 98
209 210 267 51
210 211 267 52
211 212 267 53
212 213 267 54
213 214 267 55
215 199 267 39
215 216 267 39
216 217 267 38
217 218 267 37
218 219 267 36
219 220 267 35
220 221 267 34
221 222 267 33
222 223 267 17
225 224 267 95
226 225 267 94
227 226 267 93
228 227 267 92
229 228 267 91
230 229 267 90
231 230 267 89
233 217 267 57
235 234 267 73
236 235 267 74
237 236 267 75
238 237 267 76
239 238 267 77
240 241 267 82
241 242 267 83
242 243 267 84
243 244 267 85
244 245 267 86
245 246 267 87
247 231 267 71
247 248 267 71
248 249 267 70
249 250 267 69
250 251 267 68
251 252 267 67
252 253 267 66
253 254 267 65
254 255 267 49
1 0 268 191
3 2 268 175
4 3 268 174
5 4 268 173
6 5 268 172
7 6 268 171
8 7 268 170
8 9 268 170
9 10 268 171
10 11 268 172
11 12 268 173
12 13 268 174
13 14 268 175
15 31 268 191
17 33 268 193
19 18 268 177
20 19 268 178
21 20 268 179
22 21 268 180
23 22 268 181
23 24 268 181
24 25 268 180
25 26 268 179
26 27 268 178
27 28 268 177
29 30 268 193
30 31 268 194
33 32 268 174
34 33 268 173
35 34 268 172
36 35 268 171
37 36 268 170
38 37 268 169
39 38 268 153
40 24 268 154
40 39 268 154
41 42 268 203
42 43 268 204
43 44 268 205
44 45 268 206
45 46 268 207
47 63 268 223
48 32 268 147
49 65 268 225
51 50 268 209
52 51 268 210
53 52 268 211
54 53 268 212
55 54 268 213
55 56 268 213
56 57 268 212
57 58 268 211
58 59 268 210
59 60 268 209
61 62 268 225
62 63 268 226
65 64 268 171
66 65 268 170
67 66 268 169
68 67 268 153
69 68 268 154
70 69 268 155
71 70 268 156
72 56 268 157
72 71 268 157
73 74 268 235
74 75 268 236
75 76 268 237
76 77 268 238
77 78 268 239
79 95 268 255
80 64 268 150
82 81 268 240
83 82 268 241
84 83 268 242
85 84 268 243
86 85 268 244
87 86 268 245
87 88 268 245
88 89 268 244
89 90 268 243
90 91 268 242
91 92 268 241
92 93 268 240
94 95 268 224
97 96 268 153
98 97 268 154
99 98 268 155
100 99 268 156
101 100 268 157
102 101 268 158
103 102 268 159
106 107 268 216
107 108 268 200
109 110 268 184
110 111 268 168
112 96 268 134
114 113 268 80
115 114 268 96
117 116 268 112
118 117 268 128
120 121 268 128
121 122 268 112
123 124 268 96
124 125 268 80
126 127 268 64
129 128 268 156
130 129 268 157
131 130 268 158
132 131 268 159
134 133 268 143
135 134 268 142
136 120 268 141
136 135 268 141
138 139 268 56
139 140 268 40
141 142 268 24
142 143 268 8
143 159 268 9
144 128 268 131
145 161 268 23
146 145 268 7
147 146 268 6
148 147 268 5
149 148 268 4
150 149 268 3
151 150 268 2
151 152 268 2
152 153 268 3
153 154 268 4
154 155 268 5
155 156 268 6
156 157 268 7
157 158 268 23
158 159 268 22
161 160 268 159
163 162 268 143
164 163 268 142
165 164 268 141
166 165 268 140
167 166 268 139
168 152 268 138
168 167 268 138
169 170 268 30
170 171 268 29
171 172 268 28
172 173 268 27
173 174 268 26
174 175 268 25
175 191 268 41
177 193 268 55
178 177 268 39
179 178 268 38
180 179 268 37
181 180 268 36
182 181 268 35
183 182 268 34
183 184 268 34
184 185 268 35
185 186 268 36
186 187 268 37
187 188 268 38
188 189 268 39
189 190 268 55
190 191 268 54
193 192 268 142
194 193 268 141
195 194 268 140
196 195 268 139
197 196 268 138
198 197 268 137
199 198 268 121
200 184 268 122
200 199 268 122
201 202 268 62
202 203 268 61
203 204 268 60
204 205 268 59
205 206 268 58
206 207 268 57
207 223 268 73
208 192 268 115
209 225 268 87
210 209 268 71
211 210 268 70
212 211 268 69
213 212 268 68
214 213 268 67
215 214 268 66
215 216 268 66
216 217 268 67
217 218 268 68
218 219 268 69
219 220 268 70
220 221 268 71
221 222 268 87
222 223 268 86
225 224 268 139
226 225 268 138
227 226 268 137
228 227 268 121
229 228 268 122
230 229 268 123
231 230 268 124
232 216 268 125
232 231 268 125
233 234 268 94
234 235 268 93
235 236 268 92
236 237 268 91
237 238 268 90
238 239 268 89
239 255 268 105
240 224 268 118
241 240 268 119
242 241 268 103
243 242 268 102
244 243 268 101
245 244 268 100
246 245 268 99
247 246 268 98
247 248 268 98
248 249 268 99
249 250 268 100
250 251 268 101
251 252 268 102
252 253 268 103
253 254 268 119
254 255 268 118
0 16 269 135
2 1 269 151
3 2 269 150
4 3 269 149
5 4 269 148
6 5 269 147
7 6 269 146
7 8 269 146
8 9 269 147
9 10 269 148
10 11 269 149
11 12 269 150
12 13 269 151
14 15 269 135
17 16 269 122
18 17 269 121
20 19 269 137
21 20 269 138
22 21 269 139
23 22 269 140
24 23 269 141
24 40 269 141
25 26 269 174
26 27 269 173
27 28 269 172
28 29 269 171
29 30 269 170
30 31 269 169
32 48 269 132
34 33 269 183
35 34 269 182
36 35 269 181
37 36 269 180
38 37 269 179
39 38 269 178
39 40 269 178
40 41 269 179
41 42 269 180
42 43 269 181
43 44 269 182
44 45 269 183
46 47 269 167
49 48 269 125
50 49 269 124
51 50 269 123
52 51 269 122
53 52 269 121
55 54 269 137
56 55 269 138
56 72 269 138
57 58 269 206
58 59 269 205
59 60 269 204
60 61 269 203
61 62 269 202
62 63 269 201
64 80 269 129
66 65 269 215
67 66 269 214
68 67 269 213
69 68 269 212
70 69 269 211
71 70 269 210
71 72 269 210
72 73 269 211
73 74 269 212
74 75 269 213
75 76 269 214
76 77 269 215
78 79 269 199
81 80 269 111
82 81 269 127
83 82 269 126
84 83 269 125
85 84 269 124
86 85 269 123
87 86 269 122
88 87 269 121
88 104 269 121
89 90 269 238
90 91 269 237
91 92 269 236
92 93 269 235
93 94 269 234
94 95 269 233
96 112 269 115
98 97 269 247
99 98 269 246
100 99 269 245
101 100 269 244
102 101 269 243
103 102 269 242
103 104 269 242
104 105 269 243
105 106 269 244
106 107 269 245
107 108 269 246
108 109 269 247
110 111 269 231
113 112 269 108
114 113 269 109
115 114 269 110
116 115 269 111
117 116 269 127
118 117 269 126
119 118 269 125
120 119 269 124
120 136 269 124
121 122 269 184
122 123 269 200
124 125 269 216
125 126 269 232
127 111 269 248
128 144 269 118
129 113 269 160
131 130 269 144
132 131 269 128
134 133 269 112
135 134 269 96
135 136 269 96
136 137 269 112
138 139 269 128
139 140 269 144
141 142 269 160
142 143 269 176
145 144 269 105
146 145 269 106
147 146 269 107
148 147 269 108
149 148 269 109
150 149 269 110
151 150 269 111
152 151 269 127
152 168 269 127
153 154 269 24
154 155 269 40
156 157 269 56
157 158 269 72
159 143 269 88
160 176 269 103
161 145 269 0
162 161 269 1
163 162 269 2
164 163 269 3
165 164 269 4
166 165 269 5
167 166 269 6
167 168 269 6
168 169 269 5
169 170 269 4
170 171 269 3
171 172 269 2
172 173 269 1
173 174 269 0
174 175 269 16
177 176 269 90
178 177 269 89
180 179 269 105
181 180 269 106
182 181 269 107
183 182 269 108
184 183 269 109
184 200 269 109
185 186 269 26
186 187 269 27
187 188 269 28
188 189 269 29
189 190 269 30
190 191 269 31
191 175 269 15
192 208 269 100
193 177 269 17
194 193 269 33
195 194 269 34
196 195 269 35
197 196 269 36
198 197 269 37
199 198 269 38
199 200 269 38
200 201 269 37
201 202 269 36
202 203 269 35
203 204 269 34
204 205 269 33
205 206 269 17
206 207 269 18
209 208 269 93
210 209 269 92
211 210 269 91
212 211 269 90
213 212 269 89
215 214 269 105
216 215 269 106
216 232 269 106
217 218 269 58
218 219 269 59
219 220 269 60
220 221 269 61
221 222 269 62
222 223 269 63
223 207 269 47
224 240 269 97
225 209 269 49
226 225 269 65
227 226 269 66
228 227 269 67
229 228 269 68
230 229 269 69
231 230 269 70
231 232 269 70
232 233 269 69
233 234 269 68
234 235 269 67
235 236 269 66
236 237 269 65
237 238 269 49
238 239 269 50
241 240 269 79
242 241 269 95
243 242 269 94
244 243 269 93
245 244 269 92
246 245 269 91
247 246 269 90
248 247 269 89
248 249 269 89
249 250 269 90
250 251 269 91
251 252 269 92
252 253 269 93
253 254 269 94
254 255 269 95
255 239 269 79
0 1 270 161
1 2 270 162
2 3 270 163
3 4 270 164
4 5 270 165
5 6 270 166
6 7 270 167
7 8 270 183
7 23 270 183
8 9 270 182
9 10 270 181
10 11 270 180
11 12 270 179
12 13 270 178
13 14 270 177
17 16 270 175
18 17 270 174
19 18 270 173
20 19 270 172
21 20 270 171
22 21 270 170
23 22 270 169
24 8 270 153
24 23 270 153
25 41 270 201
26 25 270 185
27 26 270 186
28 27 270 187
29 28 270 188
30 29 270 189
31 30 270 190
32 16 270 146
33 34 270 194
34 35 270 195
35 36 270 196
36 37 270 197
37 38 270 198
38 39 270 199
39 40 270 215
39 55 270 215
40 41 270 214
41 42 270 213
42 43 270 212
43 44 270 211
44 45 270 210
45 46 270 209
49 48 270 172
50 49 270 171
51 50 270 170
52 51 270 169
53 52 270 153
54 53 270 154
55 54 270 155
56 40 270 156
56 55 270 156
57 73 270 233
58 57 270 217
59 58 270 218
60 59 270 219
61 60 270 220
62 61 270 221
63 62 270 222
64 48 270 149
65 66 270 226
66 67 270 227
67 68 270 228
68 69 270 229
69 70 270 230
70 71 270 231
71 72 270 247
71 87 270 247
72 73 270 246
73 74 270 245
74 75 270 244
75 76 270 243
76 77 270 242
77 78 270 241
78 79 270 240
81 80 270 169
82 81 270 153
83 82 270 154
84 83 270 155
85 84 270 156
86 85 270 157
87 86 270 158
88 72 270 159
88 87 270 159
89 105 270 248
90 89 270 249
91 90 270 250
92 91 270 251
93 92 270 252
94 93 270 253
95 94 270 254
96 80 270 135
97 98 270 224
98 99 270 208
100 101 270 192
101 102 270 176
103 104 270 160
103 119 270 160
104 105 270 144
106 107 270 128
107 108 270 112
109 110 270 96
110 111 270 80
113 112 270 155
114 113 270 156
115 114 270 157
116 115 270 158
117 116 270 159
119 118 270 143
120 104 270 142
120 119 270 142
121 137 270 88
123 122 270 104
124 123 270 120
126 125 270 136
127 126 270 152
128 112 270 132
129 130 270 64
130 131 270 48
132 133 270 32
133 134 270 16
135 136 270 0
136 137 270 1
137 138 270 2
138 139 270 3
139 140 270 4
140 141 270 5
141 142 270 6
142 143 270 7
145 144 270 158
146 145 270 159
148 147 270 143
149 148 270 142
150 149 270 141
151 150 270 140
152 136 270 139
152 151 270 139
154 153 270 15
155 154 270 14
156 155 270 13
157 156 270 12
158 157 270 11
159 158 270 10
160 144 270 129
161 162 270 22
162 163 270 21
163 164 270 20
164 165 270 19
165 166 270 18
166 167 270 17
168 169 270 33
169 170 270 34
170 171 270 35
171 172 270 36
172 173 270 37
173 174 270 38
174 175 270 39
177 176 270 143
178 177 270 142
179 178 270 141
180 179 270 140
181 180 270 139
182 181 270 138
183 182 270 137
184 168 270 121
184 183 270 121
186 185 270 47
187 186 270 46
188 187 270 45
189 188 270 44
190 189 270 43
191 190 270 42
192 176 270 114
193 194 270 54
194 195 270 53
195 196 270 52
196 197 270 51
197 198 270 50
198 199 270 49
200 201 270 65
201 202 270 66
202 203 270 67
203 204 270 68
204 205 270 69
205 206 270 70
206 207 270 71
209 208 270 140
210 209 270 139
211 210 270 138
212 211 270 137
213 212 270 121
214 213 270 122
215 214 270 123
216 200 270 124
216 215 270 124
218 217 270 79
219 218 270 78
220 219 270 77
221 220 270 76
222 221 270 75
223 222 270 74
224 208 270 117
225 226 270 86
226 227 270 85
227 228 270 84
228 229 270 83
229 230 270 82
230 231 270 81
232 233 270 97
233 234 270 98
234 235 270 99
235 236 270 100
236 237 270 101
237 238 270 102
238 239 270 103
241 240 270 137
242 241 270 121
243 242 270 122
244 243 270 123
245 244 270 124
246 245 270 125
247 246 270 126
248 247 270 127
250 249 270 111
251 250 270 110
252 251 270 109
253 252 270 108
254 253 270 107
255 254 270 106
2 1 271 137
3 2 271 138
4 3 271 139
5 4 271 140
6 5 271 141
7 6 271 142
8 7 271 143
8 24 271 143
9 8 271 159
10 9 271 158
11 10 271 157
12 11 271 156
13 12 271 155
14 13 271 154
15 14 271 153
16 32 271 134
17 18 271 167
18 19 271 166
19 20 271 165
20 21 271 164
21 22 271 163
22 23 271 162
23 7 271 161
23 24 271 161
24 25 271 145
25 26 271 146
26 27 271 147
27 28 271 148
28 29 271 149
29 30 271 150
30 31 271 151
33 32 271 123
34 33 271 122
35 34 271 121
37 36 271 137
38 37 271 138
39 38 271 139
40 39 271 140
40 56 271 140
41 25 271 191
42 41 271 190
43 42 271 189
44 43 271 188
45 44 271 187
46 45 271 186
47 46 271 185
48 64 271 131
49 50 271 199
50 51 271 198
51 52 271 197
52 53 271 196
53 54 271 195
54 55 271 194
55 39 271 193
55 56 271 193
56 57 271 177
57 58 271 178
58 59 271 179
59 60 271 180
60 61 271 181
61 62 271 182
62 63 271 183
65 64 271 126
66 65 271 125
67 66 271 124
68 67 271 123
69 68 271 122
70 69 271 121
72 71 271 137
72 88 271 137
73 57 271 223
74 73 271 222
75 74 271 221
76 75 271 220
77 76 271 219
78 77 271 218
79 78 271 217
80 96 271 113
81 82 271 231
82 83 271 230
83 84 271 229
84 85 271 228
85 86 271 227
86 87 271 226
87 71 271 225
87 88 271 225
88 89 271 209
89 90 271 210
90 91 271 211
91 92 271 212
92 93 271 213
93 94 271 214
94 95 271 215
97 96 271 110
98 97 271 111
99 98 271 127
100 99 271 126
101 100 271 125
102 101 271 124
103 102 271 123
104 103 271 122
104 120 271 122
105 89 271 255
106 105 271 254
107 106 271 253
108 107 271 252
109 108 271 251
110 109 271 250
111 110 271 249
112 128 271 116
113 114 271 176
115 116 271 192
116 117 271 208
118 119 271 224
119 103 271 240
119 120 271 240
120 121 271 241
121 122 271 242
122 123 271 243
123 124 271 244
124 125 271 245
125 126 271 246
126 127 271 247
129 128 271 107
130 129 271 108
131 130 271 109
132 131 271 110
133 132 271 111
134 133 271 127
135 134 271 126
136 135 271 125
136 152 271 125
137 121 271 168
138 137 271 152
140 139 271 136
141 140 271 120
143 142 271 104
144 160 271 119
145 146 271 16
147 148 271 32
148 149 271 48
150 151 271 64
151 135 271 80
151 152 271 80
153 154 271 96
154 155 271 112
156 157 271 128
157 158 271 144
162 161 271 105
163 162 271 106
164 163 271 107
165 164 271 108
166 165 271 109
167 166 271 110
168 167 271 111
168 184 271 111
169 153 271 8
170 169 271 9
171 170 271 10
172 171 271 11
173 172 271 12
174 173 271 13
175 174 271 14
176 192 271 102
177 178 271 18
178 179 271 19
179 180 271 20
180 181 271 21
181 182 271 22
182 183 271 23
184 185 271 7
185 186 271 6
186 187 271 5
187 188 271 4
188 189 271 3
189 190 271 2
190 191 271 1
193 192 271 91
194 193 271 90
195 194 271 89
197 196 271 105
198 197 271 106
199 198 271 107
200 199 271 108
200 216 271 108
202 201 271 41
203 202 271 42
204 203 271 43
205 204 271 44
206 205 271 45
207 206 271 46
208 224 271 99
209 210 271 50
210 211 271 51
211 212 271 52
212 213 271 53
213 214 271 54
214 215 271 55
216 217 271 39
217 218 271 38
218 219 271 37
219 220 271 36
220 221 271 35
221 222 271 34
222 223 271 33
225 224 271 94
226 225 271 93
227 226 271 92
228 227 271 91
229 228 271 90
230 229 271 89
232 231 271 105
232 248 271 105
234 233 271 73
235 234 271 74
236 235 271 75
237 236 271 76
238 237 271 77
239 238 271 78
240 241 271 81
241 242 271 82
242 243 271 83
243 244 271 84
244 245 271 85
245 246 271 86
246 247 271 87
248 249 271 71
249 250 271 70
250 251 271 69
251 252 271 68
252 253 271 67
253 254 271 66
254 255 271 65
2 1 272 175
3 2 272 174
4 3 272 173
5 4 272 172
6 5 272 171
7 6 272 170
8 7 272 169
8 9 272 169
9 10 272 170
10 11 272 171
11 12 272 172
12 13 272 173
13 14 272 174
14 15 272 175
16 0 272 145
18 17 272 177
19 18 272 178
20 19 272 179
21 20 272 180
22 21 272 181
23 22 272 182
23 24 272 182
24 25 272 181
25 26 272 180
26 27 272 179
27 28 272 178
28 29 272 177
30 31 272 193
33 32 272 173
34 33 272 172
35 34 272 171
36 35 272 170
37 36 272 169
38 37 272 153
39 38 272 154
40 24 272 155
40 39 272 155
41 42 272 202
42 43 272 203
43 44 272 204
44 45 272 205
45 46 272 206
46 47 272 207
48 32 272 148
50 49 272 209
51 50 272 210
52 51 272 211
53 52 272 212
54 53 272 213
55 54 272 214
55 56 272 214
56 57 272 213
57 58 272 212
58 59 272 211
59 60 272 210
60 61 272 209
62 63 272 225
65 64 272 170
66 65 272 169
67 66 272 153
68 67 272 154
69 68 272 155
70 69 272 156
71 70 272 157
72 56 272 158
72 71 272 158
73 74 272 234
74 75 272 235
75 76 272 236
76 77 272 237
77 78 272 238
78 79 272 239
80 64 272 151
81 97 272 240
82 81 272 241
83 82 272 242
84 83 272 243
85 84 272 244
86 85 272 245
87 86 272 246
87 88 272 246
88 89 272 245
89 90 272 244
90 91 272 243
91 92 272 242
92 93 272 241
93 94 272 240
97 96 272 154
98 97 272 155
99 98 272 156
100 99 272 157
101 100 272 158
102 101 272 159
104 88 272 143
104 103 272 143
105 106 272 232
107 108 272 216
108 109 272 200
110 111 272 184
111 127 272 168
112 96 272 133
113 129 272 80
114 113 272 96
116 115 272 112
117 116 272 128
119 118 272 144
119 120 272 144
121 122 272 128
122 123 272 112
124 125 272 96
125 126 272 80
129 128 272 157
130 129 272 158
131 130 272 159
133 132 272 143
134 133 272 142
135 134 272 141
136 120 272 140
136 135 272 140
137 138 272 72
139 140 272 56
140 141 272 40
144 128 272 130
151 152 272 1
152 153 272 2
153 154 272 3
154 155 272 4
155 156 272 5
156 157 272 6
157 158 272 7
158 159 272 23
162 161 272 143
163 162 272 142
164 163 272 141
165 164 272 140
166 165 272 139
167 166 272 138
168 152 272 137
168 167 272 137
176 160 272 113
183 184 272 33
184 185 272 34
185 186 272 35
186 187 272 36
187 188 272 37
188 189 272 38
189 190 272 39
190 191 272 55
193 192 272 141
194 193 272 140
195 194 272 139
196 195 272 138
197 196 272 137
198 197 272 121
199 198 272 122
200 184 272 123
200 199 272 123
208 192 272 116
215 216 272 65
216 217 272 66
217 218 272 67
218 219 272 68
219 220 272 69
220 221 272 70
221 222 272 71
222 223 272 87
225 224 272 138
226 225 272 137
227 226 272 121
228 227 272 122
229 228 272 123
230 229 272 124
231 230 272 125
232 231 272 126
247 248 272 97
248 249 272 98
249 250 272 99
250 251 272 100
251 252 272 101
252 253 272 102
253 254 272 103
254 255 272 119
1 0 273 151
2 1 273 150
3 2 273 149
4 3 273 148
5 4 273 147
6 5 273 146
7 6 273 145
7 8 273 145
8 9 273 146
9 10 273 147
10 11 273 148
11 12 273 149
12 13 273 150
13 14 273 151
17 16 273 121
19 18 273 137
20 19 273 138
21 20 273 139
22 21 273 140
23 22 273 141
24 23 273 142
24 40 273 142
25 26 273 175
26 27 273 174
27 28 273 173
28 29 273 172
29 30 273 171
30 31 273 170
31 15 273 169
32 48 273 133
33 17 273 183
34 33 273 182
35 34 273 181
36 35 273 180
37 36 273 179
38 37 273 178
39 38 273 177
39 40 273 177
40 41 273 178
41 42 273 179
42 43 273 180
43 44 273 181
44 45 273 182
45 46 273 183
49 48 273 124
50 49 273 123
51 50 273 122
52 51 273 121
54 53 273 137
55 54 273 138
56 55 273 139
56 72 273 139
57 58 273 207
58 59 273 206
59 60 273 205
60 61 273 204
61 62 273 203
62 63 273 202
63 47 273 201
64 80 273 130
65 49 273 215
66 65 273 214
67 66 273 213
68 67 273 212
69 68 273 211
70 69 273 210
71 70 273 209
71 72 273 209
72 73 273 210
73 74 273 211
74 75 273 212
75 76 273 213
76 77 273 214
77 78 273 215
81 80 273 127
82 81 273 126
83 82 273 125
84 83 273 124
85 84 273 123
86 85 273 122
87 86 273 121
89 90 273 239
90 91 273 238
91 92 273 237
92 93 273 236
93 94 273 235
94 95 273 234
95 79 273 233
96 112 273 114
97 81 273 247
98 97 273 246
99 98 273 245
100 99 273 244
101 100 273 243
102 101 273 242
103 102 273 241
103 104 273 241
104 105 273 242
105 106 273 243
106 107 273 244
107 108 273 245
108 109 273 246
109 110 273 247
113 112 273 109
114 113 273 110
115 114 273 111
116 115 273 127
117 116 273 126
118 117 273 125
119 118 273 124
120 119 273 123
120 136 273 123
122 123 273 184
123 124 273 200
125 126 273 216
126 127 273 232
128 144 273 117
130 129 273 144
131 130 273 128
133 132 273 112
134 133 273 96
136 137 273 96
137 138 273 112
139 140 273 128
140 141 273 144
142 143 273 160
145 144 273 106
146 145 273 107
147 146 273 108
148 147 273 109
149 148 273 110
150 149 273 111
151 150 273 127
152 151 273 126
152 168 273 126
154 155 273 24
155 156 273 40
157 158 273 56
158 159 273 72
161 145 273 1
162 161 273 2
163 162 273 3
164 163 273 4
165 164 273 5
166 165 273 6
167 166 273 7
167 168 273 7
168 169 273 6
169 170 273 5
170 171 273 4
171 172 273 3
172 173 273 2
173 174 273 1
174 175 273 0
177 176 273 89
179 178 273 105
180 179 273 106
181 180 273 107
182 181 273 108
183 182 273 109
184 183 273 110
184 200 273 110
185 186 273 25
186 187 273 26
187 188 273 27
188 189 273 28
189 190 273 29
190 191 273 30
191 175 273 31
192 208 273 101
193 177 273 33
194 193 273 34
195 194 273 35
196 195 273 36
197 196 273 37
198 197 273 38
199 198 273 39
199 200 273 39
200 201 273 38
201 202 273 37
202 203 273 36
203 204 273 35
204 205 273 34
205 206 273 33
206 207 273 17
209 208 273 92
210 209 273 91
211 210 273 90
212 211 273 89
214 213 273 105
215 214 273 106
216 215 273 107
216 232 273 107
217 218 273 57
218 219 273 58
219 220 273 59
220 221 273 60
221 222 273 61
222 223 273 62
223 207 273 63
224 240 273 98
225 209 273 65
226 225 273 66
227 226 273 67
228 227 273 68
229 228 273 69
230 229 273 70
231 230 273 71
231 232 273 71
232 233 273 70
233 234 273 69
234 235 273 68
235 236 273 67
236 237 273 66
237 238 273 65
238 239 273 49
241 240 273 95
242 241 273 94
243 242 273 93
244 243 273 92
245 244 273 91
246 245 273 90
247 246 273 89
249 250 273 89
250 251 273 90
251 252 273 91
252 253 273 92
253 254 273 93
254 255 273 94
255 239 273 95
1 2 274 161
2 3 274 162
3 4 274 163
4 5 274 164
5 6 274 165
6 7 274 166
7 8 274 167
7 23 274 167
8 9 274 183
9 10 274 182
10 11 274 181
11 12 274 180
12 13 274 179
13 14 274 178
14 15 274 177
17 16 274 174
18 17 274 173
19 18 274 172
20 19 274 171
21 20 274 170
22 21 274 169
23 22 274 153
24 8 274 154
24 23 274 154
25 41 274 185
26 25 274 186
27 26 274 187
28 27 274 188
29 28 274 189
30 29 274 190
31 30 274 191
32 16 274 147
33 34 274 193
34 35 274 194
35 36 274 195
36 37 274 196
37 38 274 197
38 39 274 198
39 40 274 199
39 55 274 199
40 41 274 215
41 42 274 214
42 43 274 213
43 44 274 212
44 45 274 211
45 46 274 210
46 47 274 209
49 48 274 171
50 49 274 170
51 50 274 169
52 51 274 153
53 52 274 154
54 53 274 155
55 54 274 156
56 40 274 157
56 55 274 157
57 73 274 217
58 57 274 218
59 58 274 219
60 59 274 220
61 60 274 221
62 61 274 222
63 62 274 223
64 48 274 150
65 66 274 225
66 67 274 226
67 68 274 227
68 69 274 228
69 70 274 229
70 71 274 230
71 72 274 231
71 87 274 231
72 73 274 247
73 74 274 246
74 75 274 245
75 76 274 244
76 77 274 243
77 78 274 242
78 79 274 241
81 80 274 153
82 81 274 154
83 82 274 155
84 83 274 156
85 84 274 157
86 85 274 158
87 86 274 159
89 105 274 249
90 89 274 250
91 90 274 251
92 91 274 252
93 92 274 253
94 93 274 254
95 94 274 255
96 80 274 134
98 99 274 224
99 100 274 208
101 102 274 192
102 103 274 176
104 105 274 160
105 106 274 144
107 108 274 128
108 109 274 112
110 111 274 96
113 112 274 156
114 113 274 157
115 114 274 158
116 115 274 159
118 117 274 143
119 118 274 142
120 104 274 141
120 119 274 141
122 121 274 104
123 122 274 120
125 124 274 136
126 125 274 152
128 112 274 131
130 131 274 64
131 132 274 48
136 137 274 0
137 138 274 1
138 139 274 2
139 140 274 3
140 141 274 4
141 142 274 5
142 143 274 6
145 144 274 159
147 146 274 143
148 147 274 142
149 148 274 141
150 149 274 140
151 150 274 139
152 136 274 138
152 151 274 138
167 168 274 17
169 170 274 33
170 171 274 34
171 172 274 35
172 173 274 36
173 174 274 37
174 175 274 38
177 176 274 142
178 177 274 141
179 178 274 140
180 179 274 139
181 180 274 138
182 181 274 137
183 182 274 121
184 168 274 122
184 183 274 122
192 176 274 115
199 200 274 49
201 202 274 65
202 203 274 66
203 204 274 67
204 205 274 68
205 206 274 69
206 207 274 70
209 208 274 139
210 209 274 138
211 210 274 137
212 211 274 121
213 212 274 122
214 213 274 123
215 214 274 124
216 215 274 125
231 232 274 81
233 234 274 97
234 235 274 98
235 236 274 99
236 237 274 100
237 238 274 101
238 239 274 102
241 240 274 121
242 241 274 122
243 242 274 123
244 243 274 124
245 244 274 125
246 245 274 126
247 246 274 127
1 0 275 137
2 1 275 138
3 2 275 139
4 3 275 140
5 4 275 141
6 5 275 142
7 6 275 143
8 7 275 159
23 24 275 162
24 25 275 161
25 26 275 145
26 27 275 146
27 28 275 147
28 29 275 148
29 30 275 149
30 31 275 150
33 32 275 122
34 33 275 121
36 35 275 137
37 36 275 138
38 37 275 139
39 38 275 140
40 39 275 141
40 56 275 141
48 64 275 132
55 56 275 194
56 57 275 193
57 58 275 177
58 59 275 178
59 60 275 179
60 61 275 180
61 62 275 181
62 63 275 182
65 64 275 125
66 65 275 124
67 66 275 123
68 67 275 122
69 68 275 121
71 70 275 137
72 71 275 138
72 88 275 138
80 96 275 129
87 88 275 226
88 89 275 225
89 90 275 209
90 91 275 210
91 92 275 211
92 93 275 212
93 94 275 213
94 95 275 214
97 96 275 111
98 97 275 127
99 98 275 126
100 99 275 125
101 100 275 124
102 101 275 123
103 102 275 122
104 103 275 121
104 120 275 121
112 128 275 115
113 114 275 160
114 115 275 176
116 117 275 192
117 118 275 208
119 120 275 224
120 121 275 240
121 122 275 241
122 123 275 242
123 124 275 243
124 125 275 244
125 126 275 245
126 127 275 246
129 128 275 108
130 129 275 109
131 130 275 110
132 131 275 111
133 132 275 127
134 133 275 126
135 134 275 125
136 135 275 124
136 152 275 124
137 121 275 152
139 138 275 136
140 139 275 120
142 141 275 104
143 142 275 88
144 160 275 118
145 146 275 0
146 147 275 16
148 149 275 32
149 150 275 48
151 135 275 64
151 152 275 64
152 153 275 80
154 155 275 96
155 156 275 112
157 158 275 128
158 159 275 144
161 160 275 105
162 161 275 106
163 162 275 107
164 163 275 108
165 164 275 109
166 165 275 110
167 166 275 111
168 167 275 127
168 184 275 127
169 153 275 9
170 169 275 10
171 170 275 11
172 171 275 12
173 172 275 13
174 173 275 14
175 174 275 15
176 192 275 103
177 178 275 17
178 179 275 18
179 180 275 19
180 181 275 20
181 182 275 21
182 183 275 22
183 167 275 23
183 184 275 23
185 186 275 7
186 187 275 6
187 188 275 5
188 189 275 4
189 190 275 3
190 191 275 2
193 192 275 90
194 193 275 89
196 195 275 105
197 196 275 106
198 197 275 107
199 198 275 108
200 199 275 109
200 216 275 109
201 185 275 41
202 201 275 42
203 202 275 43
204 203 275 44
205 204 275 45
206 205 275 46
207 206 275 47
208 224 275 100
209 210 275 49
210 211 275 50
211 212 275 51
212 213 275 52
213 214 275 53
214 215 275 54
215 199 275 55
215 216 275 55
217 218 275 39
218 219 275 38
219 220 275 37
220 221 275 36
221 222 275 35
222 223 275 34
225 224 275 93
226 225 275 92
227 226 275 91
228 227 275 90
229 228 275 89
231 230 275 105
232 231 275 106
232 248 275 106
233 217 275 73
234 233 275 74
235 234 275 75
236 235 275 76
237 236 275 77
238 237 275 78
239 238 275 79
240 241 275 97
241 242 275 81
242 243 275 82
243 244 275 83
244 245 275 84
245 246 275 85
246 247 275 86
247 231 275 87
247 248 275 87
249 250 275 71
250 251 275 70
251 252 275 69
252 253 275 68
253 254 275 67
254 255 275 66
1 0 276 175
2 1 276 174
3 2 276 173
4 3 276 172
5 4 276 171
6 5 276 170
7 6 276 169
8 7 276 153
8 9 276 153
9 10 276 169
10 11 276 170
11 12 276 171
12 13 276 172
13 14 276 173
14 15 276 174
15 31 276 175
16 0 276 146
17 33 276 177
18 17 276 178
19 18 276 179
20 19 276 180
21 20 276 181
22 21 276 182
23 22 276 183
23 24 276 183
24 25 276 182
25 26 276 181
26 27 276 180
27 28 276 179
28 29 276 178
29 30 276 177
33 32 276 172
34 33 276 171
35 34 276 170
36 35 276 169
37 36 276 153
38 37 276 154
39 38 276 155
40 24 276 156
40 39 276 156
41 42 276 201
42 43 276 202
43 44 276 203
44 45 276 204
45 46 276 205
46 47 276 206
47 63 276 207
48 32 276 149
49 65 276 209
50 49 276 210
51 50 276 211
52 51 276 212
53 52 276 213
54 53 276 214
55 54 276 215
55 56 276 215
56 57 276 214
57 58 276 213
58 59 276 212
59 60 276 211
60 61 276 210
61 62 276 209
65 64 276 169
66 65 276 153
67 66 276 154
68 67 276 155
69 68 276 156
70 69 276 157
71 70 276 158
72 56 276 159
72 71 276 159
73 74 276 233
74 75 276 234
75 76 276 235
76 77 276 236
77 78 276 237
78 79 276 238
79 95 276 239
80 64 276 135
81 97 276 241
82 81 276 242
83 82 276 243
84 83 276 244
85 84 276 245
86 85 276 246
87 86 276 247
87 88 276 247
88 89 276 246
89 90 276 245
90 91 276 244
91 92 276 243
92 93 276 242
93 94 276 241
94 95 276 240
97 96 276 155
98 97 276 156
99 98 276 157
100 99 276 158
101 100 276 159
103 102 276 143
104 88 276 142
104 103 276 142
105 106 276 248
106 107 276 232
108 109 276 216
109 110 276 200
111 127 276 184
112 96 276 132
113 129 276 96
115 114 276 112
116 115 276 128
118 117 276 144
119 118 276 160
119 120 276 160
120 121 276 144
122 123 276 128
123 124 276 112
125 126 276 96
126 127 276 80
129 128 276 158
130 129 276 159
132 131 276 143
133 132 276 142
134 133 276 141
135 134 276 140
136 120 276 139
136 135 276 139
137 138 276 88
138 139 276 72
144 128 276 129
152 153 276 1
153 154 276 2
154 155 276 3
155 156 276 4
156 157 276 5
157 158 276 6
158 159 276 7
161 160 276 143
162 161 276 142
163 162 276 141
164 163 276 140
165 164 276 139
166 165 276 138
167 166 276 137
168 152 276 121
168 167 276 121
176 160 276 114
184 185 276 33
185 186 276 34
186 187 276 35
187 188 276 36
188 189 276 37
189 190 276 38
190 191 276 39
193 192 276 140
194 193 276 139
195 194 276 138
196 195 276 137
197 196 276 121
198 197 276 122
199 198 276 123
200 199 276 124
216 217 276 65
217 218 276 66
218 219 276 67
219 220 276 68
220 221 276 69
221 222 276 70
222 223 276 71
225 224 276 137
226 225 276 121
227 226 276 122
228 227 276 123
229 228 276 124
230 229 276 125
231 230 276 126
248 249 276 97
249 250 276 98
250 251 276 99
251 252 276 100
252 253 276 101
253 254 276 102
254 255 276 103
7 8 277 161
8 9 277 145
9 10 277 146
10 11 277 147
11 12 277 148
12 13 277 149
13 14 277 150
14 15 277 151
18 17 277 137
19 18 277 138
20 19 277 139
21 20 277 140
22 21 277 141
23 22 277 142
24 23 277 143
39 40 277 193
40 41 277 177
41 42 277 178
42 43 277 179
43 44 277 180
44 45 277 181
45 46 277 182
46 47 277 183
49 48 277 123
50 49 277 122
51 50 277 121
53 52 277 137
54 53 277 138
55 54 277 139
56 55 277 140
56 72 277 140
64 80 277 131
71 72 277 225
72 73 277 209
73 74 277 210
74 75 277 211
75 76 277 212
76 77 277 213
77 78 277 214
78 79 277 215
81 80 277 126
82 81 277 125
83 82 277 124
84 83 277 123
85 84 277 122
86 85 277 121
88 87 277 137
88 104 277 137
96 112 277 113
103 104 277 240
104 105 277 241
105 106 277 242
106 107 277 243
107 108 277 244
108 109 277 245
109 110 277 246
110 111 277 247
113 112 277 110
114 113 277 111
115 114 277 127
116 115 277 126
117 116 277 125
118 117 277 124
119 118 277 123
120 119 277 122
120 136 277 122
121 122 277 168
123 124 277 184
124 125 277 200
128 144 277 116
129 113 277 144
130 129 277 128
132 131 277 112
133 132 277 96
135 134 277 80
135 136 277 80
137 138 277 96
138 139 277 112
140 141 277 128
141 142 277 144
145 144 277 107
146 145 277 108
147 146 277 109
148 147 277 110
149 148 277 111
150 149 277 127
151 150 277 126
152 151 277 125
152 168 277 125
153 154 277 8
155 156 277 24
156 157 277 40
158 159 277 56
159 143 277 72
160 176 277 119
161 145 277 2
162 161 277 3
163 162 277 4
164 163 277 5
165 164 277 6
166 165 277 7
168 169 277 7
169 170 277 6
170 171 277 5
171 172 277 4
172 173 277 3
173 174 277 2
174 175 277 1
178 177 277 105
179 178 277 106
180 179 277 107
181 180 277 108
182 181 277 109
183 182 277 110
184 183 277 111
184 200 277 111
186 187 277 25
187 188 277 26
188 189 277 27
189 190 277 28
190 191 277 29
191 175 277 30
192 208 277 102
193 177 277 34
194 193 277 35
195 194 277 36
196 195 277 37
197 196 277 38
198 197 277 39
200 201 277 39
201 202 277 38
202 203 277 37
203 204 277 36
204 205 277 35
205 206 277 34
206 207 277 33
209 208 277 91
210 209 277 90
211 210 277 89
213 212 277 105
214 213 277 106
215 214 277 107
216 215 277 108
216 232 277 108
218 219 277 57
219 220 277 58
220 221 277 59
221 222 277 60
222 223 277 61
223 207 277 62
224 240 277 99
225 209 277 66
226 225 277 67
227 226 277 68
228 227 277 69
229 228 277 70
230 229 277 71
232 233 277 71
233 234 277 70
234 235 277 69
235 236 277 68
236 237 277 67
237 238 277 66
238 239 277 65
241 240 277 94
242 241 277 93
243 242 277 92
244 243 277 91
245 244 277 90
246 245 277 89
248 247 277 105
248 249 277 105
250 251 277 89
251 252 277 90
252 253 277 91
253 254 277 92
254 255 277 93
255 239 277 94
0 1 278 145
2 3 278 161
3 4 278 162
4 5 278 163
5 6 278 164
6 7 278 165
7 8 278 166
7 23 278 166
8 9 278 167
9 10 278 183
10 11 278 182
11 12 278 181
12 13 278 180
13 14 278 179
14 15 278 178
17 16 278 173
18 17 278 172
19 18 278 171
20 19 278 170
21 20 278 169
22 21 278 153
23 22 278 154
24 8 278 155
24 23 278 155
25 41 278 186
26 25 278 187
27 26 278 188
28 27 278 189
29 28 278 190
30 29 278 191
32 16 278 148
34 35 278 193
35 36 278 194
36 37 278 195
37 38 278 196
38 39 278 197
39 40 278 198
39 55 278 198
40 41 278 199
41 42 278 215
42 43 278 214
43 44 278 213
44 45 278 212
45 46 278 211
46 47 278 210
49 48 278 170
50 49 278 169
51 50 278 153
52 51 278 154
53 52 278 155
54 53 278 156
55 54 278 157
56 40 278 158
56 55 278 158
57 73 278 218
58 57 278 219
59 58 278 220
60 59 278 221
61 60 278 222
62 61 278 223
64 48 278 151
66 67 278 225
67 68 278 226
68 69 278 227
69 70 278 228
70 71 278 229
71 72 278 230
71 87 278 230
72 73 278 231
73 74 278 247
74 75 278 246
75 76 278 245
76 77 278 244
77 78 278 243
78 79 278 242
81 80 278 154
82 81 278 155
83 82 278 156
84 83 278 157
85 84 278 158
86 85 278 159
88 72 278 143
88 87 278 143
89 105 278 250
90 89 278 251
91 90 278 252
92 91 278 253
93 92 278 254
94 93 278 255
96 80 278 133
97 98 278 240
99 100 278 224
100 101 278 208
102 103 278 192
103 104 278 176
103 119 278 176
105 106 278 160
106 107 278 144
108 109 278 128
109 110 278 112
113 112 278 157
114 113 278 158
115 114 278 159
117 116 278 143
118 117 278 142
119 118 278 141
120 104 278 140
120 119 278 140
121 137 278 104
122 121 278 120
124 123 278 136
125 124 278 152
127 126 278 168
128 112 278 130
129 130 278 80
137 138 278 0
138 139 278 1
139 140 278 2
140 141 278 3
141 142 278 4
142 143 278 5
146 145 278 143
147 146 278 142
148 147 278 141
149 148 278 140
150 149 278 139
151 150 278 138
152 136 278 137
152 151 278 137
160 144 278 113
168 169 278 17
170 171 278 33
171 172 278 34
172 173 278 35
173 174 278 36
174 175 278 37
177 176 278 141
178 177 278 140
179 178 278 139
180 179 278 138
181 180 278 137
182 181 278 121
183 182 278 122
184 183 278 123
200 201 278 49
202 203 278 65
203 204 278 66
204 205 278 67
205 206 278 68
206 207 278 69
209 208 278 138
210 209 278 137
211 210 278 121
212 211 278 122
213 212 278 123
214 213 278 124
215 214 278 125
232 233 278 81
234 235 278 97
235 236 278 98
236 237 278 99
237 238 278 100
238 239 278 101
241 240 278 122
242 241 278 123
243 242 278 124
244 243 278 125
245 244 278 126
246 245 278 127
1 0 279 138
2 1 279 139
3 2 279 140
4 3 279 141
5 4 279 142
6 5 279 143
7 6 279 159
24 25 279 162
25 26 279 161
26 27 279 145
27 28 279 146
28 29 279 147
29 30 279 148
30 31 279 149
33 32 279 121
35 34 279 137
36 35 279 138
37 36 279 139
38 37 279 140
39 38 279 141
40 39 279 142
56 57 279 194
57 58 279 193
58 59 279 177
59 60 279 178
60 61 279 179
61 62 279 180
62 63 279 181
65 64 279 124
66 65 279 123
67 66 279 122
68 67 279 121
70 69 279 137
71 70 279 138
72 71 279 139
72 88 279 139
80 96 279 130
88 89 279 226
89 90 279 225
90 91 279 209
91 92 279 210
92 93 279 211
93 94 279 212
94 95 279 213
97 96 279 127
98 97 279 126
99 98 279 125
100 99 279 124
101 100 279 123
102 101 279 122
103 102 279 121
112 128 279 114
114 115 279 160
115 116 279 176
120 121 279 224
121 122 279 240
122 123 279 241
123 124 279 242
124 125 279 243
125 126 279 244
126 127 279 245
129 128 279 109
130 129 279 110
131 130 279 111
132 131 279 127
133 132 279 126
134 133 279 125
135 134 279 124
136 135 279 123
136 152 279 123
138 137 279 136
139 138 279 120
141 140 279 104
142 141 279 88
144 160 279 117
145 146 279 1
146 147 279 0
147 148 279 16
149 150 279 32
150 151 279 48
152 153 279 64
153 154 279 80
155 156 279 96
156 157 279 112
158 159 279 128
161 160 279 106
162 161 279 107
163 162 279 108
164 163 279 109
165 164 279 110
166 165 279 111
167 166 279 127
168 167 279 126
168 184 279 126
169 153 279 10
170 169 279 11
171 170 279 12
172 171 279 13
173 172 279 14
174 173 279 15
175 174 279 31
177 178 279 33
178 179 279 17
179 180 279 18
180 181 279 19
181 182 279 20
182 183 279 21
183 167 279 22
183 184 279 22
184 185 279 23
186 187 279 7
187 188 279 6
188 189 279 5
189 190 279 4
190 191 279 3
193 192 279 89
195 194 279 105
196 195 279 106
197 196 279 107
198 197 279 108
199 198 279 109
200 199 279 110
200 216 279 110
201 185 279 42
202 201 279 43
203 202 279 44
204 203 279 45
205 204 279 46
206 205 279 47
207 206 279 63
208 224 279 101
209 210 279 65
210 211 279 49
211 212 279 50
212 213 279 51
213 214 279 52
214 215 279 53
215 199 279 54
215 216 279 54
216 217 279 55
218 219 279 39
219 220 279 38
220 221 279 37
221 222 279 36
222 223 279 35
225 224 279 92
226 225 279 91
227 226 279 90
228 227 279 89
230 229 279 105
231 230 279 106
232 231 279 107
232 248 279 107
233 217 279 74
234 233 279 75
235 234 279 76
236 235 279 77
237 236 279 78
238 237 279 79
239 238 279 95
240 241 279 98
241 242 279 97
242 243 279 81
243 244 279 82
244 245 279 83
245 246 279 84
246 247 279 85
247 231 279 86
247 248 279 86
248 249 279 87
250 251 279 71
251 252 279 70
252 253 279 69
253 254 279 68
254 255 279 67
1 0 280 174
2 1 280 173
3 2 280 172
4 3 280 171
5 4 280 170
6 5 280 169
7 6 280 153
8 7 280 154
8 9 280 154
9 10 280 153
10 11 280 169
11 12 280 170
12 13 280 171
13 14 280 172
14 15 280 173
15 31 280 174
16 0 280 147
17 33 280 178
18 17 280 179
19 18 280 180
20 19 280 181
21 20 280 182
22 21 280 183
23 22 280 167
23 24 280 167
24 25 280 183
25 26 280 182
26 27 280 181
27 28 280 180
28 29 280 179
29 30 280 178
30 31 280 177
33 32 280 171
34 33 280 170
35 34 280 169
36 35 280 153
37 36 280 154
38 37 280 155
39 38 280 156
40 24 280 157
40 39 280 157
41 42 280 185
42 43 280 201
43 44 280 202
44 45 280 203
45 46 280 204
46 47 280 205
47 63 280 206
48 32 280 150
49 65 280 210
50 49 280 211
51 50 280 212
52 51 280 213
53 52 280 214
54 53 280 215
55 54 280 199
55 56 280 199
56 57 280 215
57 58 280 214
58 59 280 213
59 60 280 212
60 61 280 211
61 62 280 210
62 63 280 209
65 64 280 153
66 65 280 154
67 66 280 155
68 67 280 156
69 68 280 157
70 69 280 158
71 70 280 159
73 74 280 217
74 75 280 233
75 76 280 234
76 77 280 235
77 78 280 236
78 79 280 237
79 95 280 238
80 64 280 134
81 97 280 242
82 81 280 243
83 82 280 244
84 83 280 245
85 84 280 246
86 85 280 247
87 86 280 231
87 88 280 231
88 89 280 247
89 90 280 246
90 91 280 245
91 92 280 244
92 93 280 243
93 94 280 242
94 95 280 241
97 96 280 156
98 97 280 157
99 98 280 158
100 99 280 159
102 101 280 143
103 102 280 142
104 88 280 141
104 103 280 141
105 106 280 249
106 107 280 248
107 108 280 232
109 110 280 216
110 111 280 200
112 96 280 131
114 113 280 112
115 114 280 128
117 116 280 144
118 117 280 160
120 121 280 160
121 122 280 144
123 124 280 128
124 125 280 112
126 127 280 96
129 128 280 159
131 130 280 143
132 131 280 142
133 132 280 141
134 133 280 140
135 134 280 139
136 120 280 138
136 135 280 138
153 154 280 1
154 155 280 2
155 156 280 3
156 157 280 4
157 158 280 5
158 159 280 6
161 160 280 142
162 161 280 141
163 162 280 140
164 163 280 139
165 164 280 138
166 165 280 137
167 166 280 121
168 167 280 122
185 186 280 33
186 187 280 34
187 188 280 35
188 189 280 36
189 190 280 37
190 191 280 38
193 192 280 139
194 193 280 138
195 194 280 137
196 195 280 121
197 196 280 122
198 197 280 123
199 198 280 124
217 218 280 65
218 219 280 66
219 220 280 67
220 221 280 68
221 222 280 69
222 223 280 70
225 224 280 121
226 225 280 122
227 226 280 123
228 227 280 124
229 228 280 125
230 229 280 126
249 250 280 97
250 251 280 98
251 252 280 99
252 253 280 100
253 254 280 101
254 255 280 102
8 9 281 161
9 10 281 145
10 11 281 146
11 12 281 147
12 13 281 148
13 14 281 149
14 15 281 150
17 16 281 137
18 17 281 138
19 18 281 139
20 19 281 140
21 20 281 141
22 21 281 142
23 22 281 143
40 41 281 193
41 42 281 177
42 43 281 178
43 44 281 179
44 45 281 180
45 46 281 181
46 47 281 182
49 48 281 122
50 49 281 121
52 51 281 137
53 52 281 138
54 53 281 139
55 54 281 140
56 55 281 141
72 73 281 225
73 74 281 209
74 75 281 210
75 76 281 211
76 77 281 212
77 78 281 213
78 79 281 214
81 80 281 125
82 81 281 124
83 82 281 123
84 83 281 122
85 84 281 121
87 86 281 137
88 87 281 138
88 104 281 138
96 112 281 129
104 105 281 240
105 106 281 241
106 107 281 242
107 108 281 243
108 109 281 244
109 110 281 245
110 111 281 246
113 112 281 111
114 113 281 127
115 114 281 126
116 115 281 125
117 116 281 124
118 117 281 123
119 118 281 122
120 119 281 121
120 136 281 121
121 122 281 152
122 123 281 168
128 144 281 115
129 113 281 128
131 130 281 112
132 131 281 96
134 133 281 80
135 134 281 64
135 136 281 64
136 137 281 80
138 139 281 96
139 140 281 112
141 142 281 128
142 143 281 144
145 144 281 108
146 145 281 109
147 146 281 110
148 147 281 111
149 148 281 127
150 149 281 126
151 150 281 125
152 151 281 124
152 168 281 124
153 154 281 9
154 155 281 8
156 157 281 24
157 158 281 40
159 143 281 56
160 176 281 118
161 145 281 3
162 161 281 4
163 162 281 5
164 163 281 6
165 164 281 7
167 166 281 23
167 168 281 23
169 170 281 7
170 171 281 6
171 172 281 5
172 173 281 4
173 174 281 3
174 175 281 2
177 176 281 105
178 177 281 106
179 178 281 107
180 179 281 108
181 180 281 109
182 181 281 110
183 182 281 111
184 183 281 127
184 200 281 127
185 186 281 41
187 188 281 25
188 189 281 26
189 190 281 27
190 191 281 28
191 175 281 29
192 208 281 103
193 177 281 35
194 193 281 36
195 194 281 37
196 195 281 38
197 196 281 39
199 198 281 55
199 200 281 55
201 202 281 39
202 203 281 38
203 204 281 37
204 205 281 36
205 206 281 35
206 207 281 34
209 208 281 90
210 209 281 89
212 211 281 105
213 212 281 106
214 213 281 107
215 214 281 108
216 215 281 109
216 232 281 109
217 218 281 73
219 220 281 57
220 221 281 58
221 222 281 59
222 223 281 60
223 207 281 61
224 240 281 100
225 209 281 67
226 225 281 68
227 226 281 69
228 227 281 70
229 228 281 71
231 230 281 87
231 232 281 87
233 234 281 71
234 235 281 70
235 236 281 69
236 237 281 68
237 238 281 67
238 239 281 66
241 240 281 93
242 241 281 92
243 242 281 91
244 243 281 90
245 244 281 89
247 246 281 105
248 247 281 106
248 249 281 106
249 250 281 105
251 252 281 89
252 253 281 90
253 254 281 91
254 255 281 92
255 239 281 93
0 1 282 146
1 2 282 145
3 4 282 161
4 5 282 162
5 6 282 163
6 7 282 164
7 8 282 165
7 23 282 165
8 9 282 166
9 10 282 167
10 11 282 183
11 12 282 182
12 13 282 181
13 14 282 180
14 15 282 179
17 16 282 172
18 17 282 171
19 18 282 170
20 19 282 169
21 20 282 153
22 21 282 154
23 22 282 155
24 8 282 156
24 23 282 156
25 41 282 187
26 25 282 188
27 26 282 189
28 27 282 190
29 28 282 191
31 30 282 175
32 16 282 149
33 34 282 177
35 36 282 193
36 37 282 194
37 38 282 195
38 39 282 196
39 40 282 197
39 55 282 197
40 41 282 198
41 42 282 199
42 43 282 215
43 44 282 214
44 45 282 213
45 46 282 212
46 47 282 211
49 48 282 169
50 49 282 153
51 50 282 154
52 51 282 155
53 52 282 156
54 53 282 157
55 54 282 158
56 40 282 159
56 55 282 159
57 73 282 219
58 57 282 220
59 58 282 221
60 59 282 222
61 60 282 223
63 62 282 207
64 48 282 135
65 66 282 209
67 68 282 225
68 69 282 226
69 70 282 227
70 71 282 228
71 72 282 229
71 87 282 229
72 73 282 230
73 74 282 231
74 75 282 247
75 76 282 246
76 77 282 245
77 78 282 244
78 79 282 243
81 80 282 155
82 81 282 156
83 82 282 157
84 83 282 158
85 84 282 159
87 86 282 143
88 72 282 142
88 87 282 142
89 105 282 251
90 89 282 252
91 90 282 253
92 91 282 254
93 92 282 255
95 94 282 239
96 80 282 132
97 98 282 241
98 99 282 240
100 101 282 224
101 102 282 208
103 104 282 192
103 119 282 192
104 105 282 176
106 107 282 160
107 108 282 144
109 110 282 128
110 111 282 112
113 112 282 158
114 113 282 159
116 115 282 143
117 116 282 142
118 117 282 141
119 118 282 140
120 104 282 139
120 119 282 139
123 122 282 136
124 123 282 152
126 125 282 168
127 126 282 184
138 139 282 0
139 140 282 1
140 141 282 2
141 142 282 3
142 143 282 4
145 144 282 143
146 145 282 142
147 146 282 141
148 147 282 140
149 148 282 139
150 149 282 138
151 150 282 137
152 151 282 121
169 170 282 17
171 172 282 33
172 173 282 34
173 174 282 35
174 175 282 36
177 176 282 140
178 177 282 139
179 178 282 138
180 179 282 137
181 180 282 121
182 181 282 122
183 182 282 123
201 202 282 49
203 204 282 65
204 205 282 66
205 206 282 67
206 207 282 68
209 208 282 137
210 209 282 121
211 210 282 122
212 211 282 123
213 212 282 124
214 213 282 125
233 234 282 81
235 236 282 97
236 237 282 98
237 238 282 99
238 239 282 100
241 240 282 123
242 241 282 124
243 242 282 125
244 243 282 126
245 244 282 127
1 0 283 139
2 1 283 140
3 2 283 141
4 3 283 142
5 4 283 143
6 5 283 159
25 26 283 162
26 27 283 161
27 28 283 145
28 29 283 146
29 30 283 147
30 31 283 148
34 33 283 137
35 34 283 138
36 35 283 139
37 36 283 140
38 37 283 141
39 38 283 142
57 58 283 194
58 59 283 193
59 60 283 177
60 61 283 178
61 62 283 179
62 63 283 180
65 64 283 123
66 65 283 122
67 66 283 121
69 68 283 137
70 69 283 138
71 70 283 139
72 71 283 140
89 90 283 226
90 91 283 225
91 92 283 209
92 93 283 210
93 94 283 211
94 95 283 212
97 96 283 126
98 97 283 125
99 98 283 124
100 99 283 123
101 100 283 122
102 101 283 121
104 103 283 137
104 120 283 137
112 128 283 113
113 114 283 144
121 122 283 224
122 123 283 240
123 124 283 241
124 125 283 242
125 126 283 243
126 127 283 244
129 128 283 110
130 129 283 111
131 130 283 127
132 131 283 126
133 132 283 125
134 133 283 124
135 134 283 123
136 135 283 122
136 152 283 122
137 121 283 136
138 137 283 120
140 139 283 104
141 140 283 88
143 142 283 72
144 160 283 116
145 146 283 2
146 147 283 1
147 148 283 0
148 149 283 16
150 151 283 32
151 135 283 48
151 152 283 48
153 154 283 64
154 155 283 80
156 157 283 96
157 158 283 112
161 160 283 107
162 161 283 108
163 162 283 109
164 163 283 110
165 164 283 111
166 165 283 127
167 166 283 126
168 167 283 125
168 184 283 125
169 153 283 11
170 169 283 12
171 170 283 13
172 171 283 14
173 172 283 15
174 173 283 31
175 174 283 30
176 192 283 119
177 178 283 34
178 179 283 33
179 180 283 17
180 181 283 18
181 182 283 19
182 183 283 20
183 167 283 21
183 184 283 21
184 185 283 22
185 186 283 23
187 188 283 7
188 189 283 6
189 190 283 5
190 191 283 4
194 193 283 105
195 194 283 106
196 195 283 107
197 196 283 108
198 197 283 109
199 198 283 110
200 199 283 111
200 216 283 111
201 185 283 43
202 201 283 44
203 202 283 45
204 203 283 46
205 204 283 47
206 205 283 63
207 206 283 62
208 224 283 102
209 210 283 66
210 211 283 65
211 212 283 49
212 213 283 50
213 214 283 51
214 215 283 52
215 199 283 53
215 216 283 53
216 217 283 54
217 218 283 55
219 220 283 39
220 221 283 38
221 222 283 37
222 223 283 36
225 224 283 91
226 225 283 90
227 226 283 89
229 228 283 105
230 229 283 106
231 230 283 107
232 231 283 108
232 248 283 108
233 217 283 75
234 233 283 76
235 234 283 77
236 235 283 78
237 236 283 79
238 237 283 95
239 238 283 94
240 241 283 99
241 242 283 98
242 243 283 97
243 244 283 81
244 245 283 82
245 246 283 83
246 247 283 84
247 231 283 85
247 248 283 85
248 249 283 86
249 250 283 87
251 252 283 71
252 253 283 70
253 254 283 69
254 255 283 68
1 0 284 173
2 1 284 172
3 2 284 171
4 3 284 170
5 4 284 169
6 5 284 153
7 6 284 154
8 7 284 155
8 9 284 155
9 10 284 154
10 11 284 153
11 12 284 169
12 13 284 170
13 14 284 171
14 15 284 172
15 31 284 173
16 0 284 148
17 33 284 179
18 17 284 180
19 18 284 181
20 19 284 182
21 20 284 183
22 21 284 167
23 22 284 166
23 24 284 166
24 25 284 167
25 26 284 183
26 27 284 182
27 28 284 181
28 29 284 180
29 30 284 179
30 31 284 178
33 32 284 170
34 33 284 169
35 34 284 153
36 35 284 154
37 36 284 155
38 37 284 156
39 38 284 157
40 24 284 158
40 39 284 158
41 42 284 186
42 43 284 185
43 44 284 201
44 45 284 202
45 46 284 203
46 47 284 204
47 63 284 205
48 32 284 151
49 65 284 211
50 49 284 212
51 50 284 213
52 51 284 214
53 52 284 215
54 53 284 199
55 54 284 198
55 56 284 198
56 57 284 199
57 58 284 215
58 59 284 214
59 60 284 213
60 61 284 212
61 62 284 211
62 63 284 210
65 64 284 154
66 65 284 155
67 66 284 156
68 67 284 157
69 68 284 158
70 69 284 159
72 56 284 143
72 71 284 143
73 74 284 218
74 75 284 217
75 76 284 233
76 77 284 234
77 78 284 235
78 79 284 236
79 95 284 237
80 64 284 133
81 97 284 243
82 81 284 244
83 82 284 245
84 83 284 246
85 84 284 247
86 85 284 231
87 86 284 230
87 88 284 230
88 89 284 231
89 90 284 247
90 91 284 246
91 92 284 245
92 93 284 244
93 94 284 243
94 95 284 242
97 96 284 157
98 97 284 158
99 98 284 159
101 100 284 143
102 101 284 142
103 102 284 141
104 88 284 140
104 103 284 140
105 106 284 250
106 107 284 249
107 108 284 248
108 109 284 232
110 111 284 216
111 127 284 200
116 115 284 144
117 116 284 160
119 118 284 176
119 120 284 176
121 122 284 160
122 123 284 144
124 125 284 128
125 126 284 112
130 129 284 143
131 130 284 142
132 131 284 141
133 132 284 140
134 133 284 139
135 134 284 138
136 135 284 137
154 155 284 1
155 156 284 2
156 157 284 3
157 158 284 4
158 159 284 5
161 160 284 141
162 161 284 140
163 162 284 139
164 163 284 138
165 164 284 137
166 165 284 121
167 166 284 122
186 187 284 33
187 188 284 34
188 189 284 35
189 190 284 36
190 191 284 37
193 192 284 138
194 193 284 137
195 194 284 121
196 195 284 122
197 196 284 123
198 197 284 124
218 219 284 65
219 220 284 66
220 221 284 67
221 222 284 68
222 223 284 69
225 224 284 122
226 225 284 123
227 226 284 124
228 227 284 125
229 228 284 126
250 251 284 97
251 252 284 98
252 253 284 99
253 254 284 100
254 255 284 101
9 10 285 161
10 11 285 145
11 12 285 146
12 13 285 147
13 14 285 148
14 15 285 149
17 16 285 138
18 17 285 139
19 18 285 140
20 19 285 141
21 20 285 142
22 21 285 143
41 42 285 193
42 43 285 177
43 44 285 178
44 45 285 179
45 46 285 180
46 47 285 181
49 48 285 121
51 50 285 137
52 51 285 138
53 52 285 139
54 53 285 140
55 54 285 141
73 74 285 225
74 75 285 209
75 76 285 210
76 77 285 211
77 78 285 212
78 79 285 213
81 80 285 124
82 81 285 123
83 82 285 122
84 83 285 121
86 85 285 137
87 86 285 138
88 87 285 139
105 106 285 240
106 107 285 241
107 108 285 242
108 109 285 243
109 110 285 244
110 111 285 245
113 112 285 127
114 113 285 126
115 114 285 125
116 115 285 124
117 116 285 123
118 117 285 122
119 118 285 121
128 144 285 114
130 129 285 112
131 130 285 96
133 132 285 80
134 133 285 64
136 137 285 64
137 138 285 80
139 140 285 96
140 141 285 112
142 143 285 128
145 144 285 109
146 145 285 110
147 146 285 111
148 147 285 127
149 148 285 126
150 149 285 125
151 150 285 124
152 151 285 123
152 168 285 123
153 154 285 10
154 155 285 9
155 156 285 8
157 158 285 24
158 159 285 40
160 176 285 117
161 145 285 4
162 161 285 5
163 162 285 6
164 163 285 7
166 165 285 23
167 166 285 22
167 168 285 22
168 169 285 23
170 171 285 7
171 172 285 6
172 173 285 5
173 174 285 4
174 175 285 3
177 176 285 106
178 177 285 107
179 178 285 108
180 179 285 109
181 180 285 110
182 181 285 111
183 182 285 127
184 183 285 126
184 200 285 126
185 186 285 42
186 187 285 41
188 189 285 25
189 190 285 26
190 191 285 27
191 175 285 28
193 177 285 36
194 193 285 37
195 194 285 38
196 195 285 39
198 197 285 55
199 198 285 54
199 200 285 54
200 201 285 55
202 203 285 39
203 204 285 38
204 205 285 37
205 206 285 36
206 207 285 35
209 208 285 89
211 210 285 105
212 211 285 106
213 212 285 107
214 213 285 108
215 214 285 109
216 215 285 110
216 232 285 110
217 218 285 74
218 219 285 73
220 221 285 57
221 222 285 58
222 223 285 59
223 207 285 60
224 240 285 101
225 209 285 68
226 225 285 69
227 226 285 70
228 227 285 71
230 229 285 87
231 230 285 86
231 232 285 86
232 233 285 87
234 235 285 71
235 236 285 70
236 237 285 69
237 238 285 68
238 239 285 67
241 240 285 92
242 241 285 91
243 242 285 90
244 243 285 89
246 245 285 105
247 246 285 106
248 247 285 107
248 249 285 107
249 250 285 106
250 251 285 105
252 253 285 89
253 254 285 90
254 255 285 91
255 239 285 92
0 1 286 147
1 2 286 146
2 3 286 145
4 5 286 161
5 6 286 162
6 7 286 163
7 8 286 164
7 23 286 164
8 9 286 165
9 10 286 166
10 11 286 167
11 12 286 183
12 13 286 182
13 14 286 181
14 15 286 180
17 16 286 171
18 17 286 170
19 18 286 169
20 19 286 153
21 20 286 154
22 21 286 155
23 22 286 156
24 8 286 157
24 23 286 157
25 41 286 188
26 25 286 189
27 26 286 190
28 27 286 191
30 29 286 175
31 30 286 174
32 16 286 150
33 34 286 178
34 35 286 177
36 37 286 193
37 38 286 194
38 39 286 195
39 40 286 196
39 55 286 196
40 41 286 197
41 42 286 198
42 43 286 199
43 44 286 215
44 45 286 214
45 46 286 213
46 47 286 212
49 48 286 153
50 49 286 154
51 50 286 155
52 51 286 156
53 52 286 157
54 53 286 158
55 54 286 159
57 73 286 220
58 57 286 221
59 58 286 222
60 59 286 223
62 61 286 207
63 62 286 206
64 48 286 134
65 66 286 210
66 67 286 209
68 69 286 225
69 70 286 226
70 71 286 227
71 72 286 228
71 87 286 228
72 73 286 229
73 74 286 230
74 75 286 231
75 76 286 247
76 77 286 246
77 78 286 245
78 79 286 244
81 80 286 156
82 81 286 157
83 82 286 158
84 83 286 159
86 85 286 143
87 86 286 142
88 72 286 141
88 87 286 141
89 105 286 252
90 89 286 253
91 90 286 254
92 91 286 255
94 93 286 239
95 94 286 238
97 98 286 242
98 99 286 241
99 100 286 240
101 102 286 224
102 103 286 208
104 105 286 192
105 106 286 176
107 108 286 160
108 109 286 144
110 111 286 128
113 112 286 159
115 114 286 143
116 115 286 142
117 116 286 141
118 117 286 140
119 118 286 139
120 119 286 138
125 124 286 168
126 125 286 184
139 140 286 0
140 141 286 1
141 142 286 2
142 143 286 3
145 144 286 142
146 145 286 141
147 146 286 140
148 147 286 139
149 148 286 138
150 149 286 137
151 150 286 121
170 171 286 17
172 173 286 33
173 174 286 34
174 175 286 35
177 176 286 139
178 177 286 138
179 178 286 137
180 179 286 121
181 180 286 122
182 181 286 123
202 203 286 49
204 205 286 65
205 206 286 66
206 207 286 67
209 208 286 121
210 209 286 122
211 210 286 123
212 211 286 124
213 212 286 125
234 235 286 81
236 237 286 97
237 238 286 98
238 239 286 99
241 240 286 124
242 241 286 125
243 242 286 126
244 243 286 127
1 0 287 140
2 1 287 141
3 2 287 142
4 3 287 143
5 4 287 159
26 27 287 162
27 28 287 161
28 29 287 145
29 30 287 146
30 31 287 147
33 32 287 137
34 33 287 138
35 34 287 139
36 35 287 140
37 36 287 141
38 37 287 142
58 59 287 194
59 60 287 193
60 61 287 177
61 62 287 178
62 63 287 179
65 64 287 122
66 65 287 121
68 67 287 137
69 68 287 138
70 69 287 139
71 70 287 140
90 91 287 226
91 92 287 225
92 93 287 209
93 94 287 210
94 95 287 211
97 96 287 125
98 97 287 124
99 98 287 123
100 99 287 122
101 100 287 121
103 102 287 137
104 103 287 138
122 123 287 224
123 124 287 240
124 125 287 241
125 126 287 242
126 127 287 243
129 128 287 111
130 129 287 127
131 130 287 126
132 131 287 125
133 132 287 124
134 133 287 123
135 134 287 122
136 135 287 121
139 138 287 104
140 139 287 88
142 141 287 72
143 142 287 56
144 160 287 115
145 146 287 3
146 147 287 2
147 148 287 1
148 149 287 0
149 150 287 16
151 135 287 32
151 152 287 32
152 153 287 48
154 155 287 64
155 156 287 80
157 158 287 96
158 159 287 112
161 160 287 108
162 161 287 109
163 162 287 110
164 163 287 111
165 164 287 127
166 165 287 126
167 166 287 125
168 167 287 124
168 184 287 124
169 153 287 12
170 169 287 13
171 170 287 14
172 171 287 15
173 172 287 31
174 173 287 30
175 174 287 29
176 192 287 118
177 178 287 35
178 179 287 34
179 180 287 33
180 181 287 17
181 182 287 18
182 183 287 19
183 167 287 20
183 184 287 20
184 185 287 21
185 186 287 22
186 187 287 23
188 189 287 7
189 190 287 6
190 191 287 5
193 192 287 105
194 193 287 106
195 194 287 107
196 195 287 108
197 196 287 109
198 197 287 110
199 198 287 111
200 199 287 127
200 216 287 127
201 185 287 44
202 201 287 45
203 202 287 46
204 203 287 47
205 204 287 63
206 205 287 62
207 206 287 61
208 224 287 103
209 210 287 67
210 211 287 66
211 212 287 65
212 213 287 49
213 214 287 50
214 215 287 51
215 199 287 52
215 216 287 52
216 217 287 53
217 218 287 54
218 219 287 55
220 221 287 39
221 222 287 38
222 223 287 37
225 224 287 90
226 225 287 89
228 227 287 105
229 228 287 106
230 229 287 107
231 230 287 108
232 231 287 109
232 248 287 109
233 217 287 76
234 233 287 77
235 234 287 78
236 235 287 79
237 236 287 95
238 237 287 94
239 238 287 93
240 241 287 100
241 242 287 99
242 243 287 98
243 244 287 97
244 245 287 81
245 246 287 82
246 247 287 83
247 231 287 84
247 248 287 84
248 249 287 85
249 250 287 86
250 251 287 87
252 253 287 71
253 254 287 70
254 255 287 69
1 0 288 172
2 1 288 171
3 2 288 170
4 3 288 169
5 4 288 153
6 5 288 154
7 6 288 155
8 7 288 156
8 9 288 156
9 10 288 155
10 11 288 154
11 12 288 153
12 13 288 169
13 14 288 170
14 15 288 171
15 31 288 172
16 0 288 149
17 33 288 180
18 17 288 181
19 18 288 182
20 19 288 183
21 20 288 167
22 21 288 166
23 22 288 165
23 24 288 165
24 25 288 166
25 26 288 167
26 27 288 183
27 28 288 182
28 29 288 181
29 30 288 180
30 31 288 179
33 32 288 169
34 33 288 153
35 34 288 154
36 35 288 155
37 36 288 156
38 37 288 157
39 38 288 158
40 24 288 159
40 39 288 159
41 42 288 187
42 43 288 186
43 44 288 185
44 45 288 201
45 46 288 202
46 47 288 203
47 63 288 204
48 32 288 135
49 65 288 212
50 49 288 213
51 50 288 214
52 51 288 215
53 52 288 199
54 53 288 198
55 54 288 197
55 56 288 197
56 57 288 198
57 58 288 199
58 59 288 215
59 60 288 214
60 61 288 213
61 62 288 212
62 63 288 211
65 64 288 155
66 65 288 156
67 66 288 157
68 67 288 158
69 68 288 159
71 70 288 143
72 56 288 142
72 71 288 142
73 74 288 219
74 75 288 218
75 76 288 217
76 77 288 233
77 78 288 234
78 79 288 235
79 95 288 236
81 97 288 244
82 81 288 245
83 82 288 246
84 83 288 247
85 84 288 231
86 85 288 230
87 86 288 229
87 88 288 229
88 89 288 230
89 90 288 231
90 91 288 247
91 92 288 246
92 93 288 245
93 94 288 244
94 95 288 243
97 96 288 158
98 97 288 159
100 99 288 143
101 100 288 142
102 101 288 141
103 102 288 140
104 103 288 139
105 106 288 251
106 107 288 250
107 108 288 249
108 109 288 248
109 110 288 232
111 127 288 216
118 117 288 176
119 118 288 192
119 120 288 192
120 121 288 176
122 123 288 160
123 124 288 144
125 126 288 128
126 127 288 112
129 128 288 143
130 129 288 142
131 130 288 141
132 131 288 140
133 132 288 139
134 133 288 138
135 134 288 137
155 156 288 1
156 157 288 2
157 158 288 3
158 159 288 4
161 160 288 140
162 161 288 139
163 162 288 138
164 163 288 137
165 164 288 121
166 165 288 122
187 188 288 33
188 189 288 34
189 190 288 35
190 191 288 36
193 192 288 137
194 193 288 121
195 194 288 122
196 195 288 123
197 196 288 124
219 220 288 65
220 221 288 66
221 222 288 67
222 223 288 68
225 224 288 123
226 225 288 124
227 226 288 125
228 227 288 126
251 252 288 97
252 253 288 98
253 254 288 99
254 255 288 100
10 11 289 161
11 12 289 145
12 13 289 146
13 14 289 147
14 15 289 148
17 16 289 139
18 17 289 140
19 18 289 141
20 19 289 142
21 20 289 143
42 43 289 193
43 44 289 177
44 45 289 178
45 46 289 179
46 47 289 180
50 49 289 137
51 50 289 138
52 51 289 139
53 52 289 140
54 53 289 141
74 75 289 225
75 76 289 209
76 77 289 210
77 78 289 211
78 79 289 212
81 80 289 123
82 81 289 122
83 82 289 121
85 84 289 137
86 85 289 138
87 86 289 139
106 107 289 240
107 108 289 241
108 109 289 242
109 110 289 243
110 111 289 244
113 112 289 126
114 113 289 125
115 114 289 124
116 115 289 123
117 116 289 122
118 117 289 121
120 119 289 137
132 131 289 80
133 132 289 64
135 134 289 48
135 136 289 48
137 138 289 64
138 139 289 80
140 141 289 96
141 142 289 112
145 144 289 110
146 145 289 111
147 146 289 127
148 147 289 126
149 148 289 125
150 149 289 124
151 150 289 123
152 151 289 122
153 154 289 11
154 155 289 10
155 156 289 9
156 157 289 8
158 159 289 24
159 143 289 40
160 176 289 116
161 145 289 5
162 161 289 6
163 162 289 7
165 164 289 23
166 165 289 22
167 166 289 21
167 168 289 21
168 169 289 22
169 170 289 23
171 172 289 7
172 173 289 6
173 174 289 5
174 175 289 4
177 176 289 107
178 177 289 108
179 178 289 109
180 179 289 110
181 180 289 111
182 181 289 127
183 182 289 126
184 183 289 125
184 200 289 125
185 186 289 43
186 187 289 42
187 188 289 41
189 190 289 25
190 191 289 26
191 175 289 27
192 208 289 119
193 177 289 37
194 193 289 38
195 194 289 39
197 196 289 55
198 197 289 54
199 198 289 53
199 200 289 53
200 201 289 54
201 202 289 55
203 204 289 39
204 205 289 38
205 206 289 37
206 207 289 36
210 209 289 105
211 210 289 106
212 211 289 107
213 212 289 108
214 213 289 109
215 214 289 110
216 215 289 111
216 232 289 111
217 218 289 75
218 219 289 74
219 220 289 73
221 222 289 57
222 223 289 58
223 207 289 59
224 240 289 102
225 209 289 69
226 225 289 70
227 226 289 71
229 228 289 87
230 229 289 86
231 230 289 85
231 232 289 85
232 233 289 86
233 234 289 87
235 236 289 71
236 237 289 70
237 238 289 69
238 239 289 68
241 240 289 91
242 241 289 90
243 242 289 89
245 244 289 105
246 245 289 106
247 246 289 107
248 247 289 108
248 249 289 108
249 250 289 107
250 251 289 106
251 252 289 105
253 254 289 89
254 255 289 90
255 239 289 91
0 1 290 148
1 2 290 147
2 3 290 146
3 4 290 145
5 6 290 161
6 7 290 162
7 8 290 163
7 23 290 163
8 9 290 164
9 10 290 165
10 11 290 166
11 12 290 167
12 13 290 183
13 14 290 182
14 15 290 181
17 16 290 170
18 17 290 169
19 18 290 153
20 19 290 154
21 20 290 155
22 21 290 156
23 22 290 157
24 8 290 158
24 23 290 158
25 41 290 189
26 25 290 190
27 26 290 191
29 28 290 175
30 29 290 174
31 30 290 173
32 16 290 151
33 34 290 179
34 35 290 178
35 36 290 177
37 38 290 193
38 39 290 194
39 40 290 195
39 55 290 195
40 41 290 196
41 42 290 197
42 43 290 198
43 44 290 199
44 45 290 215
45 46 290 214
46 47 290 213
49 48 290 154
50 49 290 155
51 50 290 156
52 51 290 157
53 52 290 158
54 53 290 159
56 40 290 143
56 55 290 143
57 73 290 221
58 57 290 222
59 58 290 223
61 60 290 207
62 61 290 206
63 62 290 205
65 66 290 211
66 67 290 210
67 68 290 209
69 70 290 225
70 71 290 226
71 72 290 227
71 87 290 227
72 73 290 228
73 74 290 229
74 75 290 230
75 76 290 231
76 77 290 247
77 78 290 246
78 79 290 245
81 80 290 157
82 81 290 158
83 82 290 159
85 84 290 143
86 85 290 142
87 86 290 141
88 87 290 140
89 105 290 253
90 89 290 254
91 90 290 255
93 92 290 239
94 93 290 238
95 94 290 237
97 98 290 243
98 99 290 242
99 100 290 241
100 101 290 240
102 103 290 224
103 104 290 208
103 119 290 208
105 106 290 192
106 107 290 176
108 109 290 160
109 110 290 144
114 113 290 143
115 114 290 142
116 115 290 141
117 116 290 140
118 117 290 139
119 118 290 138
127 126 290 200
140 141 290 0
141 142 290 1
142 143 290 2
145 144 290 141
146 145 290 140
147 146 290 139
148 147 290 138
149 148 290 137
150 149 290 121
171 172 290 17
173 174 290 33
174 175 290 34
177 176 290 138
178 177 290 137
179 178 290 121
180 179 290 122
181 180 290 123
203 204 290 49
205 206 290 65
206 207 290 66
209 208 290 122
210 209 290 123
211 210 290 124
212 211 290 125
235 236 290 81
237 238 290 97
238 239 290 98
241 240 290 125
242 241 290 126
243 242 290 127
1 0 291 141
2 1 291 142
3 2 291 143
4 3 291 159
27 28 291 162
28 29 291 161
29 30 291 145
30 31 291 146
33 32 291 138
34 33 291 139
35 34 291 140
36 35 291 141
37 36 291 142
59 60 291 194
60 61 291 193
61 62 291 177
62 63 291 178
65 64 291 121
67 66 291 137
68 67 291 138
69 68 291 139
70 69 291 140
91 92 291 226
92 93 291 225
93 94 291 209
94 95 291 210
97 96 291 124
98 97 291 123
99 98 291 122
100 99 291 121
102 101 291 137
103 102 291 138
123 124 291 224
124 125 291 240
125 126 291 241
126 127 291 242
129 128 291 127
130 129 291 126
131 130 291 125
132 131 291 124
133 132 291 123
134 133 291 122
135 134 291 121
141 140 291 72
142 141 291 56
145 146 291 4
146 147 291 3
147 148 291 2
148 149 291 1
149 150 291 0
150 151 291 16
152 153 291 32
153 154 291 48
155 156 291 64
156 157 291 80
158 159 291 96
161 160 291 109
162 161 291 110
163 162 291 111
164 163 291 127
165 164 291 126
166 165 291 125
167 166 291 124
168 167 291 123
169 153 291 13
170 169 291 14
171 170 291 15
172 171 291 31
173 172 291 30
174 173 291 29
175 174 291 28
176 192 291 117
177 178 291 36
178 179 291 35
179 180 291 34
180 181 291 33
181 182 291 17
182 183 291 18
183 167 291 19
183 184 291 19
184 185 291 20
185 186 291 21
186 187 291 22
187 188 291 23
189 190 291 7
190 191 291 6
193 192 291 106
194 193 291 107
195 194 291 108
196 195 291 109
197 196 291 110
198 197 291 111
199 198 291 127
200 199 291 126
200 216 291 126
201 185 291 45
202 201 291 46
203 202 291 47
204 203 291 63
205 204 291 62
206 205 291 61
207 206 291 60
209 210 291 68
210 211 291 67
211 212 291 66
212 213 291 65
213 214 291 49
214 215 291 50
215 199 291 51
215 216 291 51
216 217 291 52
217 218 291 53
218 219 291 54
219 220 291 55
221 222 291 39
222 223 291 38
225 224 291 89
227 226 291 105
228 227 291 106
229 228 291 107
230 229 291 108
231 230 291 109
232 231 291 110
232 248 291 110
233 217 291 77
234 233 291 78
235 234 291 79
236 235 291 95
237 236 291 94
238 237 291 93
239 238 291 92
240 241 291 101
241 242 291 100
242 243 291 99
243 244 291 98
244 245 291 97
245 246 291 81
246 247 291 82
247 231 291 83
247 248 291 83
248 249 291 84
249 250 291 85
250 251 291 86
251 252 291 87
253 254 291 71
254 255 291 70
1 0 292 171
2 1 292 170
3 2 292 169
4 3 292 153
5 4 292 154
6 5 292 155
7 6 292 156
8 7 292 157
8 9 292 157
9 10 292 156
10 11 292 155
11 12 292 154
12 13 292 153
13 14 292 169
14 15 292 170
15 31 292 171
16 0 292 150
17 33 292 181
18 17 292 182
19 18 292 183
20 19 292 167
21 20 292 166
22 21 292 165
23 22 292 164
23 24 292 164
24 25 292 165
25 26 292 166
26 27 292 167
27 28 292 183
28 29 292 182
29 30 292 181
30 31 292 180
33 32 292 153
34 33 292 154
35 34 292 155
36 35 292 156
37 36 292 157
38 37 292 158
39 38 292 159
41 42 292 188
42 43 292 187
43 44 292 186
44 45 292 185
45 46 292 201
46 47 292 202
47 63 292 203
49 65 292 213
50 49 292 214
51 50 292 215
52 51 292 199
53 52 292 198
54 53 292 197
55 54 292 196
55 56 292 196
56 57 292 197
57 58 292 198
58 59 292 199
59 60 292 215
60 61 292 214
61 62 292 213
62 63 292 212
65 64 292 156
66 65 292 157
67 66 292 158
68 67 292 159
70 69 292 143
71 70 292 142
72 71 292 141
73 74 292 220
74 75 292 219
75 76 292 218
76 77 292 217
77 78 292 233
78 79 292 234
79 95 292 235
81 97 292 245
82 81 292 246
83 82 292 247
84 83 292 231
85 84 292 230
86 85 292 229
87 86 292 228
87 88 292 228
88 89 292 229
89 90 292 230
90 91 292 231
91 92 292 247
92 93 292 246
93 94 292 245
94 95 292 244
97 96 292 159
99 98 292 143
100 99 292 142
101 100 292 141
102 101 292 140
103 102 292 139
105 106 292 252
106 107 292 251
107 108 292 250
108 109 292 249
109 110 292 248
110 111 292 232
120 121 292 192
121 122 292 176
123 124 292 160
124 125 292 144
126 127 292 128
129 128 292 142
130 129 292 141
131 130 292 140
132 131 292 139
133 132 292 138
134 133 292 137
156 157 292 1
157 158 292 2
158 159 292 3
161 160 292 139
162 161 292 138
163 162 292 137
164 163 292 121
165 164 292 122
188 189 292 33
189 190 292 34
190 191 292 35
193 192 292 121
194 193 292 122
195 194 292 123
196 195 292 124
220 221 292 65
221 222 292 66
222 223 292 67
225 224 292 124
226 225 292 125
227 226 292 126
252 253 292 97
253 254 292 98
254 255 292 99
11 12 293 161
12 13 293 145
13 14 293 146
14 15 293 147
17 16 293 140
18 17 293 141
19 18 293 142
20 19 293 143
43 44 293 193
44 45 293 177
45 46 293 178
46 47 293 179
49 48 293 137
50 49 293 138
51 50 293 139
52 51 293 140
53 52 293 141
75 76 293 225
76 77 293 209
77 78 293 210
78 79 293 211
81 80 293 122
82 81 293 121
84 83 293 137
85 84 293 138
86 85 293 139
107 108 293 240
108 109 293 241
109 110 293 242
110 111 293 243
113 112 293 125
114 113 293 124
115 114 293 123
116 115 293 122
117 116 293 121
119 118 293 137
134 133 293 48
135 134 293 32
135 136 293 32
136 137 293 48
138 139 293 64
139 140 293 80
141 142 293 96
142 143 293 112
145 144 293 111
146 145 293 127
147 146 293 126
148 147 293 125
149 148 293 124
150 149 293 123
151 150 293 122
153 154 293 12
154 155 293 11
155 156 293 10
156 157 293 9
157 158 293 8
159 143 293 24
161 145 293 6
162 161 293 7
164 163 293 23
165 164 293 22
166 165 293 21
167 166 293 20
167 168 293 20
168 169 293 21
169 170 293 22
170 171 293 23
172 173 293 7
173 174 293 6
174 175 293 5
177 176 293 108
178 177 293 109
179 178 293 110
180 179 293 111
181 180 293 127
182 181 293 126
183 182 293 125
184 183 293 124
185 186 293 44
186 187 293 43
187 188 293 42
188 189 293 41
190 191 293 25
191 175 293 26
192 208 293 118
193 177 293 38
194 193 293 39
196 195 293 55
197 196 293 54
198 197 293 53
199 198 293 52
199 200 293 52
200 201 293 53
201 202 293 54
202 203 293 55
204 205 293 39
205 206 293 38
206 207 293 37
209 208 293 105
210 209 293 106
211 210 293 107
212 211 293 108
213 212 293 109
214 213 293 110
215 214 293 111
216 215 293 127
216 232 293 127
217 218 293 76
218 219 293 75
219 220 293 74
220 221 293 73
222 223 293 57
223 207 293 58
224 240 293 103
225 209 293 70
226 225 293 71
228 227 293 87
229 228 293 86
230 229 293 85
231 230 293 84
231 232 293 84
232 233 293 85
233 234 293 86
234 235 293 87
236 237 293 71
237 238 293 70
238 239 293 69
241 240 293 90
242 241 293 89
244 243 293 105
245 244 293 106
246 245 293 107
247 246 293 108
248 247 293 109
248 249 293 109
249 250 293 108
250 251 293 107
251 252 293 106
252 253 293 105
254 255 293 89
255 239 293 90
0 1 294 149
1 2 294 148
2 3 294 147
3 4 294 146
4 5 294 145
7 8 294 162
8 9 294 163
9 10 294 164
10 11 294 165
11 12 294 166
12 13 294 167
13 14 294 183
14 15 294 182
17 16 294 169
18 17 294 153
19 18 294 154
20 19 294 155
21 20 294 156
22 21 294 157
23 22 294 158
24 23 294 159
28 27 294 175
29 28 294 174
30 29 294 173
31 30 294 172
33 34 294 180
34 35 294 179
35 36 294 178
36 37 294 177
39 40 294 194
40 41 294 195
41 42 294 196
42 43 294 197
43 44 294 198
44 45 294 199
45 46 294 215
46 47 294 214
49 48 294 155
50 49 294 156
51 50 294 157
52 51 294 158
53 52 294 159
55 54 294 143
56 55 294 142
60 59 294 207
61 60 294 206
62 61 294 205
63 62 294 204
65 66 294 212
66 67 294 211
67 68 294 210
68 69 294 209
71 72 294 226
72 73 294 227
73 74 294 228
74 75 294 229
75 76 294 230
76 77 294 231
77 78 294 247
78 79 294 246
81 80 294 158
82 81 294 159
84 83 294 143
85 84 294 142
86 85 294 141
87 86 294 140
92 91 294 239
93 92 294 238
94 93 294 237
95 94 294 236
97 98 294 244
98 99 294 243
99 100 294 242
100 101 294 241
101 102 294 240
103 104 294 224
104 105 294 208
106 107 294 192
107 108 294 176
109 110 294 160
110 111 294 144
113 112 294 143
114 113 294 142
115 114 294 141
116 115 294 140
117 116 294 139
118 117 294 138
141 142 294 0
142 143 294 1
145 144 294 140
146 145 294 139
147 146 294 138
148 147 294 137
149 148 294 121
172 173 294 17
174 175 294 33
177 176 294 137
178 177 294 121
179 178 294 122
180 179 294 123
204 205 294 49
206 207 294 65
209 208 294 123
210 209 294 124
211 210 294 125
236 237 294 81
238 239 294 97
241 240 294 126
242 241 294 127
1 0 295 142
2 1 295 143
3 2 295 159
28 29 295 162
29 30 295 161
30 31 295 145
33 32 295 139
34 33 295 140
35 34 295 141
36 35 295 142
60 61 295 194
61 62 295 193
62 63 295 177
66 65 295 137
67 66 295 138
68 67 295 139
69 68 295 140
92 93 295 226
93 94 295 225
94 95 295 209
97 96 295 123
98 97 295 122
99 98 295 121
101 100 295 137
102 101 295 138
124 125 295 224
125 126 295 240
126 127 295 241
129 128 295 126
130 129 295 125
131 130 295 124
132 131 295 123
133 132 295 122
134 133 295 121
143 142 295 40
145 146 295 5
146 147 295 4
147 148 295 3
148 149 295 2
149 150 295 1
150 151 295 0
151 135 295 16
151 152 295 16
153 154 295 32
154 155 295 48
156 157 295 64
157 158 295 80
161 160 295 110
162 161 295 111
163 162 295 127
164 163 295 126
165 164 295 125
166 165 295 124
167 166 295 123
169 153 295 14
170 169 295 15
171 170 295 31
172 171 295 30
173 172 295 29
174 173 295 28
175 174 295 27
177 178 295 37
178 179 295 36
179 180 295 35
180 181 295 34
181 182 295 33
182 183 295 17
183 167 295 18
183 184 295 18
184 185 295 19
185 186 295 20
186 187 295 21
187 188 295 22
188 189 295 23
190 191 295 7
193 192 295 107
194 193 295 108
195 194 295 109
196 195 295 110
197 196 295 111
198 197 295 127
199 198 295 126
200 199 295 125
201 185 295 46
202 201 295 47
203 202 295 63
204 203 295 62
205 204 295 61
206 205 295 60
207 206 295 59
208 224 295 119
209 210 295 69
210 211 295 68
211 212 295 67
212 213 295 66
213 214 295 65
214 215 295 49
215 199 295 50
215 216 295 50
216 217 295 51
217 218 295 52
218 219 295 53
219 220 295 54
220 221 295 55
222 223 295 39
226 225 295 105
227 226 295 106
228 227 295 107
229 228 295 108
230 229 295 109
231 230 295 110
232 231 295 111
232 248 295 111
233 217 295 78
234 233 295 79
235 234 295 95
236 235 295 94
237 236 295 93
238 237 295 92
239 238 295 91
240 241 295 102
241 242 295 101
242 243 295 100
243 244 295 99
244 245 295 98
245 246 295 97
246 247 295 81
247 231 295 82
247 248 295 82
248 249 295 83
249 250 295 84
250 251 295 85
251 252 295 86
252 253 295 87
254 255 295 71
1 0 296 170
2 1 296 169
3 2 296 153
4 3 296 154
5 4 296 155
6 5 296 156
7 6 296 157
8 7 296 158
23 24 296 163
24 25 296 164
25 26 296 165
26 27 296 166
27 28 296 167
28 29 296 183
29 30 296 182
30 31 296 181
33 32 296 154
34 33 296 155
35 34 296 156
36 35 296 157
37 36 296 158
38 37 296 159
40 39 296 143
55 56 296 195
56 57 296 196
57 58 296 197
58 59 296 198
59 60 296 199
60 61 296 215
61 62 296 214
62 63 296 213
65 64 296 157
66 65 296 158
67 66 296 159
69 68 296 143
70 69 296 142
71 70 296 141
87 88 296 227
88 89 296 228
89 90 296 229
90 91 296 230
91 92 296 231
92 93 296 247
93 94 296 246
94 95 296 245
98 97 296 143
99 98 296 142
100 99 296 141
101 100 296 140
102 101 296 139
119 120 296 208
121 122 296 192
122 123 296 176
124 125 296 160
125 126 296 144
129 128 296 141
130 129 296 140
131 130 296 139
132 131 296 138
133 132 296 137
157 158 296 1
158 159 296 2
161 160 296 138
162 161 296 137
163 162 296 121
164 163 296 122
189 190 296 33
190 191 296 34
193 192 296 122
194 193 296 123
195 194 296 124
221 222 296 65
222 223 296 66
225 224 296 125
226 225 296 126
253 254 296 97
254 255 296 98
12 13 297 161
13 14 297 145
14 15 297 146
17 16 297 141
18 17 297 142
19 18 297 143
44 45 297 193
45 46 297 177
46 47 297 178
49 48 297 138
50 49 297 139
51 50 297 140
52 51 297 141
76 77 297 225
77 78 297 209
78 79 297 210
81 80 297 121
83 82 297 137
84 83 297 138
85 84 297 139
108 109 297 240
109 110 297 241
110 111 297 242
113 112 297 124
114 113 297 123
115 114 297 122
116 115 297 121
118 117 297 137
136 137 297 32
137 138 297 48
139 140 297 64
140 141 297 80
142 143 297 96
145 144 297 127
146 145 297 126
147 146 297 125
148 147 297 124
149 148 297 123
150 149 297 122
153 154 297 13
154 155 297 12
155 156 297 11
156 157 297 10
157 158 297 9
158 159 297 8
163 162 297 23
164 163 297 22
165 164 297 21
166 165 297 20
167 166 297 19
167 168 297 19
168 169 297 20
169 170 297 21
170 171 297 22
171 172 297 23
173 174 297 7
174 175 297 6
177 176 297 109
178 177 297 110
179 178 297 111
180 179 297 127
181 180 297 126
182 181 297 125
183 182 297 124
185 186 297 45
186 187 297 44
187 188 297 43
188 189 297 42
189 190 297 41
195 194 297 55
196 195 297 54
197 196 297 53
198 197 297 52
199 198 297 51
199 200 297 51
200 201 297 52
201 202 297 53
202 203 297 54
203 204 297 55
205 206 297 39
206 207 297 38
209 208 297 106
210 209 297 107
211 210 297 108
212 211 297 109
213 212 297 110
214 213 297 111
215 214 297 127
216 215 297 126
217 218 297 77
218 219 297 76
219 220 297 75
220 221 297 74
221 222 297 73
227 226 297 87
228 227 297 86
229 228 297 85
230 229 297 84
231 230 297 83
231 232 297 83
232 233 297 84
233 234 297 85
234 235 297 86
235 236 297 87
237 238 297 71
238 239 297 70
241 240 297 89
243 242 297 105
244 243 297 106
245 244 297 107
246 245 297 108
247 246 297 109
248 247 297 110
248 249 297 110
249 250 297 109
250 251 297 108
251 252 297 107
252 253 297 106
253 254 297 105
8 9 298 162
9 10 298 163
10 11 298 164
11 12 298 165
12 13 298 166
13 14 298 167
14 15 298 183
17 16 298 153
18 17 298 154
19 18 298 155
20 19 298 156
21 20 298 157
22 21 298 158
23 22 298 159
40 41 298 194
41 42 298 195
42 43 298 196
43 44 298 197
44 45 298 198
45 46 298 199
46 47 298 215
49 48 298 156
50 49 298 157
51 50 298 158
52 51 298 159
54 53 298 143
55 54 298 142
72 73 298 226
73 74 298 227
74 75 298 228
75 76 298 229
76 77 298 230
77 78 298 231
78 79 298 247
81 80 298 159
83 82 298 143
84 83 298 142
85 84 298 141
86 85 298 140
104 105 298 224
105 106 298 208
107 108 298 192
108 109 298 176
110 111 298 160
113 112 298 142
114 113 298 141
115 114 298 140
116 115 298 139
117 116 298 138
142 143 298 0
145 144 298 139
146 145 298 138
147 146 298 137
148 147 298 121
173 174 298 17
177 176 298 121
178 177 298 122
179 178 298 123
205 206 298 49
209 208 298 124
210 209 298 125
237 238 298 81
241 240 298 127
1 0 299 143
2 1 299 159
29 30 299 162
30 31 299 161
33 32 299 140
34 33 299 141
35 34 299 142
61 62 299 194
62 63 299 193
65 64 299 137
66 65 299 138
67 66 299 139
68 67 299 140
93 94 299 226
94 95 299 225
97 96 299 122
98 97 299 121
100 99 299 137
101 100 299 138
125 126 299 224
126 127 299 240
129 128 299 125
130 129 299 124
131 130 299 123
132 131 299 122
133 132 299 121
151 152 299 0
152 153 299 16
154 155 299 32
155 156 299 48
157 158 299 64
158 159 299 80
161 160 299 111
162 161 299 127
163 162 299 126
164 163 299 125
165 164 299 124
166 165 299 123
183 184 299 17
184 185 299 18
185 186 299 19
186 187 299 20
187 188 299 21
188 189 299 22
189 190 299 23
193 192 299 108
194 193 299 109
195 194 299 110
196 195 299 111
197 196 299 127
198 197 299 126
199 198 299 125
215 216 299 49
216 217 299 50
217 218 299 51
218 219 299 52
219 220 299 53
220 221 299 54
221 222 299 55
225 224 299 105
226 225 299 106
227 226 299 107
228 227 299 108
229 228 299 109
230 229 299 110
231 230 299 111
232 231 299 127
247 248 299 81
248 249 299 82
249 250 299 83
250 251 299 84
251 252 299 85
252 253 299 86
253 254 299 87
1 0 300 169
2 1 300 153
3 2 300 154
4 3 300 155
5 4 300 156
6 5 300 157
7 6 300 158
24 25 300 163
25 26 300 164
26 27 300 165
27 28 300 166
28 29 300 167
29 30 300 183
30 31 300 182
33 32 300 155
34 33 300 156
35 34 300 157
36 35 300 158
37 36 300 159
39 38 300 143
56 57 300 195
57 58 300 196
58 59 300 197
59 60 300 198
60 61 300 199
61 62 300 215
62 63 300 214
65 64 300 158
66 65 300 159
68 67 300 143
69 68 300 142
70 69 300 141
88 89 300 227
89 90 300 228
90 91 300 229
91 92 300 230
92 93 300 231
93 94 300 247
94 95 300 246
97 96 300 143
98 97 300 142
99 98 300 141
100 99 300 140
101 100 300 139
120 121 300 208
122 123 300 192
123 124 300 176
125 126 300 160
126 127 300 144
129 128 300 140
130 129 300 139
131 130 300 138
132 131 300 137
158 159 300 1
161 160 300 137
162 161 300 121
163 162 300 122
190 191 300 33
193 192 300 123
194 193 300 124
222 223 300 65
225 224 300 126
254 255 300 97
13 14 301 161
14 15 301 145
17 16 301 142
18 17 301 143
45 46 301 193
46 47 301 177
49 48 301 139
50 49 301 140
51 50 301 141
77 78 301 225
78 79 301 209
82 81 301 137
83 82 301 138
84 83 301 139
109 110 301 240
110 111 301 241
113 112 301 123
114 113 301 122
115 114 301 121
117 116 301 137
135 136 301 16
137 138 301 32
138 139 301 48
140 141 301 64
141 142 301 80
145 144 301 126
146 145 301 125
147 146 301 124
148 147 301 123
149 148 301 122
167 168 301 18
168 169 301 19
169 170 301 20
170 171 301 21
171 172 301 22
172 173 301 23
174 175 301 7
177 176 301 110
178 177 301 111
179 178 301 127
180 179 301 126
181 180 301 125
182 181 301 124
199 200 301 50
200 201 301 51
201 202 301 52
202 203 301 53
203 204 301 54
204 205 301 55
206 207 301 39
209 208 301 107
210 209 301 108
211 210 301 109
212 211 301 110
213 212 301 111
214 213 301 127
215 214 301 126
231 232 301 82
232 233 301 83
233 234 301 84
234 235 301 85
235 236 301 86
236 237 301 87
238 239 301 71
242 241 301 105
243 242 301 106
244 243 301 107
245 244 301 108
246 245 301 109
247 246 301 110
248 247 301 111
9 10 302 162
10 11 302 163
11 12 302 164
12 13 302 165
13 14 302 166
14 15 302 167
17 16 302 154
18 17 302 155
19 18 302 156
20 19 302 157
21 20 302 158
22 21 302 159
41 42 302 194
42 43 302 195
43 44 302 196
44 45 302 197
45 46 302 198
46 47 302 199
49 48 302 157
50 49 302 158
51 50 302 159
53 52 302 143
54 53 302 142
73 74 302 226
74 75 302 227
75 76 302 228
76 77 302 229
77 78 302 230
78 79 302 231
82 81 302 143
83 82 302 142
84 83 302 141
85 84 302 140
105 106 302 224
106 107 302 208
108 109 302 192
109 110 302 176
113 112 302 141
114 113 302 140
115 114 302 139
116 115 302 138
145 144 302 138
146 145 302 137
147 146 302 121
174 175 302 17
177 176 302 122
178 177 302 123
206 207 302 49
209 208 302 125
238 239 302 81
1 0 303 159
30 31 303 162
33 32 303 141
34 33 303 142
62 63 303 194
65 64 303 138
66 65 303 139
67 66 303 140
94 95 303 226
97 96 303 121
99 98 303 137
100 99 303 138
126 127 303 224
129 128 303 124
130 129 303 123
131 130 303 122
132 131 303 121
152 153 303 0
153 154 303 16
155 156 303 32
156 157 303 48
158 159 303 64
161 160 303 127
162 161 303 126
163 162 303 125
164 163 303 124
165 164 303 123
184 185 303 17
185 186 303 18
186 187 303 19
187 188 303 20
188 189 303 21
189 190 303 22
190 191 303 23
193 192 303 109
194 193 303 110
195 194 303 111
196 195 303 127
197 196 303 126
198 197 303 125
216 217 303 49
217 218 303 50
218 219 303 51
219 220 303 52
220 221 303 53
221 222 303 54
222 223 303 55
225 224 303 106
226 225 303 107
227 226 303 108
228 227 303 109
229 228 303 110
230 229 303 111
231 230 303 127
248 249 303 81
249 250 303 82
250 251 303 83
251 252 303 84
252 253 303 85
253 254 303 86
254 255 303 87
1 0 304 153
2 1 304 154
3 2 304 155
4 3 304 156
5 4 304 157
6 5 304 158
25 26 304 163
26 27 304 164
27 28 304 165
28 29 304 166
29 30 304 167
30 31 304 183
33 32 304 156
34 33 304 157
35 34 304 158
36 35 304 159
38 37 304 143
57 58 304 195
58 59 304 196
59 60 304 197
60 61 304 198
61 62 304 199
62 63 304 215
65 64 304 159
67 66 304 143
68 67 304 142
69 68 304 141
89 90 304 227
90 91 304 228
91 92 304 229
92 93 304 230
93 94 304 231
94 95 304 247
97 96 304 142
98 97 304 141
99 98 304 140
100 99 304 139
121 122 304 208
123 124 304 192
124 125 304 176
126 127 304 160
129 128 304 139
130 129 304 138
131 130 304 137
161 160 304 121
162 161 304 122
193 192 304 124
14 15 305 161
17 16 305 143
46 47 305 193
49 48 305 140
50 49 305 141
78 79 305 225
81 80 305 137
82 81 305 138
83 82 305 139
110 111 305 240
113 112 305 122
114 113 305 121
116 115 305 137
136 137 305 16
138 139 305 32
139 140 305 48
141 142 305 64
142 143 305 80
145 144 305 125
146 145 305 124
147 146 305 123
148 147 305 122
168 169 305 18
169 170 305 19
170 171 305 20
171 172 305 21
172 173 305 22
173 174 305 23
177 176 305 111
178 177 305 127
179 178 305 126
180 179 305 125
181 180 305 124
200 201 305 50
201 202 305 51
202 203 305 52
203 204 305 53
204 205 305 54
205 206 305 55
209 208 305 108
210 209 305 109
211 210 305 110
212 211 305 111
213 212 305 127
214 213 305 126
232 233 305 82
233 234 305 83
234 235 305 84
235 236 305 85
236 237 305 86
237 238 305 87
241 240 305 105
242 241 305 106
243 242 305 107
244 243 305 108
245 244 305 109
246 245 305 110
247 246 305 111
10 11 306 162
11 12 306 163
12 13 306 164
13 14 306 165
14 15 306 166
17 16 306 155
18 17 306 156
19 18 306 157
20 19 306 158
21 20 306 159
42 43 306 194
43 44 306 195
44 45 306 196
45 46 306 197
46 47 306 198
49 48 306 158
50 49 306 159
52 51 306 143
53 52 306 142
74 75 306 226
75 76 306 227
76 77 306 228
77 78 306 229
78 79 306 230
81 80 306 143
82 81 306 142
83 82 306 141
84 83 306 140
106 107 306 224
107 108 306 208
109 110 306 192
110 111 306 176
113 112 306 140
114 113 306 139
115 114 306 138
145 144 306 137
146 145 306 121
177 176 306 123
33 32 307 142
65 64 307 139
66 65 307 140
98 97 307 137
99 98 307 138
129 128 307 123
130 129 307 122
131 130 307 121
153 154 307 0
154 155 307 16
156 157 307 32
157 158 307 48
161 160 307 126
162 161 307 125
163 162 307 124
164 163 307 123
185 186 307 17
186 187 307 18
187 188 307 19
188 189 307 20
189 190 307 21
190 191 307 22
193 192 307 110
194 193 307 111
195 194 307 127
196 195 307 126
197 196 307 125
217 218 307 49
218 219 307 50
219 220 307 51
220 221 307 52
221 222 307 53
222 223 307 54
225 224 307 107
226 225 307 108
227 226 307 109
228 227 307 110
229 228 307 111
230 229 307 127
249 250 307 81
250 251 307 82
251 252 307 83
252 253 307 84
253 254 307 85
254 255 307 86
1 0 308 154
2 1 308 155
3 2 308 156
4 3 308 157
5 4 308 158
26 27 308 163
27 28 308 164
28 29 308 165
29 30 308 166
30 31 308 167
33 32 308 157
34 33 308 158
35 34 308 159
37 36 308 143
58 59 308 195
59 60 308 196
60 61 308 197
61 62 308 198
62 63 308 199
66 65 308 143
67 66 308 142
68 67 308 141
90 91 308 227
91 92 308 228
92 93 308 229
93 94 308 230
94 95 308 231
97 96 308 141
98 97 308 140
99 98 308 139
122 123 308 208
124 125 308 192
125 126 308 176
129 128 308 138
130 129 308 137
161 160 308 122
49 48 309 141
81 80 309 138
82 81 309 139
113 112 309 121
115 114 309 137
137 138 309 16
139 140 309 32
140 141 309 48
142 143 309 64
145 144 309 124
146 145 309 123
147 146 309 122
169 170 309 18
170 171 309 19
171 172 309 20
172 173 309 21
173 174 309 22
174 175 309 23
177 176 309 127
178 177 309 126
179 178 309 125
180 179 309 124
201 202 309 50
202 203 309 51
203 204 309 52
204 205 309 53
205 206 309 54
206 207 309 55
209 208 309 109
210 209 309 110
211 210 309 111
212 211 309 127
213 212 309 126
233 234 309 82
234 235 309 83
235 236 309 84
236 237 309 85
237 238 309 86
238 239 309 87
241 240 309 106
242 241 309 107
243 242 309 108
244 243 309 109
245 244 309 110
246 245 309 111
11 12 310 162
12 13 310 163
13 14 310 164
14 15 310 165
17 16 310 156
18 17 310 157
19 18 310 158
20 19 310 159
43 44 310 194
44 45 310 195
45 46 310 196
46 47 310 197
49 48 310 159
51 50 310 143
52 51 310 142
75 76 310 226
76 77 310 227
77 78 310 228
78 79 310 229
81 80 310 142
82 81 310 141
83 82 310 140
107 108 310 224
108 109 310 208
110 111 310 192
113 112 310 139
114 113 310 138
145 144 310 121
65 64 311 140
97 96 311 137
98 97 311 138
129 128 311 122
130 129 311 121
154 155 311 0
155 156 311 16
157 158 311 32
158 159 311 48
161 160 311 125
162 161 311 124
163 162 311 123
186 187 311 17
187 188 311 18
188 189 311 19
189 190 311 20
190 191 311 21
193 192 311 111
194 193 311 127
195 194 311 126
196 195 311 125
218 219 311 49
219 220 311 50
220 221 311 51
221 222 311 52
222 223 311 53
225 224 311 108
226 225 311 109
227 226 311 110
228 227 311 111
229 228 311 127
250 251 311 81
251 252 311 82
252 253 311 83
253 254 311 84
254 255 311 85
1 0 312 155
2 1 312 156
3 2 312 157
4 3 312 158
27 28 312 163
28 29 312 164
29 30 312 165
30 31 312 166
33 32 312 158
34 33 312 159
36 35 312 143
59 60 312 195
60 61 312 196
61 62 312 197
62 63 312 198
65 64 312 143
66 65 312 142
67 66 312 141
91 92 312 227
92 93 312 228
93 94 312 229
94 95 312 230
97 96 312 140
98 97 312 139
123 124 312 208
125 126 312 192
126 127 312 176
129 128 312 137
81 80 313 139
114 113 313 137
138 139 313 16
140 141 313 32
141 142 313 48
145 144 313 123
146 145 313 122
170 171 313 18
171 172 313 19
172 173 313 20
173 174 313 21
174 175 313 22
177 176 313 126
178 177 313 125
179 178 313 124
202 203 313 50
203 204 313 51
204 205 313 52
205 206 313 53
206 207 313 54
209 208 313 110
210 209 313 111
211 210 313 127
212 211 313 126
234 235 313 82
235 236 313 83
236 237 313 84
237 238 313 85
238 239 313 86
241 240 313 107
242 241 313 108
243 242 313 109
244 243 313 110
245 244 313 111
12 13 314 162
13 14 314 163
14 15 314 164
17 16 314 157
18 17 314 158
19 18 314 159
44 45 314 194
45 46 314 195
46 47 314 196
50 49 314 143
51 50 314 142
76 77 314 226
77 78 314 227
78 79 314 228
81 80 314 141
82 81 314 140
108 109 314 224
109 110 314 208
113 112 314 138
97 96 315 138
129 128 315 121
155 156 315 0
156 157 315 16
158 159 315 32
161 160 315 124
162 161 315 123
187 188 315 17
188 189 315 18
189 190 315 19
190 191 315 20
193 192 315 127
194 193 315 126
195 194 315 125
219 220 315 49
220 221 315 50
221 222 315 51
222 223 315 52
225 224 315 109
226 225 315 110
227 226 315 111
228 227 315 127
251 252 315 81
252 253 315 82
253 254 315 83
254 255 315 84
1 0 316 156
2 1 316 157
3 2 316 158
28 29 316 163
29 30 316 164
30 31 316 165
33 32 316 159
35 34 316 143
60 61 316 195
61 62 316 196
62 63 316 197
65 64 316 142
66 65 316 141
92 93 316 227
93 94 316 228
94 95 316 229
97 96 316 139
124 125 316 208
126 127 316 192
113 112 317 137
139 140 317 16
141 142 317 32
142 143 317 48
145 144 317 122
171 172 317 18
172 173 317 19
173 174 317 20
174 175 317 21
177 176 317 125
178 177 317 124
203 204 317 50
204 205 317 51
205 206 317 52
206 207 317 53
209 208 317 111
210 209 317 127
211 210 317 126
235 236 317 82
236 237 317 83
237 238 317 84
238 239 317 85
241 240 317 108
242 241 317 109
243 242 317 110
244 243 317 111
13 14 318 162
14 15 318 163
17 16 318 158
18 17 318 159
45 46 318 194
46 47 318 195
49 48 318 143
50 49 318 142
77 78 318 226
78 79 318 227
81 80 318 140
109 110 318 224
110 111 318 208
156 157 319 0
157 158 319 16
161 160 319 123
188 189 319 17
189 190 319 18
190 191 319 19
193 192 319 126
194 193 319 125
220 221 319 49
221 222 319 50
222 223 319 51
225 224 319 110
226 225 319 111
227 226 319 127
252 253 319 81
253 254 319 82
254 255 319 83
1 0 320 157
2 1 320 158
29 30 320 163
30 31 320 164
34 33 320 143
61 62 320 195
62 63 320 196
65 64 320 141
93 94 320 227
94 95 320 228
125 126 320 208
140 141 321 16
142 143 321 32
172 173 321 18
173 174 321 19
174 175 321 20
177 176 321 124
204 205 321 50
205 206 321 51
206 207 321 52
209 208 321 127
210 209 321 126
236 237 321 82
237 238 321 83
238 239 321 84
241 240 321 109
242 241 321 110
243 242 321 111
14 15 322 162
17 16 322 159
46 47 322 194
49 48 322 142
78 79 322 226
110 111 322 224
157 158 323 0
158 159 323 16
189 190 323 17
190 191 323 18
193 192 323 125
221 222 323 49
222 223 323 50
225 224 323 111
226 225 323 127
253 254 323 81
254 255 323 82
1 0 324 158
30 31 324 163
33 32 324 143
62 63 324 195
94 95 324 227
126 127 324 208
141 142 325 16
173 174 325 18
174 175 325 19
205 206 325 50
206 207 325 51
209 208 325 126
237 238 325 82
238 239 325 83
241 240 325 110
242 241 325 111
158 159 327 0
190 191 327 17
222 223 327 49
225 224 327 127
254 255 327 81
142 143 329 16
174 175 329 18
206 207 329 50
238 239 329 82
241 240 329 111
