MX 16
MY 16
H 4
V 6
RAMP 1
MAKESPAN 558
NEVENTS 65280
# p c send src
0 1 1 0
0 16 1 0
1 0 1 1
1 2 1 1
2 1 1 2
2 3 1 2
3 2 1 3
3 4 1 3
4 3 1 4
4 5 1 4
5 4 1 5
5 6 1 5
6 5 1 6
6 7 1 6
7 6 1 7
7 8 1 7
8 7 1 8
8 9 1 8
9 8 1 9
9 10 1 9
10 9 1 10
10 11 1 10
11 10 1 11
11 12 1 11
12 11 1 12
12 13 1 12
13 12 1 13
13 14 1 13
14 13 1 14
14 15 1 14
15 14 1 15
15 31 1 15
16 0 1 16
16 32 1 16
17 18 1 17
17 33 1 17
18 17 1 18
18 19 1 18
19 18 1 19
19 20 1 19
20 19 1 20
20 21 1 20
21 20 1 21
21 22 1 21
22 21 1 22
22 23 1 22
23 22 1 23
23 24 1 23
24 23 1 24
24 25 1 24
25 24 1 25
25 26 1 25
26 25 1 26
26 27 1 26
27 26 1 27
27 28 1 27
28 27 1 28
28 29 1 28
29 28 1 29
29 30 1 29
30 29 1 30
30 31 1 30
31 15 1 31
31 30 1 31
32 16 1 32
32 48 1 32
33 17 1 33
33 34 1 33
34 33 1 34
34 35 1 34
35 34 1 35
35 36 1 35
36 35 1 36
36 37 1 36
37 36 1 37
37 38 1 37
38 37 1 38
38 39 1 38
39 38 1 39
39 40 1 39
40 39 1 40
40 41 1 40
41 40 1 41
41 42 1 41
42 41 1 42
42 43 1 42
43 42 1 43
43 44 1 43
44 43 1 44
44 45 1 44
45 44 1 45
45 46 1 45
46 45 1 46
46 47 1 46
47 46 1 47
47 63 1 47
48 32 1 48
48 64 1 48
49 50 1 49
49 65 1 49
50 49 1 50
50 51 1 50
51 50 1 51
51 52 1 51
52 51 1 52
52 53 1 52
53 52 1 53
53 54 1 53
54 53 1 54
54 55 1 54
55 54 1 55
55 56 1 55
56 55 1 56
56 57 1 56
57 56 1 57
57 58 1 57
58 57 1 58
58 59 1 58
59 58 1 59
59 60 1 59
60 59 1 60
60 61 1 60
61 60 1 61
61 62 1 61
62 61 1 62
62 63 1 62
63 47 1 63
63 62 1 63
64 48 1 64
64 80 1 64
65 49 1 65
65 66 1 65
66 65 1 66
66 67 1 66
67 66 1 67
67 68 1 67
68 67 1 68
68 69 1 68
69 68 1 69
69 70 1 69
70 69 1 70
70 71 1 70
71 70 1 71
71 72 1 71
72 71 1 72
72 73 1 72
73 72 1 73
73 74 1 73
74 73 1 74
74 75 1 74
75 74 1 75
75 76 1 75
76 75 1 76
76 77 1 76
77 76 1 77
77 78 1 77
78 77 1 78
78 79 1 78
79 78 1 79
79 95 1 79
80 64 1 80
80 96 1 80
81 82 1 81
81 97 1 81
82 81 1 82
82 83 1 82
83 82 1 83
83 84 1 83
84 83 1 84
84 85 1 84
85 84 1 85
85 86 1 85
86 85 1 86
86 87 1 86
87 86 1 87
87 88 1 87
88 87 1 88
88 89 1 88
89 88 1 89
89 90 1 89
90 89 1 90
90 91 1 90
91 90 1 91
91 92 1 91
92 91 1 92
92 93 1 92
93 92 1 93
93 94 1 93
94 93 1 94
94 95 1 94
95 79 1 95
95 94 1 95
96 80 1 96
96 112 1 96
97 81 1 97
97 98 1 97
98 97 1 98
98 99 1 98
99 98 1 99
99 100 1 99
100 99 1 100
100 101 1 100
101 100 1 101
101 102 1 101
102 101 1 102
102 103 1 102
103 102 1 103
103 104 1 103
104 103 1 104
104 105 1 104
105 104 1 105
105 106 1 105
106 105 1 106
106 107 1 106
107 106 1 107
107 108 1 107
108 107 1 108
108 109 1 108
109 108 1 109
109 110 1 109
110 109 1 110
110 111 1 110
111 110 1 111
111 127 1 111
112 96 1 112
112 128 1 112
113 114 1 113
113 129 1 113
114 113 1 114
114 115 1 114
115 114 1 115
115 116 1 115
116 115 1 116
116 117 1 116
117 116 1 117
117 118 1 117
118 117 1 118
118 119 1 118
119 118 1 119
119 120 1 119
120 119 1 120
120 121 1 120
121 120 1 121
121 122 1 121
122 121 1 122
122 123 1 122
123 122 1 123
123 124 1 123
124 123 1 124
124 125 1 124
125 124 1 125
125 126 1 125
126 125 1 126
126 127 1 126
127 111 1 127
127 126 1 127
128 112 1 128
128 144 1 128
129 113 1 129
129 130 1 129
130 129 1 130
130 131 1 130
131 130 1 131
131 132 1 131
132 131 1 132
132 133 1 132
133 132 1 133
133 134 1 133
134 133 1 134
134 135 1 134
135 134 1 135
135 136 1 135
136 135 1 136
136 137 1 136
137 136 1 137
137 138 1 137
138 137 1 138
138 139 1 138
139 138 1 139
139 140 1 139
140 139 1 140
140 141 1 140
141 140 1 141
141 142 1 141
142 141 1 142
142 143 1 142
143 142 1 143
143 159 1 143
144 128 1 144
144 160 1 144
145 146 1 145
145 161 1 145
146 145 1 146
146 147 1 146
147 146 1 147
147 148 1 147
148 147 1 148
148 149 1 148
149 148 1 149
149 150 1 149
150 149 1 150
150 151 1 150
151 150 1 151
151 152 1 151
152 151 1 152
152 153 1 152
153 152 1 153
153 154 1 153
154 153 1 154
154 155 1 154
155 154 1 155
155 156 1 155
156 155 1 156
156 157 1 156
157 156 1 157
157 158 1 157
158 157 1 158
158 159 1 158
159 143 1 159
159 158 1 159
160 144 1 160
160 176 1 160
161 145 1 161
161 162 1 161
162 161 1 162
162 163 1 162
163 162 1 163
163 164 1 163
164 163 1 164
164 165 1 164
165 164 1 165
165 166 1 165
166 165 1 166
166 167 1 166
167 166 1 167
167 168 1 167
168 167 1 168
168 169 1 168
169 168 1 169
169 170 1 169
170 169 1 170
170 171 1 170
171 170 1 171
171 172 1 171
172 171 1 172
172 173 1 172
173 172 1 173
173 174 1 173
174 173 1 174
174 175 1 174
175 174 1 175
175 191 1 175
176 160 1 176
176 192 1 176
177 178 1 177
177 193 1 177
178 177 1 178
178 179 1 178
179 178 1 179
179 180 1 179
180 179 1 180
180 181 1 180
181 180 1 181
181 182 1 181
182 181 1 182
182 183 1 182
183 182 1 183
183 184 1 183
184 183 1 184
184 185 1 184
185 184 1 185
185 186 1 185
186 185 1 186
186 187 1 186
187 186 1 187
187 188 1 187
188 187 1 188
188 189 1 188
189 188 1 189
189 190 1 189
190 189 1 190
190 191 1 190
191 175 1 191
191 190 1 191
192 176 1 192
192 208 1 192
193 177 1 193
193 194 1 193
194 193 1 194
194 195 1 194
195 194 1 195
195 196 1 195
196 195 1 196
196 197 1 196
197 196 1 197
197 198 1 197
198 197 1 198
198 199 1 198
199 198 1 199
199 200 1 199
200 199 1 200
200 201 1 200
201 200 1 201
201 202 1 201
202 201 1 202
202 203 1 202
203 202 1 203
203 204 1 203
204 203 1 204
204 205 1 204
205 204 1 205
205 206 1 205
206 205 1 206
206 207 1 206
207 206 1 207
207 223 1 207
208 192 1 208
208 224 1 208
209 210 1 209
209 225 1 209
210 209 1 210
210 211 1 210
211 210 1 211
211 212 1 211
212 211 1 212
212 213 1 212
213 212 1 213
213 214 1 213
214 213 1 214
214 215 1 214
215 214 1 215
215 216 1 215
216 215 1 216
216 217 1 216
217 216 1 217
217 218 1 217
218 217 1 218
218 219 1 218
219 218 1 219
219 220 1 219
220 219 1 220
220 221 1 220
221 220 1 221
221 222 1 221
222 221 1 222
222 223 1 222
223 207 1 223
223 222 1 223
224 208 1 224
224 240 1 224
225 209 1 225
225 226 1 225
226 225 1 226
226 227 1 226
227 226 1 227
227 228 1 227
228 227 1 228
228 229 1 228
229 228 1 229
229 230 1 229
230 229 1 230
230 231 1 230
231 230 1 231
231 232 1 231
232 231 1 232
232 233 1 232
233 232 1 233
233 234 1 233
234 233 1 234
234 235 1 234
235 234 1 235
235 236 1 235
236 235 1 236
236 237 1 236
237 236 1 237
237 238 1 237
238 237 1 238
238 239 1 238
239 238 1 239
239 255 1 239
240 224 1 240
240 241 1 240
241 240 1 241
241 242 1 241
242 241 1 242
242 243 1 242
243 242 1 243
243 244 1 243
244 243 1 244
244 245 1 244
245 244 1 245
245 246 1 245
246 245 1 246
246 247 1 246
247 246 1 247
247 248 1 247
248 247 1 248
248 249 1 248
249 248 1 249
249 250 1 249
250 249 1 250
250 251 1 250
251 250 1 251
251 252 1 251
252 251 1 252
252 253 1 252
253 252 1 253
253 254 1 253
254 253 1 254
254 255 1 254
255 239 1 255
255 254 1 255
0 16 5 1
1 0 5 2
1 2 5 0
2 1 5 3
2 3 5 1
3 2 5 4
3 4 5 2
4 3 5 5
4 5 5 3
5 4 5 6
5 6 5 4
6 5 5 7
6 7 5 5
7 6 5 8
7 8 5 6
8 7 5 9
8 9 5 7
9 8 5 10
9 10 5 8
10 9 5 11
10 11 5 9
11 10 5 12
11 12 5 10
12 11 5 13
12 13 5 11
13 12 5 14
13 14 5 12
14 13 5 15
14 15 5 13
15 31 5 14
17 33 5 18
18 17 5 19
18 19 5 17
19 18 5 20
19 20 5 18
20 19 5 21
20 21 5 19
21 20 5 22
21 22 5 20
22 21 5 23
22 23 5 21
23 22 5 24
23 24 5 22
24 23 5 25
24 25 5 23
25 24 5 26
25 26 5 24
26 25 5 27
26 27 5 25
27 26 5 28
27 28 5 26
28 27 5 29
28 29 5 27
29 28 5 30
29 30 5 28
30 29 5 31
30 31 5 29
31 15 5 30
33 17 5 34
34 33 5 35
34 35 5 33
35 34 5 36
35 36 5 34
36 35 5 37
36 37 5 35
37 36 5 38
37 38 5 36
38 37 5 39
38 39 5 37
39 38 5 40
39 40 5 38
40 39 5 41
40 41 5 39
41 40 5 42
41 42 5 40
42 41 5 43
42 43 5 41
43 42 5 44
43 44 5 42
44 43 5 45
44 45 5 43
45 44 5 46
45 46 5 44
46 45 5 47
46 47 5 45
47 63 5 46
49 65 5 50
50 49 5 51
50 51 5 49
51 50 5 52
51 52 5 50
52 51 5 53
52 53 5 51
53 52 5 54
53 54 5 52
54 53 5 55
54 55 5 53
55 54 5 56
55 56 5 54
56 55 5 57
56 57 5 55
57 56 5 58
57 58 5 56
58 57 5 59
58 59 5 57
59 58 5 60
59 60 5 58
60 59 5 61
60 61 5 59
61 60 5 62
61 62 5 60
62 61 5 63
62 63 5 61
63 47 5 62
65 49 5 66
66 65 5 67
66 67 5 65
67 66 5 68
67 68 5 66
68 67 5 69
68 69 5 67
69 68 5 70
69 70 5 68
70 69 5 71
70 71 5 69
71 70 5 72
71 72 5 70
72 71 5 73
72 73 5 71
73 72 5 74
73 74 5 72
74 73 5 75
74 75 5 73
75 74 5 76
75 76 5 74
76 75 5 77
76 77 5 75
77 76 5 78
77 78 5 76
78 77 5 79
78 79 5 77
79 95 5 78
81 97 5 82
82 81 5 83
82 83 5 81
83 82 5 84
83 84 5 82
84 83 5 85
84 85 5 83
85 84 5 86
85 86 5 84
86 85 5 87
86 87 5 85
87 86 5 88
87 88 5 86
88 87 5 89
88 89 5 87
89 88 5 90
89 90 5 88
90 89 5 91
90 91 5 89
91 90 5 92
91 92 5 90
92 91 5 93
92 93 5 91
93 92 5 94
93 94 5 92
94 93 5 95
94 95 5 93
95 79 5 94
97 81 5 98
98 97 5 99
98 99 5 97
99 98 5 100
99 100 5 98
100 99 5 101
100 101 5 99
101 100 5 102
101 102 5 100
102 101 5 103
102 103 5 101
103 102 5 104
103 104 5 102
104 103 5 105
104 105 5 103
105 104 5 106
105 106 5 104
106 105 5 107
106 107 5 105
107 106 5 108
107 108 5 106
108 107 5 109
108 109 5 107
109 108 5 110
109 110 5 108
110 109 5 111
110 111 5 109
111 127 5 110
113 129 5 114
114 113 5 115
114 115 5 113
115 114 5 116
115 116 5 114
116 115 5 117
116 117 5 115
117 116 5 118
117 118 5 116
118 117 5 119
118 119 5 117
119 118 5 120
119 120 5 118
120 119 5 121
120 121 5 119
121 120 5 122
121 122 5 120
122 121 5 123
122 123 5 121
123 122 5 124
123 124 5 122
124 123 5 125
124 125 5 123
125 124 5 126
125 126 5 124
126 125 5 127
126 127 5 125
127 111 5 126
129 113 5 130
130 129 5 131
130 131 5 129
131 130 5 132
131 132 5 130
132 131 5 133
132 133 5 131
133 132 5 134
133 134 5 132
134 133 5 135
134 135 5 133
135 134 5 136
135 136 5 134
136 135 5 137
136 137 5 135
137 136 5 138
137 138 5 136
138 137 5 139
138 139 5 137
139 138 5 140
139 140 5 138
140 139 5 141
140 141 5 139
141 140 5 142
141 142 5 140
142 141 5 143
142 143 5 141
143 159 5 142
145 161 5 146
146 145 5 147
146 147 5 145
147 146 5 148
147 148 5 146
148 147 5 149
148 149 5 147
149 148 5 150
149 150 5 148
150 149 5 151
150 151 5 149
151 150 5 152
151 152 5 150
152 151 5 153
152 153 5 151
153 152 5 154
153 154 5 152
154 153 5 155
154 155 5 153
155 154 5 156
155 156 5 154
156 155 5 157
156 157 5 155
157 156 5 158
157 158 5 156
158 157 5 159
158 159 5 157
159 143 5 158
161 145 5 162
162 161 5 163
162 163 5 161
163 162 5 164
163 164 5 162
164 163 5 165
164 165 5 163
165 164 5 166
165 166 5 164
166 165 5 167
166 167 5 165
167 166 5 168
167 168 5 166
168 167 5 169
168 169 5 167
169 168 5 170
169 170 5 168
170 169 5 171
170 171 5 169
171 170 5 172
171 172 5 170
172 171 5 173
172 173 5 171
173 172 5 174
173 174 5 172
174 173 5 175
174 175 5 173
175 191 5 174
177 193 5 178
178 177 5 179
178 179 5 177
179 178 5 180
179 180 5 178
180 179 5 181
180 181 5 179
181 180 5 182
181 182 5 180
182 181 5 183
182 183 5 181
183 182 5 184
183 184 5 182
184 183 5 185
184 185 5 183
185 184 5 186
185 186 5 184
186 185 5 187
186 187 5 185
187 186 5 188
187 188 5 186
188 187 5 189
188 189 5 187
189 188 5 190
189 190 5 188
190 189 5 191
190 191 5 189
191 175 5 190
193 177 5 194
194 193 5 195
194 195 5 193
195 194 5 196
195 196 5 194
196 195 5 197
196 197 5 195
197 196 5 198
197 198 5 196
198 197 5 199
198 199 5 197
199 198 5 200
199 200 5 198
200 199 5 201
200 201 5 199
201 200 5 202
201 202 5 200
202 201 5 203
202 203 5 201
203 202 5 204
203 204 5 202
204 203 5 205
204 205 5 203
205 204 5 206
205 206 5 204
206 205 5 207
206 207 5 205
207 223 5 206
209 225 5 210
210 209 5 211
210 211 5 209
211 210 5 212
211 212 5 210
212 211 5 213
212 213 5 211
213 212 5 214
213 214 5 212
214 213 5 215
214 215 5 213
215 214 5 216
215 216 5 214
216 215 5 217
216 217 5 215
217 216 5 218
217 218 5 216
218 217 5 219
218 219 5 217
219 218 5 220
219 220 5 218
220 219 5 221
220 221 5 219
221 220 5 222
221 222 5 220
222 221 5 223
222 223 5 221
223 207 5 222
225 209 5 226
226 225 5 227
226 227 5 225
227 226 5 228
227 228 5 226
228 227 5 229
228 229 5 227
229 228 5 230
229 230 5 228
230 229 5 231
230 231 5 229
231 230 5 232
231 232 5 230
232 231 5 233
232 233 5 231
233 232 5 234
233 234 5 232
234 233 5 235
234 235 5 233
235 234 5 236
235 236 5 234
236 235 5 237
236 237 5 235
237 236 5 238
237 238 5 236
238 237 5 239
238 239 5 237
239 255 5 238
240 224 5 241
241 240 5 242
241 242 5 240
242 241 5 243
242 243 5 241
243 242 5 244
243 244 5 242
244 243 5 245
244 245 5 243
245 244 5 246
245 246 5 244
246 245 5 247
246 247 5 245
247 246 5 248
247 248 5 246
248 247 5 249
248 249 5 247
249 248 5 250
249 250 5 248
250 249 5 251
250 251 5 249
251 250 5 252
251 252 5 250
252 251 5 253
252 253 5 251
253 252 5 254
253 254 5 252
254 253 5 255
254 255 5 253
255 239 5 254
0 1 7 16
15 14 7 31
16 0 7 32
16 32 7 0
17 18 7 33
31 30 7 15
32 16 7 48
32 48 7 16
33 34 7 17
47 46 7 63
48 32 7 64
48 64 7 32
49 50 7 65
63 62 7 47
64 48 7 80
64 80 7 48
65 66 7 49
79 78 7 95
80 64 7 96
80 96 7 64
81 82 7 97
95 94 7 79
96 80 7 112
96 112 7 80
97 98 7 81
111 110 7 127
112 96 7 128
112 128 7 96
113 114 7 129
127 126 7 111
128 112 7 144
128 144 7 112
129 130 7 113
143 142 7 159
144 128 7 160
144 160 7 128
145 146 7 161
159 158 7 143
160 144 7 176
160 176 7 144
161 162 7 145
175 174 7 191
176 160 7 192
176 192 7 160
177 178 7 193
191 190 7 175
192 176 7 208
192 208 7 176
193 194 7 177
207 206 7 223
208 192 7 224
208 224 7 192
209 210 7 225
223 222 7 207
224 208 7 240
224 240 7 208
225 226 7 209
239 238 7 255
240 241 7 224
255 254 7 239
0 16 9 2
1 0 9 3
2 1 9 4
2 3 9 0
3 2 9 5
3 4 9 1
4 3 9 6
4 5 9 2
5 4 9 7
5 6 9 3
6 5 9 8
6 7 9 4
7 6 9 9
7 8 9 5
8 7 9 10
8 9 9 6
9 8 9 11
9 10 9 7
10 9 9 12
10 11 9 8
11 10 9 13
11 12 9 9
12 11 9 14
12 13 9 10
13 12 9 15
13 14 9 11
14 15 9 12
15 31 9 13
17 33 9 19
18 17 9 20
19 18 9 21
19 20 9 17
20 19 9 22
20 21 9 18
21 20 9 23
21 22 9 19
22 21 9 24
22 23 9 20
23 22 9 25
23 24 9 21
24 23 9 26
24 25 9 22
25 24 9 27
25 26 9 23
26 25 9 28
26 27 9 24
27 26 9 29
27 28 9 25
28 27 9 30
28 29 9 26
29 28 9 31
29 30 9 27
30 31 9 28
31 15 9 29
33 17 9 35
34 33 9 36
35 34 9 37
35 36 9 33
36 35 9 38
36 37 9 34
37 36 9 39
37 38 9 35
38 37 9 40
38 39 9 36
39 38 9 41
39 40 9 37
40 39 9 42
40 41 9 38
41 40 9 43
41 42 9 39
42 41 9 44
42 43 9 40
43 42 9 45
43 44 9 41
44 43 9 46
44 45 9 42
45 44 9 47
45 46 9 43
46 47 9 44
47 63 9 45
49 65 9 51
50 49 9 52
51 50 9 53
51 52 9 49
52 51 9 54
52 53 9 50
53 52 9 55
53 54 9 51
54 53 9 56
54 55 9 52
55 54 9 57
55 56 9 53
56 55 9 58
56 57 9 54
57 56 9 59
57 58 9 55
58 57 9 60
58 59 9 56
59 58 9 61
59 60 9 57
60 59 9 62
60 61 9 58
61 60 9 63
61 62 9 59
62 63 9 60
63 47 9 61
65 49 9 67
66 65 9 68
67 66 9 69
67 68 9 65
68 67 9 70
68 69 9 66
69 68 9 71
69 70 9 67
70 69 9 72
70 71 9 68
71 70 9 73
71 72 9 69
72 71 9 74
72 73 9 70
73 72 9 75
73 74 9 71
74 73 9 76
74 75 9 72
75 74 9 77
75 76 9 73
76 75 9 78
76 77 9 74
77 76 9 79
77 78 9 75
78 79 9 76
79 95 9 77
81 97 9 83
82 81 9 84
83 82 9 85
83 84 9 81
84 83 9 86
84 85 9 82
85 84 9 87
85 86 9 83
86 85 9 88
86 87 9 84
87 86 9 89
87 88 9 85
88 87 9 90
88 89 9 86
89 88 9 91
89 90 9 87
90 89 9 92
90 91 9 88
91 90 9 93
91 92 9 89
92 91 9 94
92 93 9 90
93 92 9 95
93 94 9 91
94 95 9 92
95 79 9 93
97 81 9 99
98 97 9 100
99 98 9 101
99 100 9 97
100 99 9 102
100 101 9 98
101 100 9 103
101 102 9 99
102 101 9 104
102 103 9 100
103 102 9 105
103 104 9 101
104 103 9 106
104 105 9 102
105 104 9 107
105 106 9 103
106 105 9 108
106 107 9 104
107 106 9 109
107 108 9 105
108 107 9 110
108 109 9 106
109 108 9 111
109 110 9 107
110 111 9 108
111 127 9 109
113 129 9 115
114 113 9 116
115 114 9 117
115 116 9 113
116 115 9 118
116 117 9 114
117 116 9 119
117 118 9 115
118 117 9 120
118 119 9 116
119 118 9 121
119 120 9 117
120 119 9 122
120 121 9 118
121 120 9 123
121 122 9 119
122 121 9 124
122 123 9 120
123 122 9 125
123 124 9 121
124 123 9 126
124 125 9 122
125 124 9 127
125 126 9 123
126 127 9 124
127 111 9 125
129 113 9 131
130 129 9 132
131 130 9 133
131 132 9 129
132 131 9 134
132 133 9 130
133 132 9 135
133 134 9 131
134 133 9 136
134 135 9 132
135 134 9 137
135 136 9 133
136 135 9 138
136 137 9 134
137 136 9 139
137 138 9 135
138 137 9 140
138 139 9 136
139 138 9 141
139 140 9 137
140 139 9 142
140 141 9 138
141 140 9 143
141 142 9 139
142 143 9 140
143 159 9 141
145 161 9 147
146 145 9 148
147 146 9 149
147 148 9 145
148 147 9 150
148 149 9 146
149 148 9 151
149 150 9 147
150 149 9 152
150 151 9 148
151 150 9 153
151 152 9 149
152 151 9 154
152 153 9 150
153 152 9 155
153 154 9 151
154 153 9 156
154 155 9 152
155 154 9 157
155 156 9 153
156 155 9 158
156 157 9 154
157 156 9 159
157 158 9 155
158 159 9 156
159 143 9 157
161 145 9 163
162 161 9 164
163 162 9 165
163 164 9 161
164 163 9 166
164 165 9 162
165 164 9 167
165 166 9 163
166 165 9 168
166 167 9 164
167 166 9 169
167 168 9 165
168 167 9 170
168 169 9 166
169 168 9 171
169 170 9 167
170 169 9 172
170 171 9 168
171 170 9 173
171 172 9 169
172 171 9 174
172 173 9 170
173 172 9 175
173 174 9 171
174 175 9 172
175 191 9 173
177 193 9 179
178 177 9 180
179 178 9 181
179 180 9 177
180 179 9 182
180 181 9 178
181 180 9 183
181 182 9 179
182 181 9 184
182 183 9 180
183 182 9 185
183 184 9 181
184 183 9 186
184 185 9 182
185 184 9 187
185 186 9 183
186 185 9 188
186 187 9 184
187 186 9 189
187 188 9 185
188 187 9 190
188 189 9 186
189 188 9 191
189 190 9 187
190 191 9 188
191 175 9 189
193 177 9 195
194 193 9 196
195 194 9 197
195 196 9 193
196 195 9 198
196 197 9 194
197 196 9 199
197 198 9 195
198 197 9 200
198 199 9 196
199 198 9 201
199 200 9 197
200 199 9 202
200 201 9 198
201 200 9 203
201 202 9 199
202 201 9 204
202 203 9 200
203 202 9 205
203 204 9 201
204 203 9 206
204 205 9 202
205 204 9 207
205 206 9 203
206 207 9 204
207 223 9 205
209 225 9 211
210 209 9 212
211 210 9 213
211 212 9 209
212 211 9 214
212 213 9 210
213 212 9 215
213 214 9 211
214 213 9 216
214 215 9 212
215 214 9 217
215 216 9 213
216 215 9 218
216 217 9 214
217 216 9 219
217 218 9 215
218 217 9 220
218 219 9 216
219 218 9 221
219 220 9 217
220 219 9 222
220 221 9 218
221 220 9 223
221 222 9 219
222 223 9 220
223 207 9 221
225 209 9 227
226 225 9 228
227 226 9 229
227 228 9 225
228 227 9 230
228 229 9 226
229 228 9 231
229 230 9 227
230 229 9 232
230 231 9 228
231 230 9 233
231 232 9 229
232 231 9 234
232 233 9 230
233 232 9 235
233 234 9 231
234 233 9 236
234 235 9 232
235 234 9 237
235 236 9 233
236 235 9 238
236 237 9 234
237 236 9 239
237 238 9 235
238 239 9 236
239 255 9 237
240 224 9 242
241 240 9 243
242 241 9 244
242 243 9 240
243 242 9 245
243 244 9 241
244 243 9 246
244 245 9 242
245 244 9 247
245 246 9 243
246 245 9 248
246 247 9 244
247 246 9 249
247 248 9 245
248 247 9 250
248 249 9 246
249 248 9 251
249 250 9 247
250 249 9 252
250 251 9 248
251 250 9 253
251 252 9 249
252 251 9 254
252 253 9 250
253 252 9 255
253 254 9 251
254 255 9 252
255 239 9 253
1 2 11 16
14 13 11 31
15 14 11 30
16 32 11 1
17 18 11 34
18 19 11 33
30 29 11 15
31 30 11 14
33 34 11 18
34 35 11 17
46 45 11 63
47 46 11 62
49 50 11 66
50 51 11 65
62 61 11 47
63 62 11 46
65 66 11 50
66 67 11 49
78 77 11 95
79 78 11 94
81 82 11 98
82 83 11 97
94 93 11 79
95 94 11 78
97 98 11 82
98 99 11 81
110 109 11 127
111 110 11 126
113 114 11 130
114 115 11 129
126 125 11 111
127 126 11 110
129 130 11 114
130 131 11 113
142 141 11 159
143 142 11 158
145 146 11 162
146 147 11 161
158 157 11 143
159 158 11 142
161 162 11 146
162 163 11 145
174 173 11 191
175 174 11 190
177 178 11 194
178 179 11 193
190 189 11 175
191 190 11 174
193 194 11 178
194 195 11 177
206 205 11 223
207 206 11 222
209 210 11 226
210 211 11 225
222 221 11 207
223 222 11 206
224 208 11 241
225 226 11 210
226 227 11 209
238 237 11 255
239 238 11 254
241 242 11 224
254 253 11 239
255 254 11 238
0 1 13 32
0 16 13 3
1 0 13 4
2 1 13 5
3 2 13 6
3 4 13 0
4 3 13 7
4 5 13 1
5 4 13 8
5 6 13 2
6 5 13 9
6 7 13 3
7 6 13 10
7 8 13 4
8 7 13 11
8 9 13 5
9 8 13 12
9 10 13 6
10 9 13 13
10 11 13 7
11 10 13 14
11 12 13 8
12 11 13 15
12 13 13 9
13 14 13 10
14 15 13 11
15 31 13 12
16 0 13 48
17 33 13 20
18 17 13 21
19 18 13 22
20 19 13 23
20 21 13 17
21 20 13 24
21 22 13 18
22 21 13 25
22 23 13 19
23 22 13 26
23 24 13 20
24 23 13 27
24 25 13 21
25 24 13 28
25 26 13 22
26 25 13 29
26 27 13 23
27 26 13 30
27 28 13 24
28 27 13 31
28 29 13 25
29 30 13 26
30 31 13 27
31 15 13 28
32 16 13 64
32 48 13 0
33 17 13 36
34 33 13 37
35 34 13 38
36 35 13 39
36 37 13 33
37 36 13 40
37 38 13 34
38 37 13 41
38 39 13 35
39 38 13 42
39 40 13 36
40 39 13 43
40 41 13 37
41 40 13 44
41 42 13 38
42 41 13 45
42 43 13 39
43 42 13 46
43 44 13 40
44 43 13 47
44 45 13 41
45 46 13 42
46 47 13 43
47 63 13 44
48 32 13 80
48 64 13 16
49 65 13 52
50 49 13 53
51 50 13 54
52 51 13 55
52 53 13 49
53 52 13 56
53 54 13 50
54 53 13 57
54 55 13 51
55 54 13 58
55 56 13 52
56 55 13 59
56 57 13 53
57 56 13 60
57 58 13 54
58 57 13 61
58 59 13 55
59 58 13 62
59 60 13 56
60 59 13 63
60 61 13 57
61 62 13 58
62 63 13 59
63 47 13 60
64 48 13 96
64 80 13 32
65 49 13 68
66 65 13 69
67 66 13 70
68 67 13 71
68 69 13 65
69 68 13 72
69 70 13 66
70 69 13 73
70 71 13 67
71 70 13 74
71 72 13 68
72 71 13 75
72 73 13 69
73 72 13 76
73 74 13 70
74 73 13 77
74 75 13 71
75 74 13 78
75 76 13 72
76 75 13 79
76 77 13 73
77 78 13 74
78 79 13 75
79 95 13 76
80 64 13 112
80 96 13 48
81 97 13 84
82 81 13 85
83 82 13 86
84 83 13 87
84 85 13 81
85 84 13 88
85 86 13 82
86 85 13 89
86 87 13 83
87 86 13 90
87 88 13 84
88 87 13 91
88 89 13 85
89 88 13 92
89 90 13 86
90 89 13 93
90 91 13 87
91 90 13 94
91 92 13 88
92 91 13 95
92 93 13 89
93 94 13 90
94 95 13 91
95 79 13 92
96 80 13 128
96 112 13 64
97 81 13 100
98 97 13 101
99 98 13 102
100 99 13 103
100 101 13 97
101 100 13 104
101 102 13 98
102 101 13 105
102 103 13 99
103 102 13 106
103 104 13 100
104 103 13 107
104 105 13 101
105 104 13 108
105 106 13 102
106 105 13 109
106 107 13 103
107 106 13 110
107 108 13 104
108 107 13 111
108 109 13 105
109 110 13 106
110 111 13 107
111 127 13 108
112 96 13 144
112 128 13 80
113 129 13 116
114 113 13 117
115 114 13 118
116 115 13 119
116 117 13 113
117 116 13 120
117 118 13 114
118 117 13 121
118 119 13 115
119 118 13 122
119 120 13 116
120 119 13 123
120 121 13 117
121 120 13 124
121 122 13 118
122 121 13 125
122 123 13 119
123 122 13 126
123 124 13 120
124 123 13 127
124 125 13 121
125 126 13 122
126 127 13 123
127 111 13 124
128 112 13 160
128 144 13 96
129 113 13 132
130 129 13 133
131 130 13 134
132 131 13 135
132 133 13 129
133 132 13 136
133 134 13 130
134 133 13 137
134 135 13 131
135 134 13 138
135 136 13 132
136 135 13 139
136 137 13 133
137 136 13 140
137 138 13 134
138 137 13 141
138 139 13 135
139 138 13 142
139 140 13 136
140 139 13 143
140 141 13 137
141 142 13 138
142 143 13 139
143 159 13 140
144 128 13 176
144 160 13 112
145 161 13 148
146 145 13 149
147 146 13 150
148 147 13 151
148 149 13 145
149 148 13 152
149 150 13 146
150 149 13 153
150 151 13 147
151 150 13 154
151 152 13 148
152 151 13 155
152 153 13 149
153 152 13 156
153 154 13 150
154 153 13 157
154 155 13 151
155 154 13 158
155 156 13 152
156 155 13 159
156 157 13 153
157 158 13 154
158 159 13 155
159 143 13 156
160 144 13 192
160 176 13 128
161 145 13 164
162 161 13 165
163 162 13 166
164 163 13 167
164 165 13 161
165 164 13 168
165 166 13 162
166 165 13 169
166 167 13 163
167 166 13 170
167 168 13 164
168 167 13 171
168 169 13 165
169 168 13 172
169 170 13 166
170 169 13 173
170 171 13 167
171 170 13 174
171 172 13 168
172 171 13 175
172 173 13 169
173 174 13 170
174 175 13 171
175 191 13 172
176 160 13 208
176 192 13 144
177 193 13 180
178 177 13 181
179 178 13 182
180 179 13 183
180 181 13 177
181 180 13 184
181 182 13 178
182 181 13 185
182 183 13 179
183 182 13 186
183 184 13 180
184 183 13 187
184 185 13 181
185 184 13 188
185 186 13 182
186 185 13 189
186 187 13 183
187 186 13 190
187 188 13 184
188 187 13 191
188 189 13 185
189 190 13 186
190 191 13 187
191 175 13 188
192 176 13 224
192 208 13 160
193 177 13 196
194 193 13 197
195 194 13 198
196 195 13 199
196 197 13 193
197 196 13 200
197 198 13 194
198 197 13 201
198 199 13 195
199 198 13 202
199 200 13 196
200 199 13 203
200 201 13 197
201 200 13 204
201 202 13 198
202 201 13 205
202 203 13 199
203 202 13 206
203 204 13 200
204 203 13 207
204 205 13 201
205 206 13 202
206 207 13 203
207 223 13 204
208 192 13 240
208 224 13 176
209 225 13 212
210 209 13 213
211 210 13 214
212 211 13 215
212 213 13 209
213 212 13 216
213 214 13 210
214 213 13 217
214 215 13 211
215 214 13 218
215 216 13 212
216 215 13 219
216 217 13 213
217 216 13 220
217 218 13 214
218 217 13 221
218 219 13 215
219 218 13 222
219 220 13 216
220 219 13 223
220 221 13 217
221 222 13 218
222 223 13 219
223 207 13 220
224 240 13 192
225 209 13 228
226 225 13 229
227 226 13 230
228 227 13 231
228 229 13 225
229 228 13 232
229 230 13 226
230 229 13 233
230 231 13 227
231 230 13 234
231 232 13 228
232 231 13 235
232 233 13 229
233 232 13 236
233 234 13 230
234 233 13 237
234 235 13 231
235 234 13 238
235 236 13 232
236 235 13 239
236 237 13 233
237 238 13 234
238 239 13 235
239 255 13 236
240 224 13 243
240 241 13 208
241 240 13 244
242 241 13 245
243 242 13 246
243 244 13 240
244 243 13 247
244 245 13 241
245 244 13 248
245 246 13 242
246 245 13 249
246 247 13 243
247 246 13 250
247 248 13 244
248 247 13 251
248 249 13 245
249 248 13 252
249 250 13 246
250 249 13 253
250 251 13 247
251 250 13 254
251 252 13 248
252 251 13 255
252 253 13 249
253 254 13 250
254 255 13 251
255 239 13 252
2 3 15 16
13 12 15 31
14 13 15 30
15 14 15 29
16 32 15 2
17 18 15 35
18 19 15 34
19 20 15 33
29 28 15 15
30 29 15 14
31 30 15 13
33 34 15 19
34 35 15 18
35 36 15 17
45 44 15 63
46 45 15 62
47 46 15 61
49 50 15 67
50 51 15 66
51 52 15 65
61 60 15 47
62 61 15 46
63 62 15 45
65 66 15 51
66 67 15 50
67 68 15 49
77 76 15 95
78 77 15 94
79 78 15 93
81 82 15 99
82 83 15 98
83 84 15 97
93 92 15 79
94 93 15 78
95 94 15 77
97 98 15 83
98 99 15 82
99 100 15 81
109 108 15 127
110 109 15 126
111 110 15 125
113 114 15 131
114 115 15 130
115 116 15 129
125 124 15 111
126 125 15 110
127 126 15 109
129 130 15 115
130 131 15 114
131 132 15 113
141 140 15 159
142 141 15 158
143 142 15 157
145 146 15 163
146 147 15 162
147 148 15 161
157 156 15 143
158 157 15 142
159 158 15 141
161 162 15 147
162 163 15 146
163 164 15 145
173 172 15 191
174 173 15 190
175 174 15 189
177 178 15 195
178 179 15 194
179 180 15 193
189 188 15 175
190 189 15 174
191 190 15 173
193 194 15 179
194 195 15 178
195 196 15 177
205 204 15 223
206 205 15 222
207 206 15 221
209 210 15 227
210 211 15 226
211 212 15 225
221 220 15 207
222 221 15 206
223 222 15 205
224 208 15 242
225 226 15 211
226 227 15 210
227 228 15 209
237 236 15 255
238 237 15 254
239 238 15 253
242 243 15 224
253 252 15 239
254 253 15 238
255 254 15 237
0 16 17 4
1 0 17 5
1 2 17 32
2 1 17 6
3 2 17 7
4 3 17 8
4 5 17 0
5 4 17 9
5 6 17 1
6 5 17 10
6 7 17 2
7 6 17 11
7 8 17 3
8 7 17 12
8 9 17 4
9 8 17 13
9 10 17 5
10 9 17 14
10 11 17 6
11 10 17 15
11 12 17 7
12 13 17 8
13 14 17 9
14 15 17 10
15 31 17 11
17 33 17 21
18 17 17 22
19 18 17 23
20 19 17 24
21 20 17 25
21 22 17 17
22 21 17 26
22 23 17 18
23 22 17 27
23 24 17 19
24 23 17 28
24 25 17 20
25 24 17 29
25 26 17 21
26 25 17 30
26 27 17 22
27 26 17 31
27 28 17 23
28 29 17 24
29 30 17 25
30 31 17 26
31 15 17 27
32 48 17 1
33 17 17 37
34 33 17 38
35 34 17 39
36 35 17 40
37 36 17 41
37 38 17 33
38 37 17 42
38 39 17 34
39 38 17 43
39 40 17 35
40 39 17 44
40 41 17 36
41 40 17 45
41 42 17 37
42 41 17 46
42 43 17 38
43 42 17 47
43 44 17 39
44 45 17 40
45 46 17 41
46 47 17 42
47 63 17 43
49 65 17 53
50 49 17 54
51 50 17 55
52 51 17 56
53 52 17 57
53 54 17 49
54 53 17 58
54 55 17 50
55 54 17 59
55 56 17 51
56 55 17 60
56 57 17 52
57 56 17 61
57 58 17 53
58 57 17 62
58 59 17 54
59 58 17 63
59 60 17 55
60 61 17 56
61 62 17 57
62 63 17 58
63 47 17 59
65 49 17 69
66 65 17 70
67 66 17 71
68 67 17 72
69 68 17 73
69 70 17 65
70 69 17 74
70 71 17 66
71 70 17 75
71 72 17 67
72 71 17 76
72 73 17 68
73 72 17 77
73 74 17 69
74 73 17 78
74 75 17 70
75 74 17 79
75 76 17 71
76 77 17 72
77 78 17 73
78 79 17 74
79 95 17 75
81 97 17 85
82 81 17 86
83 82 17 87
84 83 17 88
85 84 17 89
85 86 17 81
86 85 17 90
86 87 17 82
87 86 17 91
87 88 17 83
88 87 17 92
88 89 17 84
89 88 17 93
89 90 17 85
90 89 17 94
90 91 17 86
91 90 17 95
91 92 17 87
92 93 17 88
93 94 17 89
94 95 17 90
95 79 17 91
97 81 17 101
98 97 17 102
99 98 17 103
100 99 17 104
101 100 17 105
101 102 17 97
102 101 17 106
102 103 17 98
103 102 17 107
103 104 17 99
104 103 17 108
104 105 17 100
105 104 17 109
105 106 17 101
106 105 17 110
106 107 17 102
107 106 17 111
107 108 17 103
108 109 17 104
109 110 17 105
110 111 17 106
111 127 17 107
113 129 17 117
114 113 17 118
115 114 17 119
116 115 17 120
117 116 17 121
117 118 17 113
118 117 17 122
118 119 17 114
119 118 17 123
119 120 17 115
120 119 17 124
120 121 17 116
121 120 17 125
121 122 17 117
122 121 17 126
122 123 17 118
123 122 17 127
123 124 17 119
124 125 17 120
125 126 17 121
126 127 17 122
127 111 17 123
129 113 17 133
130 129 17 134
131 130 17 135
132 131 17 136
133 132 17 137
133 134 17 129
134 133 17 138
134 135 17 130
135 134 17 139
135 136 17 131
136 135 17 140
136 137 17 132
137 136 17 141
137 138 17 133
138 137 17 142
138 139 17 134
139 138 17 143
139 140 17 135
140 141 17 136
141 142 17 137
142 143 17 138
143 159 17 139
145 161 17 149
146 145 17 150
147 146 17 151
148 147 17 152
149 148 17 153
149 150 17 145
150 149 17 154
150 151 17 146
151 150 17 155
151 152 17 147
152 151 17 156
152 153 17 148
153 152 17 157
153 154 17 149
154 153 17 158
154 155 17 150
155 154 17 159
155 156 17 151
156 157 17 152
157 158 17 153
158 159 17 154
159 143 17 155
161 145 17 165
162 161 17 166
163 162 17 167
164 163 17 168
165 164 17 169
165 166 17 161
166 165 17 170
166 167 17 162
167 166 17 171
167 168 17 163
168 167 17 172
168 169 17 164
169 168 17 173
169 170 17 165
170 169 17 174
170 171 17 166
171 170 17 175
171 172 17 167
172 173 17 168
173 174 17 169
174 175 17 170
175 191 17 171
177 193 17 181
178 177 17 182
179 178 17 183
180 179 17 184
181 180 17 185
181 182 17 177
182 181 17 186
182 183 17 178
183 182 17 187
183 184 17 179
184 183 17 188
184 185 17 180
185 184 17 189
185 186 17 181
186 185 17 190
186 187 17 182
187 186 17 191
187 188 17 183
188 189 17 184
189 190 17 185
190 191 17 186
191 175 17 187
193 177 17 197
194 193 17 198
195 194 17 199
196 195 17 200
197 196 17 201
197 198 17 193
198 197 17 202
198 199 17 194
199 198 17 203
199 200 17 195
200 199 17 204
200 201 17 196
201 200 17 205
201 202 17 197
202 201 17 206
202 203 17 198
203 202 17 207
203 204 17 199
204 205 17 200
205 206 17 201
206 207 17 202
207 223 17 203
208 192 17 241
209 225 17 213
210 209 17 214
211 210 17 215
212 211 17 216
213 212 17 217
213 214 17 209
214 213 17 218
214 215 17 210
215 214 17 219
215 216 17 211
216 215 17 220
216 217 17 212
217 216 17 221
217 218 17 213
218 217 17 222
218 219 17 214
219 218 17 223
219 220 17 215
220 221 17 216
221 222 17 217
222 223 17 218
223 207 17 219
225 209 17 229
226 225 17 230
227 226 17 231
228 227 17 232
229 228 17 233
229 230 17 225
230 229 17 234
230 231 17 226
231 230 17 235
231 232 17 227
232 231 17 236
232 233 17 228
233 232 17 237
233 234 17 229
234 233 17 238
234 235 17 230
235 234 17 239
235 236 17 231
236 237 17 232
237 238 17 233
238 239 17 234
239 255 17 235
240 224 17 244
241 240 17 245
241 242 17 208
242 241 17 246
243 242 17 247
244 243 17 248
244 245 17 240
245 244 17 249
245 246 17 241
246 245 17 250
246 247 17 242
247 246 17 251
247 248 17 243
248 247 17 252
248 249 17 244
249 248 17 253
249 250 17 245
250 249 17 254
250 251 17 246
251 250 17 255
251 252 17 247
252 253 17 248
253 254 17 249
254 255 17 250
255 239 17 251
0 1 19 48
3 4 19 16
12 11 19 31
13 12 19 30
14 13 19 29
15 14 19 28
16 0 19 64
16 32 19 3
17 18 19 36
18 19 19 35
19 20 19 34
20 21 19 33
28 27 19 15
29 28 19 14
30 29 19 13
31 30 19 12
32 16 19 80
33 34 19 20
34 35 19 19
35 36 19 18
36 37 19 17
44 43 19 63
45 44 19 62
46 45 19 61
47 46 19 60
48 32 19 96
48 64 19 0
49 50 19 68
50 51 19 67
51 52 19 66
52 53 19 65
60 59 19 47
61 60 19 46
62 61 19 45
63 62 19 44
64 48 19 112
64 80 19 16
65 66 19 52
66 67 19 51
67 68 19 50
68 69 19 49
76 75 19 95
77 76 19 94
78 77 19 93
79 78 19 92
80 64 19 128
80 96 19 32
81 82 19 100
82 83 19 99
83 84 19 98
84 85 19 97
92 91 19 79
93 92 19 78
94 93 19 77
95 94 19 76
96 80 19 144
96 112 19 48
97 98 19 84
98 99 19 83
99 100 19 82
100 101 19 81
108 107 19 127
109 108 19 126
110 109 19 125
111 110 19 124
112 96 19 160
112 128 19 64
113 114 19 132
114 115 19 131
115 116 19 130
116 117 19 129
124 123 19 111
125 124 19 110
126 125 19 109
127 126 19 108
128 112 19 176
128 144 19 80
129 130 19 116
130 131 19 115
131 132 19 114
132 133 19 113
140 139 19 159
141 140 19 158
142 141 19 157
143 142 19 156
144 128 19 192
144 160 19 96
145 146 19 164
146 147 19 163
147 148 19 162
148 149 19 161
156 155 19 143
157 156 19 142
158 157 19 141
159 158 19 140
160 144 19 208
160 176 19 112
161 162 19 148
162 163 19 147
163 164 19 146
164 165 19 145
172 171 19 191
173 172 19 190
174 173 19 189
175 174 19 188
176 160 19 224
176 192 19 128
177 178 19 196
178 179 19 195
179 180 19 194
180 181 19 193
188 187 19 175
189 188 19 174
190 189 19 173
191 190 19 172
192 176 19 240
192 208 19 144
193 194 19 180
194 195 19 179
195 196 19 178
196 197 19 177
204 203 19 223
205 204 19 222
206 205 19 221
207 206 19 220
208 224 19 160
209 210 19 228
210 211 19 227
211 212 19 226
212 213 19 225
220 219 19 207
221 220 19 206
222 221 19 205
223 222 19 204
224 208 19 243
224 240 19 176
225 226 19 212
226 227 19 211
227 228 19 210
228 229 19 209
236 235 19 255
237 236 19 254
238 237 19 253
239 238 19 252
240 241 19 192
243 244 19 224
252 251 19 239
253 252 19 238
254 253 19 237
255 254 19 236
0 16 21 5
1 0 21 6
2 1 21 7
2 3 21 32
3 2 21 8
4 3 21 9
5 4 21 10
5 6 21 0
6 5 21 11
6 7 21 1
7 6 21 12
7 8 21 2
8 7 21 13
8 9 21 3
9 8 21 14
9 10 21 4
10 9 21 15
10 11 21 5
11 12 21 6
12 13 21 7
13 14 21 8
14 15 21 9
15 31 21 10
17 33 21 22
18 17 21 23
19 18 21 24
20 19 21 25
21 20 21 26
22 21 21 27
22 23 21 17
23 22 21 28
23 24 21 18
24 23 21 29
24 25 21 19
25 24 21 30
25 26 21 20
26 25 21 31
26 27 21 21
27 28 21 22
28 29 21 23
29 30 21 24
30 31 21 25
31 15 21 26
32 48 21 2
33 17 21 38
34 33 21 39
35 34 21 40
36 35 21 41
37 36 21 42
38 37 21 43
38 39 21 33
39 38 21 44
39 40 21 34
40 39 21 45
40 41 21 35
41 40 21 46
41 42 21 36
42 41 21 47
42 43 21 37
43 44 21 38
44 45 21 39
45 46 21 40
46 47 21 41
47 63 21 42
49 65 21 54
50 49 21 55
51 50 21 56
52 51 21 57
53 52 21 58
54 53 21 59
54 55 21 49
55 54 21 60
55 56 21 50
56 55 21 61
56 57 21 51
57 56 21 62
57 58 21 52
58 57 21 63
58 59 21 53
59 60 21 54
60 61 21 55
61 62 21 56
62 63 21 57
63 47 21 58
65 49 21 70
66 65 21 71
67 66 21 72
68 67 21 73
69 68 21 74
70 69 21 75
70 71 21 65
71 70 21 76
71 72 21 66
72 71 21 77
72 73 21 67
73 72 21 78
73 74 21 68
74 73 21 79
74 75 21 69
75 76 21 70
76 77 21 71
77 78 21 72
78 79 21 73
79 95 21 74
81 97 21 86
82 81 21 87
83 82 21 88
84 83 21 89
85 84 21 90
86 85 21 91
86 87 21 81
87 86 21 92
87 88 21 82
88 87 21 93
88 89 21 83
89 88 21 94
89 90 21 84
90 89 21 95
90 91 21 85
91 92 21 86
92 93 21 87
93 94 21 88
94 95 21 89
95 79 21 90
97 81 21 102
98 97 21 103
99 98 21 104
100 99 21 105
101 100 21 106
102 101 21 107
102 103 21 97
103 102 21 108
103 104 21 98
104 103 21 109
104 105 21 99
105 104 21 110
105 106 21 100
106 105 21 111
106 107 21 101
107 108 21 102
108 109 21 103
109 110 21 104
110 111 21 105
111 127 21 106
113 129 21 118
114 113 21 119
115 114 21 120
116 115 21 121
117 116 21 122
118 117 21 123
118 119 21 113
119 118 21 124
119 120 21 114
120 119 21 125
120 121 21 115
121 120 21 126
121 122 21 116
122 121 21 127
122 123 21 117
123 124 21 118
124 125 21 119
125 126 21 120
126 127 21 121
127 111 21 122
129 113 21 134
130 129 21 135
131 130 21 136
132 131 21 137
133 132 21 138
134 133 21 139
134 135 21 129
135 134 21 140
135 136 21 130
136 135 21 141
136 137 21 131
137 136 21 142
137 138 21 132
138 137 21 143
138 139 21 133
139 140 21 134
140 141 21 135
141 142 21 136
142 143 21 137
143 159 21 138
145 161 21 150
146 145 21 151
147 146 21 152
148 147 21 153
149 148 21 154
150 149 21 155
150 151 21 145
151 150 21 156
151 152 21 146
152 151 21 157
152 153 21 147
153 152 21 158
153 154 21 148
154 153 21 159
154 155 21 149
155 156 21 150
156 157 21 151
157 158 21 152
158 159 21 153
159 143 21 154
161 145 21 166
162 161 21 167
163 162 21 168
164 163 21 169
165 164 21 170
166 165 21 171
166 167 21 161
167 166 21 172
167 168 21 162
168 167 21 173
168 169 21 163
169 168 21 174
169 170 21 164
170 169 21 175
170 171 21 165
171 172 21 166
172 173 21 167
173 174 21 168
174 175 21 169
175 191 21 170
177 193 21 182
178 177 21 183
179 178 21 184
180 179 21 185
181 180 21 186
182 181 21 187
182 183 21 177
183 182 21 188
183 184 21 178
184 183 21 189
184 185 21 179
185 184 21 190
185 186 21 180
186 185 21 191
186 187 21 181
187 188 21 182
188 189 21 183
189 190 21 184
190 191 21 185
191 175 21 186
193 177 21 198
194 193 21 199
195 194 21 200
196 195 21 201
197 196 21 202
198 197 21 203
198 199 21 193
199 198 21 204
199 200 21 194
200 199 21 205
200 201 21 195
201 200 21 206
201 202 21 196
202 201 21 207
202 203 21 197
203 204 21 198
204 205 21 199
205 206 21 200
206 207 21 201
207 223 21 202
208 192 21 242
209 225 21 214
210 209 21 215
211 210 21 216
212 211 21 217
213 212 21 218
214 213 21 219
214 215 21 209
215 214 21 220
215 216 21 210
216 215 21 221
216 217 21 211
217 216 21 222
217 218 21 212
218 217 21 223
218 219 21 213
219 220 21 214
220 221 21 215
221 222 21 216
222 223 21 217
223 207 21 218
225 209 21 230
226 225 21 231
227 226 21 232
228 227 21 233
229 228 21 234
230 229 21 235
230 231 21 225
231 230 21 236
231 232 21 226
232 231 21 237
232 233 21 227
233 232 21 238
233 234 21 228
234 233 21 239
234 235 21 229
235 236 21 230
236 237 21 231
237 238 21 232
238 239 21 233
239 255 21 234
240 224 21 245
241 240 21 246
242 241 21 247
242 243 21 208
243 242 21 248
244 243 21 249
245 244 21 250
245 246 21 240
246 245 21 251
246 247 21 241
247 246 21 252
247 248 21 242
248 247 21 253
248 249 21 243
249 248 21 254
249 250 21 244
250 249 21 255
250 251 21 245
251 252 21 246
252 253 21 247
253 254 21 248
254 255 21 249
255 239 21 250
1 2 23 48
4 5 23 16
11 10 23 31
12 11 23 30
13 12 23 29
14 13 23 28
15 14 23 27
16 32 23 4
17 18 23 37
18 19 23 36
19 20 23 35
20 21 23 34
21 22 23 33
27 26 23 15
28 27 23 14
29 28 23 13
30 29 23 12
31 30 23 11
33 34 23 21
34 35 23 20
35 36 23 19
36 37 23 18
37 38 23 17
43 42 23 63
44 43 23 62
45 44 23 61
46 45 23 60
47 46 23 59
48 64 23 1
49 50 23 69
50 51 23 68
51 52 23 67
52 53 23 66
53 54 23 65
59 58 23 47
60 59 23 46
61 60 23 45
62 61 23 44
63 62 23 43
65 66 23 53
66 67 23 52
67 68 23 51
68 69 23 50
69 70 23 49
75 74 23 95
76 75 23 94
77 76 23 93
78 77 23 92
79 78 23 91
81 82 23 101
82 83 23 100
83 84 23 99
84 85 23 98
85 86 23 97
91 90 23 79
92 91 23 78
93 92 23 77
94 93 23 76
95 94 23 75
97 98 23 85
98 99 23 84
99 100 23 83
100 101 23 82
101 102 23 81
107 106 23 127
108 107 23 126
109 108 23 125
110 109 23 124
111 110 23 123
113 114 23 133
114 115 23 132
115 116 23 131
116 117 23 130
117 118 23 129
123 122 23 111
124 123 23 110
125 124 23 109
126 125 23 108
127 126 23 107
129 130 23 117
130 131 23 116
131 132 23 115
132 133 23 114
133 134 23 113
139 138 23 159
140 139 23 158
141 140 23 157
142 141 23 156
143 142 23 155
145 146 23 165
146 147 23 164
147 148 23 163
148 149 23 162
149 150 23 161
155 154 23 143
156 155 23 142
157 156 23 141
158 157 23 140
159 158 23 139
161 162 23 149
162 163 23 148
163 164 23 147
164 165 23 146
165 166 23 145
171 170 23 191
172 171 23 190
173 172 23 189
174 173 23 188
175 174 23 187
177 178 23 197
178 179 23 196
179 180 23 195
180 181 23 194
181 182 23 193
187 186 23 175
188 187 23 174
189 188 23 173
190 189 23 172
191 190 23 171
192 176 23 241
193 194 23 181
194 195 23 180
195 196 23 179
196 197 23 178
197 198 23 177
203 202 23 223
204 203 23 222
205 204 23 221
206 205 23 220
207 206 23 219
209 210 23 229
210 211 23 228
211 212 23 227
212 213 23 226
213 214 23 225
219 218 23 207
220 219 23 206
221 220 23 205
222 221 23 204
223 222 23 203
224 208 23 244
225 226 23 213
226 227 23 212
227 228 23 211
228 229 23 210
229 230 23 209
235 234 23 255
236 235 23 254
237 236 23 253
238 237 23 252
239 238 23 251
241 242 23 192
244 245 23 224
251 250 23 239
252 251 23 238
253 252 23 237
254 253 23 236
255 254 23 235
0 1 25 64
0 16 25 6
1 0 25 7
2 1 25 8
3 2 25 9
3 4 25 32
4 3 25 10
5 4 25 11
6 5 25 12
6 7 25 0
7 6 25 13
7 8 25 1
8 7 25 14
8 9 25 2
9 8 25 15
9 10 25 3
10 11 25 4
11 12 25 5
12 13 25 6
13 14 25 7
14 15 25 8
15 31 25 9
16 0 25 80
17 33 25 23
18 17 25 24
19 18 25 25
20 19 25 26
21 20 25 27
22 21 25 28
23 22 25 29
23 24 25 17
24 23 25 30
24 25 25 18
25 24 25 31
25 26 25 19
26 27 25 20
27 28 25 21
28 29 25 22
29 30 25 23
30 31 25 24
31 15 25 25
32 16 25 96
32 48 25 3
33 17 25 39
34 33 25 40
35 34 25 41
36 35 25 42
37 36 25 43
38 37 25 44
39 38 25 45
39 40 25 33
40 39 25 46
40 41 25 34
41 40 25 47
41 42 25 35
42 43 25 36
43 44 25 37
44 45 25 38
45 46 25 39
46 47 25 40
47 63 25 41
48 32 25 112
49 65 25 55
50 49 25 56
51 50 25 57
52 51 25 58
53 52 25 59
54 53 25 60
55 54 25 61
55 56 25 49
56 55 25 62
56 57 25 50
57 56 25 63
57 58 25 51
58 59 25 52
59 60 25 53
60 61 25 54
61 62 25 55
62 63 25 56
63 47 25 57
64 48 25 128
64 80 25 0
65 49 25 71
66 65 25 72
67 66 25 73
68 67 25 74
69 68 25 75
70 69 25 76
71 70 25 77
71 72 25 65
72 71 25 78
72 73 25 66
73 72 25 79
73 74 25 67
74 75 25 68
75 76 25 69
76 77 25 70
77 78 25 71
78 79 25 72
79 95 25 73
80 64 25 144
80 96 25 16
81 97 25 87
82 81 25 88
83 82 25 89
84 83 25 90
85 84 25 91
86 85 25 92
87 86 25 93
87 88 25 81
88 87 25 94
88 89 25 82
89 88 25 95
89 90 25 83
90 91 25 84
91 92 25 85
92 93 25 86
93 94 25 87
94 95 25 88
95 79 25 89
96 80 25 160
96 112 25 32
97 81 25 103
98 97 25 104
99 98 25 105
100 99 25 106
101 100 25 107
102 101 25 108
103 102 25 109
103 104 25 97
104 103 25 110
104 105 25 98
105 104 25 111
105 106 25 99
106 107 25 100
107 108 25 101
108 109 25 102
109 110 25 103
110 111 25 104
111 127 25 105
112 96 25 176
112 128 25 48
113 129 25 119
114 113 25 120
115 114 25 121
116 115 25 122
117 116 25 123
118 117 25 124
119 118 25 125
119 120 25 113
120 119 25 126
120 121 25 114
121 120 25 127
121 122 25 115
122 123 25 116
123 124 25 117
124 125 25 118
125 126 25 119
126 127 25 120
127 111 25 121
128 112 25 192
128 144 25 64
129 113 25 135
130 129 25 136
131 130 25 137
132 131 25 138
133 132 25 139
134 133 25 140
135 134 25 141
135 136 25 129
136 135 25 142
136 137 25 130
137 136 25 143
137 138 25 131
138 139 25 132
139 140 25 133
140 141 25 134
141 142 25 135
142 143 25 136
143 159 25 137
144 128 25 208
144 160 25 80
145 161 25 151
146 145 25 152
147 146 25 153
148 147 25 154
149 148 25 155
150 149 25 156
151 150 25 157
151 152 25 145
152 151 25 158
152 153 25 146
153 152 25 159
153 154 25 147
154 155 25 148
155 156 25 149
156 157 25 150
157 158 25 151
158 159 25 152
159 143 25 153
160 144 25 224
160 176 25 96
161 145 25 167
162 161 25 168
163 162 25 169
164 163 25 170
165 164 25 171
166 165 25 172
167 166 25 173
167 168 25 161
168 167 25 174
168 169 25 162
169 168 25 175
169 170 25 163
170 171 25 164
171 172 25 165
172 173 25 166
173 174 25 167
174 175 25 168
175 191 25 169
176 160 25 240
176 192 25 112
177 193 25 183
178 177 25 184
179 178 25 185
180 179 25 186
181 180 25 187
182 181 25 188
183 182 25 189
183 184 25 177
184 183 25 190
184 185 25 178
185 184 25 191
185 186 25 179
186 187 25 180
187 188 25 181
188 189 25 182
189 190 25 183
190 191 25 184
191 175 25 185
192 208 25 128
193 177 25 199
194 193 25 200
195 194 25 201
196 195 25 202
197 196 25 203
198 197 25 204
199 198 25 205
199 200 25 193
200 199 25 206
200 201 25 194
201 200 25 207
201 202 25 195
202 203 25 196
203 204 25 197
204 205 25 198
205 206 25 199
206 207 25 200
207 223 25 201
208 192 25 243
208 224 25 144
209 225 25 215
210 209 25 216
211 210 25 217
212 211 25 218
213 212 25 219
214 213 25 220
215 214 25 221
215 216 25 209
216 215 25 222
216 217 25 210
217 216 25 223
217 218 25 211
218 219 25 212
219 220 25 213
220 221 25 214
221 222 25 215
222 223 25 216
223 207 25 217
224 240 25 160
225 209 25 231
226 225 25 232
227 226 25 233
228 227 25 234
229 228 25 235
230 229 25 236
231 230 25 237
231 232 25 225
232 231 25 238
232 233 25 226
233 232 25 239
233 234 25 227
234 235 25 228
235 236 25 229
236 237 25 230
237 238 25 231
238 239 25 232
239 255 25 233
240 224 25 246
240 241 25 176
241 240 25 247
242 241 25 248
243 242 25 249
243 244 25 208
244 243 25 250
245 244 25 251
246 245 25 252
246 247 25 240
247 246 25 253
247 248 25 241
248 247 25 254
248 249 25 242
249 248 25 255
249 250 25 243
250 251 25 244
251 252 25 245
252 253 25 246
253 254 25 247
254 255 25 248
255 239 25 249
2 3 27 48
5 6 27 16
10 9 27 31
11 10 27 30
12 11 27 29
13 12 27 28
14 13 27 27
15 14 27 26
16 32 27 5
17 18 27 38
18 19 27 37
19 20 27 36
20 21 27 35
21 22 27 34
22 23 27 33
26 25 27 15
27 26 27 14
28 27 27 13
29 28 27 12
30 29 27 11
31 30 27 10
33 34 27 22
34 35 27 21
35 36 27 20
36 37 27 19
37 38 27 18
38 39 27 17
42 41 27 63
43 42 27 62
44 43 27 61
45 44 27 60
46 45 27 59
47 46 27 58
48 64 27 2
49 50 27 70
50 51 27 69
51 52 27 68
52 53 27 67
53 54 27 66
54 55 27 65
58 57 27 47
59 58 27 46
60 59 27 45
61 60 27 44
62 61 27 43
63 62 27 42
65 66 27 54
66 67 27 53
67 68 27 52
68 69 27 51
69 70 27 50
70 71 27 49
74 73 27 95
75 74 27 94
76 75 27 93
77 76 27 92
78 77 27 91
79 78 27 90
81 82 27 102
82 83 27 101
83 84 27 100
84 85 27 99
85 86 27 98
86 87 27 97
90 89 27 79
91 90 27 78
92 91 27 77
93 92 27 76
94 93 27 75
95 94 27 74
97 98 27 86
98 99 27 85
99 100 27 84
100 101 27 83
101 102 27 82
102 103 27 81
106 105 27 127
107 106 27 126
108 107 27 125
109 108 27 124
110 109 27 123
111 110 27 122
113 114 27 134
114 115 27 133
115 116 27 132
116 117 27 131
117 118 27 130
118 119 27 129
122 121 27 111
123 122 27 110
124 123 27 109
125 124 27 108
126 125 27 107
127 126 27 106
129 130 27 118
130 131 27 117
131 132 27 116
132 133 27 115
133 134 27 114
134 135 27 113
138 137 27 159
139 138 27 158
140 139 27 157
141 140 27 156
142 141 27 155
143 142 27 154
145 146 27 166
146 147 27 165
147 148 27 164
148 149 27 163
149 150 27 162
150 151 27 161
154 153 27 143
155 154 27 142
156 155 27 141
157 156 27 140
158 157 27 139
159 158 27 138
161 162 27 150
162 163 27 149
163 164 27 148
164 165 27 147
165 166 27 146
166 167 27 145
170 169 27 191
171 170 27 190
172 171 27 189
173 172 27 188
174 173 27 187
175 174 27 186
177 178 27 198
178 179 27 197
179 180 27 196
180 181 27 195
181 182 27 194
182 183 27 193
186 185 27 175
187 186 27 174
188 187 27 173
189 188 27 172
190 189 27 171
191 190 27 170
192 176 27 242
193 194 27 182
194 195 27 181
195 196 27 180
196 197 27 179
197 198 27 178
198 199 27 177
202 201 27 223
203 202 27 222
204 203 27 221
205 204 27 220
206 205 27 219
207 206 27 218
209 210 27 230
210 211 27 229
211 212 27 228
212 213 27 227
213 214 27 226
214 215 27 225
218 217 27 207
219 218 27 206
220 219 27 205
221 220 27 204
222 221 27 203
223 222 27 202
224 208 27 245
225 226 27 214
226 227 27 213
227 228 27 212
228 229 27 211
229 230 27 210
230 231 27 209
234 233 27 255
235 234 27 254
236 235 27 253
237 236 27 252
238 237 27 251
239 238 27 250
242 243 27 192
245 246 27 224
250 249 27 239
251 250 27 238
252 251 27 237
253 252 27 236
254 253 27 235
255 254 27 234
0 16 29 7
1 0 29 8
1 2 29 64
2 1 29 9
3 2 29 10
4 3 29 11
4 5 29 32
5 4 29 12
6 5 29 13
7 6 29 14
7 8 29 0
8 7 29 15
8 9 29 1
9 10 29 2
10 11 29 3
11 12 29 4
12 13 29 5
13 14 29 6
14 15 29 7
15 31 29 8
17 33 29 24
18 17 29 25
19 18 29 26
20 19 29 27
21 20 29 28
22 21 29 29
23 22 29 30
24 23 29 31
24 25 29 17
25 26 29 18
26 27 29 19
27 28 29 20
28 29 29 21
29 30 29 22
30 31 29 23
31 15 29 24
32 48 29 4
33 17 29 40
34 33 29 41
35 34 29 42
36 35 29 43
37 36 29 44
38 37 29 45
39 38 29 46
40 39 29 47
40 41 29 33
41 42 29 34
42 43 29 35
43 44 29 36
44 45 29 37
45 46 29 38
46 47 29 39
47 63 29 40
49 65 29 56
50 49 29 57
51 50 29 58
52 51 29 59
53 52 29 60
54 53 29 61
55 54 29 62
56 55 29 63
56 57 29 49
57 58 29 50
58 59 29 51
59 60 29 52
60 61 29 53
61 62 29 54
62 63 29 55
63 47 29 56
64 80 29 1
65 49 29 72
66 65 29 73
67 66 29 74
68 67 29 75
69 68 29 76
70 69 29 77
71 70 29 78
72 71 29 79
72 73 29 65
73 74 29 66
74 75 29 67
75 76 29 68
76 77 29 69
77 78 29 70
78 79 29 71
79 95 29 72
81 97 29 88
82 81 29 89
83 82 29 90
84 83 29 91
85 84 29 92
86 85 29 93
87 86 29 94
88 87 29 95
88 89 29 81
89 90 29 82
90 91 29 83
91 92 29 84
92 93 29 85
93 94 29 86
94 95 29 87
95 79 29 88
97 81 29 104
98 97 29 105
99 98 29 106
100 99 29 107
101 100 29 108
102 101 29 109
103 102 29 110
104 103 29 111
104 105 29 97
105 106 29 98
106 107 29 99
107 108 29 100
108 109 29 101
109 110 29 102
110 111 29 103
111 127 29 104
113 129 29 120
114 113 29 121
115 114 29 122
116 115 29 123
117 116 29 124
118 117 29 125
119 118 29 126
120 119 29 127
120 121 29 113
121 122 29 114
122 123 29 115
123 124 29 116
124 125 29 117
125 126 29 118
126 127 29 119
127 111 29 120
129 113 29 136
130 129 29 137
131 130 29 138
132 131 29 139
133 132 29 140
134 133 29 141
135 134 29 142
136 135 29 143
136 137 29 129
137 138 29 130
138 139 29 131
139 140 29 132
140 141 29 133
141 142 29 134
142 143 29 135
143 159 29 136
145 161 29 152
146 145 29 153
147 146 29 154
148 147 29 155
149 148 29 156
150 149 29 157
151 150 29 158
152 151 29 159
152 153 29 145
153 154 29 146
154 155 29 147
155 156 29 148
156 157 29 149
157 158 29 150
158 159 29 151
159 143 29 152
161 145 29 168
162 161 29 169
163 162 29 170
164 163 29 171
165 164 29 172
166 165 29 173
167 166 29 174
168 167 29 175
168 169 29 161
169 170 29 162
170 171 29 163
171 172 29 164
172 173 29 165
173 174 29 166
174 175 29 167
175 191 29 168
176 160 29 241
177 193 29 184
178 177 29 185
179 178 29 186
180 179 29 187
181 180 29 188
182 181 29 189
183 182 29 190
184 183 29 191
184 185 29 177
185 186 29 178
186 187 29 179
187 188 29 180
188 189 29 181
189 190 29 182
190 191 29 183
191 175 29 184
193 177 29 200
194 193 29 201
195 194 29 202
196 195 29 203
197 196 29 204
198 197 29 205
199 198 29 206
200 199 29 207
200 201 29 193
201 202 29 194
202 203 29 195
203 204 29 196
204 205 29 197
205 206 29 198
206 207 29 199
207 223 29 200
208 192 29 244
209 225 29 216
210 209 29 217
211 210 29 218
212 211 29 219
213 212 29 220
214 213 29 221
215 214 29 222
216 215 29 223
216 217 29 209
217 218 29 210
218 219 29 211
219 220 29 212
220 221 29 213
221 222 29 214
222 223 29 215
223 207 29 216
225 209 29 232
226 225 29 233
227 226 29 234
228 227 29 235
229 228 29 236
230 229 29 237
231 230 29 238
232 231 29 239
232 233 29 225
233 234 29 226
234 235 29 227
235 236 29 228
236 237 29 229
237 238 29 230
238 239 29 231
239 255 29 232
240 224 29 247
241 240 29 248
241 242 29 176
242 241 29 249
243 242 29 250
244 243 29 251
244 245 29 208
245 244 29 252
246 245 29 253
247 246 29 254
247 248 29 240
248 247 29 255
248 249 29 241
249 250 29 242
250 251 29 243
251 252 29 244
252 253 29 245
253 254 29 246
254 255 29 247
255 239 29 248
0 1 31 80
3 4 31 48
6 7 31 16
9 8 31 31
10 9 31 30
11 10 31 29
12 11 31 28
13 12 31 27
14 13 31 26
15 14 31 25
16 0 31 96
16 32 31 6
17 18 31 39
18 19 31 38
19 20 31 37
20 21 31 36
21 22 31 35
22 23 31 34
23 24 31 33
25 24 31 15
26 25 31 14
27 26 31 13
28 27 31 12
29 28 31 11
30 29 31 10
31 30 31 9
32 16 31 112
33 34 31 23
34 35 31 22
35 36 31 21
36 37 31 20
37 38 31 19
38 39 31 18
39 40 31 17
41 40 31 63
42 41 31 62
43 42 31 61
44 43 31 60
45 44 31 59
46 45 31 58
47 46 31 57
48 32 31 128
48 64 31 3
49 50 31 71
50 51 31 70
51 52 31 69
52 53 31 68
53 54 31 67
54 55 31 66
55 56 31 65
57 56 31 47
58 57 31 46
59 58 31 45
60 59 31 44
61 60 31 43
62 61 31 42
63 62 31 41
64 48 31 144
65 66 31 55
66 67 31 54
67 68 31 53
68 69 31 52
69 70 31 51
70 71 31 50
71 72 31 49
73 72 31 95
74 73 31 94
75 74 31 93
76 75 31 92
77 76 31 91
78 77 31 90
79 78 31 89
80 64 31 160
80 96 31 0
81 82 31 103
82 83 31 102
83 84 31 101
84 85 31 100
85 86 31 99
86 87 31 98
87 88 31 97
89 88 31 79
90 89 31 78
91 90 31 77
92 91 31 76
93 92 31 75
94 93 31 74
95 94 31 73
96 80 31 176
96 112 31 16
97 98 31 87
98 99 31 86
99 100 31 85
100 101 31 84
101 102 31 83
102 103 31 82
103 104 31 81
105 104 31 127
106 105 31 126
107 106 31 125
108 107 31 124
109 108 31 123
110 109 31 122
111 110 31 121
112 96 31 192
112 128 31 32
113 114 31 135
114 115 31 134
115 116 31 133
116 117 31 132
117 118 31 131
118 119 31 130
119 120 31 129
121 120 31 111
122 121 31 110
123 122 31 109
124 123 31 108
125 124 31 107
126 125 31 106
127 126 31 105
128 112 31 208
128 144 31 48
129 130 31 119
130 131 31 118
131 132 31 117
132 133 31 116
133 134 31 115
134 135 31 114
135 136 31 113
137 136 31 159
138 137 31 158
139 138 31 157
140 139 31 156
141 140 31 155
142 141 31 154
143 142 31 153
144 128 31 224
144 160 31 64
145 146 31 167
146 147 31 166
147 148 31 165
148 149 31 164
149 150 31 163
150 151 31 162
151 152 31 161
153 152 31 143
154 153 31 142
155 154 31 141
156 155 31 140
157 156 31 139
158 157 31 138
159 158 31 137
160 144 31 240
160 176 31 80
161 162 31 151
162 163 31 150
163 164 31 149
164 165 31 148
165 166 31 147
166 167 31 146
167 168 31 145
169 168 31 191
170 169 31 190
171 170 31 189
172 171 31 188
173 172 31 187
174 173 31 186
175 174 31 185
176 192 31 96
177 178 31 199
178 179 31 198
179 180 31 197
180 181 31 196
181 182 31 195
182 183 31 194
183 184 31 193
185 184 31 175
186 185 31 174
187 186 31 173
188 187 31 172
189 188 31 171
190 189 31 170
191 190 31 169
192 176 31 243
192 208 31 112
193 194 31 183
194 195 31 182
195 196 31 181
196 197 31 180
197 198 31 179
198 199 31 178
199 200 31 177
201 200 31 223
202 201 31 222
203 202 31 221
204 203 31 220
205 204 31 219
206 205 31 218
207 206 31 217
208 224 31 128
209 210 31 231
210 211 31 230
211 212 31 229
212 213 31 228
213 214 31 227
214 215 31 226
215 216 31 225
217 216 31 207
218 217 31 206
219 218 31 205
220 219 31 204
221 220 31 203
222 221 31 202
223 222 31 201
224 208 31 246
224 240 31 144
225 226 31 215
226 227 31 214
227 228 31 213
228 229 31 212
229 230 31 211
230 231 31 210
231 232 31 209
233 232 31 255
234 233 31 254
235 234 31 253
236 235 31 252
237 236 31 251
238 237 31 250
239 238 31 249
240 241 31 160
243 244 31 192
246 247 31 224
249 248 31 239
250 249 31 238
251 250 31 237
252 251 31 236
253 252 31 235
254 253 31 234
255 254 31 233
0 16 33 8
1 0 33 9
2 1 33 10
2 3 33 64
3 2 33 11
4 3 33 12
5 4 33 13
5 6 33 32
6 5 33 14
7 6 33 15
8 9 33 0
9 10 33 1
10 11 33 2
11 12 33 3
12 13 33 4
13 14 33 5
14 15 33 6
15 31 33 7
17 33 33 25
18 17 33 26
19 18 33 27
20 19 33 28
21 20 33 29
22 21 33 30
23 22 33 31
25 26 33 17
26 27 33 18
27 28 33 19
28 29 33 20
29 30 33 21
30 31 33 22
31 15 33 23
32 48 33 5
33 17 33 41
34 33 33 42
35 34 33 43
36 35 33 44
37 36 33 45
38 37 33 46
39 38 33 47
41 42 33 33
42 43 33 34
43 44 33 35
44 45 33 36
45 46 33 37
46 47 33 38
47 63 33 39
49 65 33 57
50 49 33 58
51 50 33 59
52 51 33 60
53 52 33 61
54 53 33 62
55 54 33 63
57 58 33 49
58 59 33 50
59 60 33 51
60 61 33 52
61 62 33 53
62 63 33 54
63 47 33 55
64 80 33 2
65 49 33 73
66 65 33 74
67 66 33 75
68 67 33 76
69 68 33 77
70 69 33 78
71 70 33 79
73 74 33 65
74 75 33 66
75 76 33 67
76 77 33 68
77 78 33 69
78 79 33 70
79 95 33 71
81 97 33 89
82 81 33 90
83 82 33 91
84 83 33 92
85 84 33 93
86 85 33 94
87 86 33 95
89 90 33 81
90 91 33 82
91 92 33 83
92 93 33 84
93 94 33 85
94 95 33 86
95 79 33 87
97 81 33 105
98 97 33 106
99 98 33 107
100 99 33 108
101 100 33 109
102 101 33 110
103 102 33 111
105 106 33 97
106 107 33 98
107 108 33 99
108 109 33 100
109 110 33 101
110 111 33 102
111 127 33 103
113 129 33 121
114 113 33 122
115 114 33 123
116 115 33 124
117 116 33 125
118 117 33 126
119 118 33 127
121 122 33 113
122 123 33 114
123 124 33 115
124 125 33 116
125 126 33 117
126 127 33 118
127 111 33 119
129 113 33 137
130 129 33 138
131 130 33 139
132 131 33 140
133 132 33 141
134 133 33 142
135 134 33 143
137 138 33 129
138 139 33 130
139 140 33 131
140 141 33 132
141 142 33 133
142 143 33 134
143 159 33 135
145 161 33 153
146 145 33 154
147 146 33 155
148 147 33 156
149 148 33 157
150 149 33 158
151 150 33 159
153 154 33 145
154 155 33 146
155 156 33 147
156 157 33 148
157 158 33 149
158 159 33 150
159 143 33 151
161 145 33 169
162 161 33 170
163 162 33 171
164 163 33 172
165 164 33 173
166 165 33 174
167 166 33 175
169 170 33 161
170 171 33 162
171 172 33 163
172 173 33 164
173 174 33 165
174 175 33 166
175 191 33 167
176 160 33 242
177 193 33 185
178 177 33 186
179 178 33 187
180 179 33 188
181 180 33 189
182 181 33 190
183 182 33 191
185 186 33 177
186 187 33 178
187 188 33 179
188 189 33 180
189 190 33 181
190 191 33 182
191 175 33 183
193 177 33 201
194 193 33 202
195 194 33 203
196 195 33 204
197 196 33 205
198 197 33 206
199 198 33 207
201 202 33 193
202 203 33 194
203 204 33 195
204 205 33 196
205 206 33 197
206 207 33 198
207 223 33 199
208 192 33 245
209 225 33 217
210 209 33 218
211 210 33 219
212 211 33 220
213 212 33 221
214 213 33 222
215 214 33 223
217 218 33 209
218 219 33 210
219 220 33 211
220 221 33 212
221 222 33 213
222 223 33 214
223 207 33 215
225 209 33 233
226 225 33 234
227 226 33 235
228 227 33 236
229 228 33 237
230 229 33 238
231 230 33 239
233 234 33 225
234 235 33 226
235 236 33 227
236 237 33 228
237 238 33 229
238 239 33 230
239 255 33 231
240 224 33 248
241 240 33 249
242 241 33 250
242 243 33 176
243 242 33 251
244 243 33 252
245 244 33 253
245 246 33 208
246 245 33 254
247 246 33 255
248 249 33 240
249 250 33 241
250 251 33 242
251 252 33 243
252 253 33 244
253 254 33 245
254 255 33 246
255 239 33 247
1 2 35 80
4 5 35 48
7 8 35 16
8 7 35 31
9 8 35 30
10 9 35 29
11 10 35 28
12 11 35 27
13 12 35 26
14 13 35 25
15 14 35 24
16 32 35 7
17 18 35 40
18 19 35 39
19 20 35 38
20 21 35 37
21 22 35 36
22 23 35 35
23 24 35 34
24 23 35 15
24 25 35 33
25 24 35 14
26 25 35 13
27 26 35 12
28 27 35 11
29 28 35 10
30 29 35 9
31 30 35 8
33 34 35 24
34 35 35 23
35 36 35 22
36 37 35 21
37 38 35 20
38 39 35 19
39 40 35 18
40 39 35 63
40 41 35 17
41 40 35 62
42 41 35 61
43 42 35 60
44 43 35 59
45 44 35 58
46 45 35 57
47 46 35 56
48 64 35 4
49 50 35 72
50 51 35 71
51 52 35 70
52 53 35 69
53 54 35 68
54 55 35 67
55 56 35 66
56 55 35 47
56 57 35 65
57 56 35 46
58 57 35 45
59 58 35 44
60 59 35 43
61 60 35 42
62 61 35 41
63 62 35 40
65 66 35 56
66 67 35 55
67 68 35 54
68 69 35 53
69 70 35 52
70 71 35 51
71 72 35 50
72 71 35 95
72 73 35 49
73 72 35 94
74 73 35 93
75 74 35 92
76 75 35 91
77 76 35 90
78 77 35 89
79 78 35 88
80 96 35 1
81 82 35 104
82 83 35 103
83 84 35 102
84 85 35 101
85 86 35 100
86 87 35 99
87 88 35 98
88 87 35 79
88 89 35 97
89 88 35 78
90 89 35 77
91 90 35 76
92 91 35 75
93 92 35 74
94 93 35 73
95 94 35 72
97 98 35 88
98 99 35 87
99 100 35 86
100 101 35 85
101 102 35 84
102 103 35 83
103 104 35 82
104 103 35 127
104 105 35 81
105 104 35 126
106 105 35 125
107 106 35 124
108 107 35 123
109 108 35 122
110 109 35 121
111 110 35 120
113 114 35 136
114 115 35 135
115 116 35 134
116 117 35 133
117 118 35 132
118 119 35 131
119 120 35 130
120 119 35 111
120 121 35 129
121 120 35 110
122 121 35 109
123 122 35 108
124 123 35 107
125 124 35 106
126 125 35 105
127 126 35 104
129 130 35 120
130 131 35 119
131 132 35 118
132 133 35 117
133 134 35 116
134 135 35 115
135 136 35 114
136 135 35 159
136 137 35 113
137 136 35 158
138 137 35 157
139 138 35 156
140 139 35 155
141 140 35 154
142 141 35 153
143 142 35 152
145 146 35 168
146 147 35 167
147 148 35 166
148 149 35 165
149 150 35 164
150 151 35 163
151 152 35 162
152 151 35 143
152 153 35 161
153 152 35 142
154 153 35 141
155 154 35 140
156 155 35 139
157 156 35 138
158 157 35 137
159 158 35 136
160 144 35 241
161 162 35 152
162 163 35 151
163 164 35 150
164 165 35 149
165 166 35 148
166 167 35 147
167 168 35 146
168 167 35 191
168 169 35 145
169 168 35 190
170 169 35 189
171 170 35 188
172 171 35 187
173 172 35 186
174 173 35 185
175 174 35 184
177 178 35 200
178 179 35 199
179 180 35 198
180 181 35 197
181 182 35 196
182 183 35 195
183 184 35 194
184 183 35 175
184 185 35 193
185 184 35 174
186 185 35 173
187 186 35 172
188 187 35 171
189 188 35 170
190 189 35 169
191 190 35 168
192 176 35 244
193 194 35 184
194 195 35 183
195 196 35 182
196 197 35 181
197 198 35 180
198 199 35 179
199 200 35 178
200 199 35 223
200 201 35 177
201 200 35 222
202 201 35 221
203 202 35 220
204 203 35 219
205 204 35 218
206 205 35 217
207 206 35 216
209 210 35 232
210 211 35 231
211 212 35 230
212 213 35 229
213 214 35 228
214 215 35 227
215 216 35 226
216 215 35 207
216 217 35 225
217 216 35 206
218 217 35 205
219 218 35 204
220 219 35 203
221 220 35 202
222 221 35 201
223 222 35 200
224 208 35 247
225 226 35 216
226 227 35 215
227 228 35 214
228 229 35 213
229 230 35 212
230 231 35 211
231 232 35 210
232 231 35 255
232 233 35 209
233 232 35 254
234 233 35 253
235 234 35 252
236 235 35 251
237 236 35 250
238 237 35 249
239 238 35 248
241 242 35 160
244 245 35 192
247 248 35 224
248 247 35 239
249 248 35 238
250 249 35 237
251 250 35 236
252 251 35 235
253 252 35 234
254 253 35 233
255 254 35 232
0 1 37 96
0 16 37 9
1 0 37 10
2 1 37 11
3 2 37 12
3 4 37 64
4 3 37 13
5 4 37 14
6 5 37 15
6 7 37 32
9 10 37 0
10 11 37 1
11 12 37 2
12 13 37 3
13 14 37 4
14 15 37 5
15 31 37 6
16 0 37 112
17 33 37 26
18 17 37 27
19 18 37 28
20 19 37 29
21 20 37 30
22 21 37 31
26 27 37 17
27 28 37 18
28 29 37 19
29 30 37 20
30 31 37 21
31 15 37 22
32 16 37 128
32 48 37 6
33 17 37 42
34 33 37 43
35 34 37 44
36 35 37 45
37 36 37 46
38 37 37 47
42 43 37 33
43 44 37 34
44 45 37 35
45 46 37 36
46 47 37 37
47 63 37 38
48 32 37 144
49 65 37 58
50 49 37 59
51 50 37 60
52 51 37 61
53 52 37 62
54 53 37 63
58 59 37 49
59 60 37 50
60 61 37 51
61 62 37 52
62 63 37 53
63 47 37 54
64 48 37 160
64 80 37 3
65 49 37 74
66 65 37 75
67 66 37 76
68 67 37 77
69 68 37 78
70 69 37 79
74 75 37 65
75 76 37 66
76 77 37 67
77 78 37 68
78 79 37 69
79 95 37 70
80 64 37 176
81 97 37 90
82 81 37 91
83 82 37 92
84 83 37 93
85 84 37 94
86 85 37 95
90 91 37 81
91 92 37 82
92 93 37 83
93 94 37 84
94 95 37 85
95 79 37 86
96 80 37 192
96 112 37 0
97 81 37 106
98 97 37 107
99 98 37 108
100 99 37 109
101 100 37 110
102 101 37 111
106 107 37 97
107 108 37 98
108 109 37 99
109 110 37 100
110 111 37 101
111 127 37 102
112 96 37 208
112 128 37 16
113 129 37 122
114 113 37 123
115 114 37 124
116 115 37 125
117 116 37 126
118 117 37 127
122 123 37 113
123 124 37 114
124 125 37 115
125 126 37 116
126 127 37 117
127 111 37 118
128 112 37 224
128 144 37 32
129 113 37 138
130 129 37 139
131 130 37 140
132 131 37 141
133 132 37 142
134 133 37 143
138 139 37 129
139 140 37 130
140 141 37 131
141 142 37 132
142 143 37 133
143 159 37 134
144 128 37 240
144 160 37 48
145 161 37 154
146 145 37 155
147 146 37 156
148 147 37 157
149 148 37 158
150 149 37 159
154 155 37 145
155 156 37 146
156 157 37 147
157 158 37 148
158 159 37 149
159 143 37 150
160 176 37 64
161 145 37 170
162 161 37 171
163 162 37 172
164 163 37 173
165 164 37 174
166 165 37 175
170 171 37 161
171 172 37 162
172 173 37 163
173 174 37 164
174 175 37 165
175 191 37 166
176 160 37 243
176 192 37 80
177 193 37 186
178 177 37 187
179 178 37 188
180 179 37 189
181 180 37 190
182 181 37 191
186 187 37 177
187 188 37 178
188 189 37 179
189 190 37 180
190 191 37 181
191 175 37 182
192 208 37 96
193 177 37 202
194 193 37 203
195 194 37 204
196 195 37 205
197 196 37 206
198 197 37 207
202 203 37 193
203 204 37 194
204 205 37 195
205 206 37 196
206 207 37 197
207 223 37 198
208 192 37 246
208 224 37 112
209 225 37 218
210 209 37 219
211 210 37 220
212 211 37 221
213 212 37 222
214 213 37 223
218 219 37 209
219 220 37 210
220 221 37 211
221 222 37 212
222 223 37 213
223 207 37 214
224 240 37 128
225 209 37 234
226 225 37 235
227 226 37 236
228 227 37 237
229 228 37 238
230 229 37 239
234 235 37 225
235 236 37 226
236 237 37 227
237 238 37 228
238 239 37 229
239 255 37 230
240 224 37 249
240 241 37 144
241 240 37 250
242 241 37 251
243 242 37 252
243 244 37 176
244 243 37 253
245 244 37 254
246 245 37 255
246 247 37 208
249 250 37 240
250 251 37 241
251 252 37 242
252 253 37 243
253 254 37 244
254 255 37 245
255 239 37 246
2 3 39 80
5 6 39 48
7 6 39 31
8 7 39 30
8 9 39 16
9 8 39 29
10 9 39 28
11 10 39 27
12 11 39 26
13 12 39 25
14 13 39 24
15 14 39 23
16 32 39 8
17 18 39 41
18 19 39 40
19 20 39 39
20 21 39 38
21 22 39 37
22 23 39 36
23 22 39 15
23 24 39 35
24 23 39 14
24 25 39 34
25 24 39 13
25 26 39 33
26 25 39 12
27 26 39 11
28 27 39 10
29 28 39 9
30 29 39 8
31 30 39 7
33 34 39 25
34 35 39 24
35 36 39 23
36 37 39 22
37 38 39 21
38 39 39 20
39 38 39 63
39 40 39 19
40 39 39 62
40 41 39 18
41 40 39 61
41 42 39 17
42 41 39 60
43 42 39 59
44 43 39 58
45 44 39 57
46 45 39 56
47 46 39 55
48 64 39 5
49 50 39 73
50 51 39 72
51 52 39 71
52 53 39 70
53 54 39 69
54 55 39 68
55 54 39 47
55 56 39 67
56 55 39 46
56 57 39 66
57 56 39 45
57 58 39 65
58 57 39 44
59 58 39 43
60 59 39 42
61 60 39 41
62 61 39 40
63 62 39 39
65 66 39 57
66 67 39 56
67 68 39 55
68 69 39 54
69 70 39 53
70 71 39 52
71 70 39 95
71 72 39 51
72 71 39 94
72 73 39 50
73 72 39 93
73 74 39 49
74 73 39 92
75 74 39 91
76 75 39 90
77 76 39 89
78 77 39 88
79 78 39 87
80 96 39 2
81 82 39 105
82 83 39 104
83 84 39 103
84 85 39 102
85 86 39 101
86 87 39 100
87 86 39 79
87 88 39 99
88 87 39 78
88 89 39 98
89 88 39 77
89 90 39 97
90 89 39 76
91 90 39 75
92 91 39 74
93 92 39 73
94 93 39 72
95 94 39 71
97 98 39 89
98 99 39 88
99 100 39 87
100 101 39 86
101 102 39 85
102 103 39 84
103 102 39 127
103 104 39 83
104 103 39 126
104 105 39 82
105 104 39 125
105 106 39 81
106 105 39 124
107 106 39 123
108 107 39 122
109 108 39 121
110 109 39 120
111 110 39 119
113 114 39 137
114 115 39 136
115 116 39 135
116 117 39 134
117 118 39 133
118 119 39 132
119 118 39 111
119 120 39 131
120 119 39 110
120 121 39 130
121 120 39 109
121 122 39 129
122 121 39 108
123 122 39 107
124 123 39 106
125 124 39 105
126 125 39 104
127 126 39 103
129 130 39 121
130 131 39 120
131 132 39 119
132 133 39 118
133 134 39 117
134 135 39 116
135 134 39 159
135 136 39 115
136 135 39 158
136 137 39 114
137 136 39 157
137 138 39 113
138 137 39 156
139 138 39 155
140 139 39 154
141 140 39 153
142 141 39 152
143 142 39 151
145 146 39 169
146 147 39 168
147 148 39 167
148 149 39 166
149 150 39 165
150 151 39 164
151 150 39 143
151 152 39 163
152 151 39 142
152 153 39 162
153 152 39 141
153 154 39 161
154 153 39 140
155 154 39 139
156 155 39 138
157 156 39 137
158 157 39 136
159 158 39 135
160 144 39 242
161 162 39 153
162 163 39 152
163 164 39 151
164 165 39 150
165 166 39 149
166 167 39 148
167 166 39 191
167 168 39 147
168 167 39 190
168 169 39 146
169 168 39 189
169 170 39 145
170 169 39 188
171 170 39 187
172 171 39 186
173 172 39 185
174 173 39 184
175 174 39 183
177 178 39 201
178 179 39 200
179 180 39 199
180 181 39 198
181 182 39 197
182 183 39 196
183 182 39 175
183 184 39 195
184 183 39 174
184 185 39 194
185 184 39 173
185 186 39 193
186 185 39 172
187 186 39 171
188 187 39 170
189 188 39 169
190 189 39 168
191 190 39 167
192 176 39 245
193 194 39 185
194 195 39 184
195 196 39 183
196 197 39 182
197 198 39 181
198 199 39 180
199 198 39 223
199 200 39 179
200 199 39 222
200 201 39 178
201 200 39 221
201 202 39 177
202 201 39 220
203 202 39 219
204 203 39 218
205 204 39 217
206 205 39 216
207 206 39 215
209 210 39 233
210 211 39 232
211 212 39 231
212 213 39 230
213 214 39 229
214 215 39 228
215 214 39 207
215 216 39 227
216 215 39 206
216 217 39 226
217 216 39 205
217 218 39 225
218 217 39 204
219 218 39 203
220 219 39 202
221 220 39 201
222 221 39 200
223 222 39 199
224 208 39 248
225 226 39 217
226 227 39 216
227 228 39 215
228 229 39 214
229 230 39 213
230 231 39 212
231 230 39 255
231 232 39 211
232 231 39 254
232 233 39 210
233 232 39 253
233 234 39 209
234 233 39 252
235 234 39 251
236 235 39 250
237 236 39 249
238 237 39 248
239 238 39 247
242 243 39 160
245 246 39 192
247 246 39 239
248 247 39 238
248 249 39 224
249 248 39 237
250 249 39 236
251 250 39 235
252 251 39 234
253 252 39 233
254 253 39 232
255 254 39 231
0 16 41 10
1 0 41 11
1 2 41 96
2 1 41 12
3 2 41 13
4 3 41 14
4 5 41 64
5 4 41 15
7 8 41 32
10 11 41 0
11 12 41 1
12 13 41 2
13 14 41 3
14 15 41 4
15 31 41 5
17 33 41 27
18 17 41 28
19 18 41 29
20 19 41 30
21 20 41 31
27 28 41 17
28 29 41 18
29 30 41 19
30 31 41 20
31 15 41 21
32 48 41 7
33 17 41 43
34 33 41 44
35 34 41 45
36 35 41 46
37 36 41 47
43 44 41 33
44 45 41 34
45 46 41 35
46 47 41 36
47 63 41 37
49 65 41 59
50 49 41 60
51 50 41 61
52 51 41 62
53 52 41 63
59 60 41 49
60 61 41 50
61 62 41 51
62 63 41 52
63 47 41 53
64 80 41 4
65 49 41 75
66 65 41 76
67 66 41 77
68 67 41 78
69 68 41 79
75 76 41 65
76 77 41 66
77 78 41 67
78 79 41 68
79 95 41 69
81 97 41 91
82 81 41 92
83 82 41 93
84 83 41 94
85 84 41 95
91 92 41 81
92 93 41 82
93 94 41 83
94 95 41 84
95 79 41 85
96 112 41 1
97 81 41 107
98 97 41 108
99 98 41 109
100 99 41 110
101 100 41 111
107 108 41 97
108 109 41 98
109 110 41 99
110 111 41 100
111 127 41 101
113 129 41 123
114 113 41 124
115 114 41 125
116 115 41 126
117 116 41 127
123 124 41 113
124 125 41 114
125 126 41 115
126 127 41 116
127 111 41 117
129 113 41 139
130 129 41 140
131 130 41 141
132 131 41 142
133 132 41 143
139 140 41 129
140 141 41 130
141 142 41 131
142 143 41 132
143 159 41 133
144 128 41 241
145 161 41 155
146 145 41 156
147 146 41 157
148 147 41 158
149 148 41 159
155 156 41 145
156 157 41 146
157 158 41 147
158 159 41 148
159 143 41 149
161 145 41 171
162 161 41 172
163 162 41 173
164 163 41 174
165 164 41 175
171 172 41 161
172 173 41 162
173 174 41 163
174 175 41 164
175 191 41 165
176 160 41 244
177 193 41 187
178 177 41 188
179 178 41 189
180 179 41 190
181 180 41 191
187 188 41 177
188 189 41 178
189 190 41 179
190 191 41 180
191 175 41 181
193 177 41 203
194 193 41 204
195 194 41 205
196 195 41 206
197 196 41 207
203 204 41 193
204 205 41 194
205 206 41 195
206 207 41 196
207 223 41 197
208 192 41 247
209 225 41 219
210 209 41 220
211 210 41 221
212 211 41 222
213 212 41 223
219 220 41 209
220 221 41 210
221 222 41 211
222 223 41 212
223 207 41 213
225 209 41 235
226 225 41 236
227 226 41 237
228 227 41 238
229 228 41 239
235 236 41 225
236 237 41 226
237 238 41 227
238 239 41 228
239 255 41 229
240 224 41 250
241 240 41 251
241 242 41 144
242 241 41 252
243 242 41 253
244 243 41 254
244 245 41 176
245 244 41 255
247 248 41 208
250 251 41 240
251 252 41 241
252 253 41 242
253 254 41 243
254 255 41 244
255 239 41 245
0 1 43 112
3 4 43 80
6 5 43 31
6 7 43 48
7 6 43 30
8 7 43 29
9 8 43 28
9 10 43 16
10 9 43 27
11 10 43 26
12 11 43 25
13 12 43 24
14 13 43 23
15 14 43 22
16 0 43 128
16 32 43 9
17 18 43 42
18 19 43 41
19 20 43 40
20 21 43 39
21 22 43 38
22 21 43 15
22 23 43 37
23 22 43 14
23 24 43 36
24 23 43 13
24 25 43 35
25 24 43 12
25 26 43 34
26 25 43 11
26 27 43 33
27 26 43 10
28 27 43 9
29 28 43 8
30 29 43 7
31 30 43 6
32 16 43 144
33 34 43 26
34 35 43 25
35 36 43 24
36 37 43 23
37 38 43 22
38 37 43 63
38 39 43 21
39 38 43 62
39 40 43 20
40 39 43 61
40 41 43 19
41 40 43 60
41 42 43 18
42 41 43 59
42 43 43 17
43 42 43 58
44 43 43 57
45 44 43 56
46 45 43 55
47 46 43 54
48 32 43 160
48 64 43 6
49 50 43 74
50 51 43 73
51 52 43 72
52 53 43 71
53 54 43 70
54 53 43 47
54 55 43 69
55 54 43 46
55 56 43 68
56 55 43 45
56 57 43 67
57 56 43 44
57 58 43 66
58 57 43 43
58 59 43 65
59 58 43 42
60 59 43 41
61 60 43 40
62 61 43 39
63 62 43 38
64 48 43 176
65 66 43 58
66 67 43 57
67 68 43 56
68 69 43 55
69 70 43 54
70 69 43 95
70 71 43 53
71 70 43 94
71 72 43 52
72 71 43 93
72 73 43 51
73 72 43 92
73 74 43 50
74 73 43 91
74 75 43 49
75 74 43 90
76 75 43 89
77 76 43 88
78 77 43 87
79 78 43 86
80 64 43 192
80 96 43 3
81 82 43 106
82 83 43 105
83 84 43 104
84 85 43 103
85 86 43 102
86 85 43 79
86 87 43 101
87 86 43 78
87 88 43 100
88 87 43 77
88 89 43 99
89 88 43 76
89 90 43 98
90 89 43 75
90 91 43 97
91 90 43 74
92 91 43 73
93 92 43 72
94 93 43 71
95 94 43 70
96 80 43 208
97 98 43 90
98 99 43 89
99 100 43 88
100 101 43 87
101 102 43 86
102 101 43 127
102 103 43 85
103 102 43 126
103 104 43 84
104 103 43 125
104 105 43 83
105 104 43 124
105 106 43 82
106 105 43 123
106 107 43 81
107 106 43 122
108 107 43 121
109 108 43 120
110 109 43 119
111 110 43 118
112 96 43 224
112 128 43 0
113 114 43 138
114 115 43 137
115 116 43 136
116 117 43 135
117 118 43 134
118 117 43 111
118 119 43 133
119 118 43 110
119 120 43 132
120 119 43 109
120 121 43 131
121 120 43 108
121 122 43 130
122 121 43 107
122 123 43 129
123 122 43 106
124 123 43 105
125 124 43 104
126 125 43 103
127 126 43 102
128 112 43 240
128 144 43 16
129 130 43 122
130 131 43 121
131 132 43 120
132 133 43 119
133 134 43 118
134 133 43 159
134 135 43 117
135 134 43 158
135 136 43 116
136 135 43 157
136 137 43 115
137 136 43 156
137 138 43 114
138 137 43 155
138 139 43 113
139 138 43 154
140 139 43 153
141 140 43 152
142 141 43 151
143 142 43 150
144 160 43 32
145 146 43 170
146 147 43 169
147 148 43 168
148 149 43 167
149 150 43 166
150 149 43 143
150 151 43 165
151 150 43 142
151 152 43 164
152 151 43 141
152 153 43 163
153 152 43 140
153 154 43 162
154 153 43 139
154 155 43 161
155 154 43 138
156 155 43 137
157 156 43 136
158 157 43 135
159 158 43 134
160 144 43 243
160 176 43 48
161 162 43 154
162 163 43 153
163 164 43 152
164 165 43 151
165 166 43 150
166 165 43 191
166 167 43 149
167 166 43 190
167 168 43 148
168 167 43 189
168 169 43 147
169 168 43 188
169 170 43 146
170 169 43 187
170 171 43 145
171 170 43 186
172 171 43 185
173 172 43 184
174 173 43 183
175 174 43 182
176 192 43 64
177 178 43 202
178 179 43 201
179 180 43 200
180 181 43 199
181 182 43 198
182 181 43 175
182 183 43 197
183 182 43 174
183 184 43 196
184 183 43 173
184 185 43 195
185 184 43 172
185 186 43 194
186 185 43 171
186 187 43 193
187 186 43 170
188 187 43 169
189 188 43 168
190 189 43 167
191 190 43 166
192 176 43 246
192 208 43 80
193 194 43 186
194 195 43 185
195 196 43 184
196 197 43 183
197 198 43 182
198 197 43 223
198 199 43 181
199 198 43 222
199 200 43 180
200 199 43 221
200 201 43 179
201 200 43 220
201 202 43 178
202 201 43 219
202 203 43 177
203 202 43 218
204 203 43 217
205 204 43 216
206 205 43 215
207 206 43 214
208 224 43 96
209 210 43 234
210 211 43 233
211 212 43 232
212 213 43 231
213 214 43 230
214 213 43 207
214 215 43 229
215 214 43 206
215 216 43 228
216 215 43 205
216 217 43 227
217 216 43 204
217 218 43 226
218 217 43 203
218 219 43 225
219 218 43 202
220 219 43 201
221 220 43 200
222 221 43 199
223 222 43 198
224 208 43 249
224 240 43 112
225 226 43 218
226 227 43 217
227 228 43 216
228 229 43 215
229 230 43 214
230 229 43 255
230 231 43 213
231 230 43 254
231 232 43 212
232 231 43 253
232 233 43 211
233 232 43 252
233 234 43 210
234 233 43 251
234 235 43 209
235 234 43 250
236 235 43 249
237 236 43 248
238 237 43 247
239 238 43 246
240 241 43 128
243 244 43 160
246 245 43 239
246 247 43 192
247 246 43 238
248 247 43 237
249 248 43 236
249 250 43 224
250 249 43 235
251 250 43 234
252 251 43 233
253 252 43 232
254 253 43 231
255 254 43 230
0 16 45 11
1 0 45 12
2 1 45 13
2 3 45 96
3 2 45 14
4 3 45 15
5 6 45 64
8 9 45 32
11 12 45 0
12 13 45 1
13 14 45 2
14 15 45 3
15 31 45 4
17 33 45 28
18 17 45 29
19 18 45 30
20 19 45 31
28 29 45 17
29 30 45 18
30 31 45 19
31 15 45 20
32 48 45 8
33 17 45 44
34 33 45 45
35 34 45 46
36 35 45 47
44 45 45 33
45 46 45 34
46 47 45 35
47 63 45 36
49 65 45 60
50 49 45 61
51 50 45 62
52 51 45 63
60 61 45 49
61 62 45 50
62 63 45 51
63 47 45 52
64 80 45 5
65 49 45 76
66 65 45 77
67 66 45 78
68 67 45 79
76 77 45 65
77 78 45 66
78 79 45 67
79 95 45 68
81 97 45 92
82 81 45 93
83 82 45 94
84 83 45 95
92 93 45 81
93 94 45 82
94 95 45 83
95 79 45 84
96 112 45 2
97 81 45 108
98 97 45 109
99 98 45 110
100 99 45 111
108 109 45 97
109 110 45 98
110 111 45 99
111 127 45 100
113 129 45 124
114 113 45 125
115 114 45 126
116 115 45 127
124 125 45 113
125 126 45 114
126 127 45 115
127 111 45 116
129 113 45 140
130 129 45 141
131 130 45 142
132 131 45 143
140 141 45 129
141 142 45 130
142 143 45 131
143 159 45 132
144 128 45 242
145 161 45 156
146 145 45 157
147 146 45 158
148 147 45 159
156 157 45 145
157 158 45 146
158 159 45 147
159 143 45 148
161 145 45 172
162 161 45 173
163 162 45 174
164 163 45 175
172 173 45 161
173 174 45 162
174 175 45 163
175 191 45 164
176 160 45 245
177 193 45 188
178 177 45 189
179 178 45 190
180 179 45 191
188 189 45 177
189 190 45 178
190 191 45 179
191 175 45 180
193 177 45 204
194 193 45 205
195 194 45 206
196 195 45 207
204 205 45 193
205 206 45 194
206 207 45 195
207 223 45 196
208 192 45 248
209 225 45 220
210 209 45 221
211 210 45 222
212 211 45 223
220 221 45 209
221 222 45 210
222 223 45 211
223 207 45 212
225 209 45 236
226 225 45 237
227 226 45 238
228 227 45 239
236 237 45 225
237 238 45 226
238 239 45 227
239 255 45 228
240 224 45 251
241 240 45 252
242 241 45 253
242 243 45 144
243 242 45 254
244 243 45 255
245 246 45 176
248 249 45 208
251 252 45 240
252 253 45 241
253 254 45 242
254 255 45 243
255 239 45 244
1 2 47 112
4 5 47 80
5 4 47 31
6 5 47 30
7 6 47 29
7 8 47 48
8 7 47 28
9 8 47 27
10 9 47 26
10 11 47 16
11 10 47 25
12 11 47 24
13 12 47 23
14 13 47 22
15 14 47 21
16 32 47 10
17 18 47 43
18 19 47 42
19 20 47 41
20 21 47 40
21 20 47 15
21 22 47 39
22 21 47 14
22 23 47 38
23 22 47 13
23 24 47 37
24 23 47 12
24 25 47 36
25 24 47 11
25 26 47 35
26 25 47 10
26 27 47 34
27 26 47 9
27 28 47 33
28 27 47 8
29 28 47 7
30 29 47 6
31 30 47 5
33 34 47 27
34 35 47 26
35 36 47 25
36 37 47 24
37 36 47 63
37 38 47 23
38 37 47 62
38 39 47 22
39 38 47 61
39 40 47 21
40 39 47 60
40 41 47 20
41 40 47 59
41 42 47 19
42 41 47 58
42 43 47 18
43 42 47 57
43 44 47 17
44 43 47 56
45 44 47 55
46 45 47 54
47 46 47 53
48 64 47 7
49 50 47 75
50 51 47 74
51 52 47 73
52 53 47 72
53 52 47 47
53 54 47 71
54 53 47 46
54 55 47 70
55 54 47 45
55 56 47 69
56 55 47 44
56 57 47 68
57 56 47 43
57 58 47 67
58 57 47 42
58 59 47 66
59 58 47 41
59 60 47 65
60 59 47 40
61 60 47 39
62 61 47 38
63 62 47 37
65 66 47 59
66 67 47 58
67 68 47 57
68 69 47 56
69 68 47 95
69 70 47 55
70 69 47 94
70 71 47 54
71 70 47 93
71 72 47 53
72 71 47 92
72 73 47 52
73 72 47 91
73 74 47 51
74 73 47 90
74 75 47 50
75 74 47 89
75 76 47 49
76 75 47 88
77 76 47 87
78 77 47 86
79 78 47 85
80 96 47 4
81 82 47 107
82 83 47 106
83 84 47 105
84 85 47 104
85 84 47 79
85 86 47 103
86 85 47 78
86 87 47 102
87 86 47 77
87 88 47 101
88 87 47 76
88 89 47 100
89 88 47 75
89 90 47 99
90 89 47 74
90 91 47 98
91 90 47 73
91 92 47 97
92 91 47 72
93 92 47 71
94 93 47 70
95 94 47 69
97 98 47 91
98 99 47 90
99 100 47 89
100 101 47 88
101 100 47 127
101 102 47 87
102 101 47 126
102 103 47 86
103 102 47 125
103 104 47 85
104 103 47 124
104 105 47 84
105 104 47 123
105 106 47 83
106 105 47 122
106 107 47 82
107 106 47 121
107 108 47 81
108 107 47 120
109 108 47 119
110 109 47 118
111 110 47 117
112 128 47 1
113 114 47 139
114 115 47 138
115 116 47 137
116 117 47 136
117 116 47 111
117 118 47 135
118 117 47 110
118 119 47 134
119 118 47 109
119 120 47 133
120 119 47 108
120 121 47 132
121 120 47 107
121 122 47 131
122 121 47 106
122 123 47 130
123 122 47 105
123 124 47 129
124 123 47 104
125 124 47 103
126 125 47 102
127 126 47 101
128 112 47 241
129 130 47 123
130 131 47 122
131 132 47 121
132 133 47 120
133 132 47 159
133 134 47 119
134 133 47 158
134 135 47 118
135 134 47 157
135 136 47 117
136 135 47 156
136 137 47 116
137 136 47 155
137 138 47 115
138 137 47 154
138 139 47 114
139 138 47 153
139 140 47 113
140 139 47 152
141 140 47 151
142 141 47 150
143 142 47 149
145 146 47 171
146 147 47 170
147 148 47 169
148 149 47 168
149 148 47 143
149 150 47 167
150 149 47 142
150 151 47 166
151 150 47 141
151 152 47 165
152 151 47 140
152 153 47 164
153 152 47 139
153 154 47 163
154 153 47 138
154 155 47 162
155 154 47 137
155 156 47 161
156 155 47 136
157 156 47 135
158 157 47 134
159 158 47 133
160 144 47 244
161 162 47 155
162 163 47 154
163 164 47 153
164 165 47 152
165 164 47 191
165 166 47 151
166 165 47 190
166 167 47 150
167 166 47 189
167 168 47 149
168 167 47 188
168 169 47 148
169 168 47 187
169 170 47 147
170 169 47 186
170 171 47 146
171 170 47 185
171 172 47 145
172 171 47 184
173 172 47 183
174 173 47 182
175 174 47 181
177 178 47 203
178 179 47 202
179 180 47 201
180 181 47 200
181 180 47 175
181 182 47 199
182 181 47 174
182 183 47 198
183 182 47 173
183 184 47 197
184 183 47 172
184 185 47 196
185 184 47 171
185 186 47 195
186 185 47 170
186 187 47 194
187 186 47 169
187 188 47 193
188 187 47 168
189 188 47 167
190 189 47 166
191 190 47 165
192 176 47 247
193 194 47 187
194 195 47 186
195 196 47 185
196 197 47 184
197 196 47 223
197 198 47 183
198 197 47 222
198 199 47 182
199 198 47 221
199 200 47 181
200 199 47 220
200 201 47 180
201 200 47 219
201 202 47 179
202 201 47 218
202 203 47 178
203 202 47 217
203 204 47 177
204 203 47 216
205 204 47 215
206 205 47 214
207 206 47 213
209 210 47 235
210 211 47 234
211 212 47 233
212 213 47 232
213 212 47 207
213 214 47 231
214 213 47 206
214 215 47 230
215 214 47 205
215 216 47 229
216 215 47 204
216 217 47 228
217 216 47 203
217 218 47 227
218 217 47 202
218 219 47 226
219 218 47 201
219 220 47 225
220 219 47 200
221 220 47 199
222 221 47 198
223 222 47 197
224 208 47 250
225 226 47 219
226 227 47 218
227 228 47 217
228 229 47 216
229 228 47 255
229 230 47 215
230 229 47 254
230 231 47 214
231 230 47 253
231 232 47 213
232 231 47 252
232 233 47 212
233 232 47 251
233 234 47 211
234 233 47 250
234 235 47 210
235 234 47 249
235 236 47 209
236 235 47 248
237 236 47 247
238 237 47 246
239 238 47 245
241 242 47 128
244 245 47 160
245 244 47 239
246 245 47 238
247 246 47 237
247 248 47 192
248 247 47 236
249 248 47 235
250 249 47 234
250 251 47 224
251 250 47 233
252 251 47 232
253 252 47 231
254 253 47 230
255 254 47 229
0 1 49 128
0 16 49 12
1 0 49 13
2 1 49 14
3 2 49 15
3 4 49 96
6 7 49 64
9 10 49 32
12 13 49 0
13 14 49 1
14 15 49 2
15 31 49 3
16 0 49 144
17 33 49 29
18 17 49 30
19 18 49 31
29 30 49 17
30 31 49 18
31 15 49 19
32 16 49 160
32 48 49 9
33 17 49 45
34 33 49 46
35 34 49 47
45 46 49 33
46 47 49 34
47 63 49 35
48 32 49 176
49 65 49 61
50 49 49 62
51 50 49 63
61 62 49 49
62 63 49 50
63 47 49 51
64 48 49 192
64 80 49 6
65 49 49 77
66 65 49 78
67 66 49 79
77 78 49 65
78 79 49 66
79 95 49 67
80 64 49 208
81 97 49 93
82 81 49 94
83 82 49 95
93 94 49 81
94 95 49 82
95 79 49 83
96 80 49 224
96 112 49 3
97 81 49 109
98 97 49 110
99 98 49 111
109 110 49 97
110 111 49 98
111 127 49 99
112 96 49 240
113 129 49 125
114 113 49 126
115 114 49 127
125 126 49 113
126 127 49 114
127 111 49 115
128 144 49 0
129 113 49 141
130 129 49 142
131 130 49 143
141 142 49 129
142 143 49 130
143 159 49 131
144 128 49 243
144 160 49 16
145 161 49 157
146 145 49 158
147 146 49 159
157 158 49 145
158 159 49 146
159 143 49 147
160 176 49 32
161 145 49 173
162 161 49 174
163 162 49 175
173 174 49 161
174 175 49 162
175 191 49 163
176 160 49 246
176 192 49 48
177 193 49 189
178 177 49 190
179 178 49 191
189 190 49 177
190 191 49 178
191 175 49 179
192 208 49 64
193 177 49 205
194 193 49 206
195 194 49 207
205 206 49 193
206 207 49 194
207 223 49 195
208 192 49 249
208 224 49 80
209 225 49 221
210 209 49 222
211 210 49 223
221 222 49 209
222 223 49 210
223 207 49 211
224 240 49 96
225 209 49 237
226 225 49 238
227 226 49 239
237 238 49 225
238 239 49 226
239 255 49 227
240 224 49 252
240 241 49 112
241 240 49 253
242 241 49 254
243 242 49 255
243 244 49 144
246 247 49 176
249 250 49 208
252 253 49 240
253 254 49 241
254 255 49 242
255 239 49 243
2 3 51 112
4 3 51 31
5 4 51 30
5 6 51 80
6 5 51 29
7 6 51 28
8 7 51 27
8 9 51 48
9 8 51 26
10 9 51 25
11 10 51 24
11 12 51 16
12 11 51 23
13 12 51 22
14 13 51 21
15 14 51 20
16 32 51 11
17 18 51 44
18 19 51 43
19 20 51 42
20 19 51 15
20 21 51 41
21 20 51 14
21 22 51 40
22 21 51 13
22 23 51 39
23 22 51 12
23 24 51 38
24 23 51 11
24 25 51 37
25 24 51 10
25 26 51 36
26 25 51 9
26 27 51 35
27 26 51 8
27 28 51 34
28 27 51 7
28 29 51 33
29 28 51 6
30 29 51 5
31 30 51 4
33 34 51 28
34 35 51 27
35 36 51 26
36 35 51 63
36 37 51 25
37 36 51 62
37 38 51 24
38 37 51 61
38 39 51 23
39 38 51 60
39 40 51 22
40 39 51 59
40 41 51 21
41 40 51 58
41 42 51 20
42 41 51 57
42 43 51 19
43 42 51 56
43 44 51 18
44 43 51 55
44 45 51 17
45 44 51 54
46 45 51 53
47 46 51 52
48 64 51 8
49 50 51 76
50 51 51 75
51 52 51 74
52 51 51 47
52 53 51 73
53 52 51 46
53 54 51 72
54 53 51 45
54 55 51 71
55 54 51 44
55 56 51 70
56 55 51 43
56 57 51 69
57 56 51 42
57 58 51 68
58 57 51 41
58 59 51 67
59 58 51 40
59 60 51 66
60 59 51 39
60 61 51 65
61 60 51 38
62 61 51 37
63 62 51 36
65 66 51 60
66 67 51 59
67 68 51 58
68 67 51 95
68 69 51 57
69 68 51 94
69 70 51 56
70 69 51 93
70 71 51 55
71 70 51 92
71 72 51 54
72 71 51 91
72 73 51 53
73 72 51 90
73 74 51 52
74 73 51 89
74 75 51 51
75 74 51 88
75 76 51 50
76 75 51 87
76 77 51 49
77 76 51 86
78 77 51 85
79 78 51 84
80 96 51 5
81 82 51 108
82 83 51 107
83 84 51 106
84 83 51 79
84 85 51 105
85 84 51 78
85 86 51 104
86 85 51 77
86 87 51 103
87 86 51 76
87 88 51 102
88 87 51 75
88 89 51 101
89 88 51 74
89 90 51 100
90 89 51 73
90 91 51 99
91 90 51 72
91 92 51 98
92 91 51 71
92 93 51 97
93 92 51 70
94 93 51 69
95 94 51 68
97 98 51 92
98 99 51 91
99 100 51 90
100 99 51 127
100 101 51 89
101 100 51 126
101 102 51 88
102 101 51 125
102 103 51 87
103 102 51 124
103 104 51 86
104 103 51 123
104 105 51 85
105 104 51 122
105 106 51 84
106 105 51 121
106 107 51 83
107 106 51 120
107 108 51 82
108 107 51 119
108 109 51 81
109 108 51 118
110 109 51 117
111 110 51 116
112 128 51 2
113 114 51 140
114 115 51 139
115 116 51 138
116 115 51 111
116 117 51 137
117 116 51 110
117 118 51 136
118 117 51 109
118 119 51 135
119 118 51 108
119 120 51 134
120 119 51 107
120 121 51 133
121 120 51 106
121 122 51 132
122 121 51 105
122 123 51 131
123 122 51 104
123 124 51 130
124 123 51 103
124 125 51 129
125 124 51 102
126 125 51 101
127 126 51 100
128 112 51 242
129 130 51 124
130 131 51 123
131 132 51 122
132 131 51 159
132 133 51 121
133 132 51 158
133 134 51 120
134 133 51 157
134 135 51 119
135 134 51 156
135 136 51 118
136 135 51 155
136 137 51 117
137 136 51 154
137 138 51 116
138 137 51 153
138 139 51 115
139 138 51 152
139 140 51 114
140 139 51 151
140 141 51 113
141 140 51 150
142 141 51 149
143 142 51 148
145 146 51 172
146 147 51 171
147 148 51 170
148 147 51 143
148 149 51 169
149 148 51 142
149 150 51 168
150 149 51 141
150 151 51 167
151 150 51 140
151 152 51 166
152 151 51 139
152 153 51 165
153 152 51 138
153 154 51 164
154 153 51 137
154 155 51 163
155 154 51 136
155 156 51 162
156 155 51 135
156 157 51 161
157 156 51 134
158 157 51 133
159 158 51 132
160 144 51 245
161 162 51 156
162 163 51 155
163 164 51 154
164 163 51 191
164 165 51 153
165 164 51 190
165 166 51 152
166 165 51 189
166 167 51 151
167 166 51 188
167 168 51 150
168 167 51 187
168 169 51 149
169 168 51 186
169 170 51 148
170 169 51 185
170 171 51 147
171 170 51 184
171 172 51 146
172 171 51 183
172 173 51 145
173 172 51 182
174 173 51 181
175 174 51 180
177 178 51 204
178 179 51 203
179 180 51 202
180 179 51 175
180 181 51 201
181 180 51 174
181 182 51 200
182 181 51 173
182 183 51 199
183 182 51 172
183 184 51 198
184 183 51 171
184 185 51 197
185 184 51 170
185 186 51 196
186 185 51 169
186 187 51 195
187 186 51 168
187 188 51 194
188 187 51 167
188 189 51 193
189 188 51 166
190 189 51 165
191 190 51 164
192 176 51 248
193 194 51 188
194 195 51 187
195 196 51 186
196 195 51 223
196 197 51 185
197 196 51 222
197 198 51 184
198 197 51 221
198 199 51 183
199 198 51 220
199 200 51 182
200 199 51 219
200 201 51 181
201 200 51 218
201 202 51 180
202 201 51 217
202 203 51 179
203 202 51 216
203 204 51 178
204 203 51 215
204 205 51 177
205 204 51 214
206 205 51 213
207 206 51 212
209 210 51 236
210 211 51 235
211 212 51 234
212 211 51 207
212 213 51 233
213 212 51 206
213 214 51 232
214 213 51 205
214 215 51 231
215 214 51 204
215 216 51 230
216 215 51 203
216 217 51 229
217 216 51 202
217 218 51 228
218 217 51 201
218 219 51 227
219 218 51 200
219 220 51 226
220 219 51 199
220 221 51 225
221 220 51 198
222 221 51 197
223 222 51 196
224 208 51 251
225 226 51 220
226 227 51 219
227 228 51 218
228 227 51 255
228 229 51 217
229 228 51 254
229 230 51 216
230 229 51 253
230 231 51 215
231 230 51 252
231 232 51 214
232 231 51 251
232 233 51 213
233 232 51 250
233 234 51 212
234 233 51 249
234 235 51 211
235 234 51 248
235 236 51 210
236 235 51 247
236 237 51 209
237 236 51 246
238 237 51 245
239 238 51 244
242 243 51 128
244 243 51 239
245 244 51 238
245 246 51 160
246 245 51 237
247 246 51 236
248 247 51 235
248 249 51 192
249 248 51 234
250 249 51 233
251 250 51 232
251 252 51 224
252 251 51 231
253 252 51 230
254 253 51 229
255 254 51 228
0 16 53 13
1 0 53 14
1 2 53 128
2 1 53 15
4 5 53 96
7 8 53 64
10 11 53 32
13 14 53 0
14 15 53 1
15 31 53 2
17 33 53 30
18 17 53 31
30 31 53 17
31 15 53 18
32 48 53 10
33 17 53 46
34 33 53 47
46 47 53 33
47 63 53 34
49 65 53 62
50 49 53 63
62 63 53 49
63 47 53 50
64 80 53 7
65 49 53 78
66 65 53 79
78 79 53 65
79 95 53 66
81 97 53 94
82 81 53 95
94 95 53 81
95 79 53 82
96 112 53 4
97 81 53 110
98 97 53 111
110 111 53 97
111 127 53 98
112 96 53 241
113 129 53 126
114 113 53 127
126 127 53 113
127 111 53 114
128 144 53 1
129 113 53 142
130 129 53 143
142 143 53 129
143 159 53 130
144 128 53 244
145 161 53 158
146 145 53 159
158 159 53 145
159 143 53 146
161 145 53 174
162 161 53 175
174 175 53 161
175 191 53 162
176 160 53 247
177 193 53 190
178 177 53 191
190 191 53 177
191 175 53 178
193 177 53 206
194 193 53 207
206 207 53 193
207 223 53 194
208 192 53 250
209 225 53 222
210 209 53 223
222 223 53 209
223 207 53 210
225 209 53 238
226 225 53 239
238 239 53 225
239 255 53 226
240 224 53 253
241 240 53 254
241 242 53 112
242 241 53 255
244 245 53 144
247 248 53 176
250 251 53 208
253 254 53 240
254 255 53 241
255 239 53 242
0 1 55 144
3 2 55 31
3 4 55 112
4 3 55 30
5 4 55 29
6 5 55 28
6 7 55 80
7 6 55 27
8 7 55 26
9 8 55 25
9 10 55 48
10 9 55 24
11 10 55 23
12 11 55 22
12 13 55 16
13 12 55 21
14 13 55 20
15 14 55 19
16 0 55 160
16 32 55 12
17 18 55 45
18 19 55 44
19 18 55 15
19 20 55 43
20 19 55 14
20 21 55 42
21 20 55 13
21 22 55 41
22 21 55 12
22 23 55 40
23 22 55 11
23 24 55 39
24 23 55 10
24 25 55 38
25 24 55 9
25 26 55 37
26 25 55 8
26 27 55 36
27 26 55 7
27 28 55 35
28 27 55 6
28 29 55 34
29 28 55 5
29 30 55 33
30 29 55 4
31 30 55 3
32 16 55 176
33 34 55 29
34 35 55 28
35 34 55 63
35 36 55 27
36 35 55 62
36 37 55 26
37 36 55 61
37 38 55 25
38 37 55 60
38 39 55 24
39 38 55 59
39 40 55 23
40 39 55 58
40 41 55 22
41 40 55 57
41 42 55 21
42 41 55 56
42 43 55 20
43 42 55 55
43 44 55 19
44 43 55 54
44 45 55 18
45 44 55 53
45 46 55 17
46 45 55 52
47 46 55 51
48 32 55 192
48 64 55 9
49 50 55 77
50 51 55 76
51 50 55 47
51 52 55 75
52 51 55 46
52 53 55 74
53 52 55 45
53 54 55 73
54 53 55 44
54 55 55 72
55 54 55 43
55 56 55 71
56 55 55 42
56 57 55 70
57 56 55 41
57 58 55 69
58 57 55 40
58 59 55 68
59 58 55 39
59 60 55 67
60 59 55 38
60 61 55 66
61 60 55 37
61 62 55 65
62 61 55 36
63 62 55 35
64 48 55 208
65 66 55 61
66 67 55 60
67 66 55 95
67 68 55 59
68 67 55 94
68 69 55 58
69 68 55 93
69 70 55 57
70 69 55 92
70 71 55 56
71 70 55 91
71 72 55 55
72 71 55 90
72 73 55 54
73 72 55 89
73 74 55 53
74 73 55 88
74 75 55 52
75 74 55 87
75 76 55 51
76 75 55 86
76 77 55 50
77 76 55 85
77 78 55 49
78 77 55 84
79 78 55 83
80 64 55 224
80 96 55 6
81 82 55 109
82 83 55 108
83 82 55 79
83 84 55 107
84 83 55 78
84 85 55 106
85 84 55 77
85 86 55 105
86 85 55 76
86 87 55 104
87 86 55 75
87 88 55 103
88 87 55 74
88 89 55 102
89 88 55 73
89 90 55 101
90 89 55 72
90 91 55 100
91 90 55 71
91 92 55 99
92 91 55 70
92 93 55 98
93 92 55 69
93 94 55 97
94 93 55 68
95 94 55 67
96 80 55 240
97 98 55 93
98 99 55 92
99 98 55 127
99 100 55 91
100 99 55 126
100 101 55 90
101 100 55 125
101 102 55 89
102 101 55 124
102 103 55 88
103 102 55 123
103 104 55 87
104 103 55 122
104 105 55 86
105 104 55 121
105 106 55 85
106 105 55 120
106 107 55 84
107 106 55 119
107 108 55 83
108 107 55 118
108 109 55 82
109 108 55 117
109 110 55 81
110 109 55 116
111 110 55 115
112 128 55 3
113 114 55 141
114 115 55 140
115 114 55 111
115 116 55 139
116 115 55 110
116 117 55 138
117 116 55 109
117 118 55 137
118 117 55 108
118 119 55 136
119 118 55 107
119 120 55 135
120 119 55 106
120 121 55 134
121 120 55 105
121 122 55 133
122 121 55 104
122 123 55 132
123 122 55 103
123 124 55 131
124 123 55 102
124 125 55 130
125 124 55 101
125 126 55 129
126 125 55 100
127 126 55 99
128 112 55 243
129 130 55 125
130 131 55 124
131 130 55 159
131 132 55 123
132 131 55 158
132 133 55 122
133 132 55 157
133 134 55 121
134 133 55 156
134 135 55 120
135 134 55 155
135 136 55 119
136 135 55 154
136 137 55 118
137 136 55 153
137 138 55 117
138 137 55 152
138 139 55 116
139 138 55 151
139 140 55 115
140 139 55 150
140 141 55 114
141 140 55 149
141 142 55 113
142 141 55 148
143 142 55 147
144 160 55 0
145 146 55 173
146 147 55 172
147 146 55 143
147 148 55 171
148 147 55 142
148 149 55 170
149 148 55 141
149 150 55 169
150 149 55 140
150 151 55 168
151 150 55 139
151 152 55 167
152 151 55 138
152 153 55 166
153 152 55 137
153 154 55 165
154 153 55 136
154 155 55 164
155 154 55 135
155 156 55 163
156 155 55 134
156 157 55 162
157 156 55 133
157 158 55 161
158 157 55 132
159 158 55 131
160 144 55 246
160 176 55 16
161 162 55 157
162 163 55 156
163 162 55 191
163 164 55 155
164 163 55 190
164 165 55 154
165 164 55 189
165 166 55 153
166 165 55 188
166 167 55 152
167 166 55 187
167 168 55 151
168 167 55 186
168 169 55 150
169 168 55 185
169 170 55 149
170 169 55 184
170 171 55 148
171 170 55 183
171 172 55 147
172 171 55 182
172 173 55 146
173 172 55 181
173 174 55 145
174 173 55 180
175 174 55 179
176 192 55 32
177 178 55 205
178 179 55 204
179 178 55 175
179 180 55 203
180 179 55 174
180 181 55 202
181 180 55 173
181 182 55 201
182 181 55 172
182 183 55 200
183 182 55 171
183 184 55 199
184 183 55 170
184 185 55 198
185 184 55 169
185 186 55 197
186 185 55 168
186 187 55 196
187 186 55 167
187 188 55 195
188 187 55 166
188 189 55 194
189 188 55 165
189 190 55 193
190 189 55 164
191 190 55 163
192 176 55 249
192 208 55 48
193 194 55 189
194 195 55 188
195 194 55 223
195 196 55 187
196 195 55 222
196 197 55 186
197 196 55 221
197 198 55 185
198 197 55 220
198 199 55 184
199 198 55 219
199 200 55 183
200 199 55 218
200 201 55 182
201 200 55 217
201 202 55 181
202 201 55 216
202 203 55 180
203 202 55 215
203 204 55 179
204 203 55 214
204 205 55 178
205 204 55 213
205 206 55 177
206 205 55 212
207 206 55 211
208 224 55 64
209 210 55 237
210 211 55 236
211 210 55 207
211 212 55 235
212 211 55 206
212 213 55 234
213 212 55 205
213 214 55 233
214 213 55 204
214 215 55 232
215 214 55 203
215 216 55 231
216 215 55 202
216 217 55 230
217 216 55 201
217 218 55 229
218 217 55 200
218 219 55 228
219 218 55 199
219 220 55 227
220 219 55 198
220 221 55 226
221 220 55 197
221 222 55 225
222 221 55 196
223 222 55 195
224 208 55 252
224 240 55 80
225 226 55 221
226 227 55 220
227 226 55 255
227 228 55 219
228 227 55 254
228 229 55 218
229 228 55 253
229 230 55 217
230 229 55 252
230 231 55 216
231 230 55 251
231 232 55 215
232 231 55 250
232 233 55 214
233 232 55 249
233 234 55 213
234 233 55 248
234 235 55 212
235 234 55 247
235 236 55 211
236 235 55 246
236 237 55 210
237 236 55 245
237 238 55 209
238 237 55 244
239 238 55 243
240 241 55 96
243 242 55 239
243 244 55 128
244 243 55 238
245 244 55 237
246 245 55 236
246 247 55 160
247 246 55 235
248 247 55 234
249 248 55 233
249 250 55 192
250 249 55 232
251 250 55 231
252 251 55 230
252 253 55 224
253 252 55 229
254 253 55 228
255 254 55 227
0 16 57 14
1 0 57 15
2 3 57 128
5 6 57 96
8 9 57 64
11 12 57 32
14 15 57 0
15 31 57 1
17 33 57 31
31 15 57 17
32 48 57 11
33 17 57 47
47 63 57 33
49 65 57 63
63 47 57 49
64 80 57 8
65 49 57 79
79 95 57 65
81 97 57 95
95 79 57 81
96 112 57 5
97 81 57 111
111 127 57 97
112 96 57 242
113 129 57 127
127 111 57 113
128 144 57 2
129 113 57 143
143 159 57 129
144 128 57 245
145 161 57 159
159 143 57 145
161 145 57 175
175 191 57 161
176 160 57 248
177 193 57 191
191 175 57 177
193 177 57 207
207 223 57 193
208 192 57 251
209 225 57 223
223 207 57 209
225 209 57 239
239 255 57 225
240 224 57 254
241 240 57 255
242 243 57 112
245 246 57 144
248 249 57 176
251 252 57 208
254 255 57 240
255 239 57 241
1 2 59 144
2 1 59 31
3 2 59 30
4 3 59 29
4 5 59 112
5 4 59 28
6 5 59 27
7 6 59 26
7 8 59 80
8 7 59 25
9 8 59 24
10 9 59 23
10 11 59 48
11 10 59 22
12 11 59 21
13 12 59 20
13 14 59 16
14 13 59 19
15 14 59 18
16 32 59 13
17 18 59 46
18 17 59 15
18 19 59 45
19 18 59 14
19 20 59 44
20 19 59 13
20 21 59 43
21 20 59 12
21 22 59 42
22 21 59 11
22 23 59 41
23 22 59 10
23 24 59 40
24 23 59 9
24 25 59 39
25 24 59 8
25 26 59 38
26 25 59 7
26 27 59 37
27 26 59 6
27 28 59 36
28 27 59 5
28 29 59 35
29 28 59 4
29 30 59 34
30 29 59 3
30 31 59 33
31 30 59 2
33 34 59 30
34 33 59 63
34 35 59 29
35 34 59 62
35 36 59 28
36 35 59 61
36 37 59 27
37 36 59 60
37 38 59 26
38 37 59 59
38 39 59 25
39 38 59 58
39 40 59 24
40 39 59 57
40 41 59 23
41 40 59 56
41 42 59 22
42 41 59 55
42 43 59 21
43 42 59 54
43 44 59 20
44 43 59 53
44 45 59 19
45 44 59 52
45 46 59 18
46 45 59 51
46 47 59 17
47 46 59 50
48 64 59 10
49 50 59 78
50 49 59 47
50 51 59 77
51 50 59 46
51 52 59 76
52 51 59 45
52 53 59 75
53 52 59 44
53 54 59 74
54 53 59 43
54 55 59 73
55 54 59 42
55 56 59 72
56 55 59 41
56 57 59 71
57 56 59 40
57 58 59 70
58 57 59 39
58 59 59 69
59 58 59 38
59 60 59 68
60 59 59 37
60 61 59 67
61 60 59 36
61 62 59 66
62 61 59 35
62 63 59 65
63 62 59 34
65 66 59 62
66 65 59 95
66 67 59 61
67 66 59 94
67 68 59 60
68 67 59 93
68 69 59 59
69 68 59 92
69 70 59 58
70 69 59 91
70 71 59 57
71 70 59 90
71 72 59 56
72 71 59 89
72 73 59 55
73 72 59 88
73 74 59 54
74 73 59 87
74 75 59 53
75 74 59 86
75 76 59 52
76 75 59 85
76 77 59 51
77 76 59 84
77 78 59 50
78 77 59 83
78 79 59 49
79 78 59 82
80 96 59 7
81 82 59 110
82 81 59 79
82 83 59 109
83 82 59 78
83 84 59 108
84 83 59 77
84 85 59 107
85 84 59 76
85 86 59 106
86 85 59 75
86 87 59 105
87 86 59 74
87 88 59 104
88 87 59 73
88 89 59 103
89 88 59 72
89 90 59 102
90 89 59 71
90 91 59 101
91 90 59 70
91 92 59 100
92 91 59 69
92 93 59 99
93 92 59 68
93 94 59 98
94 93 59 67
94 95 59 97
95 94 59 66
96 80 59 241
97 98 59 94
98 97 59 127
98 99 59 93
99 98 59 126
99 100 59 92
100 99 59 125
100 101 59 91
101 100 59 124
101 102 59 90
102 101 59 123
102 103 59 89
103 102 59 122
103 104 59 88
104 103 59 121
104 105 59 87
105 104 59 120
105 106 59 86
106 105 59 119
106 107 59 85
107 106 59 118
107 108 59 84
108 107 59 117
108 109 59 83
109 108 59 116
109 110 59 82
110 109 59 115
110 111 59 81
111 110 59 114
112 128 59 4
113 114 59 142
114 113 59 111
114 115 59 141
115 114 59 110
115 116 59 140
116 115 59 109
116 117 59 139
117 116 59 108
117 118 59 138
118 117 59 107
118 119 59 137
119 118 59 106
119 120 59 136
120 119 59 105
120 121 59 135
121 120 59 104
121 122 59 134
122 121 59 103
122 123 59 133
123 122 59 102
123 124 59 132
124 123 59 101
124 125 59 131
125 124 59 100
125 126 59 130
126 125 59 99
126 127 59 129
127 126 59 98
128 112 59 244
129 130 59 126
130 129 59 159
130 131 59 125
131 130 59 158
131 132 59 124
132 131 59 157
132 133 59 123
133 132 59 156
133 134 59 122
134 133 59 155
134 135 59 121
135 134 59 154
135 136 59 120
136 135 59 153
136 137 59 119
137 136 59 152
137 138 59 118
138 137 59 151
138 139 59 117
139 138 59 150
139 140 59 116
140 139 59 149
140 141 59 115
141 140 59 148
141 142 59 114
142 141 59 147
142 143 59 113
143 142 59 146
144 160 59 1
145 146 59 174
146 145 59 143
146 147 59 173
147 146 59 142
147 148 59 172
148 147 59 141
148 149 59 171
149 148 59 140
149 150 59 170
150 149 59 139
150 151 59 169
151 150 59 138
151 152 59 168
152 151 59 137
152 153 59 167
153 152 59 136
153 154 59 166
154 153 59 135
154 155 59 165
155 154 59 134
155 156 59 164
156 155 59 133
156 157 59 163
157 156 59 132
157 158 59 162
158 157 59 131
158 159 59 161
159 158 59 130
160 144 59 247
161 162 59 158
162 161 59 191
162 163 59 157
163 162 59 190
163 164 59 156
164 163 59 189
164 165 59 155
165 164 59 188
165 166 59 154
166 165 59 187
166 167 59 153
167 166 59 186
167 168 59 152
168 167 59 185
168 169 59 151
169 168 59 184
169 170 59 150
170 169 59 183
170 171 59 149
171 170 59 182
171 172 59 148
172 171 59 181
172 173 59 147
173 172 59 180
173 174 59 146
174 173 59 179
174 175 59 145
175 174 59 178
177 178 59 206
178 177 59 175
178 179 59 205
179 178 59 174
179 180 59 204
180 179 59 173
180 181 59 203
181 180 59 172
181 182 59 202
182 181 59 171
182 183 59 201
183 182 59 170
183 184 59 200
184 183 59 169
184 185 59 199
185 184 59 168
185 186 59 198
186 185 59 167
186 187 59 197
187 186 59 166
187 188 59 196
188 187 59 165
188 189 59 195
189 188 59 164
189 190 59 194
190 189 59 163
190 191 59 193
191 190 59 162
192 176 59 250
193 194 59 190
194 193 59 223
194 195 59 189
195 194 59 222
195 196 59 188
196 195 59 221
196 197 59 187
197 196 59 220
197 198 59 186
198 197 59 219
198 199 59 185
199 198 59 218
199 200 59 184
200 199 59 217
200 201 59 183
201 200 59 216
201 202 59 182
202 201 59 215
202 203 59 181
203 202 59 214
203 204 59 180
204 203 59 213
204 205 59 179
205 204 59 212
205 206 59 178
206 205 59 211
206 207 59 177
207 206 59 210
209 210 59 238
210 209 59 207
210 211 59 237
211 210 59 206
211 212 59 236
212 211 59 205
212 213 59 235
213 212 59 204
213 214 59 234
214 213 59 203
214 215 59 233
215 214 59 202
215 216 59 232
216 215 59 201
216 217 59 231
217 216 59 200
217 218 59 230
218 217 59 199
218 219 59 229
219 218 59 198
219 220 59 228
220 219 59 197
220 221 59 227
221 220 59 196
221 222 59 226
222 221 59 195
222 223 59 225
223 222 59 194
224 208 59 253
225 226 59 222
226 225 59 255
226 227 59 221
227 226 59 254
227 228 59 220
228 227 59 253
228 229 59 219
229 228 59 252
229 230 59 218
230 229 59 251
230 231 59 217
231 230 59 250
231 232 59 216
232 231 59 249
232 233 59 215
233 232 59 248
233 234 59 214
234 233 59 247
234 235 59 213
235 234 59 246
235 236 59 212
236 235 59 245
236 237 59 211
237 236 59 244
237 238 59 210
238 237 59 243
238 239 59 209
239 238 59 242
241 242 59 96
242 241 59 239
243 242 59 238
244 243 59 237
244 245 59 128
245 244 59 236
246 245 59 235
247 246 59 234
247 248 59 160
248 247 59 233
249 248 59 232
250 249 59 231
250 251 59 192
251 250 59 230
252 251 59 229
253 252 59 228
253 254 59 224
254 253 59 227
255 254 59 226
0 1 61 160
0 16 61 15
3 4 61 128
6 7 61 96
9 10 61 64
12 13 61 32
15 31 61 0
16 0 61 176
32 16 61 192
32 48 61 12
48 32 61 208
64 48 61 224
64 80 61 9
80 64 61 240
96 112 61 6
112 96 61 243
128 144 61 3
144 128 61 246
160 176 61 0
176 160 61 249
176 192 61 16
192 208 61 32
208 192 61 252
208 224 61 48
224 240 61 64
240 224 61 255
240 241 61 80
243 244 61 112
246 247 61 144
249 250 61 176
252 253 61 208
255 239 61 240
1 0 63 31
2 1 63 30
2 3 63 144
3 2 63 29
4 3 63 28
5 4 63 27
5 6 63 112
6 5 63 26
7 6 63 25
8 7 63 24
8 9 63 80
9 8 63 23
10 9 63 22
11 10 63 21
11 12 63 48
12 11 63 20
13 12 63 19
14 13 63 18
14 15 63 16
15 14 63 17
16 32 63 14
17 18 63 47
17 33 63 15
18 17 63 14
18 19 63 46
19 18 63 13
19 20 63 45
20 19 63 12
20 21 63 44
21 20 63 11
21 22 63 43
22 21 63 10
22 23 63 42
23 22 63 9
23 24 63 41
24 23 63 8
24 25 63 40
25 24 63 7
25 26 63 39
26 25 63 6
26 27 63 38
27 26 63 5
27 28 63 37
28 27 63 4
28 29 63 36
29 28 63 3
29 30 63 35
30 29 63 2
30 31 63 34
31 15 63 33
31 30 63 1
33 17 63 63
33 34 63 31
34 33 63 62
34 35 63 30
35 34 63 61
35 36 63 29
36 35 63 60
36 37 63 28
37 36 63 59
37 38 63 27
38 37 63 58
38 39 63 26
39 38 63 57
39 40 63 25
40 39 63 56
40 41 63 24
41 40 63 55
41 42 63 23
42 41 63 54
42 43 63 22
43 42 63 53
43 44 63 21
44 43 63 52
44 45 63 20
45 44 63 51
45 46 63 19
46 45 63 50
46 47 63 18
47 46 63 49
47 63 63 17
48 64 63 11
49 50 63 79
49 65 63 47
50 49 63 46
50 51 63 78
51 50 63 45
51 52 63 77
52 51 63 44
52 53 63 76
53 52 63 43
53 54 63 75
54 53 63 42
54 55 63 74
55 54 63 41
55 56 63 73
56 55 63 40
56 57 63 72
57 56 63 39
57 58 63 71
58 57 63 38
58 59 63 70
59 58 63 37
59 60 63 69
60 59 63 36
60 61 63 68
61 60 63 35
61 62 63 67
62 61 63 34
62 63 63 66
63 47 63 65
63 62 63 33
65 49 63 95
65 66 63 63
66 65 63 94
66 67 63 62
67 66 63 93
67 68 63 61
68 67 63 92
68 69 63 60
69 68 63 91
69 70 63 59
70 69 63 90
70 71 63 58
71 70 63 89
71 72 63 57
72 71 63 88
72 73 63 56
73 72 63 87
73 74 63 55
74 73 63 86
74 75 63 54
75 74 63 85
75 76 63 53
76 75 63 84
76 77 63 52
77 76 63 83
77 78 63 51
78 77 63 82
78 79 63 50
79 78 63 81
79 95 63 49
80 96 63 8
81 82 63 111
81 97 63 79
82 81 63 78
82 83 63 110
83 82 63 77
83 84 63 109
84 83 63 76
84 85 63 108
85 84 63 75
85 86 63 107
86 85 63 74
86 87 63 106
87 86 63 73
87 88 63 105
88 87 63 72
88 89 63 104
89 88 63 71
89 90 63 103
90 89 63 70
90 91 63 102
91 90 63 69
91 92 63 101
92 91 63 68
92 93 63 100
93 92 63 67
93 94 63 99
94 93 63 66
94 95 63 98
95 79 63 97
95 94 63 65
96 80 63 242
97 81 63 127
97 98 63 95
98 97 63 126
98 99 63 94
99 98 63 125
99 100 63 93
100 99 63 124
100 101 63 92
101 100 63 123
101 102 63 91
102 101 63 122
102 103 63 90
103 102 63 121
103 104 63 89
104 103 63 120
104 105 63 88
105 104 63 119
105 106 63 87
106 105 63 118
106 107 63 86
107 106 63 117
107 108 63 85
108 107 63 116
108 109 63 84
109 108 63 115
109 110 63 83
110 109 63 114
110 111 63 82
111 110 63 113
111 127 63 81
112 128 63 5
113 114 63 143
113 129 63 111
114 113 63 110
114 115 63 142
115 114 63 109
115 116 63 141
116 115 63 108
116 117 63 140
117 116 63 107
117 118 63 139
118 117 63 106
118 119 63 138
119 118 63 105
119 120 63 137
120 119 63 104
120 121 63 136
121 120 63 103
121 122 63 135
122 121 63 102
122 123 63 134
123 122 63 101
123 124 63 133
124 123 63 100
124 125 63 132
125 124 63 99
125 126 63 131
126 125 63 98
126 127 63 130
127 111 63 129
127 126 63 97
128 112 63 245
129 113 63 159
129 130 63 127
130 129 63 158
130 131 63 126
131 130 63 157
131 132 63 125
132 131 63 156
132 133 63 124
133 132 63 155
133 134 63 123
134 133 63 154
134 135 63 122
135 134 63 153
135 136 63 121
136 135 63 152
136 137 63 120
137 136 63 151
137 138 63 119
138 137 63 150
138 139 63 118
139 138 63 149
139 140 63 117
140 139 63 148
140 141 63 116
141 140 63 147
141 142 63 115
142 141 63 146
142 143 63 114
143 142 63 145
143 159 63 113
144 160 63 2
145 146 63 175
145 161 63 143
146 145 63 142
146 147 63 174
147 146 63 141
147 148 63 173
148 147 63 140
148 149 63 172
149 148 63 139
149 150 63 171
150 149 63 138
150 151 63 170
151 150 63 137
151 152 63 169
152 151 63 136
152 153 63 168
153 152 63 135
153 154 63 167
154 153 63 134
154 155 63 166
155 154 63 133
155 156 63 165
156 155 63 132
156 157 63 164
157 156 63 131
157 158 63 163
158 157 63 130
158 159 63 162
159 143 63 161
159 158 63 129
160 144 63 248
161 145 63 191
161 162 63 159
162 161 63 190
162 163 63 158
163 162 63 189
163 164 63 157
164 163 63 188
164 165 63 156
165 164 63 187
165 166 63 155
166 165 63 186
166 167 63 154
167 166 63 185
167 168 63 153
168 167 63 184
168 169 63 152
169 168 63 183
169 170 63 151
170 169 63 182
170 171 63 150
171 170 63 181
171 172 63 149
172 171 63 180
172 173 63 148
173 172 63 179
173 174 63 147
174 173 63 178
174 175 63 146
175 174 63 177
175 191 63 145
177 178 63 207
177 193 63 175
178 177 63 174
178 179 63 206
179 178 63 173
179 180 63 205
180 179 63 172
180 181 63 204
181 180 63 171
181 182 63 203
182 181 63 170
182 183 63 202
183 182 63 169
183 184 63 201
184 183 63 168
184 185 63 200
185 184 63 167
185 186 63 199
186 185 63 166
186 187 63 198
187 186 63 165
187 188 63 197
188 187 63 164
188 189 63 196
189 188 63 163
189 190 63 195
190 189 63 162
190 191 63 194
191 175 63 193
191 190 63 161
192 176 63 251
193 177 63 223
193 194 63 191
194 193 63 222
194 195 63 190
195 194 63 221
195 196 63 189
196 195 63 220
196 197 63 188
197 196 63 219
197 198 63 187
198 197 63 218
198 199 63 186
199 198 63 217
199 200 63 185
200 199 63 216
200 201 63 184
201 200 63 215
201 202 63 183
202 201 63 214
202 203 63 182
203 202 63 213
203 204 63 181
204 203 63 212
204 205 63 180
205 204 63 211
205 206 63 179
206 205 63 210
206 207 63 178
207 206 63 209
207 223 63 177
209 210 63 239
209 225 63 207
210 209 63 206
210 211 63 238
211 210 63 205
211 212 63 237
212 211 63 204
212 213 63 236
213 212 63 203
213 214 63 235
214 213 63 202
214 215 63 234
215 214 63 201
215 216 63 233
216 215 63 200
216 217 63 232
217 216 63 199
217 218 63 231
218 217 63 198
218 219 63 230
219 218 63 197
219 220 63 229
220 219 63 196
220 221 63 228
221 220 63 195
221 222 63 227
222 221 63 194
222 223 63 226
223 207 63 225
223 222 63 193
224 208 63 254
225 209 63 255
225 226 63 223
226 225 63 254
226 227 63 222
227 226 63 253
227 228 63 221
228 227 63 252
228 229 63 220
229 228 63 251
229 230 63 219
230 229 63 250
230 231 63 218
231 230 63 249
231 232 63 217
232 231 63 248
232 233 63 216
233 232 63 247
233 234 63 215
234 233 63 246
234 235 63 214
235 234 63 245
235 236 63 213
236 235 63 244
236 237 63 212
237 236 63 243
237 238 63 211
238 237 63 242
238 239 63 210
239 238 63 241
239 255 63 209
241 240 63 239
242 241 63 238
242 243 63 96
243 242 63 237
244 243 63 236
245 244 63 235
245 246 63 128
246 245 63 234
247 246 63 233
248 247 63 232
248 249 63 160
249 248 63 231
250 249 63 230
251 250 63 229
251 252 63 192
252 251 63 228
253 252 63 227
254 253 63 226
254 255 63 224
255 254 63 225
1 2 65 160
4 5 65 128
7 8 65 96
10 11 65 64
13 14 65 32
32 48 65 13
64 80 65 10
80 64 65 241
96 112 65 7
112 96 65 244
128 144 65 4
144 128 65 247
160 176 65 1
176 160 65 250
208 192 65 253
241 242 65 80
244 245 65 112
247 248 65 144
250 251 65 176
253 254 65 208
0 1 67 176
0 16 67 31
1 0 67 30
2 1 67 29
3 2 67 28
3 4 67 144
4 3 67 27
5 4 67 26
6 5 67 25
6 7 67 112
7 6 67 24
8 7 67 23
9 8 67 22
9 10 67 80
10 9 67 21
11 10 67 20
12 11 67 19
12 13 67 48
13 12 67 18
14 13 67 17
15 31 67 16
16 0 67 192
16 32 67 15
17 33 67 14
18 17 67 13
18 19 67 47
19 18 67 12
19 20 67 46
20 19 67 11
20 21 67 45
21 20 67 10
21 22 67 44
22 21 67 9
22 23 67 43
23 22 67 8
23 24 67 42
24 23 67 7
24 25 67 41
25 24 67 6
25 26 67 40
26 25 67 5
26 27 67 39
27 26 67 4
27 28 67 38
28 27 67 3
28 29 67 37
29 28 67 2
29 30 67 36
30 29 67 1
30 31 67 35
31 15 67 34
31 30 67 0
32 16 67 208
33 17 67 62
34 33 67 61
34 35 67 31
35 34 67 60
35 36 67 30
36 35 67 59
36 37 67 29
37 36 67 58
37 38 67 28
38 37 67 57
38 39 67 27
39 38 67 56
39 40 67 26
40 39 67 55
40 41 67 25
41 40 67 54
41 42 67 24
42 41 67 53
42 43 67 23
43 42 67 52
43 44 67 22
44 43 67 51
44 45 67 21
45 44 67 50
45 46 67 20
46 45 67 49
46 47 67 19
47 63 67 18
48 32 67 224
48 64 67 12
49 65 67 46
50 49 67 45
50 51 67 79
51 50 67 44
51 52 67 78
52 51 67 43
52 53 67 77
53 52 67 42
53 54 67 76
54 53 67 41
54 55 67 75
55 54 67 40
55 56 67 74
56 55 67 39
56 57 67 73
57 56 67 38
57 58 67 72
58 57 67 37
58 59 67 71
59 58 67 36
59 60 67 70
60 59 67 35
60 61 67 69
61 60 67 34
61 62 67 68
62 61 67 33
62 63 67 67
63 47 67 66
64 48 67 240
65 49 67 94
66 65 67 93
66 67 67 63
67 66 67 92
67 68 67 62
68 67 67 91
68 69 67 61
69 68 67 90
69 70 67 60
70 69 67 89
70 71 67 59
71 70 67 88
71 72 67 58
72 71 67 87
72 73 67 57
73 72 67 86
73 74 67 56
74 73 67 85
74 75 67 55
75 74 67 84
75 76 67 54
76 75 67 83
76 77 67 53
77 76 67 82
77 78 67 52
78 77 67 81
78 79 67 51
79 95 67 50
80 96 67 9
81 97 67 78
82 81 67 77
82 83 67 111
83 82 67 76
83 84 67 110
84 83 67 75
84 85 67 109
85 84 67 74
85 86 67 108
86 85 67 73
86 87 67 107
87 86 67 72
87 88 67 106
88 87 67 71
88 89 67 105
89 88 67 70
89 90 67 104
90 89 67 69
90 91 67 103
91 90 67 68
91 92 67 102
92 91 67 67
92 93 67 101
93 92 67 66
93 94 67 100
94 93 67 65
94 95 67 99
95 79 67 98
96 80 67 243
97 81 67 126
98 97 67 125
98 99 67 95
99 98 67 124
99 100 67 94
100 99 67 123
100 101 67 93
101 100 67 122
101 102 67 92
102 101 67 121
102 103 67 91
103 102 67 120
103 104 67 90
104 103 67 119
104 105 67 89
105 104 67 118
105 106 67 88
106 105 67 117
106 107 67 87
107 106 67 116
107 108 67 86
108 107 67 115
108 109 67 85
109 108 67 114
109 110 67 84
110 109 67 113
110 111 67 83
111 127 67 82
112 128 67 6
113 129 67 110
114 113 67 109
114 115 67 143
115 114 67 108
115 116 67 142
116 115 67 107
116 117 67 141
117 116 67 106
117 118 67 140
118 117 67 105
118 119 67 139
119 118 67 104
119 120 67 138
120 119 67 103
120 121 67 137
121 120 67 102
121 122 67 136
122 121 67 101
122 123 67 135
123 122 67 100
123 124 67 134
124 123 67 99
124 125 67 133
125 124 67 98
125 126 67 132
126 125 67 97
126 127 67 131
127 111 67 130
128 112 67 246
129 113 67 158
130 129 67 157
130 131 67 127
131 130 67 156
131 132 67 126
132 131 67 155
132 133 67 125
133 132 67 154
133 134 67 124
134 133 67 153
134 135 67 123
135 134 67 152
135 136 67 122
136 135 67 151
136 137 67 121
137 136 67 150
137 138 67 120
138 137 67 149
138 139 67 119
139 138 67 148
139 140 67 118
140 139 67 147
140 141 67 117
141 140 67 146
141 142 67 116
142 141 67 145
142 143 67 115
143 159 67 114
144 160 67 3
145 161 67 142
146 145 67 141
146 147 67 175
147 146 67 140
147 148 67 174
148 147 67 139
148 149 67 173
149 148 67 138
149 150 67 172
150 149 67 137
150 151 67 171
151 150 67 136
151 152 67 170
152 151 67 135
152 153 67 169
153 152 67 134
153 154 67 168
154 153 67 133
154 155 67 167
155 154 67 132
155 156 67 166
156 155 67 131
156 157 67 165
157 156 67 130
157 158 67 164
158 157 67 129
158 159 67 163
159 143 67 162
160 144 67 249
161 145 67 190
162 161 67 189
162 163 67 159
163 162 67 188
163 164 67 158
164 163 67 187
164 165 67 157
165 164 67 186
165 166 67 156
166 165 67 185
166 167 67 155
167 166 67 184
167 168 67 154
168 167 67 183
168 169 67 153
169 168 67 182
169 170 67 152
170 169 67 181
170 171 67 151
171 170 67 180
171 172 67 150
172 171 67 179
172 173 67 149
173 172 67 178
173 174 67 148
174 173 67 177
174 175 67 147
175 191 67 146
176 192 67 0
177 193 67 174
178 177 67 173
178 179 67 207
179 178 67 172
179 180 67 206
180 179 67 171
180 181 67 205
181 180 67 170
181 182 67 204
182 181 67 169
182 183 67 203
183 182 67 168
183 184 67 202
184 183 67 167
184 185 67 201
185 184 67 166
185 186 67 200
186 185 67 165
186 187 67 199
187 186 67 164
187 188 67 198
188 187 67 163
188 189 67 197
189 188 67 162
189 190 67 196
190 189 67 161
190 191 67 195
191 175 67 194
192 176 67 252
192 208 67 16
193 177 67 222
194 193 67 221
194 195 67 191
195 194 67 220
195 196 67 190
196 195 67 219
196 197 67 189
197 196 67 218
197 198 67 188
198 197 67 217
198 199 67 187
199 198 67 216
199 200 67 186
200 199 67 215
200 201 67 185
201 200 67 214
201 202 67 184
202 201 67 213
202 203 67 183
203 202 67 212
203 204 67 182
204 203 67 211
204 205 67 181
205 204 67 210
205 206 67 180
206 205 67 209
206 207 67 179
207 223 67 178
208 224 67 32
209 225 67 206
210 209 67 205
210 211 67 239
211 210 67 204
211 212 67 238
212 211 67 203
212 213 67 237
213 212 67 202
213 214 67 236
214 213 67 201
214 215 67 235
215 214 67 200
215 216 67 234
216 215 67 199
216 217 67 233
217 216 67 198
217 218 67 232
218 217 67 197
218 219 67 231
219 218 67 196
219 220 67 230
220 219 67 195
220 221 67 229
221 220 67 194
221 222 67 228
222 221 67 193
222 223 67 227
223 207 67 226
224 208 67 255
224 240 67 48
225 209 67 254
226 225 67 253
226 227 67 223
227 226 67 252
227 228 67 222
228 227 67 251
228 229 67 221
229 228 67 250
229 230 67 220
230 229 67 249
230 231 67 219
231 230 67 248
231 232 67 218
232 231 67 247
232 233 67 217
233 232 67 246
233 234 67 216
234 233 67 245
234 235 67 215
235 234 67 244
235 236 67 214
236 235 67 243
236 237 67 213
237 236 67 242
237 238 67 212
238 237 67 241
238 239 67 211
239 238 67 240
239 255 67 210
240 224 67 239
240 241 67 64
241 240 67 238
242 241 67 237
243 242 67 236
243 244 67 96
244 243 67 235
245 244 67 234
246 245 67 233
246 247 67 128
247 246 67 232
248 247 67 231
249 248 67 230
249 250 67 160
250 249 67 229
251 250 67 228
252 251 67 227
252 253 67 192
253 252 67 226
254 253 67 225
255 239 67 224
2 3 69 160
5 6 69 128
8 9 69 96
11 12 69 64
14 15 69 32
15 14 69 33
17 18 69 63
32 48 69 14
33 34 69 15
47 46 69 65
49 50 69 95
63 62 69 17
64 80 69 11
65 66 69 47
79 78 69 97
80 64 69 242
81 82 69 127
95 94 69 49
96 112 69 8
97 98 69 79
111 110 69 129
112 96 69 245
113 114 69 159
127 126 69 81
128 144 69 5
129 130 69 111
143 142 69 161
144 128 69 248
145 146 69 191
159 158 69 113
160 176 69 2
161 162 69 143
175 174 69 193
176 160 69 251
177 178 69 223
191 190 69 145
193 194 69 175
207 206 69 225
208 192 69 254
209 210 69 255
223 222 69 177
225 226 69 207
242 243 69 80
245 246 69 112
248 249 69 144
251 252 69 176
254 255 69 208
255 254 69 209
0 16 71 30
1 0 71 29
1 2 71 176
2 1 71 28
3 2 71 27
4 3 71 26
4 5 71 144
5 4 71 25
6 5 71 24
7 6 71 23
7 8 71 112
8 7 71 22
9 8 71 21
10 9 71 20
10 11 71 80
11 10 71 19
12 11 71 18
13 12 71 17
13 14 71 48
17 33 71 13
18 17 71 12
19 18 71 11
19 20 71 47
20 19 71 10
20 21 71 46
21 20 71 9
21 22 71 45
22 21 71 8
22 23 71 44
23 22 71 7
23 24 71 43
24 23 71 6
24 25 71 42
25 24 71 5
25 26 71 41
26 25 71 4
26 27 71 40
27 26 71 3
27 28 71 39
28 27 71 2
28 29 71 38
29 28 71 1
29 30 71 37
30 29 71 0
30 31 71 36
31 15 71 35
33 17 71 61
34 33 71 60
35 34 71 59
35 36 71 31
36 35 71 58
36 37 71 30
37 36 71 57
37 38 71 29
38 37 71 56
38 39 71 28
39 38 71 55
39 40 71 27
40 39 71 54
40 41 71 26
41 40 71 53
41 42 71 25
42 41 71 52
42 43 71 24
43 42 71 51
43 44 71 23
44 43 71 50
44 45 71 22
45 44 71 49
45 46 71 21
46 47 71 20
47 63 71 19
48 64 71 13
49 65 71 45
50 49 71 44
51 50 71 43
51 52 71 79
52 51 71 42
52 53 71 78
53 52 71 41
53 54 71 77
54 53 71 40
54 55 71 76
55 54 71 39
55 56 71 75
56 55 71 38
56 57 71 74
57 56 71 37
57 58 71 73
58 57 71 36
58 59 71 72
59 58 71 35
59 60 71 71
60 59 71 34
60 61 71 70
61 60 71 33
61 62 71 69
62 63 71 68
63 47 71 67
64 48 71 241
65 49 71 93
66 65 71 92
67 66 71 91
67 68 71 63
68 67 71 90
68 69 71 62
69 68 71 89
69 70 71 61
70 69 71 88
70 71 71 60
71 70 71 87
71 72 71 59
72 71 71 86
72 73 71 58
73 72 71 85
73 74 71 57
74 73 71 84
74 75 71 56
75 74 71 83
75 76 71 55
76 75 71 82
76 77 71 54
77 76 71 81
77 78 71 53
78 79 71 52
79 95 71 51
80 96 71 10
81 97 71 77
82 81 71 76
83 82 71 75
83 84 71 111
84 83 71 74
84 85 71 110
85 84 71 73
85 86 71 109
86 85 71 72
86 87 71 108
87 86 71 71
87 88 71 107
88 87 71 70
88 89 71 106
89 88 71 69
89 90 71 105
90 89 71 68
90 91 71 104
91 90 71 67
91 92 71 103
92 91 71 66
92 93 71 102
93 92 71 65
93 94 71 101
94 95 71 100
95 79 71 99
96 80 71 244
97 81 71 125
98 97 71 124
99 98 71 123
99 100 71 95
100 99 71 122
100 101 71 94
101 100 71 121
101 102 71 93
102 101 71 120
102 103 71 92
103 102 71 119
103 104 71 91
104 103 71 118
104 105 71 90
105 104 71 117
105 106 71 89
106 105 71 116
106 107 71 88
107 106 71 115
107 108 71 87
108 107 71 114
108 109 71 86
109 108 71 113
109 110 71 85
110 111 71 84
111 127 71 83
112 128 71 7
113 129 71 109
114 113 71 108
115 114 71 107
115 116 71 143
116 115 71 106
116 117 71 142
117 116 71 105
117 118 71 141
118 117 71 104
118 119 71 140
119 118 71 103
119 120 71 139
120 119 71 102
120 121 71 138
121 120 71 101
121 122 71 137
122 121 71 100
122 123 71 136
123 122 71 99
123 124 71 135
124 123 71 98
124 125 71 134
125 124 71 97
125 126 71 133
126 127 71 132
127 111 71 131
128 112 71 247
129 113 71 157
130 129 71 156
131 130 71 155
131 132 71 127
132 131 71 154
132 133 71 126
133 132 71 153
133 134 71 125
134 133 71 152
134 135 71 124
135 134 71 151
135 136 71 123
136 135 71 150
136 137 71 122
137 136 71 149
137 138 71 121
138 137 71 148
138 139 71 120
139 138 71 147
139 140 71 119
140 139 71 146
140 141 71 118
141 140 71 145
141 142 71 117
142 143 71 116
143 159 71 115
144 160 71 4
145 161 71 141
146 145 71 140
147 146 71 139
147 148 71 175
148 147 71 138
148 149 71 174
149 148 71 137
149 150 71 173
150 149 71 136
150 151 71 172
151 150 71 135
151 152 71 171
152 151 71 134
152 153 71 170
153 152 71 133
153 154 71 169
154 153 71 132
154 155 71 168
155 154 71 131
155 156 71 167
156 155 71 130
156 157 71 166
157 156 71 129
157 158 71 165
158 159 71 164
159 143 71 163
160 144 71 250
161 145 71 189
162 161 71 188
163 162 71 187
163 164 71 159
164 163 71 186
164 165 71 158
165 164 71 185
165 166 71 157
166 165 71 184
166 167 71 156
167 166 71 183
167 168 71 155
168 167 71 182
168 169 71 154
169 168 71 181
169 170 71 153
170 169 71 180
170 171 71 152
171 170 71 179
171 172 71 151
172 171 71 178
172 173 71 150
173 172 71 177
173 174 71 149
174 175 71 148
175 191 71 147
176 192 71 1
177 193 71 173
178 177 71 172
179 178 71 171
179 180 71 207
180 179 71 170
180 181 71 206
181 180 71 169
181 182 71 205
182 181 71 168
182 183 71 204
183 182 71 167
183 184 71 203
184 183 71 166
184 185 71 202
185 184 71 165
185 186 71 201
186 185 71 164
186 187 71 200
187 186 71 163
187 188 71 199
188 187 71 162
188 189 71 198
189 188 71 161
189 190 71 197
190 191 71 196
191 175 71 195
192 176 71 253
193 177 71 221
194 193 71 220
195 194 71 219
195 196 71 191
196 195 71 218
196 197 71 190
197 196 71 217
197 198 71 189
198 197 71 216
198 199 71 188
199 198 71 215
199 200 71 187
200 199 71 214
200 201 71 186
201 200 71 213
201 202 71 185
202 201 71 212
202 203 71 184
203 202 71 211
203 204 71 183
204 203 71 210
204 205 71 182
205 204 71 209
205 206 71 181
206 207 71 180
207 223 71 179
209 225 71 205
210 209 71 204
211 210 71 203
211 212 71 239
212 211 71 202
212 213 71 238
213 212 71 201
213 214 71 237
214 213 71 200
214 215 71 236
215 214 71 199
215 216 71 235
216 215 71 198
216 217 71 234
217 216 71 197
217 218 71 233
218 217 71 196
218 219 71 232
219 218 71 195
219 220 71 231
220 219 71 194
220 221 71 230
221 220 71 193
221 222 71 229
222 223 71 228
223 207 71 227
225 209 71 253
226 225 71 252
227 226 71 251
227 228 71 223
228 227 71 250
228 229 71 222
229 228 71 249
229 230 71 221
230 229 71 248
230 231 71 220
231 230 71 247
231 232 71 219
232 231 71 246
232 233 71 218
233 232 71 245
233 234 71 217
234 233 71 244
234 235 71 216
235 234 71 243
235 236 71 215
236 235 71 242
236 237 71 214
237 236 71 241
237 238 71 213
238 237 71 240
238 239 71 212
239 255 71 211
240 224 71 238
241 240 71 237
241 242 71 64
242 241 71 236
243 242 71 235
244 243 71 234
244 245 71 96
245 244 71 233
246 245 71 232
247 246 71 231
247 248 71 128
248 247 71 230
249 248 71 229
250 249 71 228
250 251 71 160
251 250 71 227
252 251 71 226
253 252 71 225
253 254 71 192
0 1 73 192
3 4 73 160
6 7 73 128
9 10 73 96
12 13 73 64
14 13 73 33
15 14 73 34
15 31 73 32
16 0 73 208
16 32 73 31
17 18 73 62
18 19 73 63
31 30 73 16
32 16 73 224
32 48 73 15
33 34 73 14
34 35 73 15
46 45 73 65
47 46 73 66
48 32 73 240
49 50 73 94
50 51 73 95
62 61 73 17
63 62 73 18
64 80 73 12
65 66 73 46
66 67 73 47
78 77 73 97
79 78 73 98
80 64 73 243
81 82 73 126
82 83 73 127
94 93 73 49
95 94 73 50
96 112 73 9
97 98 73 78
98 99 73 79
110 109 73 129
111 110 73 130
112 96 73 246
113 114 73 158
114 115 73 159
126 125 73 81
127 126 73 82
128 144 73 6
129 130 73 110
130 131 73 111
142 141 73 161
143 142 73 162
144 128 73 249
145 146 73 190
146 147 73 191
158 157 73 113
159 158 73 114
160 176 73 3
161 162 73 142
162 163 73 143
174 173 73 193
175 174 73 194
176 160 73 252
177 178 73 222
178 179 73 223
190 189 73 145
191 190 73 146
192 208 73 0
193 194 73 174
194 195 73 175
206 205 73 225
207 206 73 226
208 192 73 255
208 224 73 16
209 210 73 254
210 211 73 255
222 221 73 177
223 222 73 178
224 208 73 239
224 240 73 32
225 226 73 206
226 227 73 207
239 238 73 224
240 241 73 48
243 244 73 80
246 247 73 112
249 250 73 144
252 253 73 176
254 253 73 209
255 239 73 208
255 254 73 210
0 16 75 29
1 0 75 28
2 1 75 27
2 3 75 176
3 2 75 26
4 3 75 25
5 4 75 24
5 6 75 144
6 5 75 23
7 6 75 22
8 7 75 21
8 9 75 112
9 8 75 20
10 9 75 19
11 10 75 18
11 12 75 80
12 11 75 17
14 15 75 48
17 33 75 12
18 17 75 11
19 18 75 10
20 19 75 9
20 21 75 47
21 20 75 8
21 22 75 46
22 21 75 7
22 23 75 45
23 22 75 6
23 24 75 44
24 23 75 5
24 25 75 43
25 24 75 4
25 26 75 42
26 25 75 3
26 27 75 41
27 26 75 2
27 28 75 40
28 27 75 1
28 29 75 39
29 28 75 0
29 30 75 38
30 31 75 37
31 15 75 36
33 17 75 60
34 33 75 59
35 34 75 58
36 35 75 57
36 37 75 31
37 36 75 56
37 38 75 30
38 37 75 55
38 39 75 29
39 38 75 54
39 40 75 28
40 39 75 53
40 41 75 27
41 40 75 52
41 42 75 26
42 41 75 51
42 43 75 25
43 42 75 50
43 44 75 24
44 43 75 49
44 45 75 23
45 46 75 22
46 47 75 21
47 63 75 20
48 64 75 14
49 65 75 44
50 49 75 43
51 50 75 42
52 51 75 41
52 53 75 79
53 52 75 40
53 54 75 78
54 53 75 39
54 55 75 77
55 54 75 38
55 56 75 76
56 55 75 37
56 57 75 75
57 56 75 36
57 58 75 74
58 57 75 35
58 59 75 73
59 58 75 34
59 60 75 72
60 59 75 33
60 61 75 71
61 62 75 70
62 63 75 69
63 47 75 68
64 48 75 242
65 49 75 92
66 65 75 91
67 66 75 90
68 67 75 89
68 69 75 63
69 68 75 88
69 70 75 62
70 69 75 87
70 71 75 61
71 70 75 86
71 72 75 60
72 71 75 85
72 73 75 59
73 72 75 84
73 74 75 58
74 73 75 83
74 75 75 57
75 74 75 82
75 76 75 56
76 75 75 81
76 77 75 55
77 78 75 54
78 79 75 53
79 95 75 52
80 96 75 11
81 97 75 76
82 81 75 75
83 82 75 74
84 83 75 73
84 85 75 111
85 84 75 72
85 86 75 110
86 85 75 71
86 87 75 109
87 86 75 70
87 88 75 108
88 87 75 69
88 89 75 107
89 88 75 68
89 90 75 106
90 89 75 67
90 91 75 105
91 90 75 66
91 92 75 104
92 91 75 65
92 93 75 103
93 94 75 102
94 95 75 101
95 79 75 100
96 80 75 245
97 81 75 124
98 97 75 123
99 98 75 122
100 99 75 121
100 101 75 95
101 100 75 120
101 102 75 94
102 101 75 119
102 103 75 93
103 102 75 118
103 104 75 92
104 103 75 117
104 105 75 91
105 104 75 116
105 106 75 90
106 105 75 115
106 107 75 89
107 106 75 114
107 108 75 88
108 107 75 113
108 109 75 87
109 110 75 86
110 111 75 85
111 127 75 84
112 128 75 8
113 129 75 108
114 113 75 107
115 114 75 106
116 115 75 105
116 117 75 143
117 116 75 104
117 118 75 142
118 117 75 103
118 119 75 141
119 118 75 102
119 120 75 140
120 119 75 101
120 121 75 139
121 120 75 100
121 122 75 138
122 121 75 99
122 123 75 137
123 122 75 98
123 124 75 136
124 123 75 97
124 125 75 135
125 126 75 134
126 127 75 133
127 111 75 132
128 112 75 248
129 113 75 156
130 129 75 155
131 130 75 154
132 131 75 153
132 133 75 127
133 132 75 152
133 134 75 126
134 133 75 151
134 135 75 125
135 134 75 150
135 136 75 124
136 135 75 149
136 137 75 123
137 136 75 148
137 138 75 122
138 137 75 147
138 139 75 121
139 138 75 146
139 140 75 120
140 139 75 145
140 141 75 119
141 142 75 118
142 143 75 117
143 159 75 116
144 160 75 5
145 161 75 140
146 145 75 139
147 146 75 138
148 147 75 137
148 149 75 175
149 148 75 136
149 150 75 174
150 149 75 135
150 151 75 173
151 150 75 134
151 152 75 172
152 151 75 133
152 153 75 171
153 152 75 132
153 154 75 170
154 153 75 131
154 155 75 169
155 154 75 130
155 156 75 168
156 155 75 129
156 157 75 167
157 158 75 166
158 159 75 165
159 143 75 164
160 144 75 251
161 145 75 188
162 161 75 187
163 162 75 186
164 163 75 185
164 165 75 159
165 164 75 184
165 166 75 158
166 165 75 183
166 167 75 157
167 166 75 182
167 168 75 156
168 167 75 181
168 169 75 155
169 168 75 180
169 170 75 154
170 169 75 179
170 171 75 153
171 170 75 178
171 172 75 152
172 171 75 177
172 173 75 151
173 174 75 150
174 175 75 149
175 191 75 148
176 192 75 2
177 193 75 172
178 177 75 171
179 178 75 170
180 179 75 169
180 181 75 207
181 180 75 168
181 182 75 206
182 181 75 167
182 183 75 205
183 182 75 166
183 184 75 204
184 183 75 165
184 185 75 203
185 184 75 164
185 186 75 202
186 185 75 163
186 187 75 201
187 186 75 162
187 188 75 200
188 187 75 161
188 189 75 199
189 190 75 198
190 191 75 197
191 175 75 196
192 176 75 254
193 177 75 220
194 193 75 219
195 194 75 218
196 195 75 217
196 197 75 191
197 196 75 216
197 198 75 190
198 197 75 215
198 199 75 189
199 198 75 214
199 200 75 188
200 199 75 213
200 201 75 187
201 200 75 212
201 202 75 186
202 201 75 211
202 203 75 185
203 202 75 210
203 204 75 184
204 203 75 209
204 205 75 183
205 206 75 182
206 207 75 181
207 223 75 180
209 225 75 204
210 209 75 203
211 210 75 202
212 211 75 201
212 213 75 239
213 212 75 200
213 214 75 238
214 213 75 199
214 215 75 237
215 214 75 198
215 216 75 236
216 215 75 197
216 217 75 235
217 216 75 196
217 218 75 234
218 217 75 195
218 219 75 233
219 218 75 194
219 220 75 232
220 219 75 193
220 221 75 231
221 222 75 230
222 223 75 229
223 207 75 228
225 209 75 252
226 225 75 251
227 226 75 250
228 227 75 249
228 229 75 223
229 228 75 248
229 230 75 222
230 229 75 247
230 231 75 221
231 230 75 246
231 232 75 220
232 231 75 245
232 233 75 219
233 232 75 244
233 234 75 218
234 233 75 243
234 235 75 217
235 234 75 242
235 236 75 216
236 235 75 241
236 237 75 215
237 236 75 240
237 238 75 214
238 239 75 213
239 255 75 212
240 224 75 237
241 240 75 236
242 241 75 235
242 243 75 64
243 242 75 234
244 243 75 233
245 244 75 232
245 246 75 96
246 245 75 231
247 246 75 230
248 247 75 229
248 249 75 128
249 248 75 228
250 249 75 227
251 250 75 226
251 252 75 160
252 251 75 225
254 255 75 192
1 2 77 192
4 5 77 160
7 8 77 128
10 11 77 96
13 12 77 33
13 14 77 64
14 13 77 34
15 14 77 35
16 32 77 30
17 18 77 61
18 19 77 62
19 20 77 63
30 29 77 16
33 34 77 13
34 35 77 14
35 36 77 15
45 44 77 65
46 45 77 66
47 46 77 67
48 32 77 241
49 50 77 93
50 51 77 94
51 52 77 95
61 60 77 17
62 61 77 18
63 62 77 19
64 80 77 13
65 66 77 45
66 67 77 46
67 68 77 47
77 76 77 97
78 77 77 98
79 78 77 99
80 64 77 244
81 82 77 125
82 83 77 126
83 84 77 127
93 92 77 49
94 93 77 50
95 94 77 51
96 112 77 10
97 98 77 77
98 99 77 78
99 100 77 79
109 108 77 129
110 109 77 130
111 110 77 131
112 96 77 247
113 114 77 157
114 115 77 158
115 116 77 159
125 124 77 81
126 125 77 82
127 126 77 83
128 144 77 7
129 130 77 109
130 131 77 110
131 132 77 111
141 140 77 161
142 141 77 162
143 142 77 163
144 128 77 250
145 146 77 189
146 147 77 190
147 148 77 191
157 156 77 113
158 157 77 114
159 158 77 115
160 176 77 4
161 162 77 141
162 163 77 142
163 164 77 143
173 172 77 193
174 173 77 194
175 174 77 195
176 160 77 253
177 178 77 221
178 179 77 222
179 180 77 223
189 188 77 145
190 189 77 146
191 190 77 147
192 208 77 1
193 194 77 173
194 195 77 174
195 196 77 175
205 204 77 225
206 205 77 226
207 206 77 227
209 210 77 253
210 211 77 254
211 212 77 255
221 220 77 177
222 221 77 178
223 222 77 179
224 208 77 238
225 226 77 205
226 227 77 206
227 228 77 207
238 237 77 224
241 242 77 48
244 245 77 80
247 248 77 112
250 251 77 144
253 252 77 209
253 254 77 176
254 253 77 210
255 254 77 211
0 1 79 208
0 16 79 28
1 0 79 27
2 1 79 26
3 2 79 25
3 4 79 176
4 3 79 24
5 4 79 23
6 5 79 22
6 7 79 144
7 6 79 21
8 7 79 20
9 8 79 19
9 10 79 112
10 9 79 18
11 10 79 17
12 13 79 80
15 31 79 48
16 0 79 224
17 33 79 11
18 17 79 10
19 18 79 9
20 19 79 8
21 20 79 7
21 22 79 47
22 21 79 6
22 23 79 46
23 22 79 5
23 24 79 45
24 23 79 4
24 25 79 44
25 24 79 3
25 26 79 43
26 25 79 2
26 27 79 42
27 26 79 1
27 28 79 41
28 27 79 0
28 29 79 40
29 30 79 39
30 31 79 38
31 15 79 37
31 30 79 32
32 16 79 240
32 48 79 31
33 17 79 59
34 33 79 58
35 34 79 57
36 35 79 56
37 36 79 55
37 38 79 31
38 37 79 54
38 39 79 30
39 38 79 53
39 40 79 29
40 39 79 52
40 41 79 28
41 40 79 51
41 42 79 27
42 41 79 50
42 43 79 26
43 42 79 49
43 44 79 25
44 45 79 24
45 46 79 23
46 47 79 22
47 63 79 21
48 64 79 15
49 65 79 43
50 49 79 42
51 50 79 41
52 51 79 40
53 52 79 39
53 54 79 79
54 53 79 38
54 55 79 78
55 54 79 37
55 56 79 77
56 55 79 36
56 57 79 76
57 56 79 35
57 58 79 75
58 57 79 34
58 59 79 74
59 58 79 33
59 60 79 73
60 61 79 72
61 62 79 71
62 63 79 70
63 47 79 69
64 48 79 243
65 49 79 91
66 65 79 90
67 66 79 89
68 67 79 88
69 68 79 87
69 70 79 63
70 69 79 86
70 71 79 62
71 70 79 85
71 72 79 61
72 71 79 84
72 73 79 60
73 72 79 83
73 74 79 59
74 73 79 82
74 75 79 58
75 74 79 81
75 76 79 57
76 77 79 56
77 78 79 55
78 79 79 54
79 95 79 53
80 96 79 12
81 97 79 75
82 81 79 74
83 82 79 73
84 83 79 72
85 84 79 71
85 86 79 111
86 85 79 70
86 87 79 110
87 86 79 69
87 88 79 109
88 87 79 68
88 89 79 108
89 88 79 67
89 90 79 107
90 89 79 66
90 91 79 106
91 90 79 65
91 92 79 105
92 93 79 104
93 94 79 103
94 95 79 102
95 79 79 101
96 80 79 246
97 81 79 123
98 97 79 122
99 98 79 121
100 99 79 120
101 100 79 119
101 102 79 95
102 101 79 118
102 103 79 94
103 102 79 117
103 104 79 93
104 103 79 116
104 105 79 92
105 104 79 115
105 106 79 91
106 105 79 114
106 107 79 90
107 106 79 113
107 108 79 89
108 109 79 88
109 110 79 87
110 111 79 86
111 127 79 85
112 128 79 9
113 129 79 107
114 113 79 106
115 114 79 105
116 115 79 104
117 116 79 103
117 118 79 143
118 117 79 102
118 119 79 142
119 118 79 101
119 120 79 141
120 119 79 100
120 121 79 140
121 120 79 99
121 122 79 139
122 121 79 98
122 123 79 138
123 122 79 97
123 124 79 137
124 125 79 136
125 126 79 135
126 127 79 134
127 111 79 133
128 112 79 249
129 113 79 155
130 129 79 154
131 130 79 153
132 131 79 152
133 132 79 151
133 134 79 127
134 133 79 150
134 135 79 126
135 134 79 149
135 136 79 125
136 135 79 148
136 137 79 124
137 136 79 147
137 138 79 123
138 137 79 146
138 139 79 122
139 138 79 145
139 140 79 121
140 141 79 120
141 142 79 119
142 143 79 118
143 159 79 117
144 160 79 6
145 161 79 139
146 145 79 138
147 146 79 137
148 147 79 136
149 148 79 135
149 150 79 175
150 149 79 134
150 151 79 174
151 150 79 133
151 152 79 173
152 151 79 132
152 153 79 172
153 152 79 131
153 154 79 171
154 153 79 130
154 155 79 170
155 154 79 129
155 156 79 169
156 157 79 168
157 158 79 167
158 159 79 166
159 143 79 165
160 144 79 252
161 145 79 187
162 161 79 186
163 162 79 185
164 163 79 184
165 164 79 183
165 166 79 159
166 165 79 182
166 167 79 158
167 166 79 181
167 168 79 157
168 167 79 180
168 169 79 156
169 168 79 179
169 170 79 155
170 169 79 178
170 171 79 154
171 170 79 177
171 172 79 153
172 173 79 152
173 174 79 151
174 175 79 150
175 191 79 149
176 192 79 3
177 193 79 171
178 177 79 170
179 178 79 169
180 179 79 168
181 180 79 167
181 182 79 207
182 181 79 166
182 183 79 206
183 182 79 165
183 184 79 205
184 183 79 164
184 185 79 204
185 184 79 163
185 186 79 203
186 185 79 162
186 187 79 202
187 186 79 161
187 188 79 201
188 189 79 200
189 190 79 199
190 191 79 198
191 175 79 197
192 176 79 255
193 177 79 219
194 193 79 218
195 194 79 217
196 195 79 216
197 196 79 215
197 198 79 191
198 197 79 214
198 199 79 190
199 198 79 213
199 200 79 189
200 199 79 212
200 201 79 188
201 200 79 211
201 202 79 187
202 201 79 210
202 203 79 186
203 202 79 209
203 204 79 185
204 205 79 184
205 206 79 183
206 207 79 182
207 223 79 181
208 192 79 239
208 224 79 0
209 225 79 203
210 209 79 202
211 210 79 201
212 211 79 200
213 212 79 199
213 214 79 239
214 213 79 198
214 215 79 238
215 214 79 197
215 216 79 237
216 215 79 196
216 217 79 236
217 216 79 195
217 218 79 235
218 217 79 194
218 219 79 234
219 218 79 193
219 220 79 233
220 221 79 232
221 222 79 231
222 223 79 230
223 207 79 229
224 240 79 16
225 209 79 251
226 225 79 250
227 226 79 249
228 227 79 248
229 228 79 247
229 230 79 223
230 229 79 246
230 231 79 222
231 230 79 245
231 232 79 221
232 231 79 244
232 233 79 220
233 232 79 243
233 234 79 219
234 233 79 242
234 235 79 218
235 234 79 241
235 236 79 217
236 235 79 240
236 237 79 216
237 238 79 215
238 239 79 214
239 238 79 208
239 255 79 213
240 224 79 236
240 241 79 32
241 240 79 235
242 241 79 234
243 242 79 233
243 244 79 64
244 243 79 232
245 244 79 231
246 245 79 230
246 247 79 96
247 246 79 229
248 247 79 228
249 248 79 227
249 250 79 128
250 249 79 226
251 250 79 225
252 253 79 160
255 239 79 192
2 3 81 192
5 6 81 160
8 9 81 128
11 12 81 96
12 11 81 33
13 12 81 34
14 13 81 35
14 15 81 64
15 14 81 36
16 32 81 29
17 18 81 60
18 19 81 61
19 20 81 62
20 21 81 63
29 28 81 16
33 34 81 12
34 35 81 13
35 36 81 14
36 37 81 15
44 43 81 65
45 44 81 66
46 45 81 67
47 46 81 68
48 32 81 242
49 50 81 92
50 51 81 93
51 52 81 94
52 53 81 95
60 59 81 17
61 60 81 18
62 61 81 19
63 62 81 20
64 80 81 14
65 66 81 44
66 67 81 45
67 68 81 46
68 69 81 47
76 75 81 97
77 76 81 98
78 77 81 99
79 78 81 100
80 64 81 245
81 82 81 124
82 83 81 125
83 84 81 126
84 85 81 127
92 91 81 49
93 92 81 50
94 93 81 51
95 94 81 52
96 112 81 11
97 98 81 76
98 99 81 77
99 100 81 78
100 101 81 79
108 107 81 129
109 108 81 130
110 109 81 131
111 110 81 132
112 96 81 248
113 114 81 156
114 115 81 157
115 116 81 158
116 117 81 159
124 123 81 81
125 124 81 82
126 125 81 83
127 126 81 84
128 144 81 8
129 130 81 108
130 131 81 109
131 132 81 110
132 133 81 111
140 139 81 161
141 140 81 162
142 141 81 163
143 142 81 164
144 128 81 251
145 146 81 188
146 147 81 189
147 148 81 190
148 149 81 191
156 155 81 113
157 156 81 114
158 157 81 115
159 158 81 116
160 176 81 5
161 162 81 140
162 163 81 141
163 164 81 142
164 165 81 143
172 171 81 193
173 172 81 194
174 173 81 195
175 174 81 196
176 160 81 254
177 178 81 220
178 179 81 221
179 180 81 222
180 181 81 223
188 187 81 145
189 188 81 146
190 189 81 147
191 190 81 148
192 208 81 2
193 194 81 172
194 195 81 173
195 196 81 174
196 197 81 175
204 203 81 225
205 204 81 226
206 205 81 227
207 206 81 228
209 210 81 252
210 211 81 253
211 212 81 254
212 213 81 255
220 219 81 177
221 220 81 178
222 221 81 179
223 222 81 180
224 208 81 237
225 226 81 204
226 227 81 205
227 228 81 206
228 229 81 207
237 236 81 224
242 243 81 48
245 246 81 80
248 249 81 112
251 252 81 144
252 251 81 209
253 252 81 210
254 253 81 211
254 255 81 176
255 254 81 212
0 16 83 27
1 0 83 26
1 2 83 208
2 1 83 25
3 2 83 24
4 3 83 23
4 5 83 176
5 4 83 22
6 5 83 21
7 6 83 20
7 8 83 144
8 7 83 19
9 8 83 18
10 9 83 17
10 11 83 112
13 14 83 80
17 33 83 10
18 17 83 9
19 18 83 8
20 19 83 7
21 20 83 6
22 21 83 5
22 23 83 47
23 22 83 4
23 24 83 46
24 23 83 3
24 25 83 45
25 24 83 2
25 26 83 44
26 25 83 1
26 27 83 43
27 26 83 0
27 28 83 42
28 29 83 41
29 30 83 40
30 29 83 32
30 31 83 39
31 15 83 38
32 16 83 241
32 48 83 30
33 17 83 58
34 33 83 57
35 34 83 56
36 35 83 55
37 36 83 54
38 37 83 53
38 39 83 31
39 38 83 52
39 40 83 30
40 39 83 51
40 41 83 29
41 40 83 50
41 42 83 28
42 41 83 49
42 43 83 27
43 44 83 26
44 45 83 25
45 46 83 24
46 47 83 23
47 63 83 22
49 65 83 42
50 49 83 41
51 50 83 40
52 51 83 39
53 52 83 38
54 53 83 37
54 55 83 79
55 54 83 36
55 56 83 78
56 55 83 35
56 57 83 77
57 56 83 34
57 58 83 76
58 57 83 33
58 59 83 75
59 60 83 74
60 61 83 73
61 62 83 72
62 63 83 71
63 47 83 70
64 48 83 244
65 49 83 90
66 65 83 89
67 66 83 88
68 67 83 87
69 68 83 86
70 69 83 85
70 71 83 63
71 70 83 84
71 72 83 62
72 71 83 83
72 73 83 61
73 72 83 82
73 74 83 60
74 73 83 81
74 75 83 59
75 76 83 58
76 77 83 57
77 78 83 56
78 79 83 55
79 95 83 54
80 96 83 13
81 97 83 74
82 81 83 73
83 82 83 72
84 83 83 71
85 84 83 70
86 85 83 69
86 87 83 111
87 86 83 68
87 88 83 110
88 87 83 67
88 89 83 109
89 88 83 66
89 90 83 108
90 89 83 65
90 91 83 107
91 92 83 106
92 93 83 105
93 94 83 104
94 95 83 103
95 79 83 102
96 80 83 247
97 81 83 122
98 97 83 121
99 98 83 120
100 99 83 119
101 100 83 118
102 101 83 117
102 103 83 95
103 102 83 116
103 104 83 94
104 103 83 115
104 105 83 93
105 104 83 114
105 106 83 92
106 105 83 113
106 107 83 91
107 108 83 90
108 109 83 89
109 110 83 88
110 111 83 87
111 127 83 86
112 128 83 10
113 129 83 106
114 113 83 105
115 114 83 104
116 115 83 103
117 116 83 102
118 117 83 101
118 119 83 143
119 118 83 100
119 120 83 142
120 119 83 99
120 121 83 141
121 120 83 98
121 122 83 140
122 121 83 97
122 123 83 139
123 124 83 138
124 125 83 137
125 126 83 136
126 127 83 135
127 111 83 134
128 112 83 250
129 113 83 154
130 129 83 153
131 130 83 152
132 131 83 151
133 132 83 150
134 133 83 149
134 135 83 127
135 134 83 148
135 136 83 126
136 135 83 147
136 137 83 125
137 136 83 146
137 138 83 124
138 137 83 145
138 139 83 123
139 140 83 122
140 141 83 121
141 142 83 120
142 143 83 119
143 159 83 118
144 160 83 7
145 161 83 138
146 145 83 137
147 146 83 136
148 147 83 135
149 148 83 134
150 149 83 133
150 151 83 175
151 150 83 132
151 152 83 174
152 151 83 131
152 153 83 173
153 152 83 130
153 154 83 172
154 153 83 129
154 155 83 171
155 156 83 170
156 157 83 169
157 158 83 168
158 159 83 167
159 143 83 166
160 144 83 253
161 145 83 186
162 161 83 185
163 162 83 184
164 163 83 183
165 164 83 182
166 165 83 181
166 167 83 159
167 166 83 180
167 168 83 158
168 167 83 179
168 169 83 157
169 168 83 178
169 170 83 156
170 169 83 177
170 171 83 155
171 172 83 154
172 173 83 153
173 174 83 152
174 175 83 151
175 191 83 150
176 192 83 4
177 193 83 170
178 177 83 169
179 178 83 168
180 179 83 167
181 180 83 166
182 181 83 165
182 183 83 207
183 182 83 164
183 184 83 206
184 183 83 163
184 185 83 205
185 184 83 162
185 186 83 204
186 185 83 161
186 187 83 203
187 188 83 202
188 189 83 201
189 190 83 200
190 191 83 199
191 175 83 198
193 177 83 218
194 193 83 217
195 194 83 216
196 195 83 215
197 196 83 214
198 197 83 213
198 199 83 191
199 198 83 212
199 200 83 190
200 199 83 211
200 201 83 189
201 200 83 210
201 202 83 188
202 201 83 209
202 203 83 187
203 204 83 186
204 205 83 185
205 206 83 184
206 207 83 183
207 223 83 182
208 192 83 238
208 224 83 1
209 225 83 202
210 209 83 201
211 210 83 200
212 211 83 199
213 212 83 198
214 213 83 197
214 215 83 239
215 214 83 196
215 216 83 238
216 215 83 195
216 217 83 237
217 216 83 194
217 218 83 236
218 217 83 193
218 219 83 235
219 220 83 234
220 221 83 233
221 222 83 232
222 223 83 231
223 207 83 230
225 209 83 250
226 225 83 249
227 226 83 248
228 227 83 247
229 228 83 246
230 229 83 245
230 231 83 223
231 230 83 244
231 232 83 222
232 231 83 243
232 233 83 221
233 232 83 242
233 234 83 220
234 233 83 241
234 235 83 219
235 234 83 240
235 236 83 218
236 237 83 217
237 238 83 216
238 237 83 208
238 239 83 215
239 255 83 214
240 224 83 235
241 240 83 234
241 242 83 32
242 241 83 233
243 242 83 232
244 243 83 231
244 245 83 64
245 244 83 230
246 245 83 229
247 246 83 228
247 248 83 96
248 247 83 227
249 248 83 226
250 249 83 225
250 251 83 128
253 254 83 160
0 1 85 224
3 4 85 192
6 7 85 160
9 10 85 128
11 10 85 33
12 11 85 34
12 13 85 96
13 12 85 35
14 13 85 36
15 14 85 37
15 31 85 64
16 0 85 240
16 32 85 28
17 18 85 59
18 19 85 60
19 20 85 61
20 21 85 62
21 22 85 63
28 27 85 16
31 30 85 48
33 34 85 11
34 35 85 12
35 36 85 13
36 37 85 14
37 38 85 15
43 42 85 65
44 43 85 66
45 44 85 67
46 45 85 68
47 46 85 69
48 32 85 243
48 64 85 31
49 50 85 91
50 51 85 92
51 52 85 93
52 53 85 94
53 54 85 95
59 58 85 17
60 59 85 18
61 60 85 19
62 61 85 20
63 62 85 21
64 80 85 15
65 66 85 43
66 67 85 44
67 68 85 45
68 69 85 46
69 70 85 47
75 74 85 97
76 75 85 98
77 76 85 99
78 77 85 100
79 78 85 101
80 64 85 246
81 82 85 123
82 83 85 124
83 84 85 125
84 85 85 126
85 86 85 127
91 90 85 49
92 91 85 50
93 92 85 51
94 93 85 52
95 94 85 53
96 112 85 12
97 98 85 75
98 99 85 76
99 100 85 77
100 101 85 78
101 102 85 79
107 106 85 129
108 107 85 130
109 108 85 131
110 109 85 132
111 110 85 133
112 96 85 249
113 114 85 155
114 115 85 156
115 116 85 157
116 117 85 158
117 118 85 159
123 122 85 81
124 123 85 82
125 124 85 83
126 125 85 84
127 126 85 85
128 144 85 9
129 130 85 107
130 131 85 108
131 132 85 109
132 133 85 110
133 134 85 111
139 138 85 161
140 139 85 162
141 140 85 163
142 141 85 164
143 142 85 165
144 128 85 252
145 146 85 187
146 147 85 188
147 148 85 189
148 149 85 190
149 150 85 191
155 154 85 113
156 155 85 114
157 156 85 115
158 157 85 116
159 158 85 117
160 176 85 6
161 162 85 139
162 163 85 140
163 164 85 141
164 165 85 142
165 166 85 143
171 170 85 193
172 171 85 194
173 172 85 195
174 173 85 196
175 174 85 197
176 160 85 255
177 178 85 219
178 179 85 220
179 180 85 221
180 181 85 222
181 182 85 223
187 186 85 145
188 187 85 146
189 188 85 147
190 189 85 148
191 190 85 149
192 176 85 239
192 208 85 3
193 194 85 171
194 195 85 172
195 196 85 173
196 197 85 174
197 198 85 175
203 202 85 225
204 203 85 226
205 204 85 227
206 205 85 228
207 206 85 229
209 210 85 251
210 211 85 252
211 212 85 253
212 213 85 254
213 214 85 255
219 218 85 177
220 219 85 178
221 220 85 179
222 221 85 180
223 222 85 181
224 208 85 236
224 240 85 0
225 226 85 203
226 227 85 204
227 228 85 205
228 229 85 206
229 230 85 207
236 235 85 224
239 238 85 192
240 241 85 16
243 244 85 48
246 247 85 80
249 250 85 112
251 250 85 209
252 251 85 210
252 253 85 144
253 252 85 211
254 253 85 212
255 239 85 176
255 254 85 213
0 16 87 26
1 0 87 25
2 1 87 24
2 3 87 208
3 2 87 23
4 3 87 22
5 4 87 21
5 6 87 176
6 5 87 20
7 6 87 19
8 7 87 18
8 9 87 144
9 8 87 17
11 12 87 112
14 15 87 80
17 33 87 9
18 17 87 8
19 18 87 7
20 19 87 6
21 20 87 5
22 21 87 4
23 22 87 3
23 24 87 47
24 23 87 2
24 25 87 46
25 24 87 1
25 26 87 45
26 25 87 0
26 27 87 44
27 28 87 43
28 29 87 42
29 28 87 32
29 30 87 41
30 31 87 40
31 15 87 39
32 16 87 242
32 48 87 29
33 17 87 57
34 33 87 56
35 34 87 55
36 35 87 54
37 36 87 53
38 37 87 52
39 38 87 51
39 40 87 31
40 39 87 50
40 41 87 30
41 40 87 49
41 42 87 29
42 43 87 28
43 44 87 27
44 45 87 26
45 46 87 25
46 47 87 24
47 63 87 23
49 65 87 41
50 49 87 40
51 50 87 39
52 51 87 38
53 52 87 37
54 53 87 36
55 54 87 35
55 56 87 79
56 55 87 34
56 57 87 78
57 56 87 33
57 58 87 77
58 59 87 76
59 60 87 75
60 61 87 74
61 62 87 73
62 63 87 72
63 47 87 71
64 48 87 245
65 49 87 89
66 65 87 88
67 66 87 87
68 67 87 86
69 68 87 85
70 69 87 84
71 70 87 83
71 72 87 63
72 71 87 82
72 73 87 62
73 72 87 81
73 74 87 61
74 75 87 60
75 76 87 59
76 77 87 58
77 78 87 57
78 79 87 56
79 95 87 55
80 96 87 14
81 97 87 73
82 81 87 72
83 82 87 71
84 83 87 70
85 84 87 69
86 85 87 68
87 86 87 67
87 88 87 111
88 87 87 66
88 89 87 110
89 88 87 65
89 90 87 109
90 91 87 108
91 92 87 107
92 93 87 106
93 94 87 105
94 95 87 104
95 79 87 103
96 80 87 248
97 81 87 121
98 97 87 120
99 98 87 119
100 99 87 118
101 100 87 117
102 101 87 116
103 102 87 115
103 104 87 95
104 103 87 114
104 105 87 94
105 104 87 113
105 106 87 93
106 107 87 92
107 108 87 91
108 109 87 90
109 110 87 89
110 111 87 88
111 127 87 87
112 128 87 11
113 129 87 105
114 113 87 104
115 114 87 103
116 115 87 102
117 116 87 101
118 117 87 100
119 118 87 99
119 120 87 143
120 119 87 98
120 121 87 142
121 120 87 97
121 122 87 141
122 123 87 140
123 124 87 139
124 125 87 138
125 126 87 137
126 127 87 136
127 111 87 135
128 112 87 251
129 113 87 153
130 129 87 152
131 130 87 151
132 131 87 150
133 132 87 149
134 133 87 148
135 134 87 147
135 136 87 127
136 135 87 146
136 137 87 126
137 136 87 145
137 138 87 125
138 139 87 124
139 140 87 123
140 141 87 122
141 142 87 121
142 143 87 120
143 159 87 119
144 160 87 8
145 161 87 137
146 145 87 136
147 146 87 135
148 147 87 134
149 148 87 133
150 149 87 132
151 150 87 131
151 152 87 175
152 151 87 130
152 153 87 174
153 152 87 129
153 154 87 173
154 155 87 172
155 156 87 171
156 157 87 170
157 158 87 169
158 159 87 168
159 143 87 167
160 144 87 254
161 145 87 185
162 161 87 184
163 162 87 183
164 163 87 182
165 164 87 181
166 165 87 180
167 166 87 179
167 168 87 159
168 167 87 178
168 169 87 158
169 168 87 177
169 170 87 157
170 171 87 156
171 172 87 155
172 173 87 154
173 174 87 153
174 175 87 152
175 191 87 151
176 192 87 5
177 193 87 169
178 177 87 168
179 178 87 167
180 179 87 166
181 180 87 165
182 181 87 164
183 182 87 163
183 184 87 207
184 183 87 162
184 185 87 206
185 184 87 161
185 186 87 205
186 187 87 204
187 188 87 203
188 189 87 202
189 190 87 201
190 191 87 200
191 175 87 199
193 177 87 217
194 193 87 216
195 194 87 215
196 195 87 214
197 196 87 213
198 197 87 212
199 198 87 211
199 200 87 191
200 199 87 210
200 201 87 190
201 200 87 209
201 202 87 189
202 203 87 188
203 204 87 187
204 205 87 186
205 206 87 185
206 207 87 184
207 223 87 183
208 192 87 237
208 224 87 2
209 225 87 201
210 209 87 200
211 210 87 199
212 211 87 198
213 212 87 197
214 213 87 196
215 214 87 195
215 216 87 239
216 215 87 194
216 217 87 238
217 216 87 193
217 218 87 237
218 219 87 236
219 220 87 235
220 221 87 234
221 222 87 233
222 223 87 232
223 207 87 231
225 209 87 249
226 225 87 248
227 226 87 247
228 227 87 246
229 228 87 245
230 229 87 244
231 230 87 243
231 232 87 223
232 231 87 242
232 233 87 222
233 232 87 241
233 234 87 221
234 233 87 240
234 235 87 220
235 236 87 219
236 237 87 218
237 236 87 208
237 238 87 217
238 239 87 216
239 255 87 215
240 224 87 234
241 240 87 233
242 241 87 232
242 243 87 32
243 242 87 231
244 243 87 230
245 244 87 229
245 246 87 64
246 245 87 228
247 246 87 227
248 247 87 226
248 249 87 96
249 248 87 225
251 252 87 128
254 255 87 160
1 2 89 224
4 5 89 192
7 8 89 160
10 9 89 33
10 11 89 128
11 10 89 34
12 11 89 35
13 12 89 36
13 14 89 96
14 13 89 37
15 14 89 38
16 0 89 241
16 32 89 27
17 18 89 58
18 19 89 59
19 20 89 60
20 21 89 61
21 22 89 62
22 23 89 63
27 26 89 16
30 29 89 48
33 34 89 10
34 35 89 11
35 36 89 12
36 37 89 13
37 38 89 14
38 39 89 15
42 41 89 65
43 42 89 66
44 43 89 67
45 44 89 68
46 45 89 69
47 46 89 70
48 32 89 244
48 64 89 30
49 50 89 90
50 51 89 91
51 52 89 92
52 53 89 93
53 54 89 94
54 55 89 95
58 57 89 17
59 58 89 18
60 59 89 19
61 60 89 20
62 61 89 21
63 62 89 22
65 66 89 42
66 67 89 43
67 68 89 44
68 69 89 45
69 70 89 46
70 71 89 47
74 73 89 97
75 74 89 98
76 75 89 99
77 76 89 100
78 77 89 101
79 78 89 102
80 64 89 247
81 82 89 122
82 83 89 123
83 84 89 124
84 85 89 125
85 86 89 126
86 87 89 127
90 89 89 49
91 90 89 50
92 91 89 51
93 92 89 52
94 93 89 53
95 94 89 54
96 112 89 13
97 98 89 74
98 99 89 75
99 100 89 76
100 101 89 77
101 102 89 78
102 103 89 79
106 105 89 129
107 106 89 130
108 107 89 131
109 108 89 132
110 109 89 133
111 110 89 134
112 96 89 250
113 114 89 154
114 115 89 155
115 116 89 156
116 117 89 157
117 118 89 158
118 119 89 159
122 121 89 81
123 122 89 82
124 123 89 83
125 124 89 84
126 125 89 85
127 126 89 86
128 144 89 10
129 130 89 106
130 131 89 107
131 132 89 108
132 133 89 109
133 134 89 110
134 135 89 111
138 137 89 161
139 138 89 162
140 139 89 163
141 140 89 164
142 141 89 165
143 142 89 166
144 128 89 253
145 146 89 186
146 147 89 187
147 148 89 188
148 149 89 189
149 150 89 190
150 151 89 191
154 153 89 113
155 154 89 114
156 155 89 115
157 156 89 116
158 157 89 117
159 158 89 118
160 176 89 7
161 162 89 138
162 163 89 139
163 164 89 140
164 165 89 141
165 166 89 142
166 167 89 143
170 169 89 193
171 170 89 194
172 171 89 195
173 172 89 196
174 173 89 197
175 174 89 198
177 178 89 218
178 179 89 219
179 180 89 220
180 181 89 221
181 182 89 222
182 183 89 223
186 185 89 145
187 186 89 146
188 187 89 147
189 188 89 148
190 189 89 149
191 190 89 150
192 176 89 238
192 208 89 4
193 194 89 170
194 195 89 171
195 196 89 172
196 197 89 173
197 198 89 174
198 199 89 175
202 201 89 225
203 202 89 226
204 203 89 227
205 204 89 228
206 205 89 229
207 206 89 230
209 210 89 250
210 211 89 251
211 212 89 252
212 213 89 253
213 214 89 254
214 215 89 255
218 217 89 177
219 218 89 178
220 219 89 179
221 220 89 180
222 221 89 181
223 222 89 182
224 208 89 235
224 240 89 1
225 226 89 202
226 227 89 203
227 228 89 204
228 229 89 205
229 230 89 206
230 231 89 207
235 234 89 224
238 237 89 192
241 242 89 16
244 245 89 48
247 248 89 80
250 249 89 209
250 251 89 112
251 250 89 210
252 251 89 211
253 252 89 212
253 254 89 144
254 253 89 213
255 254 89 214
0 1 91 240
0 16 91 25
1 0 91 24
2 1 91 23
3 2 91 22
3 4 91 208
4 3 91 21
5 4 91 20
6 5 91 19
6 7 91 176
7 6 91 18
8 7 91 17
9 10 91 144
12 13 91 112
15 31 91 80
17 33 91 8
18 17 91 7
19 18 91 6
20 19 91 5
21 20 91 4
22 21 91 3
23 22 91 2
24 23 91 1
24 25 91 47
25 24 91 0
25 26 91 46
26 27 91 45
27 28 91 44
28 27 91 32
28 29 91 43
29 30 91 42
30 31 91 41
31 15 91 40
31 30 91 64
32 16 91 243
32 48 91 28
33 17 91 56
34 33 91 55
35 34 91 54
36 35 91 53
37 36 91 52
38 37 91 51
39 38 91 50
40 39 91 49
40 41 91 31
41 42 91 30
42 43 91 29
43 44 91 28
44 45 91 27
45 46 91 26
46 47 91 25
47 63 91 24
49 65 91 40
50 49 91 39
51 50 91 38
52 51 91 37
53 52 91 36
54 53 91 35
55 54 91 34
56 55 91 33
56 57 91 79
57 58 91 78
58 59 91 77
59 60 91 76
60 61 91 75
61 62 91 74
62 63 91 73
63 47 91 72
64 48 91 246
64 80 91 31
65 49 91 88
66 65 91 87
67 66 91 86
68 67 91 85
69 68 91 84
70 69 91 83
71 70 91 82
72 71 91 81
72 73 91 63
73 74 91 62
74 75 91 61
75 76 91 60
76 77 91 59
77 78 91 58
78 79 91 57
79 95 91 56
80 96 91 15
81 97 91 72
82 81 91 71
83 82 91 70
84 83 91 69
85 84 91 68
86 85 91 67
87 86 91 66
88 87 91 65
88 89 91 111
89 90 91 110
90 91 91 109
91 92 91 108
92 93 91 107
93 94 91 106
94 95 91 105
95 79 91 104
96 80 91 249
97 81 91 120
98 97 91 119
99 98 91 118
100 99 91 117
101 100 91 116
102 101 91 115
103 102 91 114
104 103 91 113
104 105 91 95
105 106 91 94
106 107 91 93
107 108 91 92
108 109 91 91
109 110 91 90
110 111 91 89
111 127 91 88
112 128 91 12
113 129 91 104
114 113 91 103
115 114 91 102
116 115 91 101
117 116 91 100
118 117 91 99
119 118 91 98
120 119 91 97
120 121 91 143
121 122 91 142
122 123 91 141
123 124 91 140
124 125 91 139
125 126 91 138
126 127 91 137
127 111 91 136
128 112 91 252
129 113 91 152
130 129 91 151
131 130 91 150
132 131 91 149
133 132 91 148
134 133 91 147
135 134 91 146
136 135 91 145
136 137 91 127
137 138 91 126
138 139 91 125
139 140 91 124
140 141 91 123
141 142 91 122
142 143 91 121
143 159 91 120
144 160 91 9
145 161 91 136
146 145 91 135
147 146 91 134
148 147 91 133
149 148 91 132
150 149 91 131
151 150 91 130
152 151 91 129
152 153 91 175
153 154 91 174
154 155 91 173
155 156 91 172
156 157 91 171
157 158 91 170
158 159 91 169
159 143 91 168
160 144 91 255
161 145 91 184
162 161 91 183
163 162 91 182
164 163 91 181
165 164 91 180
166 165 91 179
167 166 91 178
168 167 91 177
168 169 91 159
169 170 91 158
170 171 91 157
171 172 91 156
172 173 91 155
173 174 91 154
174 175 91 153
175 191 91 152
176 160 91 239
176 192 91 6
177 193 91 168
178 177 91 167
179 178 91 166
180 179 91 165
181 180 91 164
182 181 91 163
183 182 91 162
184 183 91 161
184 185 91 207
185 186 91 206
186 187 91 205
187 188 91 204
188 189 91 203
189 190 91 202
190 191 91 201
191 175 91 200
193 177 91 216
194 193 91 215
195 194 91 214
196 195 91 213
197 196 91 212
198 197 91 211
199 198 91 210
200 199 91 209
200 201 91 191
201 202 91 190
202 203 91 189
203 204 91 188
204 205 91 187
205 206 91 186
206 207 91 185
207 223 91 184
208 192 91 236
208 224 91 3
209 225 91 200
210 209 91 199
211 210 91 198
212 211 91 197
213 212 91 196
214 213 91 195
215 214 91 194
216 215 91 193
216 217 91 239
217 218 91 238
218 219 91 237
219 220 91 236
220 221 91 235
221 222 91 234
222 223 91 233
223 207 91 232
225 209 91 248
226 225 91 247
227 226 91 246
228 227 91 245
229 228 91 244
230 229 91 243
231 230 91 242
232 231 91 241
232 233 91 223
233 232 91 240
233 234 91 222
234 235 91 221
235 236 91 220
236 235 91 208
236 237 91 219
237 238 91 218
238 239 91 217
239 238 91 176
239 255 91 216
240 224 91 233
240 241 91 0
241 240 91 232
242 241 91 231
243 242 91 230
243 244 91 32
244 243 91 229
245 244 91 228
246 245 91 227
246 247 91 64
247 246 91 226
248 247 91 225
249 250 91 96
252 253 91 128
255 239 91 160
2 3 93 224
5 6 93 192
8 9 93 160
9 8 93 33
10 9 93 34
11 10 93 35
11 12 93 128
12 11 93 36
13 12 93 37
14 13 93 38
14 15 93 96
15 14 93 39
16 0 93 242
16 32 93 26
17 18 93 57
18 19 93 58
19 20 93 59
20 21 93 60
21 22 93 61
22 23 93 62
23 24 93 63
26 25 93 16
29 28 93 48
33 34 93 9
34 35 93 10
35 36 93 11
36 37 93 12
37 38 93 13
38 39 93 14
39 40 93 15
41 40 93 65
42 41 93 66
43 42 93 67
44 43 93 68
45 44 93 69
46 45 93 70
47 46 93 71
48 32 93 245
48 64 93 29
49 50 93 89
50 51 93 90
51 52 93 91
52 53 93 92
53 54 93 93
54 55 93 94
55 56 93 95
57 56 93 17
58 57 93 18
59 58 93 19
60 59 93 20
61 60 93 21
62 61 93 22
63 62 93 23
65 66 93 41
66 67 93 42
67 68 93 43
68 69 93 44
69 70 93 45
70 71 93 46
71 72 93 47
73 72 93 97
74 73 93 98
75 74 93 99
76 75 93 100
77 76 93 101
78 77 93 102
79 78 93 103
80 64 93 248
81 82 93 121
82 83 93 122
83 84 93 123
84 85 93 124
85 86 93 125
86 87 93 126
87 88 93 127
89 88 93 49
90 89 93 50
91 90 93 51
92 91 93 52
93 92 93 53
94 93 93 54
95 94 93 55
96 112 93 14
97 98 93 73
98 99 93 74
99 100 93 75
100 101 93 76
101 102 93 77
102 103 93 78
103 104 93 79
105 104 93 129
106 105 93 130
107 106 93 131
108 107 93 132
109 108 93 133
110 109 93 134
111 110 93 135
112 96 93 251
113 114 93 153
114 115 93 154
115 116 93 155
116 117 93 156
117 118 93 157
118 119 93 158
119 120 93 159
121 120 93 81
122 121 93 82
123 122 93 83
124 123 93 84
125 124 93 85
126 125 93 86
127 126 93 87
128 144 93 11
129 130 93 105
130 131 93 106
131 132 93 107
132 133 93 108
133 134 93 109
134 135 93 110
135 136 93 111
137 136 93 161
138 137 93 162
139 138 93 163
140 139 93 164
141 140 93 165
142 141 93 166
143 142 93 167
144 128 93 254
145 146 93 185
146 147 93 186
147 148 93 187
148 149 93 188
149 150 93 189
150 151 93 190
151 152 93 191
153 152 93 113
154 153 93 114
155 154 93 115
156 155 93 116
157 156 93 117
158 157 93 118
159 158 93 119
160 176 93 8
161 162 93 137
162 163 93 138
163 164 93 139
164 165 93 140
165 166 93 141
166 167 93 142
167 168 93 143
169 168 93 193
170 169 93 194
171 170 93 195
172 171 93 196
173 172 93 197
174 173 93 198
175 174 93 199
177 178 93 217
178 179 93 218
179 180 93 219
180 181 93 220
181 182 93 221
182 183 93 222
183 184 93 223
185 184 93 145
186 185 93 146
187 186 93 147
188 187 93 148
189 188 93 149
190 189 93 150
191 190 93 151
192 176 93 237
192 208 93 5
193 194 93 169
194 195 93 170
195 196 93 171
196 197 93 172
197 198 93 173
198 199 93 174
199 200 93 175
201 200 93 225
202 201 93 226
203 202 93 227
204 203 93 228
205 204 93 229
206 205 93 230
207 206 93 231
209 210 93 249
210 211 93 250
211 212 93 251
212 213 93 252
213 214 93 253
214 215 93 254
215 216 93 255
217 216 93 177
218 217 93 178
219 218 93 179
220 219 93 180
221 220 93 181
222 221 93 182
223 222 93 183
224 208 93 234
224 240 93 2
225 226 93 201
226 227 93 202
227 228 93 203
228 229 93 204
229 230 93 205
230 231 93 206
231 232 93 207
234 233 93 224
237 236 93 192
242 243 93 16
245 246 93 48
248 249 93 80
249 248 93 209
250 249 93 210
251 250 93 211
251 252 93 112
252 251 93 212
253 252 93 213
254 253 93 214
254 255 93 144
255 254 93 215
0 1 95 241
0 16 95 24
1 0 95 23
1 2 95 240
2 1 95 22
3 2 95 21
4 3 95 20
4 5 95 208
5 4 95 19
6 5 95 18
7 6 95 17
7 8 95 176
10 11 95 144
13 14 95 112
17 33 95 7
18 17 95 6
19 18 95 5
20 19 95 4
21 20 95 3
22 21 95 2
23 22 95 1
24 23 95 0
25 26 95 47
26 27 95 46
27 26 95 32
27 28 95 45
28 29 95 44
29 30 95 43
30 29 95 64
30 31 95 42
31 15 95 41
32 16 95 244
32 48 95 27
33 17 95 55
34 33 95 54
35 34 95 53
36 35 95 52
37 36 95 51
38 37 95 50
39 38 95 49
41 42 95 31
42 43 95 30
43 44 95 29
44 45 95 28
45 46 95 27
46 47 95 26
47 63 95 25
49 65 95 39
50 49 95 38
51 50 95 37
52 51 95 36
53 52 95 35
54 53 95 34
55 54 95 33
57 58 95 79
58 59 95 78
59 60 95 77
60 61 95 76
61 62 95 75
62 63 95 74
63 47 95 73
64 48 95 247
64 80 95 30
65 49 95 87
66 65 95 86
67 66 95 85
68 67 95 84
69 68 95 83
70 69 95 82
71 70 95 81
73 74 95 63
74 75 95 62
75 76 95 61
76 77 95 60
77 78 95 59
78 79 95 58
79 95 95 57
81 97 95 71
82 81 95 70
83 82 95 69
84 83 95 68
85 84 95 67
86 85 95 66
87 86 95 65
89 90 95 111
90 91 95 110
91 92 95 109
92 93 95 108
93 94 95 107
94 95 95 106
95 79 95 105
96 80 95 250
97 81 95 119
98 97 95 118
99 98 95 117
100 99 95 116
101 100 95 115
102 101 95 114
103 102 95 113
105 106 95 95
106 107 95 94
107 108 95 93
108 109 95 92
109 110 95 91
110 111 95 90
111 127 95 89
112 128 95 13
113 129 95 103
114 113 95 102
115 114 95 101
116 115 95 100
117 116 95 99
118 117 95 98
119 118 95 97
121 122 95 143
122 123 95 142
123 124 95 141
124 125 95 140
125 126 95 139
126 127 95 138
127 111 95 137
128 112 95 253
129 113 95 151
130 129 95 150
131 130 95 149
132 131 95 148
133 132 95 147
134 133 95 146
135 134 95 145
137 138 95 127
138 139 95 126
139 140 95 125
140 141 95 124
141 142 95 123
142 143 95 122
143 159 95 121
144 160 95 10
145 161 95 135
146 145 95 134
147 146 95 133
148 147 95 132
149 148 95 131
150 149 95 130
151 150 95 129
153 154 95 175
154 155 95 174
155 156 95 173
156 157 95 172
157 158 95 171
158 159 95 170
159 143 95 169
161 145 95 183
162 161 95 182
163 162 95 181
164 163 95 180
165 164 95 179
166 165 95 178
167 166 95 177
169 170 95 159
170 171 95 158
171 172 95 157
172 173 95 156
173 174 95 155
174 175 95 154
175 191 95 153
176 160 95 238
176 192 95 7
177 193 95 167
178 177 95 166
179 178 95 165
180 179 95 164
181 180 95 163
182 181 95 162
183 182 95 161
185 186 95 207
186 187 95 206
187 188 95 205
188 189 95 204
189 190 95 203
190 191 95 202
191 175 95 201
193 177 95 215
194 193 95 214
195 194 95 213
196 195 95 212
197 196 95 211
198 197 95 210
199 198 95 209
201 202 95 191
202 203 95 190
203 204 95 189
204 205 95 188
205 206 95 187
206 207 95 186
207 223 95 185
208 192 95 235
208 224 95 4
209 225 95 199
210 209 95 198
211 210 95 197
212 211 95 196
213 212 95 195
214 213 95 194
215 214 95 193
217 218 95 239
218 219 95 238
219 220 95 237
220 221 95 236
221 222 95 235
222 223 95 234
223 207 95 233
225 209 95 247
226 225 95 246
227 226 95 245
228 227 95 244
229 228 95 243
230 229 95 242
231 230 95 241
232 231 95 240
233 234 95 223
234 235 95 222
235 234 95 208
235 236 95 221
236 237 95 220
237 238 95 219
238 237 95 176
238 239 95 218
239 255 95 217
240 224 95 232
240 241 95 1
241 240 95 231
241 242 95 0
242 241 95 230
243 242 95 229
244 243 95 228
244 245 95 32
245 244 95 227
246 245 95 226
247 246 95 225
247 248 95 64
250 251 95 96
253 254 95 128
3 4 97 224
6 7 97 192
8 7 97 33
9 8 97 34
9 10 97 160
10 9 97 35
11 10 97 36
12 11 97 37
12 13 97 128
13 12 97 38
14 13 97 39
15 14 97 40
15 31 97 96
16 0 97 243
16 32 97 25
17 18 97 56
18 19 97 57
19 20 97 58
20 21 97 59
21 22 97 60
22 23 97 61
23 24 97 62
24 25 97 63
25 24 97 16
28 27 97 48
31 30 97 80
33 34 97 8
34 35 97 9
35 36 97 10
36 37 97 11
37 38 97 12
38 39 97 13
39 40 97 14
40 39 97 65
40 41 97 15
41 40 97 66
42 41 97 67
43 42 97 68
44 43 97 69
45 44 97 70
46 45 97 71
47 46 97 72
48 32 97 246
48 64 97 28
49 50 97 88
50 51 97 89
51 52 97 90
52 53 97 91
53 54 97 92
54 55 97 93
55 56 97 94
56 55 97 17
56 57 97 95
57 56 97 18
58 57 97 19
59 58 97 20
60 59 97 21
61 60 97 22
62 61 97 23
63 62 97 24
65 66 97 40
66 67 97 41
67 68 97 42
68 69 97 43
69 70 97 44
70 71 97 45
71 72 97 46
72 71 97 97
72 73 97 47
73 72 97 98
74 73 97 99
75 74 97 100
76 75 97 101
77 76 97 102
78 77 97 103
79 78 97 104
80 64 97 249
80 96 97 31
81 82 97 120
82 83 97 121
83 84 97 122
84 85 97 123
85 86 97 124
86 87 97 125
87 88 97 126
88 87 97 49
88 89 97 127
89 88 97 50
90 89 97 51
91 90 97 52
92 91 97 53
93 92 97 54
94 93 97 55
95 94 97 56
96 112 97 15
97 98 97 72
98 99 97 73
99 100 97 74
100 101 97 75
101 102 97 76
102 103 97 77
103 104 97 78
104 103 97 129
104 105 97 79
105 104 97 130
106 105 97 131
107 106 97 132
108 107 97 133
109 108 97 134
110 109 97 135
111 110 97 136
112 96 97 252
113 114 97 152
114 115 97 153
115 116 97 154
116 117 97 155
117 118 97 156
118 119 97 157
119 120 97 158
120 119 97 81
120 121 97 159
121 120 97 82
122 121 97 83
123 122 97 84
124 123 97 85
125 124 97 86
126 125 97 87
127 126 97 88
128 144 97 12
129 130 97 104
130 131 97 105
131 132 97 106
132 133 97 107
133 134 97 108
134 135 97 109
135 136 97 110
136 135 97 161
136 137 97 111
137 136 97 162
138 137 97 163
139 138 97 164
140 139 97 165
141 140 97 166
142 141 97 167
143 142 97 168
144 128 97 255
145 146 97 184
146 147 97 185
147 148 97 186
148 149 97 187
149 150 97 188
150 151 97 189
151 152 97 190
152 151 97 113
152 153 97 191
153 152 97 114
154 153 97 115
155 154 97 116
156 155 97 117
157 156 97 118
158 157 97 119
159 158 97 120
160 144 97 239
160 176 97 9
161 162 97 136
162 163 97 137
163 164 97 138
164 165 97 139
165 166 97 140
166 167 97 141
167 168 97 142
168 167 97 193
168 169 97 143
169 168 97 194
170 169 97 195
171 170 97 196
172 171 97 197
173 172 97 198
174 173 97 199
175 174 97 200
177 178 97 216
178 179 97 217
179 180 97 218
180 181 97 219
181 182 97 220
182 183 97 221
183 184 97 222
184 183 97 145
184 185 97 223
185 184 97 146
186 185 97 147
187 186 97 148
188 187 97 149
189 188 97 150
190 189 97 151
191 190 97 152
192 176 97 236
192 208 97 6
193 194 97 168
194 195 97 169
195 196 97 170
196 197 97 171
197 198 97 172
198 199 97 173
199 200 97 174
200 199 97 225
200 201 97 175
201 200 97 226
202 201 97 227
203 202 97 228
204 203 97 229
205 204 97 230
206 205 97 231
207 206 97 232
209 210 97 248
210 211 97 249
211 212 97 250
212 213 97 251
213 214 97 252
214 215 97 253
215 216 97 254
216 215 97 177
216 217 97 255
217 216 97 178
218 217 97 179
219 218 97 180
220 219 97 181
221 220 97 182
222 221 97 183
223 222 97 184
224 208 97 233
224 240 97 3
225 226 97 200
226 227 97 201
227 228 97 202
228 229 97 203
229 230 97 204
230 231 97 205
231 232 97 206
232 233 97 207
233 232 97 224
236 235 97 192
239 238 97 160
243 244 97 16
246 247 97 48
248 247 97 209
249 248 97 210
249 250 97 80
250 249 97 211
251 250 97 212
252 251 97 213
252 253 97 112
253 252 97 214
254 253 97 215
255 239 97 144
255 254 97 216
0 1 99 242
0 16 99 23
1 0 99 22
1 2 99 241
2 1 99 21
2 3 99 240
3 2 99 20
4 3 99 19
5 4 99 18
5 6 99 208
6 5 99 17
8 9 99 176
11 12 99 144
14 15 99 112
17 33 99 6
18 17 99 5
19 18 99 4
20 19 99 3
21 20 99 2
22 21 99 1
23 22 99 0
26 25 99 32
26 27 99 47
27 28 99 46
28 29 99 45
29 28 99 64
29 30 99 44
30 31 99 43
31 15 99 42
32 16 99 245
32 48 99 26
33 17 99 54
34 33 99 53
35 34 99 52
36 35 99 51
37 36 99 50
38 37 99 49
42 43 99 31
43 44 99 30
44 45 99 29
45 46 99 28
46 47 99 27
47 63 99 26
49 65 99 38
50 49 99 37
51 50 99 36
52 51 99 35
53 52 99 34
54 53 99 33
58 59 99 79
59 60 99 78
60 61 99 77
61 62 99 76
62 63 99 75
63 47 99 74
64 48 99 248
64 80 99 29
65 49 99 86
66 65 99 85
67 66 99 84
68 67 99 83
69 68 99 82
70 69 99 81
74 75 99 63
75 76 99 62
76 77 99 61
77 78 99 60
78 79 99 59
79 95 99 58
81 97 99 70
82 81 99 69
83 82 99 68
84 83 99 67
85 84 99 66
86 85 99 65
90 91 99 111
91 92 99 110
92 93 99 109
93 94 99 108
94 95 99 107
95 79 99 106
96 80 99 251
97 81 99 118
98 97 99 117
99 98 99 116
100 99 99 115
101 100 99 114
102 101 99 113
106 107 99 95
107 108 99 94
108 109 99 93
109 110 99 92
110 111 99 91
111 127 99 90
112 128 99 14
113 129 99 102
114 113 99 101
115 114 99 100
116 115 99 99
117 116 99 98
118 117 99 97
122 123 99 143
123 124 99 142
124 125 99 141
125 126 99 140
126 127 99 139
127 111 99 138
128 112 99 254
129 113 99 150
130 129 99 149
131 130 99 148
132 131 99 147
133 132 99 146
134 133 99 145
138 139 99 127
139 140 99 126
140 141 99 125
141 142 99 124
142 143 99 123
143 159 99 122
144 160 99 11
145 161 99 134
146 145 99 133
147 146 99 132
148 147 99 131
149 148 99 130
150 149 99 129
154 155 99 175
155 156 99 174
156 157 99 173
157 158 99 172
158 159 99 171
159 143 99 170
161 145 99 182
162 161 99 181
163 162 99 180
164 163 99 179
165 164 99 178
166 165 99 177
170 171 99 159
171 172 99 158
172 173 99 157
173 174 99 156
174 175 99 155
175 191 99 154
176 160 99 237
176 192 99 8
177 193 99 166
178 177 99 165
179 178 99 164
180 179 99 163
181 180 99 162
182 181 99 161
186 187 99 207
187 188 99 206
188 189 99 205
189 190 99 204
190 191 99 203
191 175 99 202
193 177 99 214
194 193 99 213
195 194 99 212
196 195 99 211
197 196 99 210
198 197 99 209
202 203 99 191
203 204 99 190
204 205 99 189
205 206 99 188
206 207 99 187
207 223 99 186
208 192 99 234
208 224 99 5
209 225 99 198
210 209 99 197
211 210 99 196
212 211 99 195
213 212 99 194
214 213 99 193
218 219 99 239
219 220 99 238
220 221 99 237
221 222 99 236
222 223 99 235
223 207 99 234
225 209 99 246
226 225 99 245
227 226 99 244
228 227 99 243
229 228 99 242
230 229 99 241
231 230 99 240
234 233 99 208
234 235 99 223
235 236 99 222
236 237 99 221
237 236 99 176
237 238 99 220
238 239 99 219
239 255 99 218
240 224 99 231
240 241 99 2
241 240 99 230
241 242 99 1
242 241 99 229
242 243 99 0
243 242 99 228
244 243 99 227
245 244 99 226
245 246 99 32
246 245 99 225
248 249 99 64
251 252 99 96
254 255 99 128
4 5 101 224
7 6 101 33
7 8 101 192
8 7 101 34
9 8 101 35
10 9 101 36
10 11 101 160
11 10 101 37
12 11 101 38
13 12 101 39
13 14 101 128
14 13 101 40
15 14 101 41
16 0 101 244
16 32 101 24
17 18 101 55
18 19 101 56
19 20 101 57
20 21 101 58
21 22 101 59
22 23 101 60
23 24 101 61
24 23 101 16
24 25 101 62
25 26 101 63
27 26 101 48
30 29 101 80
33 34 101 7
34 35 101 8
35 36 101 9
36 37 101 10
37 38 101 11
38 39 101 12
39 38 101 65
39 40 101 13
40 39 101 66
40 41 101 14
41 40 101 67
41 42 101 15
42 41 101 68
43 42 101 69
44 43 101 70
45 44 101 71
46 45 101 72
47 46 101 73
48 32 101 247
48 64 101 27
49 50 101 87
50 51 101 88
51 52 101 89
52 53 101 90
53 54 101 91
54 55 101 92
55 54 101 17
55 56 101 93
56 55 101 18
56 57 101 94
57 56 101 19
57 58 101 95
58 57 101 20
59 58 101 21
60 59 101 22
61 60 101 23
62 61 101 24
63 62 101 25
65 66 101 39
66 67 101 40
67 68 101 41
68 69 101 42
69 70 101 43
70 71 101 44
71 70 101 97
71 72 101 45
72 71 101 98
72 73 101 46
73 72 101 99
73 74 101 47
74 73 101 100
75 74 101 101
76 75 101 102
77 76 101 103
78 77 101 104
79 78 101 105
80 64 101 250
80 96 101 30
81 82 101 119
82 83 101 120
83 84 101 121
84 85 101 122
85 86 101 123
86 87 101 124
87 86 101 49
87 88 101 125
88 87 101 50
88 89 101 126
89 88 101 51
89 90 101 127
90 89 101 52
91 90 101 53
92 91 101 54
93 92 101 55
94 93 101 56
95 94 101 57
97 98 101 71
98 99 101 72
99 100 101 73
100 101 101 74
101 102 101 75
102 103 101 76
103 102 101 129
103 104 101 77
104 103 101 130
104 105 101 78
105 104 101 131
105 106 101 79
106 105 101 132
107 106 101 133
108 107 101 134
109 108 101 135
110 109 101 136
111 110 101 137
112 96 101 253
113 114 101 151
114 115 101 152
115 116 101 153
116 117 101 154
117 118 101 155
118 119 101 156
119 118 101 81
119 120 101 157
120 119 101 82
120 121 101 158
121 120 101 83
121 122 101 159
122 121 101 84
123 122 101 85
124 123 101 86
125 124 101 87
126 125 101 88
127 126 101 89
128 144 101 13
129 130 101 103
130 131 101 104
131 132 101 105
132 133 101 106
133 134 101 107
134 135 101 108
135 134 101 161
135 136 101 109
136 135 101 162
136 137 101 110
137 136 101 163
137 138 101 111
138 137 101 164
139 138 101 165
140 139 101 166
141 140 101 167
142 141 101 168
143 142 101 169
145 146 101 183
146 147 101 184
147 148 101 185
148 149 101 186
149 150 101 187
150 151 101 188
151 150 101 113
151 152 101 189
152 151 101 114
152 153 101 190
153 152 101 115
153 154 101 191
154 153 101 116
155 154 101 117
156 155 101 118
157 156 101 119
158 157 101 120
159 158 101 121
160 144 101 238
160 176 101 10
161 162 101 135
162 163 101 136
163 164 101 137
164 165 101 138
165 166 101 139
166 167 101 140
167 166 101 193
167 168 101 141
168 167 101 194
168 169 101 142
169 168 101 195
169 170 101 143
170 169 101 196
171 170 101 197
172 171 101 198
173 172 101 199
174 173 101 200
175 174 101 201
177 178 101 215
178 179 101 216
179 180 101 217
180 181 101 218
181 182 101 219
182 183 101 220
183 182 101 145
183 184 101 221
184 183 101 146
184 185 101 222
185 184 101 147
185 186 101 223
186 185 101 148
187 186 101 149
188 187 101 150
189 188 101 151
190 189 101 152
191 190 101 153
192 176 101 235
192 208 101 7
193 194 101 167
194 195 101 168
195 196 101 169
196 197 101 170
197 198 101 171
198 199 101 172
199 198 101 225
199 200 101 173
200 199 101 226
200 201 101 174
201 200 101 227
201 202 101 175
202 201 101 228
203 202 101 229
204 203 101 230
205 204 101 231
206 205 101 232
207 206 101 233
209 210 101 247
210 211 101 248
211 212 101 249
212 213 101 250
213 214 101 251
214 215 101 252
215 214 101 177
215 216 101 253
216 215 101 178
216 217 101 254
217 216 101 179
217 218 101 255
218 217 101 180
219 218 101 181
220 219 101 182
221 220 101 183
222 221 101 184
223 222 101 185
224 208 101 232
224 240 101 4
225 226 101 199
226 227 101 200
227 228 101 201
228 229 101 202
229 230 101 203
230 231 101 204
231 232 101 205
232 231 101 224
232 233 101 206
233 234 101 207
235 234 101 192
238 237 101 160
244 245 101 16
247 246 101 209
247 248 101 48
248 247 101 210
249 248 101 211
250 249 101 212
250 251 101 80
251 250 101 213
252 251 101 214
253 252 101 215
253 254 101 112
254 253 101 216
255 254 101 217
0 1 103 243
0 16 103 22
1 0 103 21
1 2 103 242
2 1 103 20
2 3 103 241
3 2 103 19
3 4 103 240
4 3 103 18
5 4 103 17
6 7 103 208
9 10 103 176
12 13 103 144
15 31 103 112
17 33 103 5
18 17 103 4
19 18 103 3
20 19 103 2
21 20 103 1
22 21 103 0
25 24 103 32
27 28 103 47
28 27 103 64
28 29 103 46
29 30 103 45
30 31 103 44
31 15 103 43
31 30 103 96
32 16 103 246
32 48 103 25
33 17 103 53
34 33 103 52
35 34 103 51
36 35 103 50
37 36 103 49
43 44 103 31
44 45 103 30
45 46 103 29
46 47 103 28
47 63 103 27
49 65 103 37
50 49 103 36
51 50 103 35
52 51 103 34
53 52 103 33
59 60 103 79
60 61 103 78
61 62 103 77
62 63 103 76
63 47 103 75
64 48 103 249
64 80 103 28
65 49 103 85
66 65 103 84
67 66 103 83
68 67 103 82
69 68 103 81
75 76 103 63
76 77 103 62
77 78 103 61
78 79 103 60
79 95 103 59
81 97 103 69
82 81 103 68
83 82 103 67
84 83 103 66
85 84 103 65
91 92 103 111
92 93 103 110
93 94 103 109
94 95 103 108
95 79 103 107
96 80 103 252
96 112 103 31
97 81 103 117
98 97 103 116
99 98 103 115
100 99 103 114
101 100 103 113
107 108 103 95
108 109 103 94
109 110 103 93
110 111 103 92
111 127 103 91
112 128 103 15
113 129 103 101
114 113 103 100
115 114 103 99
116 115 103 98
117 116 103 97
123 124 103 143
124 125 103 142
125 126 103 141
126 127 103 140
127 111 103 139
128 112 103 255
129 113 103 149
130 129 103 148
131 130 103 147
132 131 103 146
133 132 103 145
139 140 103 127
140 141 103 126
141 142 103 125
142 143 103 124
143 159 103 123
144 128 103 239
144 160 103 12
145 161 103 133
146 145 103 132
147 146 103 131
148 147 103 130
149 148 103 129
155 156 103 175
156 157 103 174
157 158 103 173
158 159 103 172
159 143 103 171
161 145 103 181
162 161 103 180
163 162 103 179
164 163 103 178
165 164 103 177
171 172 103 159
172 173 103 158
173 174 103 157
174 175 103 156
175 191 103 155
176 160 103 236
176 192 103 9
177 193 103 165
178 177 103 164
179 178 103 163
180 179 103 162
181 180 103 161
187 188 103 207
188 189 103 206
189 190 103 205
190 191 103 204
191 175 103 203
193 177 103 213
194 193 103 212
195 194 103 211
196 195 103 210
197 196 103 209
203 204 103 191
204 205 103 190
205 206 103 189
206 207 103 188
207 223 103 187
208 192 103 233
208 224 103 6
209 225 103 197
210 209 103 196
211 210 103 195
212 211 103 194
213 212 103 193
219 220 103 239
220 221 103 238
221 222 103 237
222 223 103 236
223 207 103 235
225 209 103 245
226 225 103 244
227 226 103 243
228 227 103 242
229 228 103 241
230 229 103 240
233 232 103 208
235 236 103 223
236 235 103 176
236 237 103 222
237 238 103 221
238 239 103 220
239 238 103 144
239 255 103 219
240 224 103 230
240 241 103 3
241 240 103 229
241 242 103 2
242 241 103 228
242 243 103 1
243 242 103 227
243 244 103 0
244 243 103 226
245 244 103 225
246 247 103 32
249 250 103 64
252 253 103 96
255 239 103 128
5 6 105 224
6 5 105 33
7 6 105 34
8 7 105 35
8 9 105 192
9 8 105 36
10 9 105 37
11 10 105 38
11 12 105 160
12 11 105 39
13 12 105 40
14 13 105 41
14 15 105 128
15 14 105 42
16 0 105 245
16 32 105 23
17 18 105 54
18 19 105 55
19 20 105 56
20 21 105 57
21 22 105 58
22 23 105 59
23 22 105 16
23 24 105 60
24 25 105 61
25 26 105 62
26 25 105 48
26 27 105 63
29 28 105 80
33 34 105 6
34 35 105 7
35 36 105 8
36 37 105 9
37 38 105 10
38 37 105 65
38 39 105 11
39 38 105 66
39 40 105 12
40 39 105 67
40 41 105 13
41 40 105 68
41 42 105 14
42 41 105 69
42 43 105 15
43 42 105 70
44 43 105 71
45 44 105 72
46 45 105 73
47 46 105 74
48 32 105 248
48 64 105 26
49 50 105 86
50 51 105 87
51 52 105 88
52 53 105 89
53 54 105 90
54 53 105 17
54 55 105 91
55 54 105 18
55 56 105 92
56 55 105 19
56 57 105 93
57 56 105 20
57 58 105 94
58 57 105 21
58 59 105 95
59 58 105 22
60 59 105 23
61 60 105 24
62 61 105 25
63 62 105 26
65 66 105 38
66 67 105 39
67 68 105 40
68 69 105 41
69 70 105 42
70 69 105 97
70 71 105 43
71 70 105 98
71 72 105 44
72 71 105 99
72 73 105 45
73 72 105 100
73 74 105 46
74 73 105 101
74 75 105 47
75 74 105 102
76 75 105 103
77 76 105 104
78 77 105 105
79 78 105 106
80 64 105 251
80 96 105 29
81 82 105 118
82 83 105 119
83 84 105 120
84 85 105 121
85 86 105 122
86 85 105 49
86 87 105 123
87 86 105 50
87 88 105 124
88 87 105 51
88 89 105 125
89 88 105 52
89 90 105 126
90 89 105 53
90 91 105 127
91 90 105 54
92 91 105 55
93 92 105 56
94 93 105 57
95 94 105 58
97 98 105 70
98 99 105 71
99 100 105 72
100 101 105 73
101 102 105 74
102 101 105 129
102 103 105 75
103 102 105 130
103 104 105 76
104 103 105 131
104 105 105 77
105 104 105 132
105 106 105 78
106 105 105 133
106 107 105 79
107 106 105 134
108 107 105 135
109 108 105 136
110 109 105 137
111 110 105 138
112 96 105 254
113 114 105 150
114 115 105 151
115 116 105 152
116 117 105 153
117 118 105 154
118 117 105 81
118 119 105 155
119 118 105 82
119 120 105 156
120 119 105 83
120 121 105 157
121 120 105 84
121 122 105 158
122 121 105 85
122 123 105 159
123 122 105 86
124 123 105 87
125 124 105 88
126 125 105 89
127 126 105 90
128 144 105 14
129 130 105 102
130 131 105 103
131 132 105 104
132 133 105 105
133 134 105 106
134 133 105 161
134 135 105 107
135 134 105 162
135 136 105 108
136 135 105 163
136 137 105 109
137 136 105 164
137 138 105 110
138 137 105 165
138 139 105 111
139 138 105 166
140 139 105 167
141 140 105 168
142 141 105 169
143 142 105 170
145 146 105 182
146 147 105 183
147 148 105 184
148 149 105 185
149 150 105 186
150 149 105 113
150 151 105 187
151 150 105 114
151 152 105 188
152 151 105 115
152 153 105 189
153 152 105 116
153 154 105 190
154 153 105 117
154 155 105 191
155 154 105 118
156 155 105 119
157 156 105 120
158 157 105 121
159 158 105 122
160 144 105 237
160 176 105 11
161 162 105 134
162 163 105 135
163 164 105 136
164 165 105 137
165 166 105 138
166 165 105 193
166 167 105 139
167 166 105 194
167 168 105 140
168 167 105 195
168 169 105 141
169 168 105 196
169 170 105 142
170 169 105 197
170 171 105 143
171 170 105 198
172 171 105 199
173 172 105 200
174 173 105 201
175 174 105 202
177 178 105 214
178 179 105 215
179 180 105 216
180 181 105 217
181 182 105 218
182 181 105 145
182 183 105 219
183 182 105 146
183 184 105 220
184 183 105 147
184 185 105 221
185 184 105 148
185 186 105 222
186 185 105 149
186 187 105 223
187 186 105 150
188 187 105 151
189 188 105 152
190 189 105 153
191 190 105 154
192 176 105 234
192 208 105 8
193 194 105 166
194 195 105 167
195 196 105 168
196 197 105 169
197 198 105 170
198 197 105 225
198 199 105 171
199 198 105 226
199 200 105 172
200 199 105 227
200 201 105 173
201 200 105 228
201 202 105 174
202 201 105 229
202 203 105 175
203 202 105 230
204 203 105 231
205 204 105 232
206 205 105 233
207 206 105 234
209 210 105 246
210 211 105 247
211 212 105 248
212 213 105 249
213 214 105 250
214 213 105 177
214 215 105 251
215 214 105 178
215 216 105 252
216 215 105 179
216 217 105 253
217 216 105 180
217 218 105 254
218 217 105 181
218 219 105 255
219 218 105 182
220 219 105 183
221 220 105 184
222 221 105 185
223 222 105 186
224 208 105 231
224 240 105 5
225 226 105 198
226 227 105 199
227 228 105 200
228 229 105 201
229 230 105 202
230 231 105 203
231 230 105 224
231 232 105 204
232 233 105 205
233 234 105 206
234 233 105 192
234 235 105 207
237 236 105 160
245 246 105 16
246 245 105 209
247 246 105 210
248 247 105 211
248 249 105 48
249 248 105 212
250 249 105 213
251 250 105 214
251 252 105 80
252 251 105 215
253 252 105 216
254 253 105 217
254 255 105 112
255 254 105 218
0 1 107 244
0 16 107 21
1 0 107 20
1 2 107 243
2 1 107 19
2 3 107 242
3 2 107 18
3 4 107 241
4 3 107 17
4 5 107 240
7 8 107 208
10 11 107 176
13 14 107 144
17 33 107 4
18 17 107 3
19 18 107 2
20 19 107 1
21 20 107 0
24 23 107 32
27 26 107 64
28 29 107 47
29 30 107 46
30 29 107 96
30 31 107 45
31 15 107 44
32 16 107 247
32 48 107 24
33 17 107 52
34 33 107 51
35 34 107 50
36 35 107 49
44 45 107 31
45 46 107 30
46 47 107 29
47 63 107 28
49 65 107 36
50 49 107 35
51 50 107 34
52 51 107 33
60 61 107 79
61 62 107 78
62 63 107 77
63 47 107 76
64 48 107 250
64 80 107 27
65 49 107 84
66 65 107 83
67 66 107 82
68 67 107 81
76 77 107 63
77 78 107 62
78 79 107 61
79 95 107 60
81 97 107 68
82 81 107 67
83 82 107 66
84 83 107 65
92 93 107 111
93 94 107 110
94 95 107 109
95 79 107 108
96 80 107 253
96 112 107 30
97 81 107 116
98 97 107 115
99 98 107 114
100 99 107 113
108 109 107 95
109 110 107 94
110 111 107 93
111 127 107 92
113 129 107 100
114 113 107 99
115 114 107 98
116 115 107 97
124 125 107 143
125 126 107 142
126 127 107 141
127 111 107 140
129 113 107 148
130 129 107 147
131 130 107 146
132 131 107 145
140 141 107 127
141 142 107 126
142 143 107 125
143 159 107 124
144 128 107 238
144 160 107 13
145 161 107 132
146 145 107 131
147 146 107 130
148 147 107 129
156 157 107 175
157 158 107 174
158 159 107 173
159 143 107 172
161 145 107 180
162 161 107 179
163 162 107 178
164 163 107 177
172 173 107 159
173 174 107 158
174 175 107 157
175 191 107 156
176 160 107 235
176 192 107 10
177 193 107 164
178 177 107 163
179 178 107 162
180 179 107 161
188 189 107 207
189 190 107 206
190 191 107 205
191 175 107 204
193 177 107 212
194 193 107 211
195 194 107 210
196 195 107 209
204 205 107 191
205 206 107 190
206 207 107 189
207 223 107 188
208 192 107 232
208 224 107 7
209 225 107 196
210 209 107 195
211 210 107 194
212 211 107 193
220 221 107 239
221 222 107 238
222 223 107 237
223 207 107 236
225 209 107 244
226 225 107 243
227 226 107 242
228 227 107 241
229 228 107 240
232 231 107 208
235 234 107 176
236 237 107 223
237 238 107 222
238 237 107 144
238 239 107 221
239 255 107 220
240 224 107 229
240 241 107 4
241 240 107 228
241 242 107 3
242 241 107 227
242 243 107 2
243 242 107 226
243 244 107 1
244 243 107 225
244 245 107 0
247 248 107 32
250 251 107 64
253 254 107 96
5 4 109 33
6 5 109 34
6 7 109 224
7 6 109 35
8 7 109 36
9 8 109 37
9 10 109 192
10 9 109 38
11 10 109 39
12 11 109 40
12 13 109 160
13 12 109 41
14 13 109 42
15 14 109 43
15 31 109 128
16 0 109 246
16 32 109 22
17 18 109 53
18 19 109 54
19 20 109 55
20 21 109 56
21 22 109 57
22 21 109 16
22 23 109 58
23 24 109 59
24 25 109 60
25 24 109 48
25 26 109 61
26 27 109 62
27 28 109 63
28 27 109 80
31 30 109 112
33 34 109 5
34 35 109 6
35 36 109 7
36 37 109 8
37 36 109 65
37 38 109 9
38 37 109 66
38 39 109 10
39 38 109 67
39 40 109 11
40 39 109 68
40 41 109 12
41 40 109 69
41 42 109 13
42 41 109 70
42 43 109 14
43 42 109 71
43 44 109 15
44 43 109 72
45 44 109 73
46 45 109 74
47 46 109 75
48 32 109 249
48 64 109 25
49 50 109 85
50 51 109 86
51 52 109 87
52 53 109 88
53 52 109 17
53 54 109 89
54 53 109 18
54 55 109 90
55 54 109 19
55 56 109 91
56 55 109 20
56 57 109 92
57 56 109 21
57 58 109 93
58 57 109 22
58 59 109 94
59 58 109 23
59 60 109 95
60 59 109 24
61 60 109 25
62 61 109 26
63 62 109 27
65 66 109 37
66 67 109 38
67 68 109 39
68 69 109 40
69 68 109 97
69 70 109 41
70 69 109 98
70 71 109 42
71 70 109 99
71 72 109 43
72 71 109 100
72 73 109 44
73 72 109 101
73 74 109 45
74 73 109 102
74 75 109 46
75 74 109 103
75 76 109 47
76 75 109 104
77 76 109 105
78 77 109 106
79 78 109 107
80 64 109 252
80 96 109 28
81 82 109 117
82 83 109 118
83 84 109 119
84 85 109 120
85 84 109 49
85 86 109 121
86 85 109 50
86 87 109 122
87 86 109 51
87 88 109 123
88 87 109 52
88 89 109 124
89 88 109 53
89 90 109 125
90 89 109 54
90 91 109 126
91 90 109 55
91 92 109 127
92 91 109 56
93 92 109 57
94 93 109 58
95 94 109 59
97 98 109 69
98 99 109 70
99 100 109 71
100 101 109 72
101 100 109 129
101 102 109 73
102 101 109 130
102 103 109 74
103 102 109 131
103 104 109 75
104 103 109 132
104 105 109 76
105 104 109 133
105 106 109 77
106 105 109 134
106 107 109 78
107 106 109 135
107 108 109 79
108 107 109 136
109 108 109 137
110 109 109 138
111 110 109 139
112 96 109 255
112 128 109 31
113 114 109 149
114 115 109 150
115 116 109 151
116 117 109 152
117 116 109 81
117 118 109 153
118 117 109 82
118 119 109 154
119 118 109 83
119 120 109 155
120 119 109 84
120 121 109 156
121 120 109 85
121 122 109 157
122 121 109 86
122 123 109 158
123 122 109 87
123 124 109 159
124 123 109 88
125 124 109 89
126 125 109 90
127 126 109 91
128 112 109 239
128 144 109 15
129 130 109 101
130 131 109 102
131 132 109 103
132 133 109 104
133 132 109 161
133 134 109 105
134 133 109 162
134 135 109 106
135 134 109 163
135 136 109 107
136 135 109 164
136 137 109 108
137 136 109 165
137 138 109 109
138 137 109 166
138 139 109 110
139 138 109 167
139 140 109 111
140 139 109 168
141 140 109 169
142 141 109 170
143 142 109 171
145 146 109 181
146 147 109 182
147 148 109 183
148 149 109 184
149 148 109 113
149 150 109 185
150 149 109 114
150 151 109 186
151 150 109 115
151 152 109 187
152 151 109 116
152 153 109 188
153 152 109 117
153 154 109 189
154 153 109 118
154 155 109 190
155 154 109 119
155 156 109 191
156 155 109 120
157 156 109 121
158 157 109 122
159 158 109 123
160 144 109 236
160 176 109 12
161 162 109 133
162 163 109 134
163 164 109 135
164 165 109 136
165 164 109 193
165 166 109 137
166 165 109 194
166 167 109 138
167 166 109 195
167 168 109 139
168 167 109 196
168 169 109 140
169 168 109 197
169 170 109 141
170 169 109 198
170 171 109 142
171 170 109 199
171 172 109 143
172 171 109 200
173 172 109 201
174 173 109 202
175 174 109 203
177 178 109 213
178 179 109 214
179 180 109 215
180 181 109 216
181 180 109 145
181 182 109 217
182 181 109 146
182 183 109 218
183 182 109 147
183 184 109 219
184 183 109 148
184 185 109 220
185 184 109 149
185 186 109 221
186 185 109 150
186 187 109 222
187 186 109 151
187 188 109 223
188 187 109 152
189 188 109 153
190 189 109 154
191 190 109 155
192 176 109 233
192 208 109 9
193 194 109 165
194 195 109 166
195 196 109 167
196 197 109 168
197 196 109 225
197 198 109 169
198 197 109 226
198 199 109 170
199 198 109 227
199 200 109 171
200 199 109 228
200 201 109 172
201 200 109 229
201 202 109 173
202 201 109 230
202 203 109 174
203 202 109 231
203 204 109 175
204 203 109 232
205 204 109 233
206 205 109 234
207 206 109 235
209 210 109 245
210 211 109 246
211 212 109 247
212 213 109 248
213 212 109 177
213 214 109 249
214 213 109 178
214 215 109 250
215 214 109 179
215 216 109 251
216 215 109 180
216 217 109 252
217 216 109 181
217 218 109 253
218 217 109 182
218 219 109 254
219 218 109 183
219 220 109 255
220 219 109 184
221 220 109 185
222 221 109 186
223 222 109 187
224 208 109 230
224 240 109 6
225 226 109 197
226 227 109 198
227 228 109 199
228 229 109 200
229 230 109 201
230 229 109 224
230 231 109 202
231 232 109 203
232 233 109 204
233 232 109 192
233 234 109 205
234 235 109 206
235 236 109 207
236 235 109 160
239 238 109 128
245 244 109 209
246 245 109 210
246 247 109 16
247 246 109 211
248 247 109 212
249 248 109 213
249 250 109 48
250 249 109 214
251 250 109 215
252 251 109 216
252 253 109 80
253 252 109 217
254 253 109 218
255 239 109 112
255 254 109 219
0 1 111 245
0 16 111 20
1 0 111 19
1 2 111 244
2 1 111 18
2 3 111 243
3 2 111 17
3 4 111 242
4 5 111 241
5 6 111 240
8 9 111 208
11 12 111 176
14 15 111 144
17 33 111 3
18 17 111 2
19 18 111 1
20 19 111 0
23 22 111 32
26 25 111 64
29 28 111 96
29 30 111 47
30 31 111 46
31 15 111 45
32 16 111 248
32 48 111 23
33 17 111 51
34 33 111 50
35 34 111 49
45 46 111 31
46 47 111 30
47 63 111 29
49 65 111 35
50 49 111 34
51 50 111 33
61 62 111 79
62 63 111 78
63 47 111 77
64 48 111 251
64 80 111 26
65 49 111 83
66 65 111 82
67 66 111 81
77 78 111 63
78 79 111 62
79 95 111 61
81 97 111 67
82 81 111 66
83 82 111 65
93 94 111 111
94 95 111 110
95 79 111 109
96 80 111 254
96 112 111 29
97 81 111 115
98 97 111 114
99 98 111 113
109 110 111 95
110 111 111 94
111 127 111 93
113 129 111 99
114 113 111 98
115 114 111 97
125 126 111 143
126 127 111 142
127 111 111 141
129 113 111 147
130 129 111 146
131 130 111 145
141 142 111 127
142 143 111 126
143 159 111 125
144 128 111 237
144 160 111 14
145 161 111 131
146 145 111 130
147 146 111 129
157 158 111 175
158 159 111 174
159 143 111 173
161 145 111 179
162 161 111 178
163 162 111 177
173 174 111 159
174 175 111 158
175 191 111 157
176 160 111 234
176 192 111 11
177 193 111 163
178 177 111 162
179 178 111 161
189 190 111 207
190 191 111 206
191 175 111 205
193 177 111 211
194 193 111 210
195 194 111 209
205 206 111 191
206 207 111 190
207 223 111 189
208 192 111 231
208 224 111 8
209 225 111 195
210 209 111 194
211 210 111 193
221 222 111 239
222 223 111 238
223 207 111 237
225 209 111 243
226 225 111 242
227 226 111 241
228 227 111 240
231 230 111 208
234 233 111 176
237 236 111 144
237 238 111 223
238 239 111 222
239 255 111 221
240 224 111 228
240 241 111 5
241 240 111 227
241 242 111 4
242 241 111 226
242 243 111 3
243 242 111 225
243 244 111 2
244 245 111 1
245 246 111 0
248 249 111 32
251 252 111 64
254 255 111 96
4 3 113 33
5 4 113 34
6 5 113 35
7 6 113 36
7 8 113 224
8 7 113 37
9 8 113 38
10 9 113 39
10 11 113 192
11 10 113 40
12 11 113 41
13 12 113 42
13 14 113 160
14 13 113 43
15 14 113 44
16 0 113 247
16 32 113 21
17 18 113 52
18 19 113 53
19 20 113 54
20 21 113 55
21 20 113 16
21 22 113 56
22 23 113 57
23 24 113 58
24 23 113 48
24 25 113 59
25 26 113 60
26 27 113 61
27 26 113 80
27 28 113 62
28 29 113 63
30 29 113 112
33 34 113 4
34 35 113 5
35 36 113 6
36 35 113 65
36 37 113 7
37 36 113 66
37 38 113 8
38 37 113 67
38 39 113 9
39 38 113 68
39 40 113 10
40 39 113 69
40 41 113 11
41 40 113 70
41 42 113 12
42 41 113 71
42 43 113 13
43 42 113 72
43 44 113 14
44 43 113 73
44 45 113 15
45 44 113 74
46 45 113 75
47 46 113 76
48 32 113 250
48 64 113 24
49 50 113 84
50 51 113 85
51 52 113 86
52 51 113 17
52 53 113 87
53 52 113 18
53 54 113 88
54 53 113 19
54 55 113 89
55 54 113 20
55 56 113 90
56 55 113 21
56 57 113 91
57 56 113 22
57 58 113 92
58 57 113 23
58 59 113 93
59 58 113 24
59 60 113 94
60 59 113 25
60 61 113 95
61 60 113 26
62 61 113 27
63 62 113 28
65 66 113 36
66 67 113 37
67 68 113 38
68 67 113 97
68 69 113 39
69 68 113 98
69 70 113 40
70 69 113 99
70 71 113 41
71 70 113 100
71 72 113 42
72 71 113 101
72 73 113 43
73 72 113 102
73 74 113 44
74 73 113 103
74 75 113 45
75 74 113 104
75 76 113 46
76 75 113 105
76 77 113 47
77 76 113 106
78 77 113 107
79 78 113 108
80 64 113 253
80 96 113 27
81 82 113 116
82 83 113 117
83 84 113 118
84 83 113 49
84 85 113 119
85 84 113 50
85 86 113 120
86 85 113 51
86 87 113 121
87 86 113 52
87 88 113 122
88 87 113 53
88 89 113 123
89 88 113 54
89 90 113 124
90 89 113 55
90 91 113 125
91 90 113 56
91 92 113 126
92 91 113 57
92 93 113 127
93 92 113 58
94 93 113 59
95 94 113 60
97 98 113 68
98 99 113 69
99 100 113 70
100 99 113 129
100 101 113 71
101 100 113 130
101 102 113 72
102 101 113 131
102 103 113 73
103 102 113 132
103 104 113 74
104 103 113 133
104 105 113 75
105 104 113 134
105 106 113 76
106 105 113 135
106 107 113 77
107 106 113 136
107 108 113 78
108 107 113 137
108 109 113 79
109 108 113 138
110 109 113 139
111 110 113 140
112 128 113 30
113 114 113 148
114 115 113 149
115 116 113 150
116 115 113 81
116 117 113 151
117 116 113 82
117 118 113 152
118 117 113 83
118 119 113 153
119 118 113 84
119 120 113 154
120 119 113 85
120 121 113 155
121 120 113 86
121 122 113 156
122 121 113 87
122 123 113 157
123 122 113 88
123 124 113 158
124 123 113 89
124 125 113 159
125 124 113 90
126 125 113 91
127 126 113 92
128 112 113 238
129 130 113 100
130 131 113 101
131 132 113 102
132 131 113 161
132 133 113 103
133 132 113 162
133 134 113 104
134 133 113 163
134 135 113 105
135 134 113 164
135 136 113 106
136 135 113 165
136 137 113 107
137 136 113 166
137 138 113 108
138 137 113 167
138 139 113 109
139 138 113 168
139 140 113 110
140 139 113 169
140 141 113 111
141 140 113 170
142 141 113 171
143 142 113 172
145 146 113 180
146 147 113 181
147 148 113 182
148 147 113 113
148 149 113 183
149 148 113 114
149 150 113 184
150 149 113 115
150 151 113 185
151 150 113 116
151 152 113 186
152 151 113 117
152 153 113 187
153 152 113 118
153 154 113 188
154 153 113 119
154 155 113 189
155 154 113 120
155 156 113 190
156 155 113 121
156 157 113 191
157 156 113 122
158 157 113 123
159 158 113 124
160 144 113 235
160 176 113 13
161 162 113 132
162 163 113 133
163 164 113 134
164 163 113 193
164 165 113 135
165 164 113 194
165 166 113 136
166 165 113 195
166 167 113 137
167 166 113 196
167 168 113 138
168 167 113 197
168 169 113 139
169 168 113 198
169 170 113 140
170 169 113 199
170 171 113 141
171 170 113 200
171 172 113 142
172 171 113 201
172 173 113 143
173 172 113 202
174 173 113 203
175 174 113 204
177 178 113 212
178 179 113 213
179 180 113 214
180 179 113 145
180 181 113 215
181 180 113 146
181 182 113 216
182 181 113 147
182 183 113 217
183 182 113 148
183 184 113 218
184 183 113 149
184 185 113 219
185 184 113 150
185 186 113 220
186 185 113 151
186 187 113 221
187 186 113 152
187 188 113 222
188 187 113 153
188 189 113 223
189 188 113 154
190 189 113 155
191 190 113 156
192 176 113 232
192 208 113 10
193 194 113 164
194 195 113 165
195 196 113 166
196 195 113 225
196 197 113 167
197 196 113 226
197 198 113 168
198 197 113 227
198 199 113 169
199 198 113 228
199 200 113 170
200 199 113 229
200 201 113 171
201 200 113 230
201 202 113 172
202 201 113 231
202 203 113 173
203 202 113 232
203 204 113 174
204 203 113 233
204 205 113 175
205 204 113 234
206 205 113 235
207 206 113 236
209 210 113 244
210 211 113 245
211 212 113 246
212 211 113 177
212 213 113 247
213 212 113 178
213 214 113 248
214 213 113 179
214 215 113 249
215 214 113 180
215 216 113 250
216 215 113 181
216 217 113 251
217 216 113 182
217 218 113 252
218 217 113 183
218 219 113 253
219 218 113 184
219 220 113 254
220 219 113 185
220 221 113 255
221 220 113 186
222 221 113 187
223 222 113 188
224 208 113 229
224 240 113 7
225 226 113 196
226 227 113 197
227 228 113 198
228 229 113 199
229 228 113 224
229 230 113 200
230 231 113 201
231 232 113 202
232 231 113 192
232 233 113 203
233 234 113 204
234 235 113 205
235 234 113 160
235 236 113 206
236 237 113 207
238 237 113 128
244 243 113 209
245 244 113 210
246 245 113 211
247 246 113 212
247 248 113 16
248 247 113 213
249 248 113 214
250 249 113 215
250 251 113 48
251 250 113 216
252 251 113 217
253 252 113 218
253 254 113 80
254 253 113 219
255 254 113 220
0 1 115 246
0 16 115 19
1 0 115 18
1 2 115 245
2 1 115 17
2 3 115 244
3 4 115 243
4 5 115 242
5 6 115 241
6 7 115 240
9 10 115 208
12 13 115 176
15 31 115 144
17 33 115 2
18 17 115 1
19 18 115 0
22 21 115 32
25 24 115 64
28 27 115 96
30 31 115 47
31 15 115 46
31 30 115 128
32 16 115 249
32 48 115 22
33 17 115 50
34 33 115 49
46 47 115 31
47 63 115 30
49 65 115 34
50 49 115 33
62 63 115 79
63 47 115 78
64 48 115 252
64 80 115 25
65 49 115 82
66 65 115 81
78 79 115 63
79 95 115 62
81 97 115 66
82 81 115 65
94 95 115 111
95 79 115 110
96 80 115 255
96 112 115 28
97 81 115 114
98 97 115 113
110 111 115 95
111 127 115 94
112 96 115 239
113 129 115 98
114 113 115 97
126 127 115 143
127 111 115 142
128 144 115 31
129 113 115 146
130 129 115 145
142 143 115 127
143 159 115 126
144 128 115 236
144 160 115 15
145 161 115 130
146 145 115 129
158 159 115 175
159 143 115 174
161 145 115 178
162 161 115 177
174 175 115 159
175 191 115 158
176 160 115 233
176 192 115 12
177 193 115 162
178 177 115 161
190 191 115 207
191 175 115 206
193 177 115 210
194 193 115 209
206 207 115 191
207 223 115 190
208 192 115 230
208 224 115 9
209 225 115 194
210 209 115 193
222 223 115 239
223 207 115 238
225 209 115 242
226 225 115 241
227 226 115 240
230 229 115 208
233 232 115 176
236 235 115 144
238 239 115 223
239 238 115 112
239 255 115 222
240 224 115 227
240 241 115 6
241 240 115 226
241 242 115 5
242 241 115 225
242 243 115 4
243 244 115 3
244 245 115 2
245 246 115 1
246 247 115 0
249 250 115 32
252 253 115 64
255 239 115 96
3 2 117 33
4 3 117 34
5 4 117 35
6 5 117 36
7 6 117 37
8 7 117 38
8 9 117 224
9 8 117 39
10 9 117 40
11 10 117 41
11 12 117 192
12 11 117 42
13 12 117 43
14 13 117 44
14 15 117 160
15 14 117 45
16 0 117 248
16 32 117 20
17 18 117 51
18 19 117 52
19 20 117 53
20 19 117 16
20 21 117 54
21 22 117 55
22 23 117 56
23 22 117 48
23 24 117 57
24 25 117 58
25 26 117 59
26 25 117 80
26 27 117 60
27 28 117 61
28 29 117 62
29 28 117 112
29 30 117 63
33 34 117 3
34 35 117 4
35 34 117 65
35 36 117 5
36 35 117 66
36 37 117 6
37 36 117 67
37 38 117 7
38 37 117 68
38 39 117 8
39 38 117 69
39 40 117 9
40 39 117 70
40 41 117 10
41 40 117 71
41 42 117 11
42 41 117 72
42 43 117 12
43 42 117 73
43 44 117 13
44 43 117 74
44 45 117 14
45 44 117 75
45 46 117 15
46 45 117 76
47 46 117 77
48 32 117 251
48 64 117 23
49 50 117 83
50 51 117 84
51 50 117 17
51 52 117 85
52 51 117 18
52 53 117 86
53 52 117 19
53 54 117 87
54 53 117 20
54 55 117 88
55 54 117 21
55 56 117 89
56 55 117 22
56 57 117 90
57 56 117 23
57 58 117 91
58 57 117 24
58 59 117 92
59 58 117 25
59 60 117 93
60 59 117 26
60 61 117 94
61 60 117 27
61 62 117 95
62 61 117 28
63 62 117 29
65 66 117 35
66 67 117 36
67 66 117 97
67 68 117 37
68 67 117 98
68 69 117 38
69 68 117 99
69 70 117 39
70 69 117 100
70 71 117 40
71 70 117 101
71 72 117 41
72 71 117 102
72 73 117 42
73 72 117 103
73 74 117 43
74 73 117 104
74 75 117 44
75 74 117 105
75 76 117 45
76 75 117 106
76 77 117 46
77 76 117 107
77 78 117 47
78 77 117 108
79 78 117 109
80 64 117 254
80 96 117 26
81 82 117 115
82 83 117 116
83 82 117 49
83 84 117 117
84 83 117 50
84 85 117 118
85 84 117 51
85 86 117 119
86 85 117 52
86 87 117 120
87 86 117 53
87 88 117 121
88 87 117 54
88 89 117 122
89 88 117 55
89 90 117 123
90 89 117 56
90 91 117 124
91 90 117 57
91 92 117 125
92 91 117 58
92 93 117 126
93 92 117 59
93 94 117 127
94 93 117 60
95 94 117 61
97 98 117 67
98 99 117 68
99 98 117 129
99 100 117 69
100 99 117 130
100 101 117 70
101 100 117 131
101 102 117 71
102 101 117 132
102 103 117 72
103 102 117 133
103 104 117 73
104 103 117 134
104 105 117 74
105 104 117 135
105 106 117 75
106 105 117 136
106 107 117 76
107 106 117 137
107 108 117 77
108 107 117 138
108 109 117 78
109 108 117 139
109 110 117 79
110 109 117 140
111 110 117 141
112 128 117 29
113 114 117 147
114 115 117 148
115 114 117 81
115 116 117 149
116 115 117 82
116 117 117 150
117 116 117 83
117 118 117 151
118 117 117 84
118 119 117 152
119 118 117 85
119 120 117 153
120 119 117 86
120 121 117 154
121 120 117 87
121 122 117 155
122 121 117 88
122 123 117 156
123 122 117 89
123 124 117 157
124 123 117 90
124 125 117 158
125 124 117 91
125 126 117 159
126 125 117 92
127 126 117 93
128 112 117 237
129 130 117 99
130 131 117 100
131 130 117 161
131 132 117 101
132 131 117 162
132 133 117 102
133 132 117 163
133 134 117 103
134 133 117 164
134 135 117 104
135 134 117 165
135 136 117 105
136 135 117 166
136 137 117 106
137 136 117 167
137 138 117 107
138 137 117 168
138 139 117 108
139 138 117 169
139 140 117 109
140 139 117 170
140 141 117 110
141 140 117 171
141 142 117 111
142 141 117 172
143 142 117 173
145 146 117 179
146 147 117 180
147 146 117 113
147 148 117 181
148 147 117 114
148 149 117 182
149 148 117 115
149 150 117 183
150 149 117 116
150 151 117 184
151 150 117 117
151 152 117 185
152 151 117 118
152 153 117 186
153 152 117 119
153 154 117 187
154 153 117 120
154 155 117 188
155 154 117 121
155 156 117 189
156 155 117 122
156 157 117 190
157 156 117 123
157 158 117 191
158 157 117 124
159 158 117 125
160 144 117 234
160 176 117 14
161 162 117 131
162 163 117 132
163 162 117 193
163 164 117 133
164 163 117 194
164 165 117 134
165 164 117 195
165 166 117 135
166 165 117 196
166 167 117 136
167 166 117 197
167 168 117 137
168 167 117 198
168 169 117 138
169 168 117 199
169 170 117 139
170 169 117 200
170 171 117 140
171 170 117 201
171 172 117 141
172 171 117 202
172 173 117 142
173 172 117 203
173 174 117 143
174 173 117 204
175 174 117 205
177 178 117 211
178 179 117 212
179 178 117 145
179 180 117 213
180 179 117 146
180 181 117 214
181 180 117 147
181 182 117 215
182 181 117 148
182 183 117 216
183 182 117 149
183 184 117 217
184 183 117 150
184 185 117 218
185 184 117 151
185 186 117 219
186 185 117 152
186 187 117 220
187 186 117 153
187 188 117 221
188 187 117 154
188 189 117 222
189 188 117 155
189 190 117 223
190 189 117 156
191 190 117 157
192 176 117 231
192 208 117 11
193 194 117 163
194 195 117 164
195 194 117 225
195 196 117 165
196 195 117 226
196 197 117 166
197 196 117 227
197 198 117 167
198 197 117 228
198 199 117 168
199 198 117 229
199 200 117 169
200 199 117 230
200 201 117 170
201 200 117 231
201 202 117 171
202 201 117 232
202 203 117 172
203 202 117 233
203 204 117 173
204 203 117 234
204 205 117 174
205 204 117 235
205 206 117 175
206 205 117 236
207 206 117 237
209 210 117 243
210 211 117 244
211 210 117 177
211 212 117 245
212 211 117 178
212 213 117 246
213 212 117 179
213 214 117 247
214 213 117 180
214 215 117 248
215 214 117 181
215 216 117 249
216 215 117 182
216 217 117 250
217 216 117 183
217 218 117 251
218 217 117 184
218 219 117 252
219 218 117 185
219 220 117 253
220 219 117 186
220 221 117 254
221 220 117 187
221 222 117 255
222 221 117 188
223 222 117 189
224 208 117 228
224 240 117 8
225 226 117 195
226 227 117 196
227 228 117 197
228 227 117 224
228 229 117 198
229 230 117 199
230 231 117 200
231 230 117 192
231 232 117 201
232 233 117 202
233 234 117 203
234 233 117 160
234 235 117 204
235 236 117 205
236 237 117 206
237 236 117 128
237 238 117 207
243 242 117 209
244 243 117 210
245 244 117 211
246 245 117 212
247 246 117 213
248 247 117 214
248 249 117 16
249 248 117 215
250 249 117 216
251 250 117 217
251 252 117 48
252 251 117 218
253 252 117 219
254 253 117 220
254 255 117 80
255 254 117 221
0 1 119 247
0 16 119 18
1 0 119 17
1 2 119 246
2 3 119 245
3 4 119 244
4 5 119 243
5 6 119 242
6 7 119 241
7 8 119 240
10 11 119 208
13 14 119 176
17 33 119 1
18 17 119 0
21 20 119 32
24 23 119 64
27 26 119 96
30 29 119 128
31 15 119 47
32 16 119 250
32 48 119 21
33 17 119 49
47 63 119 31
49 65 119 33
63 47 119 79
64 48 119 253
64 80 119 24
65 49 119 81
79 95 119 63
81 97 119 65
95 79 119 111
96 112 119 27
97 81 119 113
111 127 119 95
112 96 119 238
113 129 119 97
127 111 119 143
128 144 119 30
129 113 119 145
143 159 119 127
144 128 119 235
145 161 119 129
159 143 119 175
161 145 119 177
175 191 119 159
176 160 119 232
176 192 119 13
177 193 119 161
191 175 119 207
193 177 119 209
207 223 119 191
208 192 119 229
208 224 119 10
209 225 119 193
223 207 119 239
225 209 119 241
226 225 119 240
229 228 119 208
232 231 119 176
235 234 119 144
238 237 119 112
239 255 119 223
240 224 119 226
240 241 119 7
241 240 119 225
241 242 119 6
242 243 119 5
243 244 119 4
244 245 119 3
245 246 119 2
246 247 119 1
247 248 119 0
250 251 119 32
253 254 119 64
2 1 121 33
3 2 121 34
4 3 121 35
5 4 121 36
6 5 121 37
7 6 121 38
8 7 121 39
9 8 121 40
9 10 121 224
10 9 121 41
11 10 121 42
12 11 121 43
12 13 121 192
13 12 121 44
14 13 121 45
15 14 121 46
15 31 121 160
16 0 121 249
16 32 121 19
17 18 121 50
18 19 121 51
19 18 121 16
19 20 121 52
20 21 121 53
21 22 121 54
22 21 121 48
22 23 121 55
23 24 121 56
24 25 121 57
25 24 121 80
25 26 121 58
26 27 121 59
27 28 121 60
28 27 121 112
28 29 121 61
29 30 121 62
30 31 121 63
31 30 121 144
33 34 121 2
34 33 121 65
34 35 121 3
35 34 121 66
35 36 121 4
36 35 121 67
36 37 121 5
37 36 121 68
37 38 121 6
38 37 121 69
38 39 121 7
39 38 121 70
39 40 121 8
40 39 121 71
40 41 121 9
41 40 121 72
41 42 121 10
42 41 121 73
42 43 121 11
43 42 121 74
43 44 121 12
44 43 121 75
44 45 121 13
45 44 121 76
45 46 121 14
46 45 121 77
46 47 121 15
47 46 121 78
48 32 121 252
48 64 121 22
49 50 121 82
50 49 121 17
50 51 121 83
51 50 121 18
51 52 121 84
52 51 121 19
52 53 121 85
53 52 121 20
53 54 121 86
54 53 121 21
54 55 121 87
55 54 121 22
55 56 121 88
56 55 121 23
56 57 121 89
57 56 121 24
57 58 121 90
58 57 121 25
58 59 121 91
59 58 121 26
59 60 121 92
60 59 121 27
60 61 121 93
61 60 121 28
61 62 121 94
62 61 121 29
62 63 121 95
63 62 121 30
65 66 121 34
66 65 121 97
66 67 121 35
67 66 121 98
67 68 121 36
68 67 121 99
68 69 121 37
69 68 121 100
69 70 121 38
70 69 121 101
70 71 121 39
71 70 121 102
71 72 121 40
72 71 121 103
72 73 121 41
73 72 121 104
73 74 121 42
74 73 121 105
74 75 121 43
75 74 121 106
75 76 121 44
76 75 121 107
76 77 121 45
77 76 121 108
77 78 121 46
78 77 121 109
78 79 121 47
79 78 121 110
80 64 121 255
80 96 121 25
81 82 121 114
82 81 121 49
82 83 121 115
83 82 121 50
83 84 121 116
84 83 121 51
84 85 121 117
85 84 121 52
85 86 121 118
86 85 121 53
86 87 121 119
87 86 121 54
87 88 121 120
88 87 121 55
88 89 121 121
89 88 121 56
89 90 121 122
90 89 121 57
90 91 121 123
91 90 121 58
91 92 121 124
92 91 121 59
92 93 121 125
93 92 121 60
93 94 121 126
94 93 121 61
94 95 121 127
95 94 121 62
96 80 121 239
97 98 121 66
98 97 121 129
98 99 121 67
99 98 121 130
99 100 121 68
100 99 121 131
100 101 121 69
101 100 121 132
101 102 121 70
102 101 121 133
102 103 121 71
103 102 121 134
103 104 121 72
104 103 121 135
104 105 121 73
105 104 121 136
105 106 121 74
106 105 121 137
106 107 121 75
107 106 121 138
107 108 121 76
108 107 121 139
108 109 121 77
109 108 121 140
109 110 121 78
110 109 121 141
110 111 121 79
111 110 121 142
112 128 121 28
113 114 121 146
114 113 121 81
114 115 121 147
115 114 121 82
115 116 121 148
116 115 121 83
116 117 121 149
117 116 121 84
117 118 121 150
118 117 121 85
118 119 121 151
119 118 121 86
119 120 121 152
120 119 121 87
120 121 121 153
121 120 121 88
121 122 121 154
122 121 121 89
122 123 121 155
123 122 121 90
123 124 121 156
124 123 121 91
124 125 121 157
125 124 121 92
125 126 121 158
126 125 121 93
126 127 121 159
127 126 121 94
128 112 121 236
129 130 121 98
130 129 121 161
130 131 121 99
131 130 121 162
131 132 121 100
132 131 121 163
132 133 121 101
133 132 121 164
133 134 121 102
134 133 121 165
134 135 121 103
135 134 121 166
135 136 121 104
136 135 121 167
136 137 121 105
137 136 121 168
137 138 121 106
138 137 121 169
138 139 121 107
139 138 121 170
139 140 121 108
140 139 121 171
140 141 121 109
141 140 121 172
141 142 121 110
142 141 121 173
142 143 121 111
143 142 121 174
144 160 121 31
145 146 121 178
146 145 121 113
146 147 121 179
147 146 121 114
147 148 121 180
148 147 121 115
148 149 121 181
149 148 121 116
149 150 121 182
150 149 121 117
150 151 121 183
151 150 121 118
151 152 121 184
152 151 121 119
152 153 121 185
153 152 121 120
153 154 121 186
154 153 121 121
154 155 121 187
155 154 121 122
155 156 121 188
156 155 121 123
156 157 121 189
157 156 121 124
157 158 121 190
158 157 121 125
158 159 121 191
159 158 121 126
160 144 121 233
160 176 121 15
161 162 121 130
162 161 121 193
162 163 121 131
163 162 121 194
163 164 121 132
164 163 121 195
164 165 121 133
165 164 121 196
165 166 121 134
166 165 121 197
166 167 121 135
167 166 121 198
167 168 121 136
168 167 121 199
168 169 121 137
169 168 121 200
169 170 121 138
170 169 121 201
170 171 121 139
171 170 121 202
171 172 121 140
172 171 121 203
172 173 121 141
173 172 121 204
173 174 121 142
174 173 121 205
174 175 121 143
175 174 121 206
177 178 121 210
178 177 121 145
178 179 121 211
179 178 121 146
179 180 121 212
180 179 121 147
180 181 121 213
181 180 121 148
181 182 121 214
182 181 121 149
182 183 121 215
183 182 121 150
183 184 121 216
184 183 121 151
184 185 121 217
185 184 121 152
185 186 121 218
186 185 121 153
186 187 121 219
187 186 121 154
187 188 121 220
188 187 121 155
188 189 121 221
189 188 121 156
189 190 121 222
190 189 121 157
190 191 121 223
191 190 121 158
192 176 121 230
192 208 121 12
193 194 121 162
194 193 121 225
194 195 121 163
195 194 121 226
195 196 121 164
196 195 121 227
196 197 121 165
197 196 121 228
197 198 121 166
198 197 121 229
198 199 121 167
199 198 121 230
199 200 121 168
200 199 121 231
200 201 121 169
201 200 121 232
201 202 121 170
202 201 121 233
202 203 121 171
203 202 121 234
203 204 121 172
204 203 121 235
204 205 121 173
205 204 121 236
205 206 121 174
206 205 121 237
206 207 121 175
207 206 121 238
209 210 121 242
210 209 121 177
210 211 121 243
211 210 121 178
211 212 121 244
212 211 121 179
212 213 121 245
213 212 121 180
213 214 121 246
214 213 121 181
214 215 121 247
215 214 121 182
215 216 121 248
216 215 121 183
216 217 121 249
217 216 121 184
217 218 121 250
218 217 121 185
218 219 121 251
219 218 121 186
219 220 121 252
220 219 121 187
220 221 121 253
221 220 121 188
221 222 121 254
222 221 121 189
222 223 121 255
223 222 121 190
224 208 121 227
224 240 121 9
225 226 121 194
226 227 121 195
227 226 121 224
227 228 121 196
228 229 121 197
229 230 121 198
230 229 121 192
230 231 121 199
231 232 121 200
232 233 121 201
233 232 121 160
233 234 121 202
234 235 121 203
235 236 121 204
236 235 121 128
236 237 121 205
237 238 121 206
238 239 121 207
239 238 121 96
242 241 121 209
243 242 121 210
244 243 121 211
245 244 121 212
246 245 121 213
247 246 121 214
248 247 121 215
249 248 121 216
249 250 121 16
250 249 121 217
251 250 121 218
252 251 121 219
252 253 121 48
253 252 121 220
254 253 121 221
255 239 121 80
255 254 121 222
0 1 123 248
0 16 123 17
1 2 123 247
2 3 123 246
3 4 123 245
4 5 123 244
5 6 123 243
6 7 123 242
7 8 123 241
8 9 123 240
11 12 123 208
14 15 123 176
17 33 123 0
20 19 123 32
23 22 123 64
26 25 123 96
29 28 123 128
32 16 123 251
32 48 123 20
64 48 123 254
64 80 123 23
96 112 123 26
112 96 123 237
128 144 123 29
144 128 123 234
176 160 123 231
176 192 123 14
208 192 123 228
208 224 123 11
225 209 123 240
228 227 123 208
231 230 123 176
234 233 123 144
237 236 123 112
240 224 123 225
240 241 123 8
241 242 123 7
242 243 123 6
243 244 123 5
244 245 123 4
245 246 123 3
246 247 123 2
247 248 123 1
248 249 123 0
251 252 123 32
254 255 123 64
1 0 125 33
2 1 125 34
3 2 125 35
4 3 125 36
5 4 125 37
6 5 125 38
7 6 125 39
8 7 125 40
9 8 125 41
10 9 125 42
10 11 125 224
11 10 125 43
12 11 125 44
13 12 125 45
13 14 125 192
14 13 125 46
15 14 125 47
16 0 125 250
16 32 125 18
17 18 125 49
18 17 125 16
18 19 125 50
19 20 125 51
20 21 125 52
21 20 125 48
21 22 125 53
22 23 125 54
23 24 125 55
24 23 125 80
24 25 125 56
25 26 125 57
26 27 125 58
27 26 125 112
27 28 125 59
28 29 125 60
29 30 125 61
30 29 125 144
30 31 125 62
31 15 125 63
33 17 125 65
33 34 125 1
34 33 125 66
34 35 125 2
35 34 125 67
35 36 125 3
36 35 125 68
36 37 125 4
37 36 125 69
37 38 125 5
38 37 125 70
38 39 125 6
39 38 125 71
39 40 125 7
40 39 125 72
40 41 125 8
41 40 125 73
41 42 125 9
42 41 125 74
42 43 125 10
43 42 125 75
43 44 125 11
44 43 125 76
44 45 125 12
45 44 125 77
45 46 125 13
46 45 125 78
46 47 125 14
47 46 125 79
47 63 125 15
48 32 125 253
48 64 125 21
49 50 125 81
49 65 125 17
50 49 125 18
50 51 125 82
51 50 125 19
51 52 125 83
52 51 125 20
52 53 125 84
53 52 125 21
53 54 125 85
54 53 125 22
54 55 125 86
55 54 125 23
55 56 125 87
56 55 125 24
56 57 125 88
57 56 125 25
57 58 125 89
58 57 125 26
58 59 125 90
59 58 125 27
59 60 125 91
60 59 125 28
60 61 125 92
61 60 125 29
61 62 125 93
62 61 125 30
62 63 125 94
63 47 125 95
63 62 125 31
65 49 125 97
65 66 125 33
66 65 125 98
66 67 125 34
67 66 125 99
67 68 125 35
68 67 125 100
68 69 125 36
69 68 125 101
69 70 125 37
70 69 125 102
70 71 125 38
71 70 125 103
71 72 125 39
72 71 125 104
72 73 125 40
73 72 125 105
73 74 125 41
74 73 125 106
74 75 125 42
75 74 125 107
75 76 125 43
76 75 125 108
76 77 125 44
77 76 125 109
77 78 125 45
78 77 125 110
78 79 125 46
79 78 125 111
79 95 125 47
80 96 125 24
81 82 125 113
81 97 125 49
82 81 125 50
82 83 125 114
83 82 125 51
83 84 125 115
84 83 125 52
84 85 125 116
85 84 125 53
85 86 125 117
86 85 125 54
86 87 125 118
87 86 125 55
87 88 125 119
88 87 125 56
88 89 125 120
89 88 125 57
89 90 125 121
90 89 125 58
90 91 125 122
91 90 125 59
91 92 125 123
92 91 125 60
92 93 125 124
93 92 125 61
93 94 125 125
94 93 125 62
94 95 125 126
95 79 125 127
95 94 125 63
96 80 125 238
97 81 125 129
97 98 125 65
98 97 125 130
98 99 125 66
99 98 125 131
99 100 125 67
100 99 125 132
100 101 125 68
101 100 125 133
101 102 125 69
102 101 125 134
102 103 125 70
103 102 125 135
103 104 125 71
104 103 125 136
104 105 125 72
105 104 125 137
105 106 125 73
106 105 125 138
106 107 125 74
107 106 125 139
107 108 125 75
108 107 125 140
108 109 125 76
109 108 125 141
109 110 125 77
110 109 125 142
110 111 125 78
111 110 125 143
111 127 125 79
112 128 125 27
113 114 125 145
113 129 125 81
114 113 125 82
114 115 125 146
115 114 125 83
115 116 125 147
116 115 125 84
116 117 125 148
117 116 125 85
117 118 125 149
118 117 125 86
118 119 125 150
119 118 125 87
119 120 125 151
120 119 125 88
120 121 125 152
121 120 125 89
121 122 125 153
122 121 125 90
122 123 125 154
123 122 125 91
123 124 125 155
124 123 125 92
124 125 125 156
125 124 125 93
125 126 125 157
126 125 125 94
126 127 125 158
127 111 125 159
127 126 125 95
128 112 125 235
129 113 125 161
129 130 125 97
130 129 125 162
130 131 125 98
131 130 125 163
131 132 125 99
132 131 125 164
132 133 125 100
133 132 125 165
133 134 125 101
134 133 125 166
134 135 125 102
135 134 125 167
135 136 125 103
136 135 125 168
136 137 125 104
137 136 125 169
137 138 125 105
138 137 125 170
138 139 125 106
139 138 125 171
139 140 125 107
140 139 125 172
140 141 125 108
141 140 125 173
141 142 125 109
142 141 125 174
142 143 125 110
143 142 125 175
143 159 125 111
144 160 125 30
145 146 125 177
145 161 125 113
146 145 125 114
146 147 125 178
147 146 125 115
147 148 125 179
148 147 125 116
148 149 125 180
149 148 125 117
149 150 125 181
150 149 125 118
150 151 125 182
151 150 125 119
151 152 125 183
152 151 125 120
152 153 125 184
153 152 125 121
153 154 125 185
154 153 125 122
154 155 125 186
155 154 125 123
155 156 125 187
156 155 125 124
156 157 125 188
157 156 125 125
157 158 125 189
158 157 125 126
158 159 125 190
159 143 125 191
159 158 125 127
160 144 125 232
161 145 125 193
161 162 125 129
162 161 125 194
162 163 125 130
163 162 125 195
163 164 125 131
164 163 125 196
164 165 125 132
165 164 125 197
165 166 125 133
166 165 125 198
166 167 125 134
167 166 125 199
167 168 125 135
168 167 125 200
168 169 125 136
169 168 125 201
169 170 125 137
170 169 125 202
170 171 125 138
171 170 125 203
171 172 125 139
172 171 125 204
172 173 125 140
173 172 125 205
173 174 125 141
174 173 125 206
174 175 125 142
175 174 125 207
175 191 125 143
177 178 125 209
177 193 125 145
178 177 125 146
178 179 125 210
179 178 125 147
179 180 125 211
180 179 125 148
180 181 125 212
181 180 125 149
181 182 125 213
182 181 125 150
182 183 125 214
183 182 125 151
183 184 125 215
184 183 125 152
184 185 125 216
185 184 125 153
185 186 125 217
186 185 125 154
186 187 125 218
187 186 125 155
187 188 125 219
188 187 125 156
188 189 125 220
189 188 125 157
189 190 125 221
190 189 125 158
190 191 125 222
191 175 125 223
191 190 125 159
192 176 125 229
192 208 125 13
193 177 125 225
193 194 125 161
194 193 125 226
194 195 125 162
195 194 125 227
195 196 125 163
196 195 125 228
196 197 125 164
197 196 125 229
197 198 125 165
198 197 125 230
198 199 125 166
199 198 125 231
199 200 125 167
200 199 125 232
200 201 125 168
201 200 125 233
201 202 125 169
202 201 125 234
202 203 125 170
203 202 125 235
203 204 125 171
204 203 125 236
204 205 125 172
205 204 125 237
205 206 125 173
206 205 125 238
206 207 125 174
207 206 125 239
207 223 125 175
209 210 125 241
209 225 125 177
210 209 125 178
210 211 125 242
211 210 125 179
211 212 125 243
212 211 125 180
212 213 125 244
213 212 125 181
213 214 125 245
214 213 125 182
214 215 125 246
215 214 125 183
215 216 125 247
216 215 125 184
216 217 125 248
217 216 125 185
217 218 125 249
218 217 125 186
218 219 125 250
219 218 125 187
219 220 125 251
220 219 125 188
220 221 125 252
221 220 125 189
221 222 125 253
222 221 125 190
222 223 125 254
223 207 125 255
223 222 125 191
224 208 125 226
224 240 125 10
225 226 125 193
226 225 125 224
226 227 125 194
227 228 125 195
228 229 125 196
229 228 125 192
229 230 125 197
230 231 125 198
231 232 125 199
232 231 125 160
232 233 125 200
233 234 125 201
234 235 125 202
235 234 125 128
235 236 125 203
236 237 125 204
237 238 125 205
238 237 125 96
238 239 125 206
239 255 125 207
241 240 125 209
242 241 125 210
243 242 125 211
244 243 125 212
245 244 125 213
246 245 125 214
247 246 125 215
248 247 125 216
249 248 125 217
250 249 125 218
250 251 125 16
251 250 125 219
252 251 125 220
253 252 125 221
253 254 125 48
254 253 125 222
255 254 125 223
0 1 127 249
1 2 127 248
2 3 127 247
3 4 127 246
4 5 127 245
5 6 127 244
6 7 127 243
7 8 127 242
8 9 127 241
9 10 127 240
12 13 127 208
15 31 127 176
19 18 127 32
22 21 127 64
25 24 127 96
28 27 127 128
31 30 127 160
32 16 127 252
32 48 127 19
64 48 127 255
64 80 127 22
80 64 127 239
96 112 127 25
112 96 127 236
128 144 127 28
144 128 127 233
160 176 127 31
176 160 127 230
176 192 127 15
208 192 127 227
208 224 127 12
227 226 127 208
230 229 127 176
233 232 127 144
236 235 127 112
239 238 127 80
240 241 127 9
241 242 127 8
242 243 127 7
243 244 127 6
244 245 127 5
245 246 127 4
246 247 127 3
247 248 127 2
248 249 127 1
249 250 127 0
252 253 127 32
255 239 127 64
0 16 129 33
1 0 129 34
2 1 129 35
3 2 129 36
4 3 129 37
5 4 129 38
6 5 129 39
7 6 129 40
8 7 129 41
9 8 129 42
10 9 129 43
11 10 129 44
11 12 129 224
12 11 129 45
13 12 129 46
14 13 129 47
14 15 129 192
16 0 129 251
16 32 129 17
17 33 129 16
18 19 129 49
19 20 129 50
20 19 129 48
20 21 129 51
21 22 129 52
22 23 129 53
23 22 129 80
23 24 129 54
24 25 129 55
25 26 129 56
26 25 129 112
26 27 129 57
27 28 129 58
28 29 129 59
29 28 129 144
29 30 129 60
30 31 129 61
31 15 129 62
33 17 129 66
33 34 129 0
34 33 129 67
34 35 129 1
35 34 129 68
35 36 129 2
36 35 129 69
36 37 129 3
37 36 129 70
37 38 129 4
38 37 129 71
38 39 129 5
39 38 129 72
39 40 129 6
40 39 129 73
40 41 129 7
41 40 129 74
41 42 129 8
42 41 129 75
42 43 129 9
43 42 129 76
43 44 129 10
44 43 129 77
44 45 129 11
45 44 129 78
45 46 129 12
46 45 129 79
46 47 129 13
47 63 129 14
48 32 129 254
48 64 129 20
49 65 129 18
50 49 129 19
50 51 129 81
51 50 129 20
51 52 129 82
52 51 129 21
52 53 129 83
53 52 129 22
53 54 129 84
54 53 129 23
54 55 129 85
55 54 129 24
55 56 129 86
56 55 129 25
56 57 129 87
57 56 129 26
57 58 129 88
58 57 129 27
58 59 129 89
59 58 129 28
59 60 129 90
60 59 129 29
60 61 129 91
61 60 129 30
61 62 129 92
62 61 129 31
62 63 129 93
63 47 129 94
65 49 129 98
66 65 129 99
66 67 129 33
67 66 129 100
67 68 129 34
68 67 129 101
68 69 129 35
69 68 129 102
69 70 129 36
70 69 129 103
70 71 129 37
71 70 129 104
71 72 129 38
72 71 129 105
72 73 129 39
73 72 129 106
73 74 129 40
74 73 129 107
74 75 129 41
75 74 129 108
75 76 129 42
76 75 129 109
76 77 129 43
77 76 129 110
77 78 129 44
78 77 129 111
78 79 129 45
79 95 129 46
80 96 129 23
81 97 129 50
82 81 129 51
82 83 129 113
83 82 129 52
83 84 129 114
84 83 129 53
84 85 129 115
85 84 129 54
85 86 129 116
86 85 129 55
86 87 129 117
87 86 129 56
87 88 129 118
88 87 129 57
88 89 129 119
89 88 129 58
89 90 129 120
90 89 129 59
90 91 129 121
91 90 129 60
91 92 129 122
92 91 129 61
92 93 129 123
93 92 129 62
93 94 129 124
94 93 129 63
94 95 129 125
95 79 129 126
96 80 129 237
97 81 129 130
98 97 129 131
98 99 129 65
99 98 129 132
99 100 129 66
100 99 129 133
100 101 129 67
101 100 129 134
101 102 129 68
102 101 129 135
102 103 129 69
103 102 129 136
103 104 129 70
104 103 129 137
104 105 129 71
105 104 129 138
105 106 129 72
106 105 129 139
106 107 129 73
107 106 129 140
107 108 129 74
108 107 129 141
108 109 129 75
109 108 129 142
109 110 129 76
110 109 129 143
110 111 129 77
111 127 129 78
112 128 129 26
113 129 129 82
114 113 129 83
114 115 129 145
115 114 129 84
115 116 129 146
116 115 129 85
116 117 129 147
117 116 129 86
117 118 129 148
118 117 129 87
118 119 129 149
119 118 129 88
119 120 129 150
120 119 129 89
120 121 129 151
121 120 129 90
121 122 129 152
122 121 129 91
122 123 129 153
123 122 129 92
123 124 129 154
124 123 129 93
124 125 129 155
125 124 129 94
125 126 129 156
126 125 129 95
126 127 129 157
127 111 129 158
128 112 129 234
129 113 129 162
130 129 129 163
130 131 129 97
131 130 129 164
131 132 129 98
132 131 129 165
132 133 129 99
133 132 129 166
133 134 129 100
134 133 129 167
134 135 129 101
135 134 129 168
135 136 129 102
136 135 129 169
136 137 129 103
137 136 129 170
137 138 129 104
138 137 129 171
138 139 129 105
139 138 129 172
139 140 129 106
140 139 129 173
140 141 129 107
141 140 129 174
141 142 129 108
142 141 129 175
142 143 129 109
143 159 129 110
144 160 129 29
145 161 129 114
146 145 129 115
146 147 129 177
147 146 129 116
147 148 129 178
148 147 129 117
148 149 129 179
149 148 129 118
149 150 129 180
150 149 129 119
150 151 129 181
151 150 129 120
151 152 129 182
152 151 129 121
152 153 129 183
153 152 129 122
153 154 129 184
154 153 129 123
154 155 129 185
155 154 129 124
155 156 129 186
156 155 129 125
156 157 129 187
157 156 129 126
157 158 129 188
158 157 129 127
158 159 129 189
159 143 129 190
160 144 129 231
161 145 129 194
162 161 129 195
162 163 129 129
163 162 129 196
163 164 129 130
164 163 129 197
164 165 129 131
165 164 129 198
165 166 129 132
166 165 129 199
166 167 129 133
167 166 129 200
167 168 129 134
168 167 129 201
168 169 129 135
169 168 129 202
169 170 129 136
170 169 129 203
170 171 129 137
171 170 129 204
171 172 129 138
172 171 129 205
172 173 129 139
173 172 129 206
173 174 129 140
174 173 129 207
174 175 129 141
175 191 129 142
177 193 129 146
178 177 129 147
178 179 129 209
179 178 129 148
179 180 129 210
180 179 129 149
180 181 129 211
181 180 129 150
181 182 129 212
182 181 129 151
182 183 129 213
183 182 129 152
183 184 129 214
184 183 129 153
184 185 129 215
185 184 129 154
185 186 129 216
186 185 129 155
186 187 129 217
187 186 129 156
187 188 129 218
188 187 129 157
188 189 129 219
189 188 129 158
189 190 129 220
190 189 129 159
190 191 129 221
191 175 129 222
192 176 129 228
192 208 129 14
193 177 129 226
194 193 129 227
194 195 129 161
195 194 129 228
195 196 129 162
196 195 129 229
196 197 129 163
197 196 129 230
197 198 129 164
198 197 129 231
198 199 129 165
199 198 129 232
199 200 129 166
200 199 129 233
200 201 129 167
201 200 129 234
201 202 129 168
202 201 129 235
202 203 129 169
203 202 129 236
203 204 129 170
204 203 129 237
204 205 129 171
205 204 129 238
205 206 129 172
206 205 129 239
206 207 129 173
207 223 129 174
209 210 129 240
209 225 129 178
210 209 129 179
210 211 129 241
211 210 129 180
211 212 129 242
212 211 129 181
212 213 129 243
213 212 129 182
213 214 129 244
214 213 129 183
214 215 129 245
215 214 129 184
215 216 129 246
216 215 129 185
216 217 129 247
217 216 129 186
217 218 129 248
218 217 129 187
218 219 129 249
219 218 129 188
219 220 129 250
220 219 129 189
220 221 129 251
221 220 129 190
221 222 129 252
222 221 129 191
222 223 129 253
223 207 129 254
224 208 129 225
224 240 129 11
225 209 129 224
226 227 129 193
227 228 129 194
228 227 129 192
228 229 129 195
229 230 129 196
230 231 129 197
231 230 129 160
231 232 129 198
232 233 129 199
233 234 129 200
234 233 129 128
234 235 129 201
235 236 129 202
236 237 129 203
237 236 129 96
237 238 129 204
238 239 129 205
239 255 129 206
240 224 129 209
241 240 129 210
242 241 129 211
243 242 129 212
244 243 129 213
245 244 129 214
246 245 129 215
247 246 129 216
248 247 129 217
249 248 129 218
250 249 129 219
251 250 129 220
251 252 129 16
252 251 129 221
253 252 129 222
254 253 129 223
254 255 129 48
0 1 131 250
1 2 131 249
2 3 131 248
3 4 131 247
4 5 131 246
5 6 131 245
6 7 131 244
7 8 131 243
8 9 131 242
9 10 131 241
10 11 131 240
13 14 131 208
15 14 131 63
17 18 131 65
18 17 131 32
21 20 131 64
24 23 131 96
27 26 131 128
30 29 131 160
32 16 131 253
32 48 131 18
47 46 131 95
49 50 131 97
63 62 131 15
64 80 131 21
65 66 131 17
79 78 131 127
80 64 131 238
81 82 131 129
95 94 131 47
96 112 131 24
97 98 131 49
111 110 131 159
112 96 131 235
113 114 131 161
127 126 131 79
128 144 131 27
129 130 131 81
143 142 131 191
144 128 131 232
145 146 131 193
159 158 131 111
160 176 131 30
161 162 131 113
175 174 131 223
176 160 131 229
177 178 131 225
191 190 131 143
193 194 131 145
207 206 131 255
208 192 131 226
208 224 131 13
223 222 131 175
225 226 131 177
226 225 131 208
229 228 131 176
232 231 131 144
235 234 131 112
238 237 131 80
240 241 131 10
241 242 131 9
242 243 131 8
243 244 131 7
244 245 131 6
245 246 131 5
246 247 131 4
247 248 131 3
248 249 131 2
249 250 131 1
250 251 131 0
253 254 131 32
255 254 131 207
0 16 133 34
1 0 133 35
2 1 133 36
3 2 133 37
4 3 133 38
5 4 133 39
6 5 133 40
7 6 133 41
8 7 133 42
9 8 133 43
10 9 133 44
11 10 133 45
12 11 133 46
12 13 133 224
13 12 133 47
15 31 133 192
16 0 133 252
19 18 133 48
19 20 133 49
20 21 133 50
21 22 133 51
22 21 133 80
22 23 133 52
23 24 133 53
24 25 133 54
25 24 133 112
25 26 133 55
26 27 133 56
27 28 133 57
28 27 133 144
28 29 133 58
29 30 133 59
30 31 133 60
31 15 133 61
31 30 133 176
33 17 133 67
34 33 133 68
34 35 133 0
35 34 133 69
35 36 133 1
36 35 133 70
36 37 133 2
37 36 133 71
37 38 133 3
38 37 133 72
38 39 133 4
39 38 133 73
39 40 133 5
40 39 133 74
40 41 133 6
41 40 133 75
41 42 133 7
42 41 133 76
42 43 133 8
43 42 133 77
43 44 133 9
44 43 133 78
44 45 133 10
45 44 133 79
45 46 133 11
46 47 133 12
47 63 133 13
48 32 133 255
48 64 133 19
49 65 133 19
50 49 133 20
51 50 133 21
51 52 133 81
52 51 133 22
52 53 133 82
53 52 133 23
53 54 133 83
54 53 133 24
54 55 133 84
55 54 133 25
55 56 133 85
56 55 133 26
56 57 133 86
57 56 133 27
57 58 133 87
58 57 133 28
58 59 133 88
59 58 133 29
59 60 133 89
60 59 133 30
60 61 133 90
61 60 133 31
61 62 133 91
62 63 133 92
63 47 133 93
64 48 133 239
65 49 133 99
66 65 133 100
67 66 133 101
67 68 133 33
68 67 133 102
68 69 133 34
69 68 133 103
69 70 133 35
70 69 133 104
70 71 133 36
71 70 133 105
71 72 133 37
72 71 133 106
72 73 133 38
73 72 133 107
73 74 133 39
74 73 133 108
74 75 133 40
75 74 133 109
75 76 133 41
76 75 133 110
76 77 133 42
77 76 133 111
77 78 133 43
78 79 133 44
79 95 133 45
80 96 133 22
81 97 133 51
82 81 133 52
83 82 133 53
83 84 133 113
84 83 133 54
84 85 133 114
85 84 133 55
85 86 133 115
86 85 133 56
86 87 133 116
87 86 133 57
87 88 133 117
88 87 133 58
88 89 133 118
89 88 133 59
89 90 133 119
90 89 133 60
90 91 133 120
91 90 133 61
91 92 133 121
92 91 133 62
92 93 133 122
93 92 133 63
93 94 133 123
94 95 133 124
95 79 133 125
96 80 133 236
97 81 133 131
98 97 133 132
99 98 133 133
99 100 133 65
100 99 133 134
100 101 133 66
101 100 133 135
101 102 133 67
102 101 133 136
102 103 133 68
103 102 133 137
103 104 133 69
104 103 133 138
104 105 133 70
105 104 133 139
105 106 133 71
106 105 133 140
106 107 133 72
107 106 133 141
107 108 133 73
108 107 133 142
108 109 133 74
109 108 133 143
109 110 133 75
110 111 133 76
111 127 133 77
112 128 133 25
113 129 133 83
114 113 133 84
115 114 133 85
115 116 133 145
116 115 133 86
116 117 133 146
117 116 133 87
117 118 133 147
118 117 133 88
118 119 133 148
119 118 133 89
119 120 133 149
120 119 133 90
120 121 133 150
121 120 133 91
121 122 133 151
122 121 133 92
122 123 133 152
123 122 133 93
123 124 133 153
124 123 133 94
124 125 133 154
125 124 133 95
125 126 133 155
126 127 133 156
127 111 133 157
128 112 133 233
129 113 133 163
130 129 133 164
131 130 133 165
131 132 133 97
132 131 133 166
132 133 133 98
133 132 133 167
133 134 133 99
134 133 133 168
134 135 133 100
135 134 133 169
135 136 133 101
136 135 133 170
136 137 133 102
137 136 133 171
137 138 133 103
138 137 133 172
138 139 133 104
139 138 133 173
139 140 133 105
140 139 133 174
140 141 133 106
141 140 133 175
141 142 133 107
142 143 133 108
143 159 133 109
144 160 133 28
145 161 133 115
146 145 133 116
147 146 133 117
147 148 133 177
148 147 133 118
148 149 133 178
149 148 133 119
149 150 133 179
150 149 133 120
150 151 133 180
151 150 133 121
151 152 133 181
152 151 133 122
152 153 133 182
153 152 133 123
153 154 133 183
154 153 133 124
154 155 133 184
155 154 133 125
155 156 133 185
156 155 133 126
156 157 133 186
157 156 133 127
157 158 133 187
158 159 133 188
159 143 133 189
160 144 133 230
161 145 133 195
162 161 133 196
163 162 133 197
163 164 133 129
164 163 133 198
164 165 133 130
165 164 133 199
165 166 133 131
166 165 133 200
166 167 133 132
167 166 133 201
167 168 133 133
168 167 133 202
168 169 133 134
169 168 133 203
169 170 133 135
170 169 133 204
170 171 133 136
171 170 133 205
171 172 133 137
172 171 133 206
172 173 133 138
173 172 133 207
173 174 133 139
174 175 133 140
175 191 133 141
176 192 133 31
177 193 133 147
178 177 133 148
179 178 133 149
179 180 133 209
180 179 133 150
180 181 133 210
181 180 133 151
181 182 133 211
182 181 133 152
182 183 133 212
183 182 133 153
183 184 133 213
184 183 133 154
184 185 133 214
185 184 133 155
185 186 133 215
186 185 133 156
186 187 133 216
187 186 133 157
187 188 133 217
188 187 133 158
188 189 133 218
189 188 133 159
189 190 133 219
190 191 133 220
191 175 133 221
192 176 133 227
192 208 133 15
193 177 133 227
194 193 133 228
195 194 133 229
195 196 133 161
196 195 133 230
196 197 133 162
197 196 133 231
197 198 133 163
198 197 133 232
198 199 133 164
199 198 133 233
199 200 133 165
200 199 133 234
200 201 133 166
201 200 133 235
201 202 133 167
202 201 133 236
202 203 133 168
203 202 133 237
203 204 133 169
204 203 133 238
204 205 133 170
205 204 133 239
205 206 133 171
206 207 133 172
207 223 133 173
209 225 133 179
210 209 133 180
210 211 133 240
211 210 133 181
211 212 133 241
212 211 133 182
212 213 133 242
213 212 133 183
213 214 133 243
214 213 133 184
214 215 133 244
215 214 133 185
215 216 133 245
216 215 133 186
216 217 133 246
217 216 133 187
217 218 133 247
218 217 133 188
218 219 133 248
219 218 133 189
219 220 133 249
220 219 133 190
220 221 133 250
221 220 133 191
221 222 133 251
222 223 133 252
223 207 133 253
224 240 133 12
227 226 133 192
227 228 133 193
228 229 133 194
229 230 133 195
230 229 133 160
230 231 133 196
231 232 133 197
232 233 133 198
233 232 133 128
233 234 133 199
234 235 133 200
235 236 133 201
236 235 133 96
236 237 133 202
237 238 133 203
238 239 133 204
239 238 133 64
239 255 133 205
240 224 133 210
241 240 133 211
242 241 133 212
243 242 133 213
244 243 133 214
245 244 133 215
246 245 133 216
247 246 133 217
248 247 133 218
249 248 133 219
250 249 133 220
251 250 133 221
252 251 133 222
252 253 133 16
253 252 133 223
255 239 133 48
0 1 135 251
1 2 135 250
2 3 135 249
3 4 135 248
4 5 135 247
5 6 135 246
6 7 135 245
7 8 135 244
8 9 135 243
9 10 135 242
10 11 135 241
11 12 135 240
14 13 135 63
14 15 135 208
15 14 135 62
16 32 135 33
17 18 135 66
17 33 135 32
18 19 135 65
20 19 135 64
23 22 135 96
26 25 135 128
29 28 135 160
32 16 135 254
32 48 135 17
33 34 135 16
46 45 135 95
47 46 135 94
49 50 135 98
50 51 135 97
62 61 135 15
63 62 135 14
64 80 135 20
65 66 135 18
66 67 135 17
78 77 135 127
79 78 135 126
80 64 135 237
81 82 135 130
82 83 135 129
94 93 135 47
95 94 135 46
96 112 135 23
97 98 135 50
98 99 135 49
110 109 135 159
111 110 135 158
112 96 135 234
113 114 135 162
114 115 135 161
126 125 135 79
127 126 135 78
128 144 135 26
129 130 135 82
130 131 135 81
142 141 135 191
143 142 135 190
144 128 135 231
145 146 135 194
146 147 135 193
158 157 135 111
159 158 135 110
160 176 135 29
161 162 135 114
162 163 135 113
174 173 135 223
175 174 135 222
176 160 135 228
177 178 135 226
178 179 135 225
190 189 135 143
191 190 135 142
193 194 135 146
194 195 135 145
206 205 135 255
207 206 135 254
208 192 135 225
208 224 135 14
209 210 135 224
222 221 135 175
223 222 135 174
224 208 135 209
225 209 135 208
225 226 135 178
226 227 135 177
228 227 135 176
231 230 135 144
234 233 135 112
237 236 135 80
240 241 135 11
241 242 135 10
242 243 135 9
243 244 135 8
244 245 135 7
245 246 135 6
246 247 135 5
247 248 135 4
248 249 135 3
249 250 135 2
250 251 135 1
251 252 135 0
254 253 135 207
254 255 135 32
255 254 135 206
0 16 137 35
1 0 137 36
2 1 137 37
3 2 137 38
4 3 137 39
5 4 137 40
6 5 137 41
7 6 137 42
8 7 137 43
9 8 137 44
10 9 137 45
11 10 137 46
12 11 137 47
13 14 137 224
16 0 137 253
18 17 137 48
20 21 137 49
21 20 137 80
21 22 137 50
22 23 137 51
23 24 137 52
24 23 137 112
24 25 137 53
25 26 137 54
26 27 137 55
27 26 137 144
27 28 137 56
28 29 137 57
29 30 137 58
30 29 137 176
30 31 137 59
31 15 137 60
33 17 137 68
34 33 137 69
35 34 137 70
35 36 137 0
36 35 137 71
36 37 137 1
37 36 137 72
37 38 137 2
38 37 137 73
38 39 137 3
39 38 137 74
39 40 137 4
40 39 137 75
40 41 137 5
41 40 137 76
41 42 137 6
42 41 137 77
42 43 137 7
43 42 137 78
43 44 137 8
44 43 137 79
44 45 137 9
45 46 137 10
46 47 137 11
47 63 137 12
48 64 137 18
49 65 137 20
50 49 137 21
51 50 137 22
52 51 137 23
52 53 137 81
53 52 137 24
53 54 137 82
54 53 137 25
54 55 137 83
55 54 137 26
55 56 137 84
56 55 137 27
56 57 137 85
57 56 137 28
57 58 137 86
58 57 137 29
58 59 137 87
59 58 137 30
59 60 137 88
60 59 137 31
60 61 137 89
61 62 137 90
62 63 137 91
63 47 137 92
64 48 137 238
65 49 137 100
66 65 137 101
67 66 137 102
68 67 137 103
68 69 137 33
69 68 137 104
69 70 137 34
70 69 137 105
70 71 137 35
71 70 137 106
71 72 137 36
72 71 137 107
72 73 137 37
73 72 137 108
73 74 137 38
74 73 137 109
74 75 137 39
75 74 137 110
75 76 137 40
76 75 137 111
76 77 137 41
77 78 137 42
78 79 137 43
79 95 137 44
80 96 137 21
81 97 137 52
82 81 137 53
83 82 137 54
84 83 137 55
84 85 137 113
85 84 137 56
85 86 137 114
86 85 137 57
86 87 137 115
87 86 137 58
87 88 137 116
88 87 137 59
88 89 137 117
89 88 137 60
89 90 137 118
90 89 137 61
90 91 137 119
91 90 137 62
91 92 137 120
92 91 137 63
92 93 137 121
93 94 137 122
94 95 137 123
95 79 137 124
96 80 137 235
97 81 137 132
98 97 137 133
99 98 137 134
100 99 137 135
100 101 137 65
101 100 137 136
101 102 137 66
102 101 137 137
102 103 137 67
103 102 137 138
103 104 137 68
104 103 137 139
104 105 137 69
105 104 137 140
105 106 137 70
106 105 137 141
106 107 137 71
107 106 137 142
107 108 137 72
108 107 137 143
108 109 137 73
109 110 137 74
110 111 137 75
111 127 137 76
112 128 137 24
113 129 137 84
114 113 137 85
115 114 137 86
116 115 137 87
116 117 137 145
117 116 137 88
117 118 137 146
118 117 137 89
118 119 137 147
119 118 137 90
119 120 137 148
120 119 137 91
120 121 137 149
121 120 137 92
121 122 137 150
122 121 137 93
122 123 137 151
123 122 137 94
123 124 137 152
124 123 137 95
124 125 137 153
125 126 137 154
126 127 137 155
127 111 137 156
128 112 137 232
129 113 137 164
130 129 137 165
131 130 137 166
132 131 137 167
132 133 137 97
133 132 137 168
133 134 137 98
134 133 137 169
134 135 137 99
135 134 137 170
135 136 137 100
136 135 137 171
136 137 137 101
137 136 137 172
137 138 137 102
138 137 137 173
138 139 137 103
139 138 137 174
139 140 137 104
140 139 137 175
140 141 137 105
141 142 137 106
142 143 137 107
143 159 137 108
144 160 137 27
145 161 137 116
146 145 137 117
147 146 137 118
148 147 137 119
148 149 137 177
149 148 137 120
149 150 137 178
150 149 137 121
150 151 137 179
151 150 137 122
151 152 137 180
152 151 137 123
152 153 137 181
153 152 137 124
153 154 137 182
154 153 137 125
154 155 137 183
155 154 137 126
155 156 137 184
156 155 137 127
156 157 137 185
157 158 137 186
158 159 137 187
159 143 137 188
160 144 137 229
161 145 137 196
162 161 137 197
163 162 137 198
164 163 137 199
164 165 137 129
165 164 137 200
165 166 137 130
166 165 137 201
166 167 137 131
167 166 137 202
167 168 137 132
168 167 137 203
168 169 137 133
169 168 137 204
169 170 137 134
170 169 137 205
170 171 137 135
171 170 137 206
171 172 137 136
172 171 137 207
172 173 137 137
173 174 137 138
174 175 137 139
175 191 137 140
176 192 137 30
177 193 137 148
178 177 137 149
179 178 137 150
180 179 137 151
180 181 137 209
181 180 137 152
181 182 137 210
182 181 137 153
182 183 137 211
183 182 137 154
183 184 137 212
184 183 137 155
184 185 137 213
185 184 137 156
185 186 137 214
186 185 137 157
186 187 137 215
187 186 137 158
187 188 137 216
188 187 137 159
188 189 137 217
189 190 137 218
190 191 137 219
191 175 137 220
192 176 137 226
193 177 137 228
194 193 137 229
195 194 137 230
196 195 137 231
196 197 137 161
197 196 137 232
197 198 137 162
198 197 137 233
198 199 137 163
199 198 137 234
199 200 137 164
200 199 137 235
200 201 137 165
201 200 137 236
201 202 137 166
202 201 137 237
202 203 137 167
203 202 137 238
203 204 137 168
204 203 137 239
204 205 137 169
205 206 137 170
206 207 137 171
207 223 137 172
209 225 137 180
210 209 137 181
211 210 137 182
211 212 137 240
212 211 137 183
212 213 137 241
213 212 137 184
213 214 137 242
214 213 137 185
214 215 137 243
215 214 137 186
215 216 137 244
216 215 137 187
216 217 137 245
217 216 137 188
217 218 137 246
218 217 137 189
218 219 137 247
219 218 137 190
219 220 137 248
220 219 137 191
220 221 137 249
221 222 137 250
222 223 137 251
223 207 137 252
224 240 137 13
226 225 137 192
228 229 137 193
229 228 137 160
229 230 137 194
230 231 137 195
231 232 137 196
232 231 137 128
232 233 137 197
233 234 137 198
234 235 137 199
235 234 137 96
235 236 137 200
236 237 137 201
237 238 137 202
238 237 137 64
238 239 137 203
239 255 137 204
240 224 137 211
241 240 137 212
242 241 137 213
243 242 137 214
244 243 137 215
245 244 137 216
246 245 137 217
247 246 137 218
248 247 137 219
249 248 137 220
250 249 137 221
251 250 137 222
252 251 137 223
253 254 137 16
0 1 139 252
1 2 139 251
2 3 139 250
3 4 139 249
4 5 139 248
5 6 139 247
6 7 139 246
7 8 139 245
8 9 139 244
9 10 139 243
10 11 139 242
11 12 139 241
12 13 139 240
13 12 139 63
14 13 139 62
15 14 139 61
15 31 139 208
16 32 139 34
17 18 139 67
18 19 139 66
19 18 139 64
19 20 139 65
22 21 139 96
25 24 139 128
28 27 139 160
31 30 139 192
32 16 139 255
34 35 139 16
45 44 139 95
46 45 139 94
47 46 139 93
48 32 139 239
49 50 139 99
50 51 139 98
51 52 139 97
61 60 139 15
62 61 139 14
63 62 139 13
64 80 139 19
65 66 139 19
66 67 139 18
67 68 139 17
77 76 139 127
78 77 139 126
79 78 139 125
80 64 139 236
81 82 139 131
82 83 139 130
83 84 139 129
93 92 139 47
94 93 139 46
95 94 139 45
96 112 139 22
97 98 139 51
98 99 139 50
99 100 139 49
109 108 139 159
110 109 139 158
111 110 139 157
112 96 139 233
113 114 139 163
114 115 139 162
115 116 139 161
125 124 139 79
126 125 139 78
127 126 139 77
128 144 139 25
129 130 139 83
130 131 139 82
131 132 139 81
141 140 139 191
142 141 139 190
143 142 139 189
144 128 139 230
145 146 139 195
146 147 139 194
147 148 139 193
157 156 139 111
158 157 139 110
159 158 139 109
160 176 139 28
161 162 139 115
162 163 139 114
163 164 139 113
173 172 139 223
174 173 139 222
175 174 139 221
176 160 139 227
177 178 139 227
178 179 139 226
179 180 139 225
189 188 139 143
190 189 139 142
191 190 139 141
192 208 139 31
193 194 139 147
194 195 139 146
195 196 139 145
205 204 139 255
206 205 139 254
207 206 139 253
208 224 139 15
210 211 139 224
221 220 139 175
222 221 139 174
223 222 139 173
224 208 139 210
225 226 139 179
226 227 139 178
227 226 139 176
227 228 139 177
230 229 139 144
233 232 139 112
236 235 139 80
239 238 139 48
240 241 139 12
241 242 139 11
242 243 139 10
243 244 139 9
244 245 139 8
245 246 139 7
246 247 139 6
247 248 139 5
248 249 139 4
249 250 139 3
250 251 139 2
251 252 139 1
252 253 139 0
253 252 139 207
254 253 139 206
255 239 139 32
255 254 139 205
0 16 141 36
1 0 141 37
2 1 141 38
3 2 141 39
4 3 141 40
5 4 141 41
6 5 141 42
7 6 141 43
8 7 141 44
9 8 141 45
10 9 141 46
11 10 141 47
14 15 141 224
16 0 141 254
17 33 141 48
20 19 141 80
21 22 141 49
22 23 141 50
23 22 141 112
23 24 141 51
24 25 141 52
25 26 141 53
26 25 141 144
26 27 141 54
27 28 141 55
28 29 141 56
29 28 141 176
29 30 141 57
30 31 141 58
31 15 141 59
32 48 141 33
33 17 141 69
33 34 141 32
34 33 141 70
35 34 141 71
36 35 141 72
36 37 141 0
37 36 141 73
37 38 141 1
38 37 141 74
38 39 141 2
39 38 141 75
39 40 141 3
40 39 141 76
40 41 141 4
41 40 141 77
41 42 141 5
42 41 141 78
42 43 141 6
43 42 141 79
43 44 141 7
44 45 141 8
45 46 141 9
46 47 141 10
47 63 141 11
48 64 141 17
49 65 141 21
50 49 141 22
51 50 141 23
52 51 141 24
53 52 141 25
53 54 141 81
54 53 141 26
54 55 141 82
55 54 141 27
55 56 141 83
56 55 141 28
56 57 141 84
57 56 141 29
57 58 141 85
58 57 141 30
58 59 141 86
59 58 141 31
59 60 141 87
60 61 141 88
61 62 141 89
62 63 141 90
63 47 141 91
64 48 141 237
65 49 141 101
66 65 141 102
67 66 141 103
68 67 141 104
69 68 141 105
69 70 141 33
70 69 141 106
70 71 141 34
71 70 141 107
71 72 141 35
72 71 141 108
72 73 141 36
73 72 141 109
73 74 141 37
74 73 141 110
74 75 141 38
75 74 141 111
75 76 141 39
76 77 141 40
77 78 141 41
78 79 141 42
79 95 141 43
80 96 141 20
81 97 141 53
82 81 141 54
83 82 141 55
84 83 141 56
85 84 141 57
85 86 141 113
86 85 141 58
86 87 141 114
87 86 141 59
87 88 141 115
88 87 141 60
88 89 141 116
89 88 141 61
89 90 141 117
90 89 141 62
90 91 141 118
91 90 141 63
91 92 141 119
92 93 141 120
93 94 141 121
94 95 141 122
95 79 141 123
96 80 141 234
97 81 141 133
98 97 141 134
99 98 141 135
100 99 141 136
101 100 141 137
101 102 141 65
102 101 141 138
102 103 141 66
103 102 141 139
103 104 141 67
104 103 141 140
104 105 141 68
105 104 141 141
105 106 141 69
106 105 141 142
106 107 141 70
107 106 141 143
107 108 141 71
108 109 141 72
109 110 141 73
110 111 141 74
111 127 141 75
112 128 141 23
113 129 141 85
114 113 141 86
115 114 141 87
116 115 141 88
117 116 141 89
117 118 141 145
118 117 141 90
118 119 141 146
119 118 141 91
119 120 141 147
120 119 141 92
120 121 141 148
121 120 141 93
121 122 141 149
122 121 141 94
122 123 141 150
123 122 141 95
123 124 141 151
124 125 141 152
125 126 141 153
126 127 141 154
127 111 141 155
128 112 141 231
129 113 141 165
130 129 141 166
131 130 141 167
132 131 141 168
133 132 141 169
133 134 141 97
134 133 141 170
134 135 141 98
135 134 141 171
135 136 141 99
136 135 141 172
136 137 141 100
137 136 141 173
137 138 141 101
138 137 141 174
138 139 141 102
139 138 141 175
139 140 141 103
140 141 141 104
141 142 141 105
142 143 141 106
143 159 141 107
144 160 141 26
145 161 141 117
146 145 141 118
147 146 141 119
148 147 141 120
149 148 141 121
149 150 141 177
150 149 141 122
150 151 141 178
151 150 141 123
151 152 141 179
152 151 141 124
152 153 141 180
153 152 141 125
153 154 141 181
154 153 141 126
154 155 141 182
155 154 141 127
155 156 141 183
156 157 141 184
157 158 141 185
158 159 141 186
159 143 141 187
160 144 141 228
161 145 141 197
162 161 141 198
163 162 141 199
164 163 141 200
165 164 141 201
165 166 141 129
166 165 141 202
166 167 141 130
167 166 141 203
167 168 141 131
168 167 141 204
168 169 141 132
169 168 141 205
169 170 141 133
170 169 141 206
170 171 141 134
171 170 141 207
171 172 141 135
172 173 141 136
173 174 141 137
174 175 141 138
175 191 141 139
176 192 141 29
177 193 141 149
178 177 141 150
179 178 141 151
180 179 141 152
181 180 141 153
181 182 141 209
182 181 141 154
182 183 141 210
183 182 141 155
183 184 141 211
184 183 141 156
184 185 141 212
185 184 141 157
185 186 141 213
186 185 141 158
186 187 141 214
187 186 141 159
187 188 141 215
188 189 141 216
189 190 141 217
190 191 141 218
191 175 141 219
192 176 141 225
193 177 141 229
194 193 141 230
195 194 141 231
196 195 141 232
197 196 141 233
197 198 141 161
198 197 141 234
198 199 141 162
199 198 141 235
199 200 141 163
200 199 141 236
200 201 141 164
201 200 141 237
201 202 141 165
202 201 141 238
202 203 141 166
203 202 141 239
203 204 141 167
204 205 141 168
205 206 141 169
206 207 141 170
207 223 141 171
208 192 141 209
209 210 141 208
209 225 141 181
210 209 141 182
211 210 141 183
212 211 141 184
212 213 141 240
213 212 141 185
213 214 141 241
214 213 141 186
214 215 141 242
215 214 141 187
215 216 141 243
216 215 141 188
216 217 141 244
217 216 141 189
217 218 141 245
218 217 141 190
218 219 141 246
219 218 141 191
219 220 141 247
220 221 141 248
221 222 141 249
222 223 141 250
223 207 141 251
224 240 141 14
225 209 141 192
228 227 141 160
229 230 141 193
230 231 141 194
231 230 141 128
231 232 141 195
232 233 141 196
233 234 141 197
234 233 141 96
234 235 141 198
235 236 141 199
236 237 141 200
237 236 141 64
237 238 141 201
238 239 141 202
239 255 141 203
240 224 141 212
241 240 141 213
242 241 141 214
243 242 141 215
244 243 141 216
245 244 141 217
246 245 141 218
247 246 141 219
248 247 141 220
249 248 141 221
250 249 141 222
251 250 141 223
254 255 141 16
0 1 143 253
1 2 143 252
2 3 143 251
3 4 143 250
4 5 143 249
5 6 143 248
6 7 143 247
7 8 143 246
8 9 143 245
9 10 143 244
10 11 143 243
11 12 143 242
12 11 143 63
12 13 143 241
13 12 143 62
13 14 143 240
14 13 143 61
15 14 143 60
16 32 143 35
17 18 143 68
18 17 143 64
18 19 143 67
19 20 143 66
20 21 143 65
21 20 143 96
24 23 143 128
27 26 143 160
30 29 143 192
35 36 143 16
44 43 143 95
45 44 143 94
46 45 143 93
47 46 143 92
48 32 143 238
49 50 143 100
50 51 143 99
51 52 143 98
52 53 143 97
60 59 143 15
61 60 143 14
62 61 143 13
63 62 143 12
64 80 143 18
65 66 143 20
66 67 143 19
67 68 143 18
68 69 143 17
76 75 143 127
77 76 143 126
78 77 143 125
79 78 143 124
80 64 143 235
81 82 143 132
82 83 143 131
83 84 143 130
84 85 143 129
92 91 143 47
93 92 143 46
94 93 143 45
95 94 143 44
96 112 143 21
97 98 143 52
98 99 143 51
99 100 143 50
100 101 143 49
108 107 143 159
109 108 143 158
110 109 143 157
111 110 143 156
112 96 143 232
113 114 143 164
114 115 143 163
115 116 143 162
116 117 143 161
124 123 143 79
125 124 143 78
126 125 143 77
127 126 143 76
128 144 143 24
129 130 143 84
130 131 143 83
131 132 143 82
132 133 143 81
140 139 143 191
141 140 143 190
142 141 143 189
143 142 143 188
144 128 143 229
145 146 143 196
146 147 143 195
147 148 143 194
148 149 143 193
156 155 143 111
157 156 143 110
158 157 143 109
159 158 143 108
160 176 143 27
161 162 143 116
162 163 143 115
163 164 143 114
164 165 143 113
172 171 143 223
173 172 143 222
174 173 143 221
175 174 143 220
176 160 143 226
177 178 143 228
178 179 143 227
179 180 143 226
180 181 143 225
188 187 143 143
189 188 143 142
190 189 143 141
191 190 143 140
192 208 143 30
193 194 143 148
194 195 143 147
195 196 143 146
196 197 143 145
204 203 143 255
205 204 143 254
206 205 143 253
207 206 143 252
211 212 143 224
220 219 143 175
221 220 143 174
222 221 143 173
223 222 143 172
224 208 143 211
225 226 143 180
226 225 143 176
226 227 143 179
227 228 143 178
228 229 143 177
229 228 143 144
232 231 143 112
235 234 143 80
238 237 143 48
240 241 143 13
241 242 143 12
242 243 143 11
243 244 143 10
244 245 143 9
245 246 143 8
246 247 143 7
247 248 143 6
248 249 143 5
249 250 143 4
250 251 143 3
251 252 143 2
252 251 143 207
252 253 143 1
253 252 143 206
253 254 143 0
254 253 143 205
255 254 143 204
0 16 145 37
1 0 145 38
2 1 145 39
3 2 145 40
4 3 145 41
5 4 145 42
6 5 145 43
7 6 145 44
8 7 145 45
9 8 145 46
10 9 145 47
15 31 145 224
16 0 145 255
19 18 145 80
22 21 145 112
22 23 145 49
23 24 145 50
24 25 145 51
25 24 145 144
25 26 145 52
26 27 145 53
27 28 145 54
28 27 145 176
28 29 145 55
29 30 145 56
30 31 145 57
31 15 145 58
31 30 145 208
32 16 145 239
32 48 145 34
33 17 145 70
34 33 145 71
34 35 145 32
35 34 145 72
36 35 145 73
37 36 145 74
37 38 145 0
38 37 145 75
38 39 145 1
39 38 145 76
39 40 145 2
40 39 145 77
40 41 145 3
41 40 145 78
41 42 145 4
42 41 145 79
42 43 145 5
43 44 145 6
44 45 145 7
45 46 145 8
46 47 145 9
47 63 145 10
49 65 145 22
50 49 145 23
51 50 145 24
52 51 145 25
53 52 145 26
54 53 145 27
54 55 145 81
55 54 145 28
55 56 145 82
56 55 145 29
56 57 145 83
57 56 145 30
57 58 145 84
58 57 145 31
58 59 145 85
59 60 145 86
60 61 145 87
61 62 145 88
62 63 145 89
63 47 145 90
64 48 145 236
65 49 145 102
66 65 145 103
67 66 145 104
68 67 145 105
69 68 145 106
70 69 145 107
70 71 145 33
71 70 145 108
71 72 145 34
72 71 145 109
72 73 145 35
73 72 145 110
73 74 145 36
74 73 145 111
74 75 145 37
75 76 145 38
76 77 145 39
77 78 145 40
78 79 145 41
79 95 145 42
80 96 145 19
81 97 145 54
82 81 145 55
83 82 145 56
84 83 145 57
85 84 145 58
86 85 145 59
86 87 145 113
87 86 145 60
87 88 145 114
88 87 145 61
88 89 145 115
89 88 145 62
89 90 145 116
90 89 145 63
90 91 145 117
91 92 145 118
92 93 145 119
93 94 145 120
94 95 145 121
95 79 145 122
96 80 145 233
97 81 145 134
98 97 145 135
99 98 145 136
100 99 145 137
101 100 145 138
102 101 145 139
102 103 145 65
103 102 145 140
103 104 145 66
104 103 145 141
104 105 145 67
105 104 145 142
105 106 145 68
106 105 145 143
106 107 145 69
107 108 145 70
108 109 145 71
109 110 145 72
110 111 145 73
111 127 145 74
112 128 145 22
113 129 145 86
114 113 145 87
115 114 145 88
116 115 145 89
117 116 145 90
118 117 145 91
118 119 145 145
119 118 145 92
119 120 145 146
120 119 145 93
120 121 145 147
121 120 145 94
121 122 145 148
122 121 145 95
122 123 145 149
123 124 145 150
124 125 145 151
125 126 145 152
126 127 145 153
127 111 145 154
128 112 145 230
129 113 145 166
130 129 145 167
131 130 145 168
132 131 145 169
133 132 145 170
134 133 145 171
134 135 145 97
135 134 145 172
135 136 145 98
136 135 145 173
136 137 145 99
137 136 145 174
137 138 145 100
138 137 145 175
138 139 145 101
139 140 145 102
140 141 145 103
141 142 145 104
142 143 145 105
143 159 145 106
144 160 145 25
145 161 145 118
146 145 145 119
147 146 145 120
148 147 145 121
149 148 145 122
150 149 145 123
150 151 145 177
151 150 145 124
151 152 145 178
152 151 145 125
152 153 145 179
153 152 145 126
153 154 145 180
154 153 145 127
154 155 145 181
155 156 145 182
156 157 145 183
157 158 145 184
158 159 145 185
159 143 145 186
160 144 145 227
161 145 145 198
162 161 145 199
163 162 145 200
164 163 145 201
165 164 145 202
166 165 145 203
166 167 145 129
167 166 145 204
167 168 145 130
168 167 145 205
168 169 145 131
169 168 145 206
169 170 145 132
170 169 145 207
170 171 145 133
171 172 145 134
172 173 145 135
173 174 145 136
174 175 145 137
175 191 145 138
176 192 145 28
177 193 145 150
178 177 145 151
179 178 145 152
180 179 145 153
181 180 145 154
182 181 145 155
182 183 145 209
183 182 145 156
183 184 145 210
184 183 145 157
184 185 145 211
185 184 145 158
185 186 145 212
186 185 145 159
186 187 145 213
187 188 145 214
188 189 145 215
189 190 145 216
190 191 145 217
191 175 145 218
193 177 145 230
194 193 145 231
195 194 145 232
196 195 145 233
197 196 145 234
198 197 145 235
198 199 145 161
199 198 145 236
199 200 145 162
200 199 145 237
200 201 145 163
201 200 145 238
201 202 145 164
202 201 145 239
202 203 145 165
203 204 145 166
204 205 145 167
205 206 145 168
206 207 145 169
207 223 145 170
208 192 145 210
208 224 145 31
209 225 145 182
210 209 145 183
210 211 145 208
211 210 145 184
212 211 145 185
213 212 145 186
213 214 145 240
214 213 145 187
214 215 145 241
215 214 145 188
215 216 145 242
216 215 145 189
216 217 145 243
217 216 145 190
217 218 145 244
218 217 145 191
218 219 145 245
219 220 145 246
220 221 145 247
221 222 145 248
222 223 145 249
223 207 145 250
224 240 145 15
227 226 145 160
230 229 145 128
230 231 145 193
231 232 145 194
232 233 145 195
233 232 145 96
233 234 145 196
234 235 145 197
235 236 145 198
236 235 145 64
236 237 145 199
237 238 145 200
238 239 145 201
239 238 145 32
239 255 145 202
240 224 145 213
241 240 145 214
242 241 145 215
243 242 145 216
244 243 145 217
245 244 145 218
246 245 145 219
247 246 145 220
248 247 145 221
249 248 145 222
250 249 145 223
255 239 145 16
0 1 147 254
1 2 147 253
2 3 147 252
3 4 147 251
4 5 147 250
5 6 147 249
6 7 147 248
7 8 147 247
8 9 147 246
9 10 147 245
10 11 147 244
11 10 147 63
11 12 147 243
12 11 147 62
12 13 147 242
13 12 147 61
13 14 147 241
14 13 147 60
14 15 147 240
15 14 147 59
16 32 147 36
17 18 147 69
17 33 147 64
18 19 147 68
19 20 147 67
20 19 147 96
20 21 147 66
21 22 147 65
23 22 147 128
26 25 147 160
29 28 147 192
33 34 147 48
36 37 147 16
43 42 147 95
44 43 147 94
45 44 147 93
46 45 147 92
47 46 147 91
48 32 147 237
48 64 147 33
49 50 147 101
50 51 147 100
51 52 147 99
52 53 147 98
53 54 147 97
59 58 147 15
60 59 147 14
61 60 147 13
62 61 147 12
63 62 147 11
64 80 147 17
65 66 147 21
66 67 147 20
67 68 147 19
68 69 147 18
69 70 147 17
75 74 147 127
76 75 147 126
77 76 147 125
78 77 147 124
79 78 147 123
80 64 147 234
81 82 147 133
82 83 147 132
83 84 147 131
84 85 147 130
85 86 147 129
91 90 147 47
92 91 147 46
93 92 147 45
94 93 147 44
95 94 147 43
96 112 147 20
97 98 147 53
98 99 147 52
99 100 147 51
100 101 147 50
101 102 147 49
107 106 147 159
108 107 147 158
109 108 147 157
110 109 147 156
111 110 147 155
112 96 147 231
113 114 147 165
114 115 147 164
115 116 147 163
116 117 147 162
117 118 147 161
123 122 147 79
124 123 147 78
125 124 147 77
126 125 147 76
127 126 147 75
128 144 147 23
129 130 147 85
130 131 147 84
131 132 147 83
132 133 147 82
133 134 147 81
139 138 147 191
140 139 147 190
141 140 147 189
142 141 147 188
143 142 147 187
144 128 147 228
145 146 147 197
146 147 147 196
147 148 147 195
148 149 147 194
149 150 147 193
155 154 147 111
156 155 147 110
157 156 147 109
158 157 147 108
159 158 147 107
160 176 147 26
161 162 147 117
162 163 147 116
163 164 147 115
164 165 147 114
165 166 147 113
171 170 147 223
172 171 147 222
173 172 147 221
174 173 147 220
175 174 147 219
176 160 147 225
177 178 147 229
178 179 147 228
179 180 147 227
180 181 147 226
181 182 147 225
187 186 147 143
188 187 147 142
189 188 147 141
190 189 147 140
191 190 147 139
192 176 147 209
192 208 147 29
193 194 147 149
194 195 147 148
195 196 147 147
196 197 147 146
197 198 147 145
203 202 147 255
204 203 147 254
205 204 147 253
206 205 147 252
207 206 147 251
209 210 147 192
212 213 147 224
219 218 147 175
220 219 147 174
221 220 147 173
222 221 147 172
223 222 147 171
224 208 147 212
225 209 147 176
225 226 147 181
226 227 147 180
227 228 147 179
228 227 147 144
228 229 147 178
229 230 147 177
231 230 147 112
234 233 147 80
237 236 147 48
240 241 147 14
241 242 147 13
242 243 147 12
243 244 147 11
244 245 147 10
245 246 147 9
246 247 147 8
247 248 147 7
248 249 147 6
249 250 147 5
250 251 147 4
251 250 147 207
251 252 147 3
252 251 147 206
252 253 147 2
253 252 147 205
253 254 147 1
254 253 147 204
254 255 147 0
255 254 147 203
0 16 149 38
1 0 149 39
2 1 149 40
3 2 149 41
4 3 149 42
5 4 149 43
6 5 149 44
7 6 149 45
8 7 149 46
9 8 149 47
18 17 149 80
21 20 149 112
23 24 149 49
24 23 149 144
24 25 149 50
25 26 149 51
26 27 149 52
27 26 149 176
27 28 149 53
28 29 149 54
29 30 149 55
30 29 149 208
30 31 149 56
31 15 149 57
32 16 149 238
32 48 149 35
33 17 149 71
34 33 149 72
35 34 149 73
35 36 149 32
36 35 149 74
37 36 149 75
38 37 149 76
38 39 149 0
39 38 149 77
39 40 149 1
40 39 149 78
40 41 149 2
41 40 149 79
41 42 149 3
42 43 149 4
43 44 149 5
44 45 149 6
45 46 149 7
46 47 149 8
47 63 149 9
49 65 149 23
50 49 149 24
51 50 149 25
52 51 149 26
53 52 149 27
54 53 149 28
55 54 149 29
55 56 149 81
56 55 149 30
56 57 149 82
57 56 149 31
57 58 149 83
58 59 149 84
59 60 149 85
60 61 149 86
61 62 149 87
62 63 149 88
63 47 149 89
64 48 149 235
65 49 149 103
66 65 149 104
67 66 149 105
68 67 149 106
69 68 149 107
70 69 149 108
71 70 149 109
71 72 149 33
72 71 149 110
72 73 149 34
73 72 149 111
73 74 149 35
74 75 149 36
75 76 149 37
76 77 149 38
77 78 149 39
78 79 149 40
79 95 149 41
80 96 149 18
81 97 149 55
82 81 149 56
83 82 149 57
84 83 149 58
85 84 149 59
86 85 149 60
87 86 149 61
87 88 149 113
88 87 149 62
88 89 149 114
89 88 149 63
89 90 149 115
90 91 149 116
91 92 149 117
92 93 149 118
93 94 149 119
94 95 149 120
95 79 149 121
96 80 149 232
97 81 149 135
98 97 149 136
99 98 149 137
100 99 149 138
101 100 149 139
102 101 149 140
103 102 149 141
103 104 149 65
104 103 149 142
104 105 149 66
105 104 149 143
105 106 149 67
106 107 149 68
107 108 149 69
108 109 149 70
109 110 149 71
110 111 149 72
111 127 149 73
112 128 149 21
113 129 149 87
114 113 149 88
115 114 149 89
116 115 149 90
117 116 149 91
118 117 149 92
119 118 149 93
119 120 149 145
120 119 149 94
120 121 149 146
121 120 149 95
121 122 149 147
122 123 149 148
123 124 149 149
124 125 149 150
125 126 149 151
126 127 149 152
127 111 149 153
128 112 149 229
129 113 149 167
130 129 149 168
131 130 149 169
132 131 149 170
133 132 149 171
134 133 149 172
135 134 149 173
135 136 149 97
136 135 149 174
136 137 149 98
137 136 149 175
137 138 149 99
138 139 149 100
139 140 149 101
140 141 149 102
141 142 149 103
142 143 149 104
143 159 149 105
144 160 149 24
145 161 149 119
146 145 149 120
147 146 149 121
148 147 149 122
149 148 149 123
150 149 149 124
151 150 149 125
151 152 149 177
152 151 149 126
152 153 149 178
153 152 149 127
153 154 149 179
154 155 149 180
155 156 149 181
156 157 149 182
157 158 149 183
158 159 149 184
159 143 149 185
160 144 149 226
161 145 149 199
162 161 149 200
163 162 149 201
164 163 149 202
165 164 149 203
166 165 149 204
167 166 149 205
167 168 149 129
168 167 149 206
168 169 149 130
169 168 149 207
169 170 149 131
170 171 149 132
171 172 149 133
172 173 149 134
173 174 149 135
174 175 149 136
175 191 149 137
176 192 149 27
177 193 149 151
178 177 149 152
179 178 149 153
180 179 149 154
181 180 149 155
182 181 149 156
183 182 149 157
183 184 149 209
184 183 149 158
184 185 149 210
185 184 149 159
185 186 149 211
186 187 149 212
187 188 149 213
188 189 149 214
189 190 149 215
190 191 149 216
191 175 149 217
193 177 149 231
194 193 149 232
195 194 149 233
196 195 149 234
197 196 149 235
198 197 149 236
199 198 149 237
199 200 149 161
200 199 149 238
200 201 149 162
201 200 149 239
201 202 149 163
202 203 149 164
203 204 149 165
204 205 149 166
205 206 149 167
206 207 149 168
207 223 149 169
208 192 149 211
208 224 149 30
209 225 149 183
210 209 149 184
211 210 149 185
211 212 149 208
212 211 149 186
213 212 149 187
214 213 149 188
214 215 149 240
215 214 149 189
215 216 149 241
216 215 149 190
216 217 149 242
217 216 149 191
217 218 149 243
218 219 149 244
219 220 149 245
220 221 149 246
221 222 149 247
222 223 149 248
223 207 149 249
226 225 149 160
229 228 149 128
231 232 149 193
232 231 149 96
232 233 149 194
233 234 149 195
234 235 149 196
235 234 149 64
235 236 149 197
236 237 149 198
237 238 149 199
238 237 149 32
238 239 149 200
239 255 149 201
240 224 149 214
241 240 149 215
242 241 149 216
243 242 149 217
244 243 149 218
245 244 149 219
246 245 149 220
247 246 149 221
248 247 149 222
249 248 149 223
0 1 151 255
1 2 151 254
2 3 151 253
3 4 151 252
4 5 151 251
5 6 151 250
6 7 151 249
7 8 151 248
8 9 151 247
9 10 151 246
10 9 151 63
10 11 151 245
11 10 151 62
11 12 151 244
12 11 151 61
12 13 151 243
13 12 151 60
13 14 151 242
14 13 151 59
14 15 151 241
15 14 151 58
15 31 151 240
16 0 151 239
16 32 151 37
17 18 151 70
18 19 151 69
19 18 151 96
19 20 151 68
20 21 151 67
21 22 151 66
22 21 151 128
22 23 151 65
25 24 151 160
28 27 151 192
31 30 151 224
34 35 151 48
37 38 151 16
42 41 151 95
43 42 151 94
44 43 151 93
45 44 151 92
46 45 151 91
47 46 151 90
48 32 151 236
48 64 151 34
49 50 151 102
50 51 151 101
51 52 151 100
52 53 151 99
53 54 151 98
54 55 151 97
58 57 151 15
59 58 151 14
60 59 151 13
61 60 151 12
62 61 151 11
63 62 151 10
65 66 151 22
66 67 151 21
67 68 151 20
68 69 151 19
69 70 151 18
70 71 151 17
74 73 151 127
75 74 151 126
76 75 151 125
77 76 151 124
78 77 151 123
79 78 151 122
80 64 151 233
81 82 151 134
82 83 151 133
83 84 151 132
84 85 151 131
85 86 151 130
86 87 151 129
90 89 151 47
91 90 151 46
92 91 151 45
93 92 151 44
94 93 151 43
95 94 151 42
96 112 151 19
97 98 151 54
98 99 151 53
99 100 151 52
100 101 151 51
101 102 151 50
102 103 151 49
106 105 151 159
107 106 151 158
108 107 151 157
109 108 151 156
110 109 151 155
111 110 151 154
112 96 151 230
113 114 151 166
114 115 151 165
115 116 151 164
116 117 151 163
117 118 151 162
118 119 151 161
122 121 151 79
123 122 151 78
124 123 151 77
125 124 151 76
126 125 151 75
127 126 151 74
128 144 151 22
129 130 151 86
130 131 151 85
131 132 151 84
132 133 151 83
133 134 151 82
134 135 151 81
138 137 151 191
139 138 151 190
140 139 151 189
141 140 151 188
142 141 151 187
143 142 151 186
144 128 151 227
145 146 151 198
146 147 151 197
147 148 151 196
148 149 151 195
149 150 151 194
150 151 151 193
154 153 151 111
155 154 151 110
156 155 151 109
157 156 151 108
158 157 151 107
159 158 151 106
160 176 151 25
161 162 151 118
162 163 151 117
163 164 151 116
164 165 151 115
165 166 151 114
166 167 151 113
170 169 151 223
171 170 151 222
172 171 151 221
173 172 151 220
174 173 151 219
175 174 151 218
177 178 151 230
178 179 151 229
179 180 151 228
180 181 151 227
181 182 151 226
182 183 151 225
186 185 151 143
187 186 151 142
188 187 151 141
189 188 151 140
190 189 151 139
191 190 151 138
192 176 151 210
192 208 151 28
193 194 151 150
194 195 151 149
195 196 151 148
196 197 151 147
197 198 151 146
198 199 151 145
202 201 151 255
203 202 151 254
204 203 151 253
205 204 151 252
206 205 151 251
207 206 151 250
210 211 151 192
213 214 151 224
218 217 151 175
219 218 151 174
220 219 151 173
221 220 151 172
222 221 151 171
223 222 151 170
224 208 151 213
224 240 151 31
225 226 151 182
226 227 151 181
227 226 151 144
227 228 151 180
228 229 151 179
229 230 151 178
230 229 151 112
230 231 151 177
233 232 151 80
236 235 151 48
239 238 151 16
240 241 151 15
241 242 151 14
242 243 151 13
243 244 151 12
244 245 151 11
245 246 151 10
246 247 151 9
247 248 151 8
248 249 151 7
249 250 151 6
250 249 151 207
250 251 151 5
251 250 151 206
251 252 151 4
252 251 151 205
252 253 151 3
253 252 151 204
253 254 151 2
254 253 151 203
254 255 151 1
255 239 151 0
255 254 151 202
0 16 153 39
1 0 153 40
2 1 153 41
3 2 153 42
4 3 153 43
5 4 153 44
6 5 153 45
7 6 153 46
8 7 153 47
17 33 153 80
20 19 153 112
23 22 153 144
24 25 153 49
25 26 153 50
26 25 153 176
26 27 153 51
27 28 153 52
28 29 153 53
29 28 153 208
29 30 153 54
30 31 153 55
31 15 153 56
32 16 153 237
32 48 153 36
33 17 153 72
33 34 153 64
34 33 153 73
35 34 153 74
36 35 153 75
36 37 153 32
37 36 153 76
38 37 153 77
39 38 153 78
39 40 153 0
40 39 153 79
40 41 153 1
41 42 153 2
42 43 153 3
43 44 153 4
44 45 153 5
45 46 153 6
46 47 153 7
47 63 153 8
49 65 153 24
50 49 153 25
51 50 153 26
52 51 153 27
53 52 153 28
54 53 153 29
55 54 153 30
56 55 153 31
56 57 153 81
57 58 153 82
58 59 153 83
59 60 153 84
60 61 153 85
61 62 153 86
62 63 153 87
63 47 153 88
64 48 153 234
64 80 153 33
65 49 153 104
66 65 153 105
67 66 153 106
68 67 153 107
69 68 153 108
70 69 153 109
71 70 153 110
72 71 153 111
72 73 153 33
73 74 153 34
74 75 153 35
75 76 153 36
76 77 153 37
77 78 153 38
78 79 153 39
79 95 153 40
80 96 153 17
81 97 153 56
82 81 153 57
83 82 153 58
84 83 153 59
85 84 153 60
86 85 153 61
87 86 153 62
88 87 153 63
88 89 153 113
89 90 153 114
90 91 153 115
91 92 153 116
92 93 153 117
93 94 153 118
94 95 153 119
95 79 153 120
96 80 153 231
97 81 153 136
98 97 153 137
99 98 153 138
100 99 153 139
101 100 153 140
102 101 153 141
103 102 153 142
104 103 153 143
104 105 153 65
105 106 153 66
106 107 153 67
107 108 153 68
108 109 153 69
109 110 153 70
110 111 153 71
111 127 153 72
112 128 153 20
113 129 153 88
114 113 153 89
115 114 153 90
116 115 153 91
117 116 153 92
118 117 153 93
119 118 153 94
120 119 153 95
120 121 153 145
121 122 153 146
122 123 153 147
123 124 153 148
124 125 153 149
125 126 153 150
126 127 153 151
127 111 153 152
128 112 153 228
129 113 153 168
130 129 153 169
131 130 153 170
132 131 153 171
133 132 153 172
134 133 153 173
135 134 153 174
136 135 153 175
136 137 153 97
137 138 153 98
138 139 153 99
139 140 153 100
140 141 153 101
141 142 153 102
142 143 153 103
143 159 153 104
144 160 153 23
145 161 153 120
146 145 153 121
147 146 153 122
148 147 153 123
149 148 153 124
150 149 153 125
151 150 153 126
152 151 153 127
152 153 153 177
153 154 153 178
154 155 153 179
155 156 153 180
156 157 153 181
157 158 153 182
158 159 153 183
159 143 153 184
160 144 153 225
161 145 153 200
162 161 153 201
163 162 153 202
164 163 153 203
165 164 153 204
166 165 153 205
167 166 153 206
168 167 153 207
168 169 153 129
169 170 153 130
170 171 153 131
171 172 153 132
172 173 153 133
173 174 153 134
174 175 153 135
175 191 153 136
176 160 153 209
176 192 153 26
177 193 153 152
178 177 153 153
179 178 153 154
180 179 153 155
181 180 153 156
182 181 153 157
183 182 153 158
184 183 153 159
184 185 153 209
185 186 153 210
186 187 153 211
187 188 153 212
188 189 153 213
189 190 153 214
190 191 153 215
191 175 153 216
193 177 153 232
194 193 153 233
195 194 153 234
196 195 153 235
197 196 153 236
198 197 153 237
199 198 153 238
200 199 153 239
200 201 153 161
201 202 153 162
202 203 153 163
203 204 153 164
204 205 153 165
205 206 153 166
206 207 153 167
207 223 153 168
208 192 153 212
208 224 153 29
209 210 153 176
209 225 153 184
210 209 153 185
211 210 153 186
212 211 153 187
212 213 153 208
213 212 153 188
214 213 153 189
215 214 153 190
215 216 153 240
216 215 153 191
216 217 153 241
217 218 153 242
218 219 153 243
219 220 153 244
220 221 153 245
221 222 153 246
222 223 153 247
223 207 153 248
225 209 153 160
228 227 153 128
231 230 153 96
232 233 153 193
233 234 153 194
234 233 153 64
234 235 153 195
235 236 153 196
236 237 153 197
237 236 153 32
237 238 153 198
238 239 153 199
239 255 153 200
240 224 153 215
241 240 153 216
242 241 153 217
243 242 153 218
244 243 153 219
245 244 153 220
246 245 153 221
247 246 153 222
248 247 153 223
1 2 155 255
2 3 155 254
3 4 155 253
4 5 155 252
5 6 155 251
6 7 155 250
7 8 155 249
8 9 155 248
9 8 155 63
9 10 155 247
10 9 155 62
10 11 155 246
11 10 155 61
11 12 155 245
12 11 155 60
12 13 155 244
13 12 155 59
13 14 155 243
14 13 155 58
14 15 155 242
15 14 155 57
15 31 155 241
16 0 155 238
16 32 155 38
17 18 155 71
18 17 155 96
18 19 155 70
19 20 155 69
20 21 155 68
21 20 155 128
21 22 155 67
22 23 155 66
23 24 155 65
24 23 155 160
27 26 155 192
30 29 155 224
35 36 155 48
38 39 155 16
41 40 155 95
42 41 155 94
43 42 155 93
44 43 155 92
45 44 155 91
46 45 155 90
47 46 155 89
48 32 155 235
48 64 155 35
49 50 155 103
50 51 155 102
51 52 155 101
52 53 155 100
53 54 155 99
54 55 155 98
55 56 155 97
57 56 155 15
58 57 155 14
59 58 155 13
60 59 155 12
61 60 155 11
62 61 155 10
63 62 155 9
65 66 155 23
66 67 155 22
67 68 155 21
68 69 155 20
69 70 155 19
70 71 155 18
71 72 155 17
73 72 155 127
74 73 155 126
75 74 155 125
76 75 155 124
77 76 155 123
78 77 155 122
79 78 155 121
80 64 155 232
81 82 155 135
82 83 155 134
83 84 155 133
84 85 155 132
85 86 155 131
86 87 155 130
87 88 155 129
89 88 155 47
90 89 155 46
91 90 155 45
92 91 155 44
93 92 155 43
94 93 155 42
95 94 155 41
96 112 155 18
97 98 155 55
98 99 155 54
99 100 155 53
100 101 155 52
101 102 155 51
102 103 155 50
103 104 155 49
105 104 155 159
106 105 155 158
107 106 155 157
108 107 155 156
109 108 155 155
110 109 155 154
111 110 155 153
112 96 155 229
113 114 155 167
114 115 155 166
115 116 155 165
116 117 155 164
117 118 155 163
118 119 155 162
119 120 155 161
121 120 155 79
122 121 155 78
123 122 155 77
124 123 155 76
125 124 155 75
126 125 155 74
127 126 155 73
128 144 155 21
129 130 155 87
130 131 155 86
131 132 155 85
132 133 155 84
133 134 155 83
134 135 155 82
135 136 155 81
137 136 155 191
138 137 155 190
139 138 155 189
140 139 155 188
141 140 155 187
142 141 155 186
143 142 155 185
144 128 155 226
145 146 155 199
146 147 155 198
147 148 155 197
148 149 155 196
149 150 155 195
150 151 155 194
151 152 155 193
153 152 155 111
154 153 155 110
155 154 155 109
156 155 155 108
157 156 155 107
158 157 155 106
159 158 155 105
160 176 155 24
161 162 155 119
162 163 155 118
163 164 155 117
164 165 155 116
165 166 155 115
166 167 155 114
167 168 155 113
169 168 155 223
170 169 155 222
171 170 155 221
172 171 155 220
173 172 155 219
174 173 155 218
175 174 155 217
177 178 155 231
178 179 155 230
179 180 155 229
180 181 155 228
181 182 155 227
182 183 155 226
183 184 155 225
185 184 155 143
186 185 155 142
187 186 155 141
188 187 155 140
189 188 155 139
190 189 155 138
191 190 155 137
192 176 155 211
192 208 155 27
193 194 155 151
194 195 155 150
195 196 155 149
196 197 155 148
197 198 155 147
198 199 155 146
199 200 155 145
201 200 155 255
202 201 155 254
203 202 155 253
204 203 155 252
205 204 155 251
206 205 155 250
207 206 155 249
211 212 155 192
214 215 155 224
217 216 155 175
218 217 155 174
219 218 155 173
220 219 155 172
221 220 155 171
222 221 155 170
223 222 155 169
224 208 155 214
224 240 155 30
225 226 155 183
226 225 155 144
226 227 155 182
227 228 155 181
228 229 155 180
229 228 155 112
229 230 155 179
230 231 155 178
231 232 155 177
232 231 155 80
235 234 155 48
238 237 155 16
241 242 155 15
242 243 155 14
243 244 155 13
244 245 155 12
245 246 155 11
246 247 155 10
247 248 155 9
248 249 155 8
249 248 155 207
249 250 155 7
250 249 155 206
250 251 155 6
251 250 155 205
251 252 155 5
252 251 155 204
252 253 155 4
253 252 155 203
253 254 155 3
254 253 155 202
254 255 155 2
255 239 155 1
255 254 155 201
0 1 157 239
0 16 157 40
1 0 157 41
2 1 157 42
3 2 157 43
4 3 157 44
5 4 157 45
6 5 157 46
7 6 157 47
19 18 157 112
22 21 157 144
25 24 157 176
25 26 157 49
26 27 157 50
27 28 157 51
28 27 157 208
28 29 157 52
29 30 157 53
30 31 157 54
31 15 157 55
31 30 157 240
32 16 157 236
32 48 157 37
33 17 157 73
34 33 157 74
34 35 157 64
35 34 157 75
36 35 157 76
37 36 157 77
37 38 157 32
38 37 157 78
39 38 157 79
40 41 157 0
41 42 157 1
42 43 157 2
43 44 157 3
44 45 157 4
45 46 157 5
46 47 157 6
47 63 157 7
49 65 157 25
50 49 157 26
51 50 157 27
52 51 157 28
53 52 157 29
54 53 157 30
55 54 157 31
57 58 157 81
58 59 157 82
59 60 157 83
60 61 157 84
61 62 157 85
62 63 157 86
63 47 157 87
64 48 157 233
64 80 157 34
65 49 157 105
66 65 157 106
67 66 157 107
68 67 157 108
69 68 157 109
70 69 157 110
71 70 157 111
73 74 157 33
74 75 157 34
75 76 157 35
76 77 157 36
77 78 157 37
78 79 157 38
79 95 157 39
81 97 157 57
82 81 157 58
83 82 157 59
84 83 157 60
85 84 157 61
86 85 157 62
87 86 157 63
89 90 157 113
90 91 157 114
91 92 157 115
92 93 157 116
93 94 157 117
94 95 157 118
95 79 157 119
96 80 157 230
97 81 157 137
98 97 157 138
99 98 157 139
100 99 157 140
101 100 157 141
102 101 157 142
103 102 157 143
105 106 157 65
106 107 157 66
107 108 157 67
108 109 157 68
109 110 157 69
110 111 157 70
111 127 157 71
112 128 157 19
113 129 157 89
114 113 157 90
115 114 157 91
116 115 157 92
117 116 157 93
118 117 157 94
119 118 157 95
121 122 157 145
122 123 157 146
123 124 157 147
124 125 157 148
125 126 157 149
126 127 157 150
127 111 157 151
128 112 157 227
129 113 157 169
130 129 157 170
131 130 157 171
132 131 157 172
133 132 157 173
134 133 157 174
135 134 157 175
137 138 157 97
138 139 157 98
139 140 157 99
140 141 157 100
141 142 157 101
142 143 157 102
143 159 157 103
144 160 157 22
145 161 157 121
146 145 157 122
147 146 157 123
148 147 157 124
149 148 157 125
150 149 157 126
151 150 157 127
153 154 157 177
154 155 157 178
155 156 157 179
156 157 157 180
157 158 157 181
158 159 157 182
159 143 157 183
161 145 157 201
162 161 157 202
163 162 157 203
164 163 157 204
165 164 157 205
166 165 157 206
167 166 157 207
169 170 157 129
170 171 157 130
171 172 157 131
172 173 157 132
173 174 157 133
174 175 157 134
175 191 157 135
176 160 157 210
176 192 157 25
177 193 157 153
178 177 157 154
179 178 157 155
180 179 157 156
181 180 157 157
182 181 157 158
183 182 157 159
185 186 157 209
186 187 157 210
187 188 157 211
188 189 157 212
189 190 157 213
190 191 157 214
191 175 157 215
193 177 157 233
194 193 157 234
195 194 157 235
196 195 157 236
197 196 157 237
198 197 157 238
199 198 157 239
201 202 157 161
202 203 157 162
203 204 157 163
204 205 157 164
205 206 157 165
206 207 157 166
207 223 157 167
208 192 157 213
208 224 157 28
209 225 157 185
210 209 157 186
210 211 157 176
211 210 157 187
212 211 157 188
213 212 157 189
213 214 157 208
214 213 157 190
215 214 157 191
216 217 157 240
217 218 157 241
218 219 157 242
219 220 157 243
220 221 157 244
221 222 157 245
222 223 157 246
223 207 157 247
227 226 157 128
230 229 157 96
233 232 157 64
233 234 157 193
234 235 157 194
235 236 157 195
236 235 157 32
236 237 157 196
237 238 157 197
238 239 157 198
239 238 157 0
239 255 157 199
240 224 157 216
240 241 157 31
241 240 157 217
242 241 157 218
243 242 157 219
244 243 157 220
245 244 157 221
246 245 157 222
247 246 157 223
2 3 159 255
3 4 159 254
4 5 159 253
5 6 159 252
6 7 159 251
7 8 159 250
8 7 159 63
8 9 159 249
9 8 159 62
9 10 159 248
10 9 159 61
10 11 159 247
11 10 159 60
11 12 159 246
12 11 159 59
12 13 159 245
13 12 159 58
13 14 159 244
14 13 159 57
14 15 159 243
15 14 159 56
15 31 159 242
16 0 159 237
16 32 159 39
17 18 159 72
17 33 159 96
18 19 159 71
19 20 159 70
20 19 159 128
20 21 159 69
21 22 159 68
22 23 159 67
23 22 159 160
23 24 159 66
24 25 159 65
26 25 159 192
29 28 159 224
33 34 159 80
36 37 159 48
39 40 159 16
40 39 159 95
41 40 159 94
42 41 159 93
43 42 159 92
44 43 159 91
45 44 159 90
46 45 159 89
47 46 159 88
48 32 159 234
48 64 159 36
49 50 159 104
50 51 159 103
51 52 159 102
52 53 159 101
53 54 159 100
54 55 159 99
55 56 159 98
56 55 159 15
56 57 159 97
57 56 159 14
58 57 159 13
59 58 159 12
60 59 159 11
61 60 159 10
62 61 159 9
63 62 159 8
65 66 159 24
66 67 159 23
67 68 159 22
68 69 159 21
69 70 159 20
70 71 159 19
71 72 159 18
72 71 159 127
72 73 159 17
73 72 159 126
74 73 159 125
75 74 159 124
76 75 159 123
77 76 159 122
78 77 159 121
79 78 159 120
80 64 159 231
80 96 159 33
81 82 159 136
82 83 159 135
83 84 159 134
84 85 159 133
85 86 159 132
86 87 159 131
87 88 159 130
88 87 159 47
88 89 159 129
89 88 159 46
90 89 159 45
91 90 159 44
92 91 159 43
93 92 159 42
94 93 159 41
95 94 159 40
96 112 159 17
97 98 159 56
98 99 159 55
99 100 159 54
100 101 159 53
101 102 159 52
102 103 159 51
103 104 159 50
104 103 159 159
104 105 159 49
105 104 159 158
106 105 159 157
107 106 159 156
108 107 159 155
109 108 159 154
110 109 159 153
111 110 159 152
112 96 159 228
113 114 159 168
114 115 159 167
115 116 159 166
116 117 159 165
117 118 159 164
118 119 159 163
119 120 159 162
120 119 159 79
120 121 159 161
121 120 159 78
122 121 159 77
123 122 159 76
124 123 159 75
125 124 159 74
126 125 159 73
127 126 159 72
128 144 159 20
129 130 159 88
130 131 159 87
131 132 159 86
132 133 159 85
133 134 159 84
134 135 159 83
135 136 159 82
136 135 159 191
136 137 159 81
137 136 159 190
138 137 159 189
139 138 159 188
140 139 159 187
141 140 159 186
142 141 159 185
143 142 159 184
144 128 159 225
145 146 159 200
146 147 159 199
147 148 159 198
148 149 159 197
149 150 159 196
150 151 159 195
151 152 159 194
152 151 159 111
152 153 159 193
153 152 159 110
154 153 159 109
155 154 159 108
156 155 159 107
157 156 159 106
158 157 159 105
159 158 159 104
160 144 159 209
160 176 159 23
161 162 159 120
162 163 159 119
163 164 159 118
164 165 159 117
165 166 159 116
166 167 159 115
167 168 159 114
168 167 159 223
168 169 159 113
169 168 159 222
170 169 159 221
171 170 159 220
172 171 159 219
173 172 159 218
174 173 159 217
175 174 159 216
177 178 159 232
178 179 159 231
179 180 159 230
180 181 159 229
181 182 159 228
182 183 159 227
183 184 159 226
184 183 159 143
184 185 159 225
185 184 159 142
186 185 159 141
187 186 159 140
188 187 159 139
189 188 159 138
190 189 159 137
191 190 159 136
192 176 159 212
192 208 159 26
193 194 159 152
194 195 159 151
195 196 159 150
196 197 159 149
197 198 159 148
198 199 159 147
199 200 159 146
200 199 159 255
200 201 159 145
201 200 159 254
202 201 159 253
203 202 159 252
204 203 159 251
205 204 159 250
206 205 159 249
207 206 159 248
209 210 159 160
212 213 159 192
215 216 159 224
216 215 159 175
217 216 159 174
218 217 159 173
219 218 159 172
220 219 159 171
221 220 159 170
222 221 159 169
223 222 159 168
224 208 159 215
224 240 159 29
225 209 159 144
225 226 159 184
226 227 159 183
227 228 159 182
228 227 159 112
228 229 159 181
229 230 159 180
230 231 159 179
231 230 159 80
231 232 159 178
232 233 159 177
234 233 159 48
237 236 159 16
242 243 159 15
243 244 159 14
244 245 159 13
245 246 159 12
246 247 159 11
247 248 159 10
248 247 159 207
248 249 159 9
249 248 159 206
249 250 159 8
250 249 159 205
250 251 159 7
251 250 159 204
251 252 159 6
252 251 159 203
252 253 159 5
253 252 159 202
253 254 159 4
254 253 159 201
254 255 159 3
255 239 159 2
255 254 159 200
0 1 161 238
0 16 161 41
1 0 161 42
1 2 161 239
2 1 161 43
3 2 161 44
4 3 161 45
5 4 161 46
6 5 161 47
18 17 161 112
21 20 161 144
24 23 161 176
26 27 161 49
27 26 161 208
27 28 161 50
28 29 161 51
29 30 161 52
30 29 161 240
30 31 161 53
31 15 161 54
31 30 161 241
32 16 161 235
32 48 161 38
33 17 161 74
34 33 161 75
35 34 161 76
35 36 161 64
36 35 161 77
37 36 161 78
38 37 161 79
38 39 161 32
41 42 161 0
42 43 161 1
43 44 161 2
44 45 161 3
45 46 161 4
46 47 161 5
47 63 161 6
49 65 161 26
50 49 161 27
51 50 161 28
52 51 161 29
53 52 161 30
54 53 161 31
58 59 161 81
59 60 161 82
60 61 161 83
61 62 161 84
62 63 161 85
63 47 161 86
64 48 161 232
64 80 161 35
65 49 161 106
66 65 161 107
67 66 161 108
68 67 161 109
69 68 161 110
70 69 161 111
74 75 161 33
75 76 161 34
76 77 161 35
77 78 161 36
78 79 161 37
79 95 161 38
81 97 161 58
82 81 161 59
83 82 161 60
84 83 161 61
85 84 161 62
86 85 161 63
90 91 161 113
91 92 161 114
92 93 161 115
93 94 161 116
94 95 161 117
95 79 161 118
96 80 161 229
97 81 161 138
98 97 161 139
99 98 161 140
100 99 161 141
101 100 161 142
102 101 161 143
106 107 161 65
107 108 161 66
108 109 161 67
109 110 161 68
110 111 161 69
111 127 161 70
112 128 161 18
113 129 161 90
114 113 161 91
115 114 161 92
116 115 161 93
117 116 161 94
118 117 161 95
122 123 161 145
123 124 161 146
124 125 161 147
125 126 161 148
126 127 161 149
127 111 161 150
128 112 161 226
129 113 161 170
130 129 161 171
131 130 161 172
132 131 161 173
133 132 161 174
134 133 161 175
138 139 161 97
139 140 161 98
140 141 161 99
141 142 161 100
142 143 161 101
143 159 161 102
144 160 161 21
145 161 161 122
146 145 161 123
147 146 161 124
148 147 161 125
149 148 161 126
150 149 161 127
154 155 161 177
155 156 161 178
156 157 161 179
157 158 161 180
158 159 161 181
159 143 161 182
161 145 161 202
162 161 161 203
163 162 161 204
164 163 161 205
165 164 161 206
166 165 161 207
170 171 161 129
171 172 161 130
172 173 161 131
173 174 161 132
174 175 161 133
175 191 161 134
176 160 161 211
176 192 161 24
177 193 161 154
178 177 161 155
179 178 161 156
180 179 161 157
181 180 161 158
182 181 161 159
186 187 161 209
187 188 161 210
188 189 161 211
189 190 161 212
190 191 161 213
191 175 161 214
193 177 161 234
194 193 161 235
195 194 161 236
196 195 161 237
197 196 161 238
198 197 161 239
202 203 161 161
203 204 161 162
204 205 161 163
205 206 161 164
206 207 161 165
207 223 161 166
208 192 161 214
208 224 161 27
209 225 161 186
210 209 161 187
211 210 161 188
211 212 161 176
212 211 161 189
213 212 161 190
214 213 161 191
214 215 161 208
217 218 161 240
218 219 161 241
219 220 161 242
220 221 161 243
221 222 161 244
222 223 161 245
223 207 161 246
226 225 161 128
229 228 161 96
232 231 161 64
234 235 161 193
235 234 161 32
235 236 161 194
236 237 161 195
237 238 161 196
238 237 161 0
238 239 161 197
239 238 161 1
239 255 161 198
240 224 161 217
240 241 161 30
241 240 161 218
241 242 161 31
242 241 161 219
243 242 161 220
244 243 161 221
245 244 161 222
246 245 161 223
3 4 163 255
4 5 163 254
5 6 163 253
6 7 163 252
7 6 163 63
7 8 163 251
8 7 163 62
8 9 163 250
9 8 163 61
9 10 163 249
10 9 163 60
10 11 163 248
11 10 163 59
11 12 163 247
12 11 163 58
12 13 163 246
13 12 163 57
13 14 163 245
14 13 163 56
14 15 163 244
15 14 163 55
15 31 163 243
16 0 163 236
16 32 163 40
17 18 163 73
18 19 163 72
19 18 163 128
19 20 163 71
20 21 163 70
21 22 163 69
22 21 163 160
22 23 163 68
23 24 163 67
24 25 163 66
25 24 163 192
25 26 163 65
28 27 163 224
34 35 163 80
37 38 163 48
39 38 163 95
40 39 163 94
40 41 163 16
41 40 163 93
42 41 163 92
43 42 163 91
44 43 163 90
45 44 163 89
46 45 163 88
47 46 163 87
48 32 163 233
48 64 163 37
49 50 163 105
50 51 163 104
51 52 163 103
52 53 163 102
53 54 163 101
54 55 163 100
55 54 163 15
55 56 163 99
56 55 163 14
56 57 163 98
57 56 163 13
57 58 163 97
58 57 163 12
59 58 163 11
60 59 163 10
61 60 163 9
62 61 163 8
63 62 163 7
65 66 163 25
66 67 163 24
67 68 163 23
68 69 163 22
69 70 163 21
70 71 163 20
71 70 163 127
71 72 163 19
72 71 163 126
72 73 163 18
73 72 163 125
73 74 163 17
74 73 163 124
75 74 163 123
76 75 163 122
77 76 163 121
78 77 163 120
79 78 163 119
80 64 163 230
80 96 163 34
81 82 163 137
82 83 163 136
83 84 163 135
84 85 163 134
85 86 163 133
86 87 163 132
87 86 163 47
87 88 163 131
88 87 163 46
88 89 163 130
89 88 163 45
89 90 163 129
90 89 163 44
91 90 163 43
92 91 163 42
93 92 163 41
94 93 163 40
95 94 163 39
97 98 163 57
98 99 163 56
99 100 163 55
100 101 163 54
101 102 163 53
102 103 163 52
103 102 163 159
103 104 163 51
104 103 163 158
104 105 163 50
105 104 163 157
105 106 163 49
106 105 163 156
107 106 163 155
108 107 163 154
109 108 163 153
110 109 163 152
111 110 163 151
112 96 163 227
113 114 163 169
114 115 163 168
115 116 163 167
116 117 163 166
117 118 163 165
118 119 163 164
119 118 163 79
119 120 163 163
120 119 163 78
120 121 163 162
121 120 163 77
121 122 163 161
122 121 163 76
123 122 163 75
124 123 163 74
125 124 163 73
126 125 163 72
127 126 163 71
128 144 163 19
129 130 163 89
130 131 163 88
131 132 163 87
132 133 163 86
133 134 163 85
134 135 163 84
135 134 163 191
135 136 163 83
136 135 163 190
136 137 163 82
137 136 163 189
137 138 163 81
138 137 163 188
139 138 163 187
140 139 163 186
141 140 163 185
142 141 163 184
143 142 163 183
145 146 163 201
146 147 163 200
147 148 163 199
148 149 163 198
149 150 163 197
150 151 163 196
151 150 163 111
151 152 163 195
152 151 163 110
152 153 163 194
153 152 163 109
153 154 163 193
154 153 163 108
155 154 163 107
156 155 163 106
157 156 163 105
158 157 163 104
159 158 163 103
160 144 163 210
160 176 163 22
161 162 163 121
162 163 163 120
163 164 163 119
164 165 163 118
165 166 163 117
166 167 163 116
167 166 163 223
167 168 163 115
168 167 163 222
168 169 163 114
169 168 163 221
169 170 163 113
170 169 163 220
171 170 163 219
172 171 163 218
173 172 163 217
174 173 163 216
175 174 163 215
177 178 163 233
178 179 163 232
179 180 163 231
180 181 163 230
181 182 163 229
182 183 163 228
183 182 163 143
183 184 163 227
184 183 163 142
184 185 163 226
185 184 163 141
185 186 163 225
186 185 163 140
187 186 163 139
188 187 163 138
189 188 163 137
190 189 163 136
191 190 163 135
192 176 163 213
192 208 163 25
193 194 163 153
194 195 163 152
195 196 163 151
196 197 163 150
197 198 163 149
198 199 163 148
199 198 163 255
199 200 163 147
200 199 163 254
200 201 163 146
201 200 163 253
201 202 163 145
202 201 163 252
203 202 163 251
204 203 163 250
205 204 163 249
206 205 163 248
207 206 163 247
210 211 163 160
213 214 163 192
215 214 163 175
216 215 163 174
216 217 163 224
217 216 163 173
218 217 163 172
219 218 163 171
220 219 163 170
221 220 163 169
222 221 163 168
223 222 163 167
224 208 163 216
224 240 163 28
225 226 163 185
226 227 163 184
227 226 163 112
227 228 163 183
228 229 163 182
229 230 163 181
230 229 163 80
230 231 163 180
231 232 163 179
232 233 163 178
233 232 163 48
233 234 163 177
236 235 163 16
243 244 163 15
244 245 163 14
245 246 163 13
246 247 163 12
247 246 163 207
247 248 163 11
248 247 163 206
248 249 163 10
249 248 163 205
249 250 163 9
250 249 163 204
250 251 163 8
251 250 163 203
251 252 163 7
252 251 163 202
252 253 163 6
253 252 163 201
253 254 163 5
254 253 163 200
254 255 163 4
255 239 163 3
255 254 163 199
0 1 165 237
0 16 165 42
1 0 165 43
1 2 165 238
2 1 165 44
2 3 165 239
3 2 165 45
4 3 165 46
5 4 165 47
17 33 165 112
20 19 165 144
23 22 165 176
26 25 165 208
27 28 165 49
28 29 165 50
29 28 165 240
29 30 165 51
30 29 165 241
30 31 165 52
31 15 165 53
31 30 165 242
32 16 165 234
32 48 165 39
33 17 165 75
33 34 165 96
34 33 165 76
35 34 165 77
36 35 165 78
36 37 165 64
37 36 165 79
39 40 165 32
42 43 165 0
43 44 165 1
44 45 165 2
45 46 165 3
46 47 165 4
47 63 165 5
49 65 165 27
50 49 165 28
51 50 165 29
52 51 165 30
53 52 165 31
59 60 165 81
60 61 165 82
61 62 165 83
62 63 165 84
63 47 165 85
64 48 165 231
64 80 165 36
65 49 165 107
66 65 165 108
67 66 165 109
68 67 165 110
69 68 165 111
75 76 165 33
76 77 165 34
77 78 165 35
78 79 165 36
79 95 165 37
81 97 165 59
82 81 165 60
83 82 165 61
84 83 165 62
85 84 165 63
91 92 165 113
92 93 165 114
93 94 165 115
94 95 165 116
95 79 165 117
96 80 165 228
96 112 165 33
97 81 165 139
98 97 165 140
99 98 165 141
100 99 165 142
101 100 165 143
107 108 165 65
108 109 165 66
109 110 165 67
110 111 165 68
111 127 165 69
112 128 165 17
113 129 165 91
114 113 165 92
115 114 165 93
116 115 165 94
117 116 165 95
123 124 165 145
124 125 165 146
125 126 165 147
126 127 165 148
127 111 165 149
128 112 165 225
129 113 165 171
130 129 165 172
131 130 165 173
132 131 165 174
133 132 165 175
139 140 165 97
140 141 165 98
141 142 165 99
142 143 165 100
143 159 165 101
144 128 165 209
144 160 165 20
145 161 165 123
146 145 165 124
147 146 165 125
148 147 165 126
149 148 165 127
155 156 165 177
156 157 165 178
157 158 165 179
158 159 165 180
159 143 165 181
161 145 165 203
162 161 165 204
163 162 165 205
164 163 165 206
165 164 165 207
171 172 165 129
172 173 165 130
173 174 165 131
174 175 165 132
175 191 165 133
176 160 165 212
176 192 165 23
177 193 165 155
178 177 165 156
179 178 165 157
180 179 165 158
181 180 165 159
187 188 165 209
188 189 165 210
189 190 165 211
190 191 165 212
191 175 165 213
193 177 165 235
194 193 165 236
195 194 165 237
196 195 165 238
197 196 165 239
203 204 165 161
204 205 165 162
205 206 165 163
206 207 165 164
207 223 165 165
208 192 165 215
208 224 165 26
209 210 165 144
209 225 165 187
210 209 165 188
211 210 165 189
212 211 165 190
212 213 165 176
213 212 165 191
215 216 165 208
218 219 165 240
219 220 165 241
220 221 165 242
221 222 165 243
222 223 165 244
223 207 165 245
225 209 165 128
228 227 165 96
231 230 165 64
234 233 165 32
235 236 165 193
236 237 165 194
237 236 165 0
237 238 165 195
238 237 165 1
238 239 165 196
239 238 165 2
239 255 165 197
240 224 165 218
240 241 165 29
241 240 165 219
241 242 165 30
242 241 165 220
242 243 165 31
243 242 165 221
244 243 165 222
245 244 165 223
4 5 167 255
5 6 167 254
6 5 167 63
6 7 167 253
7 6 167 62
7 8 167 252
8 7 167 61
8 9 167 251
9 8 167 60
9 10 167 250
10 9 167 59
10 11 167 249
11 10 167 58
11 12 167 248
12 11 167 57
12 13 167 247
13 12 167 56
13 14 167 246
14 13 167 55
14 15 167 245
15 14 167 54
15 31 167 244
16 0 167 235
16 32 167 41
17 18 167 74
18 17 167 128
18 19 167 73
19 20 167 72
20 21 167 71
21 20 167 160
21 22 167 70
22 23 167 69
23 24 167 68
24 23 167 192
24 25 167 67
25 26 167 66
26 27 167 65
27 26 167 224
35 36 167 80
38 37 167 95
38 39 167 48
39 38 167 94
40 39 167 93
41 40 167 92
41 42 167 16
42 41 167 91
43 42 167 90
44 43 167 89
45 44 167 88
46 45 167 87
47 46 167 86
48 32 167 232
48 64 167 38
49 50 167 106
50 51 167 105
51 52 167 104
52 53 167 103
53 54 167 102
54 53 167 15
54 55 167 101
55 54 167 14
55 56 167 100
56 55 167 13
56 57 167 99
57 56 167 12
57 58 167 98
58 57 167 11
58 59 167 97
59 58 167 10
60 59 167 9
61 60 167 8
62 61 167 7
63 62 167 6
65 66 167 26
66 67 167 25
67 68 167 24
68 69 167 23
69 70 167 22
70 69 167 127
70 71 167 21
71 70 167 126
71 72 167 20
72 71 167 125
72 73 167 19
73 72 167 124
73 74 167 18
74 73 167 123
74 75 167 17
75 74 167 122
76 75 167 121
77 76 167 120
78 77 167 119
79 78 167 118
80 64 167 229
80 96 167 35
81 82 167 138
82 83 167 137
83 84 167 136
84 85 167 135
85 86 167 134
86 85 167 47
86 87 167 133
87 86 167 46
87 88 167 132
88 87 167 45
88 89 167 131
89 88 167 44
89 90 167 130
90 89 167 43
90 91 167 129
91 90 167 42
92 91 167 41
93 92 167 40
94 93 167 39
95 94 167 38
97 98 167 58
98 99 167 57
99 100 167 56
100 101 167 55
101 102 167 54
102 101 167 159
102 103 167 53
103 102 167 158
103 104 167 52
104 103 167 157
104 105 167 51
105 104 167 156
105 106 167 50
106 105 167 155
106 107 167 49
107 106 167 154
108 107 167 153
109 108 167 152
110 109 167 151
111 110 167 150
112 96 167 226
113 114 167 170
114 115 167 169
115 116 167 168
116 117 167 167
117 118 167 166
118 117 167 79
118 119 167 165
119 118 167 78
119 120 167 164
120 119 167 77
120 121 167 163
121 120 167 76
121 122 167 162
122 121 167 75
122 123 167 161
123 122 167 74
124 123 167 73
125 124 167 72
126 125 167 71
127 126 167 70
128 144 167 18
129 130 167 90
130 131 167 89
131 132 167 88
132 133 167 87
133 134 167 86
134 133 167 191
134 135 167 85
135 134 167 190
135 136 167 84
136 135 167 189
136 137 167 83
137 136 167 188
137 138 167 82
138 137 167 187
138 139 167 81
139 138 167 186
140 139 167 185
141 140 167 184
142 141 167 183
143 142 167 182
145 146 167 202
146 147 167 201
147 148 167 200
148 149 167 199
149 150 167 198
150 149 167 111
150 151 167 197
151 150 167 110
151 152 167 196
152 151 167 109
152 153 167 195
153 152 167 108
153 154 167 194
154 153 167 107
154 155 167 193
155 154 167 106
156 155 167 105
157 156 167 104
158 157 167 103
159 158 167 102
160 144 167 211
160 176 167 21
161 162 167 122
162 163 167 121
163 164 167 120
164 165 167 119
165 166 167 118
166 165 167 223
166 167 167 117
167 166 167 222
167 168 167 116
168 167 167 221
168 169 167 115
169 168 167 220
169 170 167 114
170 169 167 219
170 171 167 113
171 170 167 218
172 171 167 217
173 172 167 216
174 173 167 215
175 174 167 214
177 178 167 234
178 179 167 233
179 180 167 232
180 181 167 231
181 182 167 230
182 181 167 143
182 183 167 229
183 182 167 142
183 184 167 228
184 183 167 141
184 185 167 227
185 184 167 140
185 186 167 226
186 185 167 139
186 187 167 225
187 186 167 138
188 187 167 137
189 188 167 136
190 189 167 135
191 190 167 134
192 176 167 214
192 208 167 24
193 194 167 154
194 195 167 153
195 196 167 152
196 197 167 151
197 198 167 150
198 197 167 255
198 199 167 149
199 198 167 254
199 200 167 148
200 199 167 253
200 201 167 147
201 200 167 252
201 202 167 146
202 201 167 251
202 203 167 145
203 202 167 250
204 203 167 249
205 204 167 248
206 205 167 247
207 206 167 246
211 212 167 160
214 213 167 175
214 215 167 192
215 214 167 174
216 215 167 173
217 216 167 172
217 218 167 224
218 217 167 171
219 218 167 170
220 219 167 169
221 220 167 168
222 221 167 167
223 222 167 166
224 208 167 217
224 240 167 27
225 226 167 186
226 225 167 112
226 227 167 185
227 228 167 184
228 229 167 183
229 228 167 80
229 230 167 182
230 231 167 181
231 232 167 180
232 231 167 48
232 233 167 179
233 234 167 178
234 235 167 177
235 234 167 16
244 245 167 15
245 246 167 14
246 245 167 207
246 247 167 13
247 246 167 206
247 248 167 12
248 247 167 205
248 249 167 11
249 248 167 204
249 250 167 10
250 249 167 203
250 251 167 9
251 250 167 202
251 252 167 8
252 251 167 201
252 253 167 7
253 252 167 200
253 254 167 6
254 253 167 199
254 255 167 5
255 239 167 4
255 254 167 198
0 1 169 236
0 16 169 43
1 0 169 44
1 2 169 237
2 1 169 45
2 3 169 238
3 2 169 46
3 4 169 239
4 3 169 47
19 18 169 144
22 21 169 176
25 24 169 208
28 27 169 240
28 29 169 49
29 28 169 241
29 30 169 50
30 29 169 242
30 31 169 51
31 15 169 52
31 30 169 243
32 16 169 233
32 48 169 40
33 17 169 76
34 33 169 77
34 35 169 96
35 34 169 78
36 35 169 79
37 38 169 64
40 41 169 32
43 44 169 0
44 45 169 1
45 46 169 2
46 47 169 3
47 63 169 4
49 65 169 28
50 49 169 29
51 50 169 30
52 51 169 31
60 61 169 81
61 62 169 82
62 63 169 83
63 47 169 84
64 48 169 230
64 80 169 37
65 49 169 108
66 65 169 109
67 66 169 110
68 67 169 111
76 77 169 33
77 78 169 34
78 79 169 35
79 95 169 36
81 97 169 60
82 81 169 61
83 82 169 62
84 83 169 63
92 93 169 113
93 94 169 114
94 95 169 115
95 79 169 116
96 80 169 227
96 112 169 34
97 81 169 140
98 97 169 141
99 98 169 142
100 99 169 143
108 109 169 65
109 110 169 66
110 111 169 67
111 127 169 68
113 129 169 92
114 113 169 93
115 114 169 94
116 115 169 95
124 125 169 145
125 126 169 146
126 127 169 147
127 111 169 148
129 113 169 172
130 129 169 173
131 130 169 174
132 131 169 175
140 141 169 97
141 142 169 98
142 143 169 99
143 159 169 100
144 128 169 210
144 160 169 19
145 161 169 124
146 145 169 125
147 146 169 126
148 147 169 127
156 157 169 177
157 158 169 178
158 159 169 179
159 143 169 180
161 145 169 204
162 161 169 205
163 162 169 206
164 163 169 207
172 173 169 129
173 174 169 130
174 175 169 131
175 191 169 132
176 160 169 213
176 192 169 22
177 193 169 156
178 177 169 157
179 178 169 158
180 179 169 159
188 189 169 209
189 190 169 210
190 191 169 211
191 175 169 212
193 177 169 236
194 193 169 237
195 194 169 238
196 195 169 239
204 205 169 161
205 206 169 162
206 207 169 163
207 223 169 164
208 192 169 216
208 224 169 25
209 225 169 188
210 209 169 189
210 211 169 144
211 210 169 190
212 211 169 191
213 214 169 176
216 217 169 208
219 220 169 240
220 221 169 241
221 222 169 242
222 223 169 243
223 207 169 244
227 226 169 96
230 229 169 64
233 232 169 32
236 235 169 0
236 237 169 193
237 236 169 1
237 238 169 194
238 237 169 2
238 239 169 195
239 238 169 3
239 255 169 196
240 224 169 219
240 241 169 28
241 240 169 220
241 242 169 29
242 241 169 221
242 243 169 30
243 242 169 222
243 244 169 31
244 243 169 223
5 4 171 63
5 6 171 255
6 5 171 62
6 7 171 254
7 6 171 61
7 8 171 253
8 7 171 60
8 9 171 252
9 8 171 59
9 10 171 251
10 9 171 58
10 11 171 250
11 10 171 57
11 12 171 249
12 11 171 56
12 13 171 248
13 12 171 55
13 14 171 247
14 13 171 54
14 15 171 246
15 14 171 53
15 31 171 245
16 0 171 234
16 32 171 42
17 18 171 75
17 33 171 128
18 19 171 74
19 20 171 73
20 19 171 160
20 21 171 72
21 22 171 71
22 23 171 70
23 22 171 192
23 24 171 69
24 25 171 68
25 26 171 67
26 25 171 224
26 27 171 66
27 28 171 65
33 34 171 112
36 37 171 80
37 36 171 95
38 37 171 94
39 38 171 93
39 40 171 48
40 39 171 92
41 40 171 91
42 41 171 90
42 43 171 16
43 42 171 89
44 43 171 88
45 44 171 87
46 45 171 86
47 46 171 85
48 32 171 231
48 64 171 39
49 50 171 107
50 51 171 106
51 52 171 105
52 53 171 104
53 52 171 15
53 54 171 103
54 53 171 14
54 55 171 102
55 54 171 13
55 56 171 101
56 55 171 12
56 57 171 100
57 56 171 11
57 58 171 99
58 57 171 10
58 59 171 98
59 58 171 9
59 60 171 97
60 59 171 8
61 60 171 7
62 61 171 6
63 62 171 5
65 66 171 27
66 67 171 26
67 68 171 25
68 69 171 24
69 68 171 127
69 70 171 23
70 69 171 126
70 71 171 22
71 70 171 125
71 72 171 21
72 71 171 124
72 73 171 20
73 72 171 123
73 74 171 19
74 73 171 122
74 75 171 18
75 74 171 121
75 76 171 17
76 75 171 120
77 76 171 119
78 77 171 118
79 78 171 117
80 64 171 228
80 96 171 36
81 82 171 139
82 83 171 138
83 84 171 137
84 85 171 136
85 84 171 47
85 86 171 135
86 85 171 46
86 87 171 134
87 86 171 45
87 88 171 133
88 87 171 44
88 89 171 132
89 88 171 43
89 90 171 131
90 89 171 42
90 91 171 130
91 90 171 41
91 92 171 129
92 91 171 40
93 92 171 39
94 93 171 38
95 94 171 37
97 98 171 59
98 99 171 58
99 100 171 57
100 101 171 56
101 100 171 159
101 102 171 55
102 101 171 158
102 103 171 54
103 102 171 157
103 104 171 53
104 103 171 156
104 105 171 52
105 104 171 155
105 106 171 51
106 105 171 154
106 107 171 50
107 106 171 153
107 108 171 49
108 107 171 152
109 108 171 151
110 109 171 150
111 110 171 149
112 96 171 225
112 128 171 33
113 114 171 171
114 115 171 170
115 116 171 169
116 117 171 168
117 116 171 79
117 118 171 167
118 117 171 78
118 119 171 166
119 118 171 77
119 120 171 165
120 119 171 76
120 121 171 164
121 120 171 75
121 122 171 163
122 121 171 74
122 123 171 162
123 122 171 73
123 124 171 161
124 123 171 72
125 124 171 71
126 125 171 70
127 126 171 69
128 112 171 209
128 144 171 17
129 130 171 91
130 131 171 90
131 132 171 89
132 133 171 88
133 132 171 191
133 134 171 87
134 133 171 190
134 135 171 86
135 134 171 189
135 136 171 85
136 135 171 188
136 137 171 84
137 136 171 187
137 138 171 83
138 137 171 186
138 139 171 82
139 138 171 185
139 140 171 81
140 139 171 184
141 140 171 183
142 141 171 182
143 142 171 181
145 146 171 203
146 147 171 202
147 148 171 201
148 149 171 200
149 148 171 111
149 150 171 199
150 149 171 110
150 151 171 198
151 150 171 109
151 152 171 197
152 151 171 108
152 153 171 196
153 152 171 107
153 154 171 195
154 153 171 106
154 155 171 194
155 154 171 105
155 156 171 193
156 155 171 104
157 156 171 103
158 157 171 102
159 158 171 101
160 144 171 212
160 176 171 20
161 162 171 123
162 163 171 122
163 164 171 121
164 165 171 120
165 164 171 223
165 166 171 119
166 165 171 222
166 167 171 118
167 166 171 221
167 168 171 117
168 167 171 220
168 169 171 116
169 168 171 219
169 170 171 115
170 169 171 218
170 171 171 114
171 170 171 217
171 172 171 113
172 171 171 216
173 172 171 215
174 173 171 214
175 174 171 213
177 178 171 235
178 179 171 234
179 180 171 233
180 181 171 232
181 180 171 143
181 182 171 231
182 181 171 142
182 183 171 230
183 182 171 141
183 184 171 229
184 183 171 140
184 185 171 228
185 184 171 139
185 186 171 227
186 185 171 138
186 187 171 226
187 186 171 137
187 188 171 225
188 187 171 136
189 188 171 135
190 189 171 134
191 190 171 133
192 176 171 215
192 208 171 23
193 194 171 155
194 195 171 154
195 196 171 153
196 197 171 152
197 196 171 255
197 198 171 151
198 197 171 254
198 199 171 150
199 198 171 253
199 200 171 149
200 199 171 252
200 201 171 148
201 200 171 251
201 202 171 147
202 201 171 250
202 203 171 146
203 202 171 249
203 204 171 145
204 203 171 248
205 204 171 247
206 205 171 246
207 206 171 245
209 210 171 128
212 213 171 160
213 212 171 175
214 213 171 174
215 214 171 173
215 216 171 192
216 215 171 172
217 216 171 171
218 217 171 170
218 219 171 224
219 218 171 169
220 219 171 168
221 220 171 167
222 221 171 166
223 222 171 165
224 208 171 218
224 240 171 26
225 209 171 112
225 226 171 187
226 227 171 186
227 228 171 185
228 227 171 80
228 229 171 184
229 230 171 183
230 231 171 182
231 230 171 48
231 232 171 181
232 233 171 180
233 234 171 179
234 233 171 16
234 235 171 178
235 236 171 177
245 244 171 207
245 246 171 15
246 245 171 206
246 247 171 14
247 246 171 205
247 248 171 13
248 247 171 204
248 249 171 12
249 248 171 203
249 250 171 11
250 249 171 202
250 251 171 10
251 250 171 201
251 252 171 9
252 251 171 200
252 253 171 8
253 252 171 199
253 254 171 7
254 253 171 198
254 255 171 6
255 239 171 5
255 254 171 197
0 1 173 235
0 16 173 44
1 0 173 45
1 2 173 236
2 1 173 46
2 3 173 237
3 2 173 47
3 4 173 238
4 5 173 239
18 17 173 144
21 20 173 176
24 23 173 208
27 26 173 240
28 27 173 241
29 28 173 242
29 30 173 49
30 29 173 243
30 31 173 50
31 15 173 51
31 30 173 244
32 16 173 232
32 48 173 41
33 17 173 77
34 33 173 78
35 34 173 79
35 36 173 96
38 39 173 64
41 42 173 32
44 45 173 0
45 46 173 1
46 47 173 2
47 63 173 3
49 65 173 29
50 49 173 30
51 50 173 31
61 62 173 81
62 63 173 82
63 47 173 83
64 48 173 229
64 80 173 38
65 49 173 109
66 65 173 110
67 66 173 111
77 78 173 33
78 79 173 34
79 95 173 35
81 97 173 61
82 81 173 62
83 82 173 63
93 94 173 113
94 95 173 114
95 79 173 115
96 80 173 226
96 112 173 35
97 81 173 141
98 97 173 142
99 98 173 143
109 110 173 65
110 111 173 66
111 127 173 67
113 129 173 93
114 113 173 94
115 114 173 95
125 126 173 145
126 127 173 146
127 111 173 147
129 113 173 173
130 129 173 174
131 130 173 175
141 142 173 97
142 143 173 98
143 159 173 99
144 128 173 211
144 160 173 18
145 161 173 125
146 145 173 126
147 146 173 127
157 158 173 177
158 159 173 178
159 143 173 179
161 145 173 205
162 161 173 206
163 162 173 207
173 174 173 129
174 175 173 130
175 191 173 131
176 160 173 214
176 192 173 21
177 193 173 157
178 177 173 158
179 178 173 159
189 190 173 209
190 191 173 210
191 175 173 211
193 177 173 237
194 193 173 238
195 194 173 239
205 206 173 161
206 207 173 162
207 223 173 163
208 192 173 217
208 224 173 24
209 225 173 189
210 209 173 190
211 210 173 191
211 212 173 144
214 215 173 176
217 218 173 208
220 221 173 240
221 222 173 241
222 223 173 242
223 207 173 243
226 225 173 96
229 228 173 64
232 231 173 32
235 234 173 0
236 235 173 1
237 236 173 2
237 238 173 193
238 237 173 3
238 239 173 194
239 238 173 4
239 255 173 195
240 224 173 220
240 241 173 27
241 240 173 221
241 242 173 28
242 241 173 222
242 243 173 29
243 242 173 223
243 244 173 30
244 245 173 31
4 3 175 63
5 4 175 62
6 5 175 61
6 7 175 255
7 6 175 60
7 8 175 254
8 7 175 59
8 9 175 253
9 8 175 58
9 10 175 252
10 9 175 57
10 11 175 251
11 10 175 56
11 12 175 250
12 11 175 55
12 13 175 249
13 12 175 54
13 14 175 248
14 13 175 53
14 15 175 247
15 14 175 52
15 31 175 246
16 0 175 233
16 32 175 43
17 18 175 76
18 19 175 75
19 18 175 160
19 20 175 74
20 21 175 73
21 22 175 72
22 21 175 192
22 23 175 71
23 24 175 70
24 25 175 69
25 24 175 224
25 26 175 68
26 27 175 67
27 28 175 66
28 29 175 65
34 35 175 112
36 35 175 95
37 36 175 94
37 38 175 80
38 37 175 93
39 38 175 92
40 39 175 91
40 41 175 48
41 40 175 90
42 41 175 89
43 42 175 88
43 44 175 16
44 43 175 87
45 44 175 86
46 45 175 85
47 46 175 84
48 32 175 230
48 64 175 40
49 50 175 108
50 51 175 107
51 52 175 106
52 51 175 15
52 53 175 105
53 52 175 14
53 54 175 104
54 53 175 13
54 55 175 103
55 54 175 12
55 56 175 102
56 55 175 11
56 57 175 101
57 56 175 10
57 58 175 100
58 57 175 9
58 59 175 99
59 58 175 8
59 60 175 98
60 59 175 7
60 61 175 97
61 60 175 6
62 61 175 5
63 62 175 4
65 66 175 28
66 67 175 27
67 68 175 26
68 67 175 127
68 69 175 25
69 68 175 126
69 70 175 24
70 69 175 125
70 71 175 23
71 70 175 124
71 72 175 22
72 71 175 123
72 73 175 21
73 72 175 122
73 74 175 20
74 73 175 121
74 75 175 19
75 74 175 120
75 76 175 18
76 75 175 119
76 77 175 17
77 76 175 118
78 77 175 117
79 78 175 116
80 64 175 227
80 96 175 37
81 82 175 140
82 83 175 139
83 84 175 138
84 83 175 47
84 85 175 137
85 84 175 46
85 86 175 136
86 85 175 45
86 87 175 135
87 86 175 44
87 88 175 134
88 87 175 43
88 89 175 133
89 88 175 42
89 90 175 132
90 89 175 41
90 91 175 131
91 90 175 40
91 92 175 130
92 91 175 39
92 93 175 129
93 92 175 38
94 93 175 37
95 94 175 36
97 98 175 60
98 99 175 59
99 100 175 58
100 99 175 159
100 101 175 57
101 100 175 158
101 102 175 56
102 101 175 157
102 103 175 55
103 102 175 156
103 104 175 54
104 103 175 155
104 105 175 53
105 104 175 154
105 106 175 52
106 105 175 153
106 107 175 51
107 106 175 152
107 108 175 50
108 107 175 151
108 109 175 49
109 108 175 150
110 109 175 149
111 110 175 148
112 128 175 34
113 114 175 172
114 115 175 171
115 116 175 170
116 115 175 79
116 117 175 169
117 116 175 78
117 118 175 168
118 117 175 77
118 119 175 167
119 118 175 76
119 120 175 166
120 119 175 75
120 121 175 165
121 120 175 74
121 122 175 164
122 121 175 73
122 123 175 163
123 122 175 72
123 124 175 162
124 123 175 71
124 125 175 161
125 124 175 70
126 125 175 69
127 126 175 68
128 112 175 210
129 130 175 92
130 131 175 91
131 132 175 90
132 131 175 191
132 133 175 89
133 132 175 190
133 134 175 88
134 133 175 189
134 135 175 87
135 134 175 188
135 136 175 86
136 135 175 187
136 137 175 85
137 136 175 186
137 138 175 84
138 137 175 185
138 139 175 83
139 138 175 184
139 140 175 82
140 139 175 183
140 141 175 81
141 140 175 182
142 141 175 181
143 142 175 180
145 146 175 204
146 147 175 203
147 148 175 202
148 147 175 111
148 149 175 201
149 148 175 110
149 150 175 200
150 149 175 109
150 151 175 199
151 150 175 108
151 152 175 198
152 151 175 107
152 153 175 197
153 152 175 106
153 154 175 196
154 153 175 105
154 155 175 195
155 154 175 104
155 156 175 194
156 155 175 103
156 157 175 193
157 156 175 102
158 157 175 101
159 158 175 100
160 144 175 213
160 176 175 19
161 162 175 124
162 163 175 123
163 164 175 122
164 163 175 223
164 165 175 121
165 164 175 222
165 166 175 120
166 165 175 221
166 167 175 119
167 166 175 220
167 168 175 118
168 167 175 219
168 169 175 117
169 168 175 218
169 170 175 116
170 169 175 217
170 171 175 115
171 170 175 216
171 172 175 114
172 171 175 215
172 173 175 113
173 172 175 214
174 173 175 213
175 174 175 212
177 178 175 236
178 179 175 235
179 180 175 234
180 179 175 143
180 181 175 233
181 180 175 142
181 182 175 232
182 181 175 141
182 183 175 231
183 182 175 140
183 184 175 230
184 183 175 139
184 185 175 229
185 184 175 138
185 186 175 228
186 185 175 137
186 187 175 227
187 186 175 136
187 188 175 226
188 187 175 135
188 189 175 225
189 188 175 134
190 189 175 133
191 190 175 132
192 176 175 216
192 208 175 22
193 194 175 156
194 195 175 155
195 196 175 154
196 195 175 255
196 197 175 153
197 196 175 254
197 198 175 152
198 197 175 253
198 199 175 151
199 198 175 252
199 200 175 150
200 199 175 251
200 201 175 149
201 200 175 250
201 202 175 148
202 201 175 249
202 203 175 147
203 202 175 248
203 204 175 146
204 203 175 247
204 205 175 145
205 204 175 246
206 205 175 245
207 206 175 244
210 211 175 128
212 211 175 175
213 212 175 174
213 214 175 160
214 213 175 173
215 214 175 172
216 215 175 171
216 217 175 192
217 216 175 170
218 217 175 169
219 218 175 168
219 220 175 224
220 219 175 167
221 220 175 166
222 221 175 165
223 222 175 164
224 208 175 219
224 240 175 25
225 226 175 188
226 227 175 187
227 226 175 80
227 228 175 186
228 229 175 185
229 230 175 184
230 229 175 48
230 231 175 183
231 232 175 182
232 233 175 181
233 232 175 16
233 234 175 180
234 235 175 179
235 236 175 178
236 237 175 177
244 243 175 207
245 244 175 206
246 245 175 205
246 247 175 15
247 246 175 204
247 248 175 14
248 247 175 203
248 249 175 13
249 248 175 202
249 250 175 12
250 249 175 201
250 251 175 11
251 250 175 200
251 252 175 10
252 251 175 199
252 253 175 9
253 252 175 198
253 254 175 8
254 253 175 197
254 255 175 7
255 239 175 6
255 254 175 196
0 1 177 234
0 16 177 45
1 0 177 46
1 2 177 235
2 1 177 47
2 3 177 236
3 4 177 237
4 5 177 238
5 6 177 239
17 33 177 144
20 19 177 176
23 22 177 208
26 25 177 240
27 26 177 241
28 27 177 242
29 28 177 243
30 29 177 244
30 31 177 49
31 15 177 50
31 30 177 245
32 16 177 231
32 48 177 42
33 17 177 78
33 34 177 128
34 33 177 79
36 37 177 96
39 40 177 64
42 43 177 32
45 46 177 0
46 47 177 1
47 63 177 2
49 65 177 30
50 49 177 31
62 63 177 81
63 47 177 82
64 48 177 228
64 80 177 39
65 49 177 110
66 65 177 111
78 79 177 33
79 95 177 34
81 97 177 62
82 81 177 63
94 95 177 113
95 79 177 114
96 80 177 225
96 112 177 36
97 81 177 142
98 97 177 143
110 111 177 65
111 127 177 66
112 96 177 209
113 129 177 94
114 113 177 95
126 127 177 145
127 111 177 146
128 144 177 33
129 113 177 174
130 129 177 175
142 143 177 97
143 159 177 98
144 128 177 212
144 160 177 17
145 161 177 126
146 145 177 127
158 159 177 177
159 143 177 178
161 145 177 206
162 161 177 207
174 175 177 129
175 191 177 130
176 160 177 215
176 192 177 20
177 193 177 158
178 177 177 159
190 191 177 209
191 175 177 210
193 177 177 238
194 193 177 239
206 207 177 161
207 223 177 162
208 192 177 218
208 224 177 23
209 210 177 112
209 225 177 190
210 209 177 191
212 213 177 144
215 216 177 176
218 219 177 208
221 222 177 240
222 223 177 241
223 207 177 242
225 209 177 96
228 227 177 64
231 230 177 32
234 233 177 0
235 234 177 1
236 235 177 2
237 236 177 3
238 237 177 4
238 239 177 193
239 238 177 5
239 255 177 194
240 224 177 221
240 241 177 26
241 240 177 222
241 242 177 27
242 241 177 223
242 243 177 28
243 244 177 29
244 245 177 30
245 246 177 31
3 2 179 63
4 3 179 62
5 4 179 61
6 5 179 60
7 6 179 59
7 8 179 255
8 7 179 58
8 9 179 254
9 8 179 57
9 10 179 253
10 9 179 56
10 11 179 252
11 10 179 55
11 12 179 251
12 11 179 54
12 13 179 250
13 12 179 53
13 14 179 249
14 13 179 52
14 15 179 248
15 14 179 51
15 31 179 247
16 0 179 232
16 32 179 44
17 18 179 77
18 17 179 160
18 19 179 76
19 20 179 75
20 21 179 74
21 20 179 192
21 22 179 73
22 23 179 72
23 24 179 71
24 23 179 224
24 25 179 70
25 26 179 69
26 27 179 68
27 28 179 67
28 29 179 66
29 30 179 65
35 34 179 95
35 36 179 112
36 35 179 94
37 36 179 93
38 37 179 92
38 39 179 80
39 38 179 91
40 39 179 90
41 40 179 89
41 42 179 48
42 41 179 88
43 42 179 87
44 43 179 86
44 45 179 16
45 44 179 85
46 45 179 84
47 46 179 83
48 32 179 229
48 64 179 41
49 50 179 109
50 51 179 108
51 50 179 15
51 52 179 107
52 51 179 14
52 53 179 106
53 52 179 13
53 54 179 105
54 53 179 12
54 55 179 104
55 54 179 11
55 56 179 103
56 55 179 10
56 57 179 102
57 56 179 9
57 58 179 101
58 57 179 8
58 59 179 100
59 58 179 7
59 60 179 99
60 59 179 6
60 61 179 98
61 60 179 5
61 62 179 97
62 61 179 4
63 62 179 3
65 66 179 29
66 67 179 28
67 66 179 127
67 68 179 27
68 67 179 126
68 69 179 26
69 68 179 125
69 70 179 25
70 69 179 124
70 71 179 24
71 70 179 123
71 72 179 23
72 71 179 122
72 73 179 22
73 72 179 121
73 74 179 21
74 73 179 120
74 75 179 20
75 74 179 119
75 76 179 19
76 75 179 118
76 77 179 18
77 76 179 117
77 78 179 17
78 77 179 116
79 78 179 115
80 64 179 226
80 96 179 38
81 82 179 141
82 83 179 140
83 82 179 47
83 84 179 139
84 83 179 46
84 85 179 138
85 84 179 45
85 86 179 137
86 85 179 44
86 87 179 136
87 86 179 43
87 88 179 135
88 87 179 42
88 89 179 134
89 88 179 41
89 90 179 133
90 89 179 40
90 91 179 132
91 90 179 39
91 92 179 131
92 91 179 38
92 93 179 130
93 92 179 37
93 94 179 129
94 93 179 36
95 94 179 35
97 98 179 61
98 99 179 60
99 98 179 159
99 100 179 59
100 99 179 158
100 101 179 58
101 100 179 157
101 102 179 57
102 101 179 156
102 103 179 56
103 102 179 155
103 104 179 55
104 103 179 154
104 105 179 54
105 104 179 153
105 106 179 53
106 105 179 152
106 107 179 52
107 106 179 151
107 108 179 51
108 107 179 150
108 109 179 50
109 108 179 149
109 110 179 49
110 109 179 148
111 110 179 147
112 128 179 35
113 114 179 173
114 115 179 172
115 114 179 79
115 116 179 171
116 115 179 78
116 117 179 170
117 116 179 77
117 118 179 169
118 117 179 76
118 119 179 168
119 118 179 75
119 120 179 167
120 119 179 74
120 121 179 166
121 120 179 73
121 122 179 165
122 121 179 72
122 123 179 164
123 122 179 71
123 124 179 163
124 123 179 70
124 125 179 162
125 124 179 69
125 126 179 161
126 125 179 68
127 126 179 67
128 112 179 211
129 130 179 93
130 131 179 92
131 130 179 191
131 132 179 91
132 131 179 190
132 133 179 90
133 132 179 189
133 134 179 89
134 133 179 188
134 135 179 88
135 134 179 187
135 136 179 87
136 135 179 186
136 137 179 86
137 136 179 185
137 138 179 85
138 137 179 184
138 139 179 84
139 138 179 183
139 140 179 83
140 139 179 182
140 141 179 82
141 140 179 181
141 142 179 81
142 141 179 180
143 142 179 179
145 146 179 205
146 147 179 204
147 146 179 111
147 148 179 203
148 147 179 110
148 149 179 202
149 148 179 109
149 150 179 201
150 149 179 108
150 151 179 200
151 150 179 107
151 152 179 199
152 151 179 106
152 153 179 198
153 152 179 105
153 154 179 197
154 153 179 104
154 155 179 196
155 154 179 103
155 156 179 195
156 155 179 102
156 157 179 194
157 156 179 101
157 158 179 193
158 157 179 100
159 158 179 99
160 144 179 214
160 176 179 18
161 162 179 125
162 163 179 124
163 162 179 223
163 164 179 123
164 163 179 222
164 165 179 122
165 164 179 221
165 166 179 121
166 165 179 220
166 167 179 120
167 166 179 219
167 168 179 119
168 167 179 218
168 169 179 118
169 168 179 217
169 170 179 117
170 169 179 216
170 171 179 116
171 170 179 215
171 172 179 115
172 171 179 214
172 173 179 114
173 172 179 213
173 174 179 113
174 173 179 212
175 174 179 211
177 178 179 237
178 179 179 236
179 178 179 143
179 180 179 235
180 179 179 142
180 181 179 234
181 180 179 141
181 182 179 233
182 181 179 140
182 183 179 232
183 182 179 139
183 184 179 231
184 183 179 138
184 185 179 230
185 184 179 137
185 186 179 229
186 185 179 136
186 187 179 228
187 186 179 135
187 188 179 227
188 187 179 134
188 189 179 226
189 188 179 133
189 190 179 225
190 189 179 132
191 190 179 131
192 176 179 217
192 208 179 21
193 194 179 157
194 195 179 156
195 194 179 255
195 196 179 155
196 195 179 254
196 197 179 154
197 196 179 253
197 198 179 153
198 197 179 252
198 199 179 152
199 198 179 251
199 200 179 151
200 199 179 250
200 201 179 150
201 200 179 249
201 202 179 149
202 201 179 248
202 203 179 148
203 202 179 247
203 204 179 147
204 203 179 246
204 205 179 146
205 204 179 245
205 206 179 145
206 205 179 244
207 206 179 243
211 210 179 175
211 212 179 128
212 211 179 174
213 212 179 173
214 213 179 172
214 215 179 160
215 214 179 171
216 215 179 170
217 216 179 169
217 218 179 192
218 217 179 168
219 218 179 167
220 219 179 166
220 221 179 224
221 220 179 165
222 221 179 164
223 222 179 163
224 208 179 220
224 240 179 24
225 226 179 189
226 225 179 80
226 227 179 188
227 228 179 187
228 229 179 186
229 228 179 48
229 230 179 185
230 231 179 184
231 232 179 183
232 231 179 16
232 233 179 182
233 234 179 181
234 235 179 180
235 236 179 179
236 237 179 178
237 238 179 177
243 242 179 207
244 243 179 206
245 244 179 205
246 245 179 204
247 246 179 203
247 248 179 15
248 247 179 202
248 249 179 14
249 248 179 201
249 250 179 13
250 249 179 200
250 251 179 12
251 250 179 199
251 252 179 11
252 251 179 198
252 253 179 10
253 252 179 197
253 254 179 9
254 253 179 196
254 255 179 8
255 239 179 7
255 254 179 195
0 1 181 233
0 16 181 46
1 0 181 47
1 2 181 234
2 3 181 235
3 4 181 236
4 5 181 237
5 6 181 238
6 7 181 239
19 18 181 176
22 21 181 208
25 24 181 240
26 25 181 241
27 26 181 242
28 27 181 243
29 28 181 244
30 29 181 245
31 15 181 49
31 30 181 246
32 16 181 230
32 48 181 43
33 17 181 79
34 35 181 128
37 38 181 96
40 41 181 64
43 44 181 32
46 47 181 0
47 63 181 1
49 65 181 31
63 47 181 81
64 48 181 227
64 80 181 40
65 49 181 111
79 95 181 33
81 97 181 63
95 79 181 113
96 112 181 37
97 81 181 143
111 127 181 65
112 96 181 210
113 129 181 95
127 111 181 145
128 144 181 34
129 113 181 175
143 159 181 97
144 128 181 213
145 161 181 127
159 143 181 177
161 145 181 207
175 191 181 129
176 160 181 216
176 192 181 19
177 193 181 159
191 175 181 209
193 177 181 239
207 223 181 161
208 192 181 219
208 224 181 22
209 225 181 191
210 211 181 112
213 214 181 144
216 217 181 176
219 220 181 208
222 223 181 240
223 207 181 241
227 226 181 64
230 229 181 32
233 232 181 0
234 233 181 1
235 234 181 2
236 235 181 3
237 236 181 4
238 237 181 5
239 238 181 6
239 255 181 193
240 224 181 222
240 241 181 25
241 240 181 223
241 242 181 26
242 243 181 27
243 244 181 28
244 245 181 29
245 246 181 30
246 247 181 31
2 1 183 63
3 2 183 62
4 3 183 61
5 4 183 60
6 5 183 59
7 6 183 58
8 7 183 57
8 9 183 255
9 8 183 56
9 10 183 254
10 9 183 55
10 11 183 253
11 10 183 54
11 12 183 252
12 11 183 53
12 13 183 251
13 12 183 52
13 14 183 250
14 13 183 51
14 15 183 249
15 14 183 50
15 31 183 248
16 0 183 231
16 32 183 45
17 18 183 78
17 33 183 160
18 19 183 77
19 20 183 76
20 19 183 192
20 21 183 75
21 22 183 74
22 23 183 73
23 22 183 224
23 24 183 72
24 25 183 71
25 26 183 70
26 27 183 69
27 28 183 68
28 29 183 67
29 30 183 66
30 31 183 65
33 34 183 144
34 33 183 95
35 34 183 94
36 35 183 93
36 37 183 112
37 36 183 92
38 37 183 91
39 38 183 90
39 40 183 80
40 39 183 89
41 40 183 88
42 41 183 87
42 43 183 48
43 42 183 86
44 43 183 85
45 44 183 84
45 46 183 16
46 45 183 83
47 46 183 82
48 32 183 228
48 64 183 42
49 50 183 110
50 49 183 15
50 51 183 109
51 50 183 14
51 52 183 108
52 51 183 13
52 53 183 107
53 52 183 12
53 54 183 106
54 53 183 11
54 55 183 105
55 54 183 10
55 56 183 104
56 55 183 9
56 57 183 103
57 56 183 8
57 58 183 102
58 57 183 7
58 59 183 101
59 58 183 6
59 60 183 100
60 59 183 5
60 61 183 99
61 60 183 4
61 62 183 98
62 61 183 3
62 63 183 97
63 62 183 2
65 66 183 30
66 65 183 127
66 67 183 29
67 66 183 126
67 68 183 28
68 67 183 125
68 69 183 27
69 68 183 124
69 70 183 26
70 69 183 123
70 71 183 25
71 70 183 122
71 72 183 24
72 71 183 121
72 73 183 23
73 72 183 120
73 74 183 22
74 73 183 119
74 75 183 21
75 74 183 118
75 76 183 20
76 75 183 117
76 77 183 19
77 76 183 116
77 78 183 18
78 77 183 115
78 79 183 17
79 78 183 114
80 64 183 225
80 96 183 39
81 82 183 142
82 81 183 47
82 83 183 141
83 82 183 46
83 84 183 140
84 83 183 45
84 85 183 139
85 84 183 44
85 86 183 138
86 85 183 43
86 87 183 137
87 86 183 42
87 88 183 136
88 87 183 41
88 89 183 135
89 88 183 40
89 90 183 134
90 89 183 39
90 91 183 133
91 90 183 38
91 92 183 132
92 91 183 37
92 93 183 131
93 92 183 36
93 94 183 130
94 93 183 35
94 95 183 129
95 94 183 34
96 80 183 209
97 98 183 62
98 97 183 159
98 99 183 61
99 98 183 158
99 100 183 60
100 99 183 157
100 101 183 59
101 100 183 156
101 102 183 58
102 101 183 155
102 103 183 57
103 102 183 154
103 104 183 56
104 103 183 153
104 105 183 55
105 104 183 152
105 106 183 54
106 105 183 151
106 107 183 53
107 106 183 150
107 108 183 52
108 107 183 149
108 109 183 51
109 108 183 148
109 110 183 50
110 109 183 147
110 111 183 49
111 110 183 146
112 128 183 36
113 114 183 174
114 113 183 79
114 115 183 173
115 114 183 78
115 116 183 172
116 115 183 77
116 117 183 171
117 116 183 76
117 118 183 170
118 117 183 75
118 119 183 169
119 118 183 74
119 120 183 168
120 119 183 73
120 121 183 167
121 120 183 72
121 122 183 166
122 121 183 71
122 123 183 165
123 122 183 70
123 124 183 164
124 123 183 69
124 125 183 163
125 124 183 68
125 126 183 162
126 125 183 67
126 127 183 161
127 126 183 66
128 112 183 212
129 130 183 94
130 129 183 191
130 131 183 93
131 130 183 190
131 132 183 92
132 131 183 189
132 133 183 91
133 132 183 188
133 134 183 90
134 133 183 187
134 135 183 89
135 134 183 186
135 136 183 88
136 135 183 185
136 137 183 87
137 136 183 184
137 138 183 86
138 137 183 183
138 139 183 85
139 138 183 182
139 140 183 84
140 139 183 181
140 141 183 83
141 140 183 180
141 142 183 82
142 141 183 179
142 143 183 81
143 142 183 178
144 160 183 33
145 146 183 206
146 145 183 111
146 147 183 205
147 146 183 110
147 148 183 204
148 147 183 109
148 149 183 203
149 148 183 108
149 150 183 202
150 149 183 107
150 151 183 201
151 150 183 106
151 152 183 200
152 151 183 105
152 153 183 199
153 152 183 104
153 154 183 198
154 153 183 103
154 155 183 197
155 154 183 102
155 156 183 196
156 155 183 101
156 157 183 195
157 156 183 100
157 158 183 194
158 157 183 99
158 159 183 193
159 158 183 98
160 144 183 215
160 176 183 17
161 162 183 126
162 161 183 223
162 163 183 125
163 162 183 222
163 164 183 124
164 163 183 221
164 165 183 123
165 164 183 220
165 166 183 122
166 165 183 219
166 167 183 121
167 166 183 218
167 168 183 120
168 167 183 217
168 169 183 119
169 168 183 216
169 170 183 118
170 169 183 215
170 171 183 117
171 170 183 214
171 172 183 116
172 171 183 213
172 173 183 115
173 172 183 212
173 174 183 114
174 173 183 211
174 175 183 113
175 174 183 210
177 178 183 238
178 177 183 143
178 179 183 237
179 178 183 142
179 180 183 236
180 179 183 141
180 181 183 235
181 180 183 140
181 182 183 234
182 181 183 139
182 183 183 233
183 182 183 138
183 184 183 232
184 183 183 137
184 185 183 231
185 184 183 136
185 186 183 230
186 185 183 135
186 187 183 229
187 186 183 134
187 188 183 228
188 187 183 133
188 189 183 227
189 188 183 132
189 190 183 226
190 189 183 131
190 191 183 225
191 190 183 130
192 176 183 218
192 208 183 20
193 194 183 158
194 193 183 255
194 195 183 157
195 194 183 254
195 196 183 156
196 195 183 253
196 197 183 155
197 196 183 252
197 198 183 154
198 197 183 251
198 199 183 153
199 198 183 250
199 200 183 152
200 199 183 249
200 201 183 151
201 200 183 248
201 202 183 150
202 201 183 247
202 203 183 149
203 202 183 246
203 204 183 148
204 203 183 245
204 205 183 147
205 204 183 244
205 206 183 146
206 205 183 243
206 207 183 145
207 206 183 242
209 210 183 96
210 209 183 175
211 210 183 174
212 211 183 173
212 213 183 128
213 212 183 172
214 213 183 171
215 214 183 170
215 216 183 160
216 215 183 169
217 216 183 168
218 217 183 167
218 219 183 192
219 218 183 166
220 219 183 165
221 220 183 164
221 222 183 224
222 221 183 163
223 222 183 162
224 208 183 221
224 240 183 23
225 209 183 80
225 226 183 190
226 227 183 189
227 228 183 188
228 227 183 48
228 229 183 187
229 230 183 186
230 231 183 185
231 230 183 16
231 232 183 184
232 233 183 183
233 234 183 182
234 235 183 181
235 236 183 180
236 237 183 179
237 238 183 178
238 239 183 177
242 241 183 207
243 242 183 206
244 243 183 205
245 244 183 204
246 245 183 203
247 246 183 202
248 247 183 201
248 249 183 15
249 248 183 200
249 250 183 14
250 249 183 199
250 251 183 13
251 250 183 198
251 252 183 12
252 251 183 197
252 253 183 11
253 252 183 196
253 254 183 10
254 253 183 195
254 255 183 9
255 239 183 8
255 254 183 194
0 1 185 232
0 16 185 47
1 2 185 233
2 3 185 234
3 4 185 235
4 5 185 236
5 6 185 237
6 7 185 238
7 8 185 239
18 17 185 176
21 20 185 208
24 23 185 240
25 24 185 241
26 25 185 242
27 26 185 243
28 27 185 244
29 28 185 245
30 29 185 246
31 30 185 247
32 16 185 229
32 48 185 44
35 36 185 128
38 39 185 96
41 42 185 64
44 45 185 32
47 63 185 0
64 48 185 226
64 80 185 41
96 112 185 38
112 96 185 211
128 144 185 35
144 128 185 214
176 160 185 217
176 192 185 18
208 192 185 220
208 224 185 21
211 212 185 112
214 215 185 144
217 218 185 176
220 221 185 208
223 207 185 240
226 225 185 64
229 228 185 32
232 231 185 0
233 232 185 1
234 233 185 2
235 234 185 3
236 235 185 4
237 236 185 5
238 237 185 6
239 238 185 7
240 224 185 223
240 241 185 24
241 242 185 25
242 243 185 26
243 244 185 27
244 245 185 28
245 246 185 29
246 247 185 30
247 248 185 31
1 0 187 63
2 1 187 62
3 2 187 61
4 3 187 60
5 4 187 59
6 5 187 58
7 6 187 57
8 7 187 56
9 8 187 55
9 10 187 255
10 9 187 54
10 11 187 254
11 10 187 53
11 12 187 253
12 11 187 52
12 13 187 252
13 12 187 51
13 14 187 251
14 13 187 50
14 15 187 250
15 14 187 49
15 31 187 249
16 0 187 230
16 32 187 46
17 18 187 79
18 19 187 78
19 18 187 192
19 20 187 77
20 21 187 76
21 22 187 75
22 21 187 224
22 23 187 74
23 24 187 73
24 25 187 72
25 26 187 71
26 27 187 70
27 28 187 69
28 29 187 68
29 30 187 67
30 31 187 66
31 15 187 65
33 17 187 95
34 33 187 94
34 35 187 144
35 34 187 93
36 35 187 92
37 36 187 91
37 38 187 112
38 37 187 90
39 38 187 89
40 39 187 88
40 41 187 80
41 40 187 87
42 41 187 86
43 42 187 85
43 44 187 48
44 43 187 84
45 44 187 83
46 45 187 82
46 47 187 16
47 46 187 81
48 32 187 227
48 64 187 43
49 50 187 111
49 65 187 15
50 49 187 14
50 51 187 110
51 50 187 13
51 52 187 109
52 51 187 12
52 53 187 108
53 52 187 11
53 54 187 107
54 53 187 10
54 55 187 106
55 54 187 9
55 56 187 105
56 55 187 8
56 57 187 104
57 56 187 7
57 58 187 103
58 57 187 6
58 59 187 102
59 58 187 5
59 60 187 101
60 59 187 4
60 61 187 100
61 60 187 3
61 62 187 99
62 61 187 2
62 63 187 98
63 47 187 97
63 62 187 1
65 49 187 127
65 66 187 31
66 65 187 126
66 67 187 30
67 66 187 125
67 68 187 29
68 67 187 124
68 69 187 28
69 68 187 123
69 70 187 27
70 69 187 122
70 71 187 26
71 70 187 121
71 72 187 25
72 71 187 120
72 73 187 24
73 72 187 119
73 74 187 23
74 73 187 118
74 75 187 22
75 74 187 117
75 76 187 21
76 75 187 116
76 77 187 20
77 76 187 115
77 78 187 19
78 77 187 114
78 79 187 18
79 78 187 113
79 95 187 17
80 96 187 40
81 82 187 143
81 97 187 47
82 81 187 46
82 83 187 142
83 82 187 45
83 84 187 141
84 83 187 44
84 85 187 140
85 84 187 43
85 86 187 139
86 85 187 42
86 87 187 138
87 86 187 41
87 88 187 137
88 87 187 40
88 89 187 136
89 88 187 39
89 90 187 135
90 89 187 38
90 91 187 134
91 90 187 37
91 92 187 133
92 91 187 36
92 93 187 132
93 92 187 35
93 94 187 131
94 93 187 34
94 95 187 130
95 79 187 129
95 94 187 33
96 80 187 210
97 81 187 159
97 98 187 63
98 97 187 158
98 99 187 62
99 98 187 157
99 100 187 61
100 99 187 156
100 101 187 60
101 100 187 155
101 102 187 59
102 101 187 154
102 103 187 58
103 102 187 153
103 104 187 57
104 103 187 152
104 105 187 56
105 104 187 151
105 106 187 55
106 105 187 150
106 107 187 54
107 106 187 149
107 108 187 53
108 107 187 148
108 109 187 52
109 108 187 147
109 110 187 51
110 109 187 146
110 111 187 50
111 110 187 145
111 127 187 49
112 128 187 37
113 114 187 175
113 129 187 79
114 113 187 78
114 115 187 174
115 114 187 77
115 116 187 173
116 115 187 76
116 117 187 172
117 116 187 75
117 118 187 171
118 117 187 74
118 119 187 170
119 118 187 73
119 120 187 169
120 119 187 72
120 121 187 168
121 120 187 71
121 122 187 167
122 121 187 70
122 123 187 166
123 122 187 69
123 124 187 165
124 123 187 68
124 125 187 164
125 124 187 67
125 126 187 163
126 125 187 66
126 127 187 162
127 111 187 161
127 126 187 65
128 112 187 213
129 113 187 191
129 130 187 95
130 129 187 190
130 131 187 94
131 130 187 189
131 132 187 93
132 131 187 188
132 133 187 92
133 132 187 187
133 134 187 91
134 133 187 186
134 135 187 90
135 134 187 185
135 136 187 89
136 135 187 184
136 137 187 88
137 136 187 183
137 138 187 87
138 137 187 182
138 139 187 86
139 138 187 181
139 140 187 85
140 139 187 180
140 141 187 84
141 140 187 179
141 142 187 83
142 141 187 178
142 143 187 82
143 142 187 177
143 159 187 81
144 160 187 34
145 146 187 207
145 161 187 111
146 145 187 110
146 147 187 206
147 146 187 109
147 148 187 205
148 147 187 108
148 149 187 204
149 148 187 107
149 150 187 203
150 149 187 106
150 151 187 202
151 150 187 105
151 152 187 201
152 151 187 104
152 153 187 200
153 152 187 103
153 154 187 199
154 153 187 102
154 155 187 198
155 154 187 101
155 156 187 197
156 155 187 100
156 157 187 196
157 156 187 99
157 158 187 195
158 157 187 98
158 159 187 194
159 143 187 193
159 158 187 97
160 144 187 216
161 145 187 223
161 162 187 127
162 161 187 222
162 163 187 126
163 162 187 221
163 164 187 125
164 163 187 220
164 165 187 124
165 164 187 219
165 166 187 123
166 165 187 218
166 167 187 122
167 166 187 217
167 168 187 121
168 167 187 216
168 169 187 120
169 168 187 215
169 170 187 119
170 169 187 214
170 171 187 118
171 170 187 213
171 172 187 117
172 171 187 212
172 173 187 116
173 172 187 211
173 174 187 115
174 173 187 210
174 175 187 114
175 174 187 209
175 191 187 113
177 178 187 239
177 193 187 143
178 177 187 142
178 179 187 238
179 178 187 141
179 180 187 237
180 179 187 140
180 181 187 236
181 180 187 139
181 182 187 235
182 181 187 138
182 183 187 234
183 182 187 137
183 184 187 233
184 183 187 136
184 185 187 232
185 184 187 135
185 186 187 231
186 185 187 134
186 187 187 230
187 186 187 133
187 188 187 229
188 187 187 132
188 189 187 228
189 188 187 131
189 190 187 227
190 189 187 130
190 191 187 226
191 175 187 225
191 190 187 129
192 176 187 219
192 208 187 19
193 177 187 255
193 194 187 159
194 193 187 254
194 195 187 158
195 194 187 253
195 196 187 157
196 195 187 252
196 197 187 156
197 196 187 251
197 198 187 155
198 197 187 250
198 199 187 154
199 198 187 249
199 200 187 153
200 199 187 248
200 201 187 152
201 200 187 247
201 202 187 151
202 201 187 246
202 203 187 150
203 202 187 245
203 204 187 149
204 203 187 244
204 205 187 148
205 204 187 243
205 206 187 147
206 205 187 242
206 207 187 146
207 206 187 241
207 223 187 145
209 225 187 175
210 209 187 174
210 211 187 96
211 210 187 173
212 211 187 172
213 212 187 171
213 214 187 128
214 213 187 170
215 214 187 169
216 215 187 168
216 217 187 160
217 216 187 167
218 217 187 166
219 218 187 165
219 220 187 192
220 219 187 164
221 220 187 163
222 221 187 162
222 223 187 224
223 222 187 161
224 208 187 222
224 240 187 22
225 226 187 191
226 227 187 190
227 226 187 48
227 228 187 189
228 229 187 188
229 230 187 187
230 229 187 16
230 231 187 186
231 232 187 185
232 233 187 184
233 234 187 183
234 235 187 182
235 236 187 181
236 237 187 180
237 238 187 179
238 239 187 178
239 255 187 177
241 240 187 207
242 241 187 206
243 242 187 205
244 243 187 204
245 244 187 203
246 245 187 202
247 246 187 201
248 247 187 200
249 248 187 199
249 250 187 15
250 249 187 198
250 251 187 14
251 250 187 197
251 252 187 13
252 251 187 196
252 253 187 12
253 252 187 195
253 254 187 11
254 253 187 194
254 255 187 10
255 239 187 9
255 254 187 193
0 1 189 231
1 2 189 232
2 3 189 233
3 4 189 234
4 5 189 235
5 6 189 236
6 7 189 237
7 8 189 238
8 9 189 239
17 33 189 176
20 19 189 208
23 22 189 240
24 23 189 241
25 24 189 242
26 25 189 243
27 26 189 244
28 27 189 245
29 28 189 246
30 29 189 247
31 30 189 248
32 16 189 228
32 48 189 45
33 34 189 160
36 37 189 128
39 40 189 96
42 43 189 64
45 46 189 32
64 48 189 225
64 80 189 42
80 64 189 209
96 112 189 39
112 96 189 212
128 144 189 36
144 128 189 215
160 176 189 33
176 160 189 218
176 192 189 17
208 192 189 221
208 224 189 20
209 210 189 80
212 213 189 112
215 216 189 144
218 219 189 176
221 222 189 208
225 209 189 64
228 227 189 32
231 230 189 0
232 231 189 1
233 232 189 2
234 233 189 3
235 234 189 4
236 235 189 5
237 236 189 6
238 237 189 7
239 238 189 8
240 241 189 23
241 242 189 24
242 243 189 25
243 244 189 26
244 245 189 27
245 246 189 28
246 247 189 29
247 248 189 30
248 249 189 31
0 16 191 63
1 0 191 62
2 1 191 61
3 2 191 60
4 3 191 59
5 4 191 58
6 5 191 57
7 6 191 56
8 7 191 55
9 8 191 54
10 9 191 53
10 11 191 255
11 10 191 52
11 12 191 254
12 11 191 51
12 13 191 253
13 12 191 50
13 14 191 252
14 13 191 49
14 15 191 251
15 31 191 250
16 0 191 229
16 32 191 47
18 17 191 192
18 19 191 79
19 20 191 78
20 21 191 77
21 20 191 224
21 22 191 76
22 23 191 75
23 24 191 74
24 25 191 73
25 26 191 72
26 27 191 71
27 28 191 70
28 29 191 69
29 30 191 68
30 31 191 67
31 15 191 66
33 17 191 94
34 33 191 93
35 34 191 92
35 36 191 144
36 35 191 91
37 36 191 90
38 37 191 89
38 39 191 112
39 38 191 88
40 39 191 87
41 40 191 86
41 42 191 80
42 41 191 85
43 42 191 84
44 43 191 83
44 45 191 48
45 44 191 82
46 45 191 81
47 63 191 16
48 32 191 226
48 64 191 44
49 65 191 14
50 49 191 13
50 51 191 111
51 50 191 12
51 52 191 110
52 51 191 11
52 53 191 109
53 52 191 10
53 54 191 108
54 53 191 9
54 55 191 107
55 54 191 8
55 56 191 106
56 55 191 7
56 57 191 105
57 56 191 6
57 58 191 104
58 57 191 5
58 59 191 103
59 58 191 4
59 60 191 102
60 59 191 3
60 61 191 101
61 60 191 2
61 62 191 100
62 61 191 1
62 63 191 99
63 47 191 98
63 62 191 0
65 49 191 126
66 65 191 125
66 67 191 31
67 66 191 124
67 68 191 30
68 67 191 123
68 69 191 29
69 68 191 122
69 70 191 28
70 69 191 121
70 71 191 27
71 70 191 120
71 72 191 26
72 71 191 119
72 73 191 25
73 72 191 118
73 74 191 24
74 73 191 117
74 75 191 23
75 74 191 116
75 76 191 22
76 75 191 115
76 77 191 21
77 76 191 114
77 78 191 20
78 77 191 113
78 79 191 19
79 95 191 18
80 96 191 41
81 97 191 46
82 81 191 45
82 83 191 143
83 82 191 44
83 84 191 142
84 83 191 43
84 85 191 141
85 84 191 42
85 86 191 140
86 85 191 41
86 87 191 139
87 86 191 40
87 88 191 138
88 87 191 39
88 89 191 137
89 88 191 38
89 90 191 136
90 89 191 37
90 91 191 135
91 90 191 36
91 92 191 134
92 91 191 35
92 93 191 133
93 92 191 34
93 94 191 132
94 93 191 33
94 95 191 131
95 79 191 130
96 80 191 211
97 81 191 158
98 97 191 157
98 99 191 63
99 98 191 156
99 100 191 62
100 99 191 155
100 101 191 61
101 100 191 154
101 102 191 60
102 101 191 153
102 103 191 59
103 102 191 152
103 104 191 58
104 103 191 151
104 105 191 57
105 104 191 150
105 106 191 56
106 105 191 149
106 107 191 55
107 106 191 148
107 108 191 54
108 107 191 147
108 109 191 53
109 108 191 146
109 110 191 52
110 109 191 145
110 111 191 51
111 127 191 50
112 128 191 38
113 129 191 78
114 113 191 77
114 115 191 175
115 114 191 76
115 116 191 174
116 115 191 75
116 117 191 173
117 116 191 74
117 118 191 172
118 117 191 73
118 119 191 171
119 118 191 72
119 120 191 170
120 119 191 71
120 121 191 169
121 120 191 70
121 122 191 168
122 121 191 69
122 123 191 167
123 122 191 68
123 124 191 166
124 123 191 67
124 125 191 165
125 124 191 66
125 126 191 164
126 125 191 65
126 127 191 163
127 111 191 162
128 112 191 214
129 113 191 190
130 129 191 189
130 131 191 95
131 130 191 188
131 132 191 94
132 131 191 187
132 133 191 93
133 132 191 186
133 134 191 92
134 133 191 185
134 135 191 91
135 134 191 184
135 136 191 90
136 135 191 183
136 137 191 89
137 136 191 182
137 138 191 88
138 137 191 181
138 139 191 87
139 138 191 180
139 140 191 86
140 139 191 179
140 141 191 85
141 140 191 178
141 142 191 84
142 141 191 177
142 143 191 83
143 159 191 82
144 160 191 35
145 161 191 110
146 145 191 109
146 147 191 207
147 146 191 108
147 148 191 206
148 147 191 107
148 149 191 205
149 148 191 106
149 150 191 204
150 149 191 105
150 151 191 203
151 150 191 104
151 152 191 202
152 151 191 103
152 153 191 201
153 152 191 102
153 154 191 200
154 153 191 101
154 155 191 199
155 154 191 100
155 156 191 198
156 155 191 99
156 157 191 197
157 156 191 98
157 158 191 196
158 157 191 97
158 159 191 195
159 143 191 194
160 144 191 217
161 145 191 222
162 161 191 221
162 163 191 127
163 162 191 220
163 164 191 126
164 163 191 219
164 165 191 125
165 164 191 218
165 166 191 124
166 165 191 217
166 167 191 123
167 166 191 216
167 168 191 122
168 167 191 215
168 169 191 121
169 168 191 214
169 170 191 120
170 169 191 213
170 171 191 119
171 170 191 212
171 172 191 118
172 171 191 211
172 173 191 117
173 172 191 210
173 174 191 116
174 173 191 209
174 175 191 115
175 191 191 114
177 193 191 142
178 177 191 141
178 179 191 239
179 178 191 140
179 180 191 238
180 179 191 139
180 181 191 237
181 180 191 138
181 182 191 236
182 181 191 137
182 183 191 235
183 182 191 136
183 184 191 234
184 183 191 135
184 185 191 233
185 184 191 134
185 186 191 232
186 185 191 133
186 187 191 231
187 186 191 132
187 188 191 230
188 187 191 131
188 189 191 229
189 188 191 130
189 190 191 228
190 189 191 129
190 191 191 227
191 175 191 226
192 176 191 220
192 208 191 18
193 177 191 254
194 193 191 253
194 195 191 159
195 194 191 252
195 196 191 158
196 195 191 251
196 197 191 157
197 196 191 250
197 198 191 156
198 197 191 249
198 199 191 155
199 198 191 248
199 200 191 154
200 199 191 247
200 201 191 153
201 200 191 246
201 202 191 152
202 201 191 245
202 203 191 151
203 202 191 244
203 204 191 150
204 203 191 243
204 205 191 149
205 204 191 242
205 206 191 148
206 205 191 241
206 207 191 147
207 206 191 240
207 223 191 146
209 225 191 174
210 209 191 173
211 210 191 172
211 212 191 96
212 211 191 171
213 212 191 170
214 213 191 169
214 215 191 128
215 214 191 168
216 215 191 167
217 216 191 166
217 218 191 160
218 217 191 165
219 218 191 164
220 219 191 163
220 221 191 192
221 220 191 162
222 221 191 161
223 207 191 224
224 208 191 223
224 240 191 21
226 225 191 48
226 227 191 191
227 228 191 190
228 229 191 189
229 228 191 16
229 230 191 188
230 231 191 187
231 232 191 186
232 233 191 185
233 234 191 184
234 235 191 183
235 236 191 182
236 237 191 181
237 238 191 180
238 239 191 179
239 255 191 178
240 224 191 207
241 240 191 206
242 241 191 205
243 242 191 204
244 243 191 203
245 244 191 202
246 245 191 201
247 246 191 200
248 247 191 199
249 248 191 198
250 249 191 197
250 251 191 15
251 250 191 196
251 252 191 14
252 251 191 195
252 253 191 13
253 252 191 194
253 254 191 12
254 253 191 193
254 255 191 11
255 239 191 10
0 1 193 230
1 2 193 231
2 3 193 232
3 4 193 233
4 5 193 234
5 6 193 235
6 7 193 236
7 8 193 237
8 9 193 238
9 10 193 239
15 14 193 65
17 18 193 95
19 18 193 208
22 21 193 240
23 22 193 241
24 23 193 242
25 24 193 243
26 25 193 244
27 26 193 245
28 27 193 246
29 28 193 247
30 29 193 248
31 30 193 249
32 16 193 227
32 48 193 46
34 35 193 160
37 38 193 128
40 41 193 96
43 44 193 64
46 47 193 32
47 46 193 97
49 50 193 127
64 80 193 43
65 66 193 15
79 78 193 129
80 64 193 210
81 82 193 159
95 94 193 17
96 112 193 40
97 98 193 47
111 110 193 161
112 96 193 213
113 114 193 191
127 126 193 49
128 144 193 37
129 130 193 79
143 142 193 193
144 128 193 216
145 146 193 223
159 158 193 81
160 176 193 34
161 162 193 111
175 174 193 225
176 160 193 219
177 178 193 255
191 190 193 113
193 194 193 143
208 192 193 222
208 224 193 19
210 211 193 80
213 214 193 112
216 217 193 144
219 220 193 176
222 223 193 208
223 222 193 145
225 226 193 175
227 226 193 32
230 229 193 0
231 230 193 1
232 231 193 2
233 232 193 3
234 233 193 4
235 234 193 5
236 235 193 6
237 236 193 7
238 237 193 8
239 238 193 9
240 241 193 22
241 242 193 23
242 243 193 24
243 244 193 25
244 245 193 26
245 246 193 27
246 247 193 28
247 248 193 29
248 249 193 30
249 250 193 31
255 254 193 177
0 16 195 62
1 0 195 61
2 1 195 60
3 2 195 59
4 3 195 58
5 4 195 57
6 5 195 56
7 6 195 55
8 7 195 54
9 8 195 53
10 9 195 52
11 10 195 51
11 12 195 255
12 11 195 50
12 13 195 254
13 12 195 49
13 14 195 253
14 15 195 252
15 31 195 251
16 0 195 228
17 33 195 192
19 20 195 79
20 19 195 224
20 21 195 78
21 22 195 77
22 23 195 76
23 24 195 75
24 25 195 74
25 26 195 73
26 27 195 72
27 28 195 71
28 29 195 70
29 30 195 69
30 31 195 68
31 15 195 67
33 17 195 93
33 34 195 176
34 33 195 92
35 34 195 91
36 35 195 90
36 37 195 144
37 36 195 89
38 37 195 88
39 38 195 87
39 40 195 112
40 39 195 86
41 40 195 85
42 41 195 84
42 43 195 80
43 42 195 83
44 43 195 82
45 44 195 81
45 46 195 48
48 32 195 225
48 64 195 45
49 65 195 13
50 49 195 12
51 50 195 11
51 52 195 111
52 51 195 10
52 53 195 110
53 52 195 9
53 54 195 109
54 53 195 8
54 55 195 108
55 54 195 7
55 56 195 107
56 55 195 6
56 57 195 106
57 56 195 5
57 58 195 105
58 57 195 4
58 59 195 104
59 58 195 3
59 60 195 103
60 59 195 2
60 61 195 102
61 60 195 1
61 62 195 101
62 61 195 0
62 63 195 100
63 47 195 99
64 48 195 209
65 49 195 125
66 65 195 124
67 66 195 123
67 68 195 31
68 67 195 122
68 69 195 30
69 68 195 121
69 70 195 29
70 69 195 120
70 71 195 28
71 70 195 119
71 72 195 27
72 71 195 118
72 73 195 26
73 72 195 117
73 74 195 25
74 73 195 116
74 75 195 24
75 74 195 115
75 76 195 23
76 75 195 114
76 77 195 22
77 76 195 113
77 78 195 21
78 79 195 20
79 95 195 19
80 96 195 42
81 97 195 45
82 81 195 44
83 82 195 43
83 84 195 143
84 83 195 42
84 85 195 142
85 84 195 41
85 86 195 141
86 85 195 40
86 87 195 140
87 86 195 39
87 88 195 139
88 87 195 38
88 89 195 138
89 88 195 37
89 90 195 137
90 89 195 36
90 91 195 136
91 90 195 35
91 92 195 135
92 91 195 34
92 93 195 134
93 92 195 33
93 94 195 133
94 95 195 132
95 79 195 131
96 80 195 212
97 81 195 157
98 97 195 156
99 98 195 155
99 100 195 63
100 99 195 154
100 101 195 62
101 100 195 153
101 102 195 61
102 101 195 152
102 103 195 60
103 102 195 151
103 104 195 59
104 103 195 150
104 105 195 58
105 104 195 149
105 106 195 57
106 105 195 148
106 107 195 56
107 106 195 147
107 108 195 55
108 107 195 146
108 109 195 54
109 108 195 145
109 110 195 53
110 111 195 52
111 127 195 51
112 128 195 39
113 129 195 77
114 113 195 76
115 114 195 75
115 116 195 175
116 115 195 74
116 117 195 174
117 116 195 73
117 118 195 173
118 117 195 72
118 119 195 172
119 118 195 71
119 120 195 171
120 119 195 70
120 121 195 170
121 120 195 69
121 122 195 169
122 121 195 68
122 123 195 168
123 122 195 67
123 124 195 167
124 123 195 66
124 125 195 166
125 124 195 65
125 126 195 165
126 127 195 164
127 111 195 163
128 112 195 215
129 113 195 189
130 129 195 188
131 130 195 187
131 132 195 95
132 131 195 186
132 133 195 94
133 132 195 185
133 134 195 93
134 133 195 184
134 135 195 92
135 134 195 183
135 136 195 91
136 135 195 182
136 137 195 90
137 136 195 181
137 138 195 89
138 137 195 180
138 139 195 88
139 138 195 179
139 140 195 87
140 139 195 178
140 141 195 86
141 140 195 177
141 142 195 85
142 143 195 84
143 159 195 83
144 160 195 36
145 161 195 109
146 145 195 108
147 146 195 107
147 148 195 207
148 147 195 106
148 149 195 206
149 148 195 105
149 150 195 205
150 149 195 104
150 151 195 204
151 150 195 103
151 152 195 203
152 151 195 102
152 153 195 202
153 152 195 101
153 154 195 201
154 153 195 100
154 155 195 200
155 154 195 99
155 156 195 199
156 155 195 98
156 157 195 198
157 156 195 97
157 158 195 197
158 159 195 196
159 143 195 195
160 144 195 218
161 145 195 221
162 161 195 220
163 162 195 219
163 164 195 127
164 163 195 218
164 165 195 126
165 164 195 217
165 166 195 125
166 165 195 216
166 167 195 124
167 166 195 215
167 168 195 123
168 167 195 214
168 169 195 122
169 168 195 213
169 170 195 121
170 169 195 212
170 171 195 120
171 170 195 211
171 172 195 119
172 171 195 210
172 173 195 118
173 172 195 209
173 174 195 117
174 175 195 116
175 191 195 115
176 192 195 33
177 193 195 141
178 177 195 140
179 178 195 139
179 180 195 239
180 179 195 138
180 181 195 238
181 180 195 137
181 182 195 237
182 181 195 136
182 183 195 236
183 182 195 135
183 184 195 235
184 183 195 134
184 185 195 234
185 184 195 133
185 186 195 233
186 185 195 132
186 187 195 232
187 186 195 131
187 188 195 231
188 187 195 130
188 189 195 230
189 188 195 129
189 190 195 229
190 191 195 228
191 175 195 227
192 176 195 221
192 208 195 17
193 177 195 253
194 193 195 252
195 194 195 251
195 196 195 159
196 195 195 250
196 197 195 158
197 196 195 249
197 198 195 157
198 197 195 248
198 199 195 156
199 198 195 247
199 200 195 155
200 199 195 246
200 201 195 154
201 200 195 245
201 202 195 153
202 201 195 244
202 203 195 152
203 202 195 243
203 204 195 151
204 203 195 242
204 205 195 150
205 204 195 241
205 206 195 149
206 205 195 240
206 207 195 148
207 223 195 147
209 210 195 64
209 225 195 173
210 209 195 172
211 210 195 171
212 211 195 170
212 213 195 96
213 212 195 169
214 213 195 168
215 214 195 167
215 216 195 128
216 215 195 166
217 216 195 165
218 217 195 164
218 219 195 160
219 218 195 163
220 219 195 162
221 220 195 161
221 222 195 192
224 240 195 20
225 209 195 48
227 228 195 191
228 227 195 16
228 229 195 190
229 230 195 189
230 231 195 188
231 232 195 187
232 233 195 186
233 234 195 185
234 235 195 184
235 236 195 183
236 237 195 182
237 238 195 181
238 239 195 180
239 255 195 179
240 224 195 206
241 240 195 205
242 241 195 204
243 242 195 203
244 243 195 202
245 244 195 201
246 245 195 200
247 246 195 199
248 247 195 198
249 248 195 197
250 249 195 196
251 250 195 195
251 252 195 15
252 251 195 194
252 253 195 14
253 252 195 193
253 254 195 13
254 255 195 12
255 239 195 11
0 1 197 229
1 2 197 230
2 3 197 231
3 4 197 232
4 5 197 233
5 6 197 234
6 7 197 235
7 8 197 236
8 9 197 237
9 10 197 238
10 11 197 239
14 13 197 65
15 14 197 66
16 32 197 63
17 18 197 94
18 17 197 208
18 19 197 95
21 20 197 240
22 21 197 241
23 22 197 242
24 23 197 243
25 24 197 244
26 25 197 245
27 26 197 246
28 27 197 247
29 28 197 248
30 29 197 249
31 30 197 250
32 16 197 226
32 48 197 47
35 36 197 160
38 39 197 128
41 42 197 96
44 45 197 64
46 45 197 97
47 46 197 98
47 63 197 32
49 50 197 126
50 51 197 127
63 62 197 16
64 80 197 44
65 66 197 14
66 67 197 15
78 77 197 129
79 78 197 130
80 64 197 211
81 82 197 158
82 83 197 159
94 93 197 17
95 94 197 18
96 112 197 41
97 98 197 46
98 99 197 47
110 109 197 161
111 110 197 162
112 96 197 214
113 114 197 190
114 115 197 191
126 125 197 49
127 126 197 50
128 144 197 38
129 130 197 78
130 131 197 79
142 141 197 193
143 142 197 194
144 128 197 217
145 146 197 222
146 147 197 223
158 157 197 81
159 158 197 82
160 176 197 35
161 162 197 110
162 163 197 111
174 173 197 225
175 174 197 226
176 160 197 220
177 178 197 254
178 179 197 255
190 189 197 113
191 190 197 114
193 194 197 142
194 195 197 143
207 206 197 224
208 192 197 223
208 224 197 18
211 212 197 80
214 215 197 112
217 218 197 144
220 221 197 176
222 221 197 145
223 207 197 208
223 222 197 146
224 208 197 207
225 226 197 174
226 225 197 32
226 227 197 175
229 228 197 0
230 229 197 1
231 230 197 2
232 231 197 3
233 232 197 4
234 233 197 5
235 234 197 6
236 235 197 7
237 236 197 8
238 237 197 9
239 238 197 10
240 241 197 21
241 242 197 22
242 243 197 23
243 244 197 24
244 245 197 25
245 246 197 26
246 247 197 27
247 248 197 28
248 249 197 29
249 250 197 30
250 251 197 31
254 253 197 177
255 254 197 178
0 16 199 61
1 0 199 60
2 1 199 59
3 2 199 58
4 3 199 57
5 4 199 56
6 5 199 55
7 6 199 54
8 7 199 53
9 8 199 52
10 9 199 51
11 10 199 50
12 11 199 49
12 13 199 255
13 14 199 254
14 15 199 253
15 31 199 252
16 0 199 227
19 18 199 224
20 21 199 79
21 22 199 78
22 23 199 77
23 24 199 76
24 25 199 75
25 26 199 74
26 27 199 73
27 28 199 72
28 29 199 71
29 30 199 70
30 31 199 69
31 15 199 68
33 17 199 92
34 33 199 91
34 35 199 176
35 34 199 90
36 35 199 89
37 36 199 88
37 38 199 144
38 37 199 87
39 38 199 86
40 39 199 85
40 41 199 112
41 40 199 84
42 41 199 83
43 42 199 82
43 44 199 80
44 43 199 81
46 47 199 48
48 64 199 46
49 65 199 12
50 49 199 11
51 50 199 10
52 51 199 9
52 53 199 111
53 52 199 8
53 54 199 110
54 53 199 7
54 55 199 109
55 54 199 6
55 56 199 108
56 55 199 5
56 57 199 107
57 56 199 4
57 58 199 106
58 57 199 3
58 59 199 105
59 58 199 2
59 60 199 104
60 59 199 1
60 61 199 103
61 60 199 0
61 62 199 102
62 63 199 101
63 47 199 100
64 48 199 210
65 49 199 124
66 65 199 123
67 66 199 122
68 67 199 121
68 69 199 31
69 68 199 120
69 70 199 30
70 69 199 119
70 71 199 29
71 70 199 118
71 72 199 28
72 71 199 117
72 73 199 27
73 72 199 116
73 74 199 26
74 73 199 115
74 75 199 25
75 74 199 114
75 76 199 24
76 75 199 113
76 77 199 23
77 78 199 22
78 79 199 21
79 95 199 20
80 96 199 43
81 97 199 44
82 81 199 43
83 82 199 42
84 83 199 41
84 85 199 143
85 84 199 40
85 86 199 142
86 85 199 39
86 87 199 141
87 86 199 38
87 88 199 140
88 87 199 37
88 89 199 139
89 88 199 36
89 90 199 138
90 89 199 35
90 91 199 137
91 90 199 34
91 92 199 136
92 91 199 33
92 93 199 135
93 94 199 134
94 95 199 133
95 79 199 132
96 80 199 213
97 81 199 156
98 97 199 155
99 98 199 154
100 99 199 153
100 101 199 63
101 100 199 152
101 102 199 62
102 101 199 151
102 103 199 61
103 102 199 150
103 104 199 60
104 103 199 149
104 105 199 59
105 104 199 148
105 106 199 58
106 105 199 147
106 107 199 57
107 106 199 146
107 108 199 56
108 107 199 145
108 109 199 55
109 110 199 54
110 111 199 53
111 127 199 52
112 128 199 40
113 129 199 76
114 113 199 75
115 114 199 74
116 115 199 73
116 117 199 175
117 116 199 72
117 118 199 174
118 117 199 71
118 119 199 173
119 118 199 70
119 120 199 172
120 119 199 69
120 121 199 171
121 120 199 68
121 122 199 170
122 121 199 67
122 123 199 169
123 122 199 66
123 124 199 168
124 123 199 65
124 125 199 167
125 126 199 166
126 127 199 165
127 111 199 164
128 112 199 216
129 113 199 188
130 129 199 187
131 130 199 186
132 131 199 185
132 133 199 95
133 132 199 184
133 134 199 94
134 133 199 183
134 135 199 93
135 134 199 182
135 136 199 92
136 135 199 181
136 137 199 91
137 136 199 180
137 138 199 90
138 137 199 179
138 139 199 89
139 138 199 178
139 140 199 88
140 139 199 177
140 141 199 87
141 142 199 86
142 143 199 85
143 159 199 84
144 160 199 37
145 161 199 108
146 145 199 107
147 146 199 106
148 147 199 105
148 149 199 207
149 148 199 104
149 150 199 206
150 149 199 103
150 151 199 205
151 150 199 102
151 152 199 204
152 151 199 101
152 153 199 203
153 152 199 100
153 154 199 202
154 153 199 99
154 155 199 201
155 154 199 98
155 156 199 200
156 155 199 97
156 157 199 199
157 158 199 198
158 159 199 197
159 143 199 196
160 144 199 219
161 145 199 220
162 161 199 219
163 162 199 218
164 163 199 217
164 165 199 127
165 164 199 216
165 166 199 126
166 165 199 215
166 167 199 125
167 166 199 214
167 168 199 124
168 167 199 213
168 169 199 123
169 168 199 212
169 170 199 122
170 169 199 211
170 171 199 121
171 170 199 210
171 172 199 120
172 171 199 209
172 173 199 119
173 174 199 118
174 175 199 117
175 191 199 116
176 192 199 34
177 193 199 140
178 177 199 139
179 178 199 138
180 179 199 137
180 181 199 239
181 180 199 136
181 182 199 238
182 181 199 135
182 183 199 237
183 182 199 134
183 184 199 236
184 183 199 133
184 185 199 235
185 184 199 132
185 186 199 234
186 185 199 131
186 187 199 233
187 186 199 130
187 188 199 232
188 187 199 129
188 189 199 231
189 190 199 230
190 191 199 229
191 175 199 228
192 176 199 222
193 177 199 252
194 193 199 251
195 194 199 250
196 195 199 249
196 197 199 159
197 196 199 248
197 198 199 158
198 197 199 247
198 199 199 157
199 198 199 246
199 200 199 156
200 199 199 245
200 201 199 155
201 200 199 244
201 202 199 154
202 201 199 243
202 203 199 153
203 202 199 242
203 204 199 152
204 203 199 241
204 205 199 151
205 204 199 240
205 206 199 150
206 207 199 149
207 223 199 148
209 225 199 172
210 209 199 171
210 211 199 64
211 210 199 170
212 211 199 169
213 212 199 168
213 214 199 96
214 213 199 167
215 214 199 166
216 215 199 165
216 217 199 128
217 216 199 164
218 217 199 163
219 218 199 162
219 220 199 160
220 219 199 161
222 223 199 192
224 240 199 19
227 226 199 16
228 229 199 191
229 230 199 190
230 231 199 189
231 232 199 188
232 233 199 187
233 234 199 186
234 235 199 185
235 236 199 184
236 237 199 183
237 238 199 182
238 239 199 181
239 255 199 180
240 224 199 205
241 240 199 204
242 241 199 203
243 242 199 202
244 243 199 201
245 244 199 200
246 245 199 199
247 246 199 198
248 247 199 197
249 248 199 196
250 249 199 195
251 250 199 194
252 251 199 193
252 253 199 15
253 254 199 14
254 255 199 13
255 239 199 12
0 1 201 228
1 2 201 229
2 3 201 230
3 4 201 231
4 5 201 232
5 6 201 233
6 7 201 234
7 8 201 235
8 9 201 236
9 10 201 237
10 11 201 238
11 12 201 239
13 12 201 65
14 13 201 66
15 14 201 67
16 32 201 62
17 18 201 93
17 33 201 208
18 19 201 94
19 20 201 95
20 19 201 240
21 20 201 241
22 21 201 242
23 22 201 243
24 23 201 244
25 24 201 245
26 25 201 246
27 26 201 247
28 27 201 248
29 28 201 249
30 29 201 250
31 30 201 251
32 16 201 225
33 34 201 192
36 37 201 160
39 40 201 128
42 43 201 96
45 44 201 97
45 46 201 64
46 45 201 98
47 46 201 99
48 32 201 209
49 50 201 125
50 51 201 126
51 52 201 127
62 61 201 16
64 80 201 45
65 66 201 13
66 67 201 14
67 68 201 15
77 76 201 129
78 77 201 130
79 78 201 131
80 64 201 212
81 82 201 157
82 83 201 158
83 84 201 159
93 92 201 17
94 93 201 18
95 94 201 19
96 112 201 42
97 98 201 45
98 99 201 46
99 100 201 47
109 108 201 161
110 109 201 162
111 110 201 163
112 96 201 215
113 114 201 189
114 115 201 190
115 116 201 191
125 124 201 49
126 125 201 50
127 126 201 51
128 144 201 39
129 130 201 77
130 131 201 78
131 132 201 79
141 140 201 193
142 141 201 194
143 142 201 195
144 128 201 218
145 146 201 221
146 147 201 222
147 148 201 223
157 156 201 81
158 157 201 82
159 158 201 83
160 176 201 36
161 162 201 109
162 163 201 110
163 164 201 111
173 172 201 225
174 173 201 226
175 174 201 227
176 160 201 221
177 178 201 253
178 179 201 254
179 180 201 255
189 188 201 113
190 189 201 114
191 190 201 115
192 208 201 33
193 194 201 141
194 195 201 142
195 196 201 143
206 205 201 224
208 224 201 17
209 210 201 48
212 213 201 80
215 216 201 112
218 219 201 144
221 220 201 145
221 222 201 176
222 221 201 146
223 222 201 147
224 208 201 206
225 209 201 32
225 226 201 173
226 227 201 174
227 228 201 175
228 227 201 0
229 228 201 1
230 229 201 2
231 230 201 3
232 231 201 4
233 232 201 5
234 233 201 6
235 234 201 7
236 235 201 8
237 236 201 9
238 237 201 10
239 238 201 11
240 241 201 20
241 242 201 21
242 243 201 22
243 244 201 23
244 245 201 24
245 246 201 25
246 247 201 26
247 248 201 27
248 249 201 28
249 250 201 29
250 251 201 30
251 252 201 31
253 252 201 177
254 253 201 178
255 254 201 179
0 16 203 60
1 0 203 59
2 1 203 58
3 2 203 57
4 3 203 56
5 4 203 55
6 5 203 54
7 6 203 53
8 7 203 52
9 8 203 51
10 9 203 50
11 10 203 49
13 14 203 255
14 15 203 254
15 31 203 253
16 0 203 226
18 17 203 224
21 22 203 79
22 23 203 78
23 24 203 77
24 25 203 76
25 26 203 75
26 27 203 74
27 28 203 73
28 29 203 72
29 30 203 71
30 31 203 70
31 15 203 69
32 48 203 63
33 17 203 91
34 33 203 90
35 34 203 89
35 36 203 176
36 35 203 88
37 36 203 87
38 37 203 86
38 39 203 144
39 38 203 85
40 39 203 84
41 40 203 83
41 42 203 112
42 41 203 82
43 42 203 81
44 45 203 80
47 63 203 48
48 64 203 47
49 65 203 11
50 49 203 10
51 50 203 9
52 51 203 8
53 52 203 7
53 54 203 111
54 53 203 6
54 55 203 110
55 54 203 5
55 56 203 109
56 55 203 4
56 57 203 108
57 56 203 3
57 58 203 107
58 57 203 2
58 59 203 106
59 58 203 1
59 60 203 105
60 59 203 0
60 61 203 104
61 62 203 103
62 63 203 102
63 47 203 101
63 62 203 32
64 48 203 211
65 49 203 123
66 65 203 122
67 66 203 121
68 67 203 120
69 68 203 119
69 70 203 31
70 69 203 118
70 71 203 30
71 70 203 117
71 72 203 29
72 71 203 116
72 73 203 28
73 72 203 115
73 74 203 27
74 73 203 114
74 75 203 26
75 74 203 113
75 76 203 25
76 77 203 24
77 78 203 23
78 79 203 22
79 95 203 21
80 96 203 44
81 97 203 43
82 81 203 42
83 82 203 41
84 83 203 40
85 84 203 39
85 86 203 143
86 85 203 38
86 87 203 142
87 86 203 37
87 88 203 141
88 87 203 36
88 89 203 140
89 88 203 35
89 90 203 139
90 89 203 34
90 91 203 138
91 90 203 33
91 92 203 137
92 93 203 136
93 94 203 135
94 95 203 134
95 79 203 133
96 80 203 214
97 81 203 155
98 97 203 154
99 98 203 153
100 99 203 152
101 100 203 151
101 102 203 63
102 101 203 150
102 103 203 62
103 102 203 149
103 104 203 61
104 103 203 148
104 105 203 60
105 104 203 147
105 106 203 59
106 105 203 146
106 107 203 58
107 106 203 145
107 108 203 57
108 109 203 56
109 110 203 55
110 111 203 54
111 127 203 53
112 128 203 41
113 129 203 75
114 113 203 74
115 114 203 73
116 115 203 72
117 116 203 71
117 118 203 175
118 117 203 70
118 119 203 174
119 118 203 69
119 120 203 173
120 119 203 68
120 121 203 172
121 120 203 67
121 122 203 171
122 121 203 66
122 123 203 170
123 122 203 65
123 124 203 169
124 125 203 168
125 126 203 167
126 127 203 166
127 111 203 165
128 112 203 217
129 113 203 187
130 129 203 186
131 130 203 185
132 131 203 184
133 132 203 183
133 134 203 95
134 133 203 182
134 135 203 94
135 134 203 181
135 136 203 93
136 135 203 180
136 137 203 92
137 136 203 179
137 138 203 91
138 137 203 178
138 139 203 90
139 138 203 177
139 140 203 89
140 141 203 88
141 142 203 87
142 143 203 86
143 159 203 85
144 160 203 38
145 161 203 107
146 145 203 106
147 146 203 105
148 147 203 104
149 148 203 103
149 150 203 207
150 149 203 102
150 151 203 206
151 150 203 101
151 152 203 205
152 151 203 100
152 153 203 204
153 152 203 99
153 154 203 203
154 153 203 98
154 155 203 202
155 154 203 97
155 156 203 201
156 157 203 200
157 158 203 199
158 159 203 198
159 143 203 197
160 144 203 220
161 145 203 219
162 161 203 218
163 162 203 217
164 163 203 216
165 164 203 215
165 166 203 127
166 165 203 214
166 167 203 126
167 166 203 213
167 168 203 125
168 167 203 212
168 169 203 124
169 168 203 211
169 170 203 123
170 169 203 210
170 171 203 122
171 170 203 209
171 172 203 121
172 173 203 120
173 174 203 119
174 175 203 118
175 191 203 117
176 192 203 35
177 193 203 139
178 177 203 138
179 178 203 137
180 179 203 136
181 180 203 135
181 182 203 239
182 181 203 134
182 183 203 238
183 182 203 133
183 184 203 237
184 183 203 132
184 185 203 236
185 184 203 131
185 186 203 235
186 185 203 130
186 187 203 234
187 186 203 129
187 188 203 233
188 189 203 232
189 190 203 231
190 191 203 230
191 175 203 229
192 176 203 223
193 177 203 251
194 193 203 250
195 194 203 249
196 195 203 248
197 196 203 247
197 198 203 159
198 197 203 246
198 199 203 158
199 198 203 245
199 200 203 157
200 199 203 244
200 201 203 156
201 200 203 243
201 202 203 155
202 201 203 242
202 203 203 154
203 202 203 241
203 204 203 153
204 203 203 240
204 205 203 152
205 206 203 151
206 207 203 150
207 206 203 208
207 223 203 149
208 192 203 207
209 225 203 171
210 209 203 170
211 210 203 169
211 212 203 64
212 211 203 168
213 212 203 167
214 213 203 166
214 215 203 96
215 214 203 165
216 215 203 164
217 216 203 163
217 218 203 128
218 217 203 162
219 218 203 161
220 221 203 160
223 207 203 192
224 240 203 18
226 225 203 16
229 230 203 191
230 231 203 190
231 232 203 189
232 233 203 188
233 234 203 187
234 235 203 186
235 236 203 185
236 237 203 184
237 238 203 183
238 239 203 182
239 255 203 181
240 224 203 204
241 240 203 203
242 241 203 202
243 242 203 201
244 243 203 200
245 244 203 199
246 245 203 198
247 246 203 197
248 247 203 196
249 248 203 195
250 249 203 194
251 250 203 193
253 254 203 15
254 255 203 14
255 239 203 13
0 1 205 227
1 2 205 228
2 3 205 229
3 4 205 230
4 5 205 231
5 6 205 232
6 7 205 233
7 8 205 234
8 9 205 235
9 10 205 236
10 11 205 237
11 12 205 238
12 11 205 65
12 13 205 239
13 12 205 66
14 13 205 67
15 14 205 68
16 32 205 61
17 18 205 92
18 19 205 93
19 18 205 240
19 20 205 94
20 19 205 241
20 21 205 95
21 20 205 242
22 21 205 243
23 22 205 244
24 23 205 245
25 24 205 246
26 25 205 247
27 26 205 248
28 27 205 249
29 28 205 250
30 29 205 251
31 30 205 252
34 35 205 192
37 38 205 160
40 41 205 128
43 44 205 96
44 43 205 97
45 44 205 98
46 45 205 99
46 47 205 64
47 46 205 100
48 32 205 210
49 50 205 124
50 51 205 125
51 52 205 126
52 53 205 127
61 60 205 16
64 80 205 46
65 66 205 12
66 67 205 13
67 68 205 14
68 69 205 15
76 75 205 129
77 76 205 130
78 77 205 131
79 78 205 132
80 64 205 213
81 82 205 156
82 83 205 157
83 84 205 158
84 85 205 159
92 91 205 17
93 92 205 18
94 93 205 19
95 94 205 20
96 112 205 43
97 98 205 44
98 99 205 45
99 100 205 46
100 101 205 47
108 107 205 161
109 108 205 162
110 109 205 163
111 110 205 164
112 96 205 216
113 114 205 188
114 115 205 189
115 116 205 190
116 117 205 191
124 123 205 49
125 124 205 50
126 125 205 51
127 126 205 52
128 144 205 40
129 130 205 76
130 131 205 77
131 132 205 78
132 133 205 79
140 139 205 193
141 140 205 194
142 141 205 195
143 142 205 196
144 128 205 219
145 146 205 220
146 147 205 221
147 148 205 222
148 149 205 223
156 155 205 81
157 156 205 82
158 157 205 83
159 158 205 84
160 176 205 37
161 162 205 108
162 163 205 109
163 164 205 110
164 165 205 111
172 171 205 225
173 172 205 226
174 173 205 227
175 174 205 228
176 160 205 222
177 178 205 252
178 179 205 253
179 180 205 254
180 181 205 255
188 187 205 113
189 188 205 114
190 189 205 115
191 190 205 116
192 208 205 34
193 194 205 140
194 195 205 141
195 196 205 142
196 197 205 143
205 204 205 224
210 211 205 48
213 214 205 80
216 217 205 112
219 220 205 144
220 219 205 145
221 220 205 146
222 221 205 147
222 223 205 176
223 222 205 148
224 208 205 205
225 226 205 172
226 227 205 173
227 226 205 0
227 228 205 174
228 227 205 1
228 229 205 175
229 228 205 2
230 229 205 3
231 230 205 4
232 231 205 5
233 232 205 6
234 233 205 7
235 234 205 8
236 235 205 9
237 236 205 10
238 237 205 11
239 238 205 12
240 241 205 19
241 242 205 20
242 243 205 21
243 244 205 22
244 245 205 23
245 246 205 24
246 247 205 25
247 248 205 26
248 249 205 27
249 250 205 28
250 251 205 29
251 252 205 30
252 251 205 177
252 253 205 31
253 252 205 178
254 253 205 179
255 254 205 180
0 16 207 59
1 0 207 58
2 1 207 57
3 2 207 56
4 3 207 55
5 4 207 54
6 5 207 53
7 6 207 52
8 7 207 51
9 8 207 50
10 9 207 49
14 15 207 255
15 31 207 254
16 0 207 225
17 33 207 224
22 23 207 79
23 24 207 78
24 25 207 77
25 26 207 76
26 27 207 75
27 28 207 74
28 29 207 73
29 30 207 72
30 31 207 71
31 15 207 70
32 16 207 209
32 48 207 62
33 17 207 90
33 34 207 208
34 33 207 89
35 34 207 88
36 35 207 87
36 37 207 176
37 36 207 86
38 37 207 85
39 38 207 84
39 40 207 144
40 39 207 83
41 40 207 82
42 41 207 81
42 43 207 112
45 46 207 80
49 65 207 10
50 49 207 9
51 50 207 8
52 51 207 7
53 52 207 6
54 53 207 5
54 55 207 111
55 54 207 4
55 56 207 110
56 55 207 3
56 57 207 109
57 56 207 2
57 58 207 108
58 57 207 1
58 59 207 107
59 58 207 0
59 60 207 106
60 61 207 105
61 62 207 104
62 61 207 32
62 63 207 103
63 47 207 102
64 48 207 212
65 49 207 122
66 65 207 121
67 66 207 120
68 67 207 119
69 68 207 118
70 69 207 117
70 71 207 31
71 70 207 116
71 72 207 30
72 71 207 115
72 73 207 29
73 72 207 114
73 74 207 28
74 73 207 113
74 75 207 27
75 76 207 26
76 77 207 25
77 78 207 24
78 79 207 23
79 95 207 22
80 96 207 45
81 97 207 42
82 81 207 41
83 82 207 40
84 83 207 39
85 84 207 38
86 85 207 37
86 87 207 143
87 86 207 36
87 88 207 142
88 87 207 35
88 89 207 141
89 88 207 34
89 90 207 140
90 89 207 33
90 91 207 139
91 92 207 138
92 93 207 137
93 94 207 136
94 95 207 135
95 79 207 134
96 80 207 215
97 81 207 154
98 97 207 153
99 98 207 152
100 99 207 151
101 100 207 150
102 101 207 149
102 103 207 63
103 102 207 148
103 104 207 62
104 103 207 147
104 105 207 61
105 104 207 146
105 106 207 60
106 105 207 145
106 107 207 59
107 108 207 58
108 109 207 57
109 110 207 56
110 111 207 55
111 127 207 54
112 128 207 42
113 129 207 74
114 113 207 73
115 114 207 72
116 115 207 71
117 116 207 70
118 117 207 69
118 119 207 175
119 118 207 68
119 120 207 174
120 119 207 67
120 121 207 173
121 120 207 66
121 122 207 172
122 121 207 65
122 123 207 171
123 124 207 170
124 125 207 169
125 126 207 168
126 127 207 167
127 111 207 166
128 112 207 218
129 113 207 186
130 129 207 185
131 130 207 184
132 131 207 183
133 132 207 182
134 133 207 181
134 135 207 95
135 134 207 180
135 136 207 94
136 135 207 179
136 137 207 93
137 136 207 178
137 138 207 92
138 137 207 177
138 139 207 91
139 140 207 90
140 141 207 89
141 142 207 88
142 143 207 87
143 159 207 86
144 160 207 39
145 161 207 106
146 145 207 105
147 146 207 104
148 147 207 103
149 148 207 102
150 149 207 101
150 151 207 207
151 150 207 100
151 152 207 206
152 151 207 99
152 153 207 205
153 152 207 98
153 154 207 204
154 153 207 97
154 155 207 203
155 156 207 202
156 157 207 201
157 158 207 200
158 159 207 199
159 143 207 198
160 144 207 221
161 145 207 218
162 161 207 217
163 162 207 216
164 163 207 215
165 164 207 214
166 165 207 213
166 167 207 127
167 166 207 212
167 168 207 126
168 167 207 211
168 169 207 125
169 168 207 210
169 170 207 124
170 169 207 209
170 171 207 123
171 172 207 122
172 173 207 121
173 174 207 120
174 175 207 119
175 191 207 118
176 192 207 36
177 193 207 138
178 177 207 137
179 178 207 136
180 179 207 135
181 180 207 134
182 181 207 133
182 183 207 239
183 182 207 132
183 184 207 238
184 183 207 131
184 185 207 237
185 184 207 130
185 186 207 236
186 185 207 129
186 187 207 235
187 188 207 234
188 189 207 233
189 190 207 232
190 191 207 231
191 175 207 230
193 177 207 250
194 193 207 249
195 194 207 248
196 195 207 247
197 196 207 246
198 197 207 245
198 199 207 159
199 198 207 244
199 200 207 158
200 199 207 243
200 201 207 157
201 200 207 242
201 202 207 156
202 201 207 241
202 203 207 155
203 202 207 240
203 204 207 154
204 205 207 153
205 206 207 152
206 205 207 208
206 207 207 151
207 223 207 150
208 192 207 206
208 224 207 33
209 210 207 32
209 225 207 170
210 209 207 169
211 210 207 168
212 211 207 167
212 213 207 64
213 212 207 166
214 213 207 165
215 214 207 164
215 216 207 96
216 215 207 163
217 216 207 162
218 217 207 161
218 219 207 128
221 222 207 160
224 240 207 17
225 209 207 16
230 231 207 191
231 232 207 190
232 233 207 189
233 234 207 188
234 235 207 187
235 236 207 186
236 237 207 185
237 238 207 184
238 239 207 183
239 255 207 182
240 224 207 203
241 240 207 202
242 241 207 201
243 242 207 200
244 243 207 199
245 244 207 198
246 245 207 197
247 246 207 196
248 247 207 195
249 248 207 194
250 249 207 193
254 255 207 15
255 239 207 14
0 1 209 226
1 2 209 227
2 3 209 228
3 4 209 229
4 5 209 230
5 6 209 231
6 7 209 232
7 8 209 233
8 9 209 234
9 10 209 235
10 11 209 236
11 10 209 65
11 12 209 237
12 11 209 66
12 13 209 238
13 12 209 67
13 14 209 239
14 13 209 68
15 14 209 69
16 32 209 60
17 18 209 91
18 17 209 240
18 19 209 92
19 18 209 241
19 20 209 93
20 19 209 242
20 21 209 94
21 20 209 243
21 22 209 95
22 21 209 244
23 22 209 245
24 23 209 246
25 24 209 247
26 25 209 248
27 26 209 249
28 27 209 250
29 28 209 251
30 29 209 252
31 30 209 253
35 36 209 192
38 39 209 160
41 42 209 128
43 42 209 97
44 43 209 98
44 45 209 96
45 44 209 99
46 45 209 100
47 46 209 101
47 63 209 64
48 32 209 211
48 64 209 63
49 50 209 123
50 51 209 124
51 52 209 125
52 53 209 126
53 54 209 127
60 59 209 16
63 62 209 48
64 80 209 47
65 66 209 11
66 67 209 12
67 68 209 13
68 69 209 14
69 70 209 15
75 74 209 129
76 75 209 130
77 76 209 131
78 77 209 132
79 78 209 133
80 64 209 214
81 82 209 155
82 83 209 156
83 84 209 157
84 85 209 158
85 86 209 159
91 90 209 17
92 91 209 18
93 92 209 19
94 93 209 20
95 94 209 21
96 112 209 44
97 98 209 43
98 99 209 44
99 100 209 45
100 101 209 46
101 102 209 47
107 106 209 161
108 107 209 162
109 108 209 163
110 109 209 164
111 110 209 165
112 96 209 217
113 114 209 187
114 115 209 188
115 116 209 189
116 117 209 190
117 118 209 191
123 122 209 49
124 123 209 50
125 124 209 51
126 125 209 52
127 126 209 53
128 144 209 41
129 130 209 75
130 131 209 76
131 132 209 77
132 133 209 78
133 134 209 79
139 138 209 193
140 139 209 194
141 140 209 195
142 141 209 196
143 142 209 197
144 128 209 220
145 146 209 219
146 147 209 220
147 148 209 221
148 149 209 222
149 150 209 223
155 154 209 81
156 155 209 82
157 156 209 83
158 157 209 84
159 158 209 85
160 176 209 38
161 162 209 107
162 163 209 108
163 164 209 109
164 165 209 110
165 166 209 111
171 170 209 225
172 171 209 226
173 172 209 227
174 173 209 228
175 174 209 229
176 160 209 223
177 178 209 251
178 179 209 252
179 180 209 253
180 181 209 254
181 182 209 255
187 186 209 113
188 187 209 114
189 188 209 115
190 189 209 116
191 190 209 117
192 176 209 207
192 208 209 35
193 194 209 139
194 195 209 140
195 196 209 141
196 197 209 142
197 198 209 143
204 203 209 224
207 206 209 192
211 212 209 48
214 215 209 80
217 218 209 112
219 218 209 145
220 219 209 146
220 221 209 144
221 220 209 147
222 221 209 148
223 207 209 176
223 222 209 149
224 208 209 204
225 226 209 171
226 225 209 0
226 227 209 172
227 226 209 1
227 228 209 173
228 227 209 2
228 229 209 174
229 228 209 3
229 230 209 175
230 229 209 4
231 230 209 5
232 231 209 6
233 232 209 7
234 233 209 8
235 234 209 9
236 235 209 10
237 236 209 11
238 237 209 12
239 238 209 13
240 241 209 18
241 242 209 19
242 243 209 20
243 244 209 21
244 245 209 22
245 246 209 23
246 247 209 24
247 248 209 25
248 249 209 26
249 250 209 27
250 251 209 28
251 250 209 177
251 252 209 29
252 251 209 178
252 253 209 30
253 252 209 179
253 254 209 31
254 253 209 180
255 254 209 181
0 16 211 58
1 0 211 57
2 1 211 56
3 2 211 55
4 3 211 54
5 4 211 53
6 5 211 52
7 6 211 51
8 7 211 50
9 8 211 49
15 31 211 255
23 24 211 79
24 25 211 78
25 26 211 77
26 27 211 76
27 28 211 75
28 29 211 74
29 30 211 73
30 31 211 72
31 15 211 71
32 16 211 210
32 48 211 61
33 17 211 89
34 33 211 88
34 35 211 208
35 34 211 87
36 35 211 86
37 36 211 85
37 38 211 176
38 37 211 84
39 38 211 83
40 39 211 82
40 41 211 144
41 40 211 81
43 44 211 112
46 47 211 80
49 65 211 9
50 49 211 8
51 50 211 7
52 51 211 6
53 52 211 5
54 53 211 4
55 54 211 3
55 56 211 111
56 55 211 2
56 57 211 110
57 56 211 1
57 58 211 109
58 57 211 0
58 59 211 108
59 60 211 107
60 61 211 106
61 60 211 32
61 62 211 105
62 63 211 104
63 47 211 103
64 48 211 213
65 49 211 121
66 65 211 120
67 66 211 119
68 67 211 118
69 68 211 117
70 69 211 116
71 70 211 115
71 72 211 31
72 71 211 114
72 73 211 30
73 72 211 113
73 74 211 29
74 75 211 28
75 76 211 27
76 77 211 26
77 78 211 25
78 79 211 24
79 95 211 23
80 96 211 46
81 97 211 41
82 81 211 40
83 82 211 39
84 83 211 38
85 84 211 37
86 85 211 36
87 86 211 35
87 88 211 143
88 87 211 34
88 89 211 142
89 88 211 33
89 90 211 141
90 91 211 140
91 92 211 139
92 93 211 138
93 94 211 137
94 95 211 136
95 79 211 135
96 80 211 216
97 81 211 153
98 97 211 152
99 98 211 151
100 99 211 150
101 100 211 149
102 101 211 148
103 102 211 147
103 104 211 63
104 103 211 146
104 105 211 62
105 104 211 145
105 106 211 61
106 107 211 60
107 108 211 59
108 109 211 58
109 110 211 57
110 111 211 56
111 127 211 55
112 128 211 43
113 129 211 73
114 113 211 72
115 114 211 71
116 115 211 70
117 116 211 69
118 117 211 68
119 118 211 67
119 120 211 175
120 119 211 66
120 121 211 174
121 120 211 65
121 122 211 173
122 123 211 172
123 124 211 171
124 125 211 170
125 126 211 169
126 127 211 168
127 111 211 167
128 112 211 219
129 113 211 185
130 129 211 184
131 130 211 183
132 131 211 182
133 132 211 181
134 133 211 180
135 134 211 179
135 136 211 95
136 135 211 178
136 137 211 94
137 136 211 177
137 138 211 93
138 139 211 92
139 140 211 91
140 141 211 90
141 142 211 89
142 143 211 88
143 159 211 87
144 160 211 40
145 161 211 105
146 145 211 104
147 146 211 103
148 147 211 102
149 148 211 101
150 149 211 100
151 150 211 99
151 152 211 207
152 151 211 98
152 153 211 206
153 152 211 97
153 154 211 205
154 155 211 204
155 156 211 203
156 157 211 202
157 158 211 201
158 159 211 200
159 143 211 199
160 144 211 222
161 145 211 217
162 161 211 216
163 162 211 215
164 163 211 214
165 164 211 213
166 165 211 212
167 166 211 211
167 168 211 127
168 167 211 210
168 169 211 126
169 168 211 209
169 170 211 125
170 171 211 124
171 172 211 123
172 173 211 122
173 174 211 121
174 175 211 120
175 191 211 119
176 192 211 37
177 193 211 137
178 177 211 136
179 178 211 135
180 179 211 134
181 180 211 133
182 181 211 132
183 182 211 131
183 184 211 239
184 183 211 130
184 185 211 238
185 184 211 129
185 186 211 237
186 187 211 236
187 188 211 235
188 189 211 234
189 190 211 233
190 191 211 232
191 175 211 231
193 177 211 249
194 193 211 248
195 194 211 247
196 195 211 246
197 196 211 245
198 197 211 244
199 198 211 243
199 200 211 159
200 199 211 242
200 201 211 158
201 200 211 241
201 202 211 157
202 201 211 240
202 203 211 156
203 204 211 155
204 205 211 154
205 204 211 208
205 206 211 153
206 207 211 152
207 223 211 151
208 192 211 205
208 224 211 34
209 225 211 169
210 209 211 168
210 211 211 32
211 210 211 167
212 211 211 166
213 212 211 165
213 214 211 64
214 213 211 164
215 214 211 163
216 215 211 162
216 217 211 96
217 216 211 161
219 220 211 128
222 223 211 160
231 232 211 191
232 233 211 190
233 234 211 189
234 235 211 188
235 236 211 187
236 237 211 186
237 238 211 185
238 239 211 184
239 255 211 183
240 224 211 202
241 240 211 201
242 241 211 200
243 242 211 199
244 243 211 198
245 244 211 197
246 245 211 196
247 246 211 195
248 247 211 194
249 248 211 193
255 239 211 15
0 1 213 225
1 2 213 226
2 3 213 227
3 4 213 228
4 5 213 229
5 6 213 230
6 7 213 231
7 8 213 232
8 9 213 233
9 10 213 234
10 9 213 65
10 11 213 235
11 10 213 66
11 12 213 236
12 11 213 67
12 13 213 237
13 12 213 68
13 14 213 238
14 13 213 69
14 15 213 239
15 14 213 70
16 0 213 209
16 32 213 59
17 18 213 90
17 33 213 240
18 17 213 241
18 19 213 91
19 18 213 242
19 20 213 92
20 19 213 243
20 21 213 93
21 20 213 244
21 22 213 94
22 21 213 245
22 23 213 95
23 22 213 246
24 23 213 247
25 24 213 248
26 25 213 249
27 26 213 250
28 27 213 251
29 28 213 252
30 29 213 253
31 30 213 254
33 34 213 224
36 37 213 192
39 40 213 160
42 41 213 97
42 43 213 128
43 42 213 98
44 43 213 99
45 44 213 100
45 46 213 96
46 45 213 101
47 46 213 102
48 32 213 212
48 64 213 62
49 50 213 122
50 51 213 123
51 52 213 124
52 53 213 125
53 54 213 126
54 55 213 127
59 58 213 16
62 61 213 48
65 66 213 10
66 67 213 11
67 68 213 12
68 69 213 13
69 70 213 14
70 71 213 15
74 73 213 129
75 74 213 130
76 75 213 131
77 76 213 132
78 77 213 133
79 78 213 134
80 64 213 215
81 82 213 154
82 83 213 155
83 84 213 156
84 85 213 157
85 86 213 158
86 87 213 159
90 89 213 17
91 90 213 18
92 91 213 19
93 92 213 20
94 93 213 21
95 94 213 22
96 112 213 45
97 98 213 42
98 99 213 43
99 100 213 44
100 101 213 45
101 102 213 46
102 103 213 47
106 105 213 161
107 106 213 162
108 107 213 163
109 108 213 164
110 109 213 165
111 110 213 166
112 96 213 218
113 114 213 186
114 115 213 187
115 116 213 188
116 117 213 189
117 118 213 190
118 119 213 191
122 121 213 49
123 122 213 50
124 123 213 51
125 124 213 52
126 125 213 53
127 126 213 54
128 144 213 42
129 130 213 74
130 131 213 75
131 132 213 76
132 133 213 77
133 134 213 78
134 135 213 79
138 137 213 193
139 138 213 194
140 139 213 195
141 140 213 196
142 141 213 197
143 142 213 198
144 128 213 221
145 146 213 218
146 147 213 219
147 148 213 220
148 149 213 221
149 150 213 222
150 151 213 223
154 153 213 81
155 154 213 82
156 155 213 83
157 156 213 84
158 157 213 85
159 158 213 86
160 176 213 39
161 162 213 106
162 163 213 107
163 164 213 108
164 165 213 109
165 166 213 110
166 167 213 111
170 169 213 225
171 170 213 226
172 171 213 227
173 172 213 228
174 173 213 229
175 174 213 230
177 178 213 250
178 179 213 251
179 180 213 252
180 181 213 253
181 182 213 254
182 183 213 255
186 185 213 113
187 186 213 114
188 187 213 115
189 188 213 116
190 189 213 117
191 190 213 118
192 176 213 206
192 208 213 36
193 194 213 138
194 195 213 139
195 196 213 140
196 197 213 141
197 198 213 142
198 199 213 143
203 202 213 224
206 205 213 192
209 210 213 16
212 213 213 48
215 216 213 80
218 217 213 145
218 219 213 112
219 218 213 146
220 219 213 147
221 220 213 148
221 222 213 144
222 221 213 149
223 222 213 150
224 208 213 203
224 240 213 33
225 209 213 0
225 226 213 170
226 225 213 1
226 227 213 171
227 226 213 2
227 228 213 172
228 227 213 3
228 229 213 173
229 228 213 4
229 230 213 174
230 229 213 5
230 231 213 175
231 230 213 6
232 231 213 7
233 232 213 8
234 233 213 9
235 234 213 10
236 235 213 11
237 236 213 12
238 237 213 13
239 238 213 14
240 241 213 17
241 242 213 18
242 243 213 19
243 244 213 20
244 245 213 21
245 246 213 22
246 247 213 23
247 248 213 24
248 249 213 25
249 250 213 26
250 249 213 177
250 251 213 27
251 250 213 178
251 252 213 28
252 251 213 179
252 253 213 29
253 252 213 180
253 254 213 30
254 253 213 181
254 255 213 31
255 254 213 182
0 16 215 57
1 0 215 56
2 1 215 55
3 2 215 54
4 3 215 53
5 4 215 52
6 5 215 51
7 6 215 50
8 7 215 49
24 25 215 79
25 26 215 78
26 27 215 77
27 28 215 76
28 29 215 75
29 30 215 74
30 31 215 73
31 15 215 72
32 16 215 211
32 48 215 60
33 17 215 88
34 33 215 87
35 34 215 86
35 36 215 208
36 35 215 85
37 36 215 84
38 37 215 83
38 39 215 176
39 38 215 82
40 39 215 81
41 42 215 144
44 45 215 112
47 63 215 80
49 65 215 8
50 49 215 7
51 50 215 6
52 51 215 5
53 52 215 4
54 53 215 3
55 54 215 2
56 55 215 1
56 57 215 111
57 56 215 0
57 58 215 110
58 59 215 109
59 60 215 108
60 59 215 32
60 61 215 107
61 62 215 106
62 63 215 105
63 47 215 104
63 62 215 64
64 48 215 214
64 80 215 63
65 49 215 120
66 65 215 119
67 66 215 118
68 67 215 117
69 68 215 116
70 69 215 115
71 70 215 114
72 71 215 113
72 73 215 31
73 74 215 30
74 75 215 29
75 76 215 28
76 77 215 27
77 78 215 26
78 79 215 25
79 95 215 24
80 96 215 47
81 97 215 40
82 81 215 39
83 82 215 38
84 83 215 37
85 84 215 36
86 85 215 35
87 86 215 34
88 87 215 33
88 89 215 143
89 90 215 142
90 91 215 141
91 92 215 140
92 93 215 139
93 94 215 138
94 95 215 137
95 79 215 136
96 80 215 217
97 81 215 152
98 97 215 151
99 98 215 150
100 99 215 149
101 100 215 148
102 101 215 147
103 102 215 146
104 103 215 145
104 105 215 63
105 106 215 62
106 107 215 61
107 108 215 60
108 109 215 59
109 110 215 58
110 111 215 57
111 127 215 56
112 128 215 44
113 129 215 72
114 113 215 71
115 114 215 70
116 115 215 69
117 116 215 68
118 117 215 67
119 118 215 66
120 119 215 65
120 121 215 175
121 122 215 174
122 123 215 173
123 124 215 172
124 125 215 171
125 126 215 170
126 127 215 169
127 111 215 168
128 112 215 220
129 113 215 184
130 129 215 183
131 130 215 182
132 131 215 181
133 132 215 180
134 133 215 179
135 134 215 178
136 135 215 177
136 137 215 95
137 138 215 94
138 139 215 93
139 140 215 92
140 141 215 91
141 142 215 90
142 143 215 89
143 159 215 88
144 160 215 41
145 161 215 104
146 145 215 103
147 146 215 102
148 147 215 101
149 148 215 100
150 149 215 99
151 150 215 98
152 151 215 97
152 153 215 207
153 154 215 206
154 155 215 205
155 156 215 204
156 157 215 203
157 158 215 202
158 159 215 201
159 143 215 200
160 144 215 223
161 145 215 216
162 161 215 215
163 162 215 214
164 163 215 213
165 164 215 212
166 165 215 211
167 166 215 210
168 167 215 209
168 169 215 127
169 170 215 126
170 171 215 125
171 172 215 124
172 173 215 123
173 174 215 122
174 175 215 121
175 191 215 120
176 160 215 207
176 192 215 38
177 193 215 136
178 177 215 135
179 178 215 134
180 179 215 133
181 180 215 132
182 181 215 131
183 182 215 130
184 183 215 129
184 185 215 239
185 186 215 238
186 187 215 237
187 188 215 236
188 189 215 235
189 190 215 234
190 191 215 233
191 175 215 232
193 177 215 248
194 193 215 247
195 194 215 246
196 195 215 245
197 196 215 244
198 197 215 243
199 198 215 242
200 199 215 241
200 201 215 159
201 200 215 240
201 202 215 158
202 203 215 157
203 204 215 156
204 203 215 208
204 205 215 155
205 206 215 154
206 207 215 153
207 206 215 176
207 223 215 152
208 192 215 204
208 224 215 35
209 225 215 168
210 209 215 167
211 210 215 166
211 212 215 32
212 211 215 165
213 212 215 164
214 213 215 163
214 215 215 64
215 214 215 162
216 215 215 161
217 218 215 96
220 221 215 128
223 207 215 160
232 233 215 191
233 234 215 190
234 235 215 189
235 236 215 188
236 237 215 187
237 238 215 186
238 239 215 185
239 255 215 184
240 224 215 201
241 240 215 200
242 241 215 199
243 242 215 198
244 243 215 197
245 244 215 196
246 245 215 195
247 246 215 194
248 247 215 193
1 2 217 225
2 3 217 226
3 4 217 227
4 5 217 228
5 6 217 229
6 7 217 230
7 8 217 231
8 9 217 232
9 8 217 65
9 10 217 233
10 9 217 66
10 11 217 234
11 10 217 67
11 12 217 235
12 11 217 68
12 13 217 236
13 12 217 69
13 14 217 237
14 13 217 70
14 15 217 238
15 14 217 71
15 31 217 239
16 0 217 210
16 32 217 58
17 18 217 89
17 33 217 241
18 17 217 242
18 19 217 90
19 18 217 243
19 20 217 91
20 19 217 244
20 21 217 92
21 20 217 245
21 22 217 93
22 21 217 246
22 23 217 94
23 22 217 247
23 24 217 95
24 23 217 248
25 24 217 249
26 25 217 250
27 26 217 251
28 27 217 252
29 28 217 253
30 29 217 254
31 30 217 255
34 35 217 224
37 38 217 192
40 41 217 160
41 40 217 97
42 41 217 98
43 42 217 99
43 44 217 128
44 43 217 100
45 44 217 101
46 45 217 102
46 47 217 96
47 46 217 103
48 32 217 213
48 64 217 61
49 50 217 121
50 51 217 122
51 52 217 123
52 53 217 124
53 54 217 125
54 55 217 126
55 56 217 127
58 57 217 16
61 60 217 48
65 66 217 9
66 67 217 10
67 68 217 11
68 69 217 12
69 70 217 13
70 71 217 14
71 72 217 15
73 72 217 129
74 73 217 130
75 74 217 131
76 75 217 132
77 76 217 133
78 77 217 134
79 78 217 135
80 64 217 216
81 82 217 153
82 83 217 154
83 84 217 155
84 85 217 156
85 86 217 157
86 87 217 158
87 88 217 159
89 88 217 17
90 89 217 18
91 90 217 19
92 91 217 20
93 92 217 21
94 93 217 22
95 94 217 23
96 112 217 46
97 98 217 41
98 99 217 42
99 100 217 43
100 101 217 44
101 102 217 45
102 103 217 46
103 104 217 47
105 104 217 161
106 105 217 162
107 106 217 163
108 107 217 164
109 108 217 165
110 109 217 166
111 110 217 167
112 96 217 219
113 114 217 185
114 115 217 186
115 116 217 187
116 117 217 188
117 118 217 189
118 119 217 190
119 120 217 191
121 120 217 49
122 121 217 50
123 122 217 51
124 123 217 52
125 124 217 53
126 125 217 54
127 126 217 55
128 144 217 43
129 130 217 73
130 131 217 74
131 132 217 75
132 133 217 76
133 134 217 77
134 135 217 78
135 136 217 79
137 136 217 193
138 137 217 194
139 138 217 195
140 139 217 196
141 140 217 197
142 141 217 198
143 142 217 199
144 128 217 222
145 146 217 217
146 147 217 218
147 148 217 219
148 149 217 220
149 150 217 221
150 151 217 222
151 152 217 223
153 152 217 81
154 153 217 82
155 154 217 83
156 155 217 84
157 156 217 85
158 157 217 86
159 158 217 87
160 176 217 40
161 162 217 105
162 163 217 106
163 164 217 107
164 165 217 108
165 166 217 109
166 167 217 110
167 168 217 111
169 168 217 225
170 169 217 226
171 170 217 227
172 171 217 228
173 172 217 229
174 173 217 230
175 174 217 231
177 178 217 249
178 179 217 250
179 180 217 251
180 181 217 252
181 182 217 253
182 183 217 254
183 184 217 255
185 184 217 113
186 185 217 114
187 186 217 115
188 187 217 116
189 188 217 117
190 189 217 118
191 190 217 119
192 176 217 205
192 208 217 37
193 194 217 137
194 195 217 138
195 196 217 139
196 197 217 140
197 198 217 141
198 199 217 142
199 200 217 143
202 201 217 224
205 204 217 192
210 211 217 16
213 214 217 48
216 217 217 80
217 216 217 145
218 217 217 146
219 218 217 147
219 220 217 112
220 219 217 148
221 220 217 149
222 221 217 150
222 223 217 144
223 222 217 151
224 208 217 202
224 240 217 34
225 209 217 1
225 226 217 169
226 225 217 2
226 227 217 170
227 226 217 3
227 228 217 171
228 227 217 4
228 229 217 172
229 228 217 5
229 230 217 173
230 229 217 6
230 231 217 174
231 230 217 7
231 232 217 175
232 231 217 8
233 232 217 9
234 233 217 10
235 234 217 11
236 235 217 12
237 236 217 13
238 237 217 14
239 238 217 15
241 242 217 17
242 243 217 18
243 244 217 19
244 245 217 20
245 246 217 21
246 247 217 22
247 248 217 23
248 249 217 24
249 248 217 177
249 250 217 25
250 249 217 178
250 251 217 26
251 250 217 179
251 252 217 27
252 251 217 180
252 253 217 28
253 252 217 181
253 254 217 29
254 253 217 182
254 255 217 30
255 239 217 31
255 254 217 183
0 1 219 209
0 16 219 56
1 0 219 55
2 1 219 54
3 2 219 53
4 3 219 52
5 4 219 51
6 5 219 50
7 6 219 49
25 26 219 79
26 27 219 78
27 28 219 77
28 29 219 76
29 30 219 75
30 31 219 74
31 15 219 73
32 16 219 212
32 48 219 59
33 17 219 87
33 34 219 240
34 33 219 86
35 34 219 85
36 35 219 84
36 37 219 208
37 36 219 83
38 37 219 82
39 38 219 81
39 40 219 176
42 43 219 144
45 46 219 112
49 65 219 7
50 49 219 6
51 50 219 5
52 51 219 4
53 52 219 3
54 53 219 2
55 54 219 1
56 55 219 0
57 58 219 111
58 59 219 110
59 58 219 32
59 60 219 109
60 61 219 108
61 62 219 107
62 61 219 64
62 63 219 106
63 47 219 105
64 48 219 215
64 80 219 62
65 49 219 119
66 65 219 118
67 66 219 117
68 67 219 116
69 68 219 115
70 69 219 114
71 70 219 113
73 74 219 31
74 75 219 30
75 76 219 29
76 77 219 28
77 78 219 27
78 79 219 26
79 95 219 25
81 97 219 39
82 81 219 38
83 82 219 37
84 83 219 36
85 84 219 35
86 85 219 34
87 86 219 33
89 90 219 143
90 91 219 142
91 92 219 141
92 93 219 140
93 94 219 139
94 95 219 138
95 79 219 137
96 80 219 218
97 81 219 151
98 97 219 150
99 98 219 149
100 99 219 148
101 100 219 147
102 101 219 146
103 102 219 145
105 106 219 63
106 107 219 62
107 108 219 61
108 109 219 60
109 110 219 59
110 111 219 58
111 127 219 57
112 128 219 45
113 129 219 71
114 113 219 70
115 114 219 69
116 115 219 68
117 116 219 67
118 117 219 66
119 118 219 65
121 122 219 175
122 123 219 174
123 124 219 173
124 125 219 172
125 126 219 171
126 127 219 170
127 111 219 169
128 112 219 221
129 113 219 183
130 129 219 182
131 130 219 181
132 131 219 180
133 132 219 179
134 133 219 178
135 134 219 177
137 138 219 95
138 139 219 94
139 140 219 93
140 141 219 92
141 142 219 91
142 143 219 90
143 159 219 89
144 160 219 42
145 161 219 103
146 145 219 102
147 146 219 101
148 147 219 100
149 148 219 99
150 149 219 98
151 150 219 97
153 154 219 207
154 155 219 206
155 156 219 205
156 157 219 204
157 158 219 203
158 159 219 202
159 143 219 201
161 145 219 215
162 161 219 214
163 162 219 213
164 163 219 212
165 164 219 211
166 165 219 210
167 166 219 209
169 170 219 127
170 171 219 126
171 172 219 125
172 173 219 124
173 174 219 123
174 175 219 122
175 191 219 121
176 160 219 206
176 192 219 39
177 193 219 135
178 177 219 134
179 178 219 133
180 179 219 132
181 180 219 131
182 181 219 130
183 182 219 129
185 186 219 239
186 187 219 238
187 188 219 237
188 189 219 236
189 190 219 235
190 191 219 234
191 175 219 233
193 177 219 247
194 193 219 246
195 194 219 245
196 195 219 244
197 196 219 243
198 197 219 242
199 198 219 241
200 199 219 240
201 202 219 159
202 203 219 158
203 202 219 208
203 204 219 157
204 205 219 156
205 206 219 155
206 205 219 176
206 207 219 154
207 223 219 153
208 192 219 203
208 224 219 36
209 210 219 0
209 225 219 167
210 209 219 166
211 210 219 165
212 211 219 164
212 213 219 32
213 212 219 163
214 213 219 162
215 214 219 161
215 216 219 64
218 219 219 96
221 222 219 128
233 234 219 191
234 235 219 190
235 236 219 189
236 237 219 188
237 238 219 187
238 239 219 186
239 255 219 185
240 224 219 200
240 241 219 33
241 240 219 199
242 241 219 198
243 242 219 197
244 243 219 196
245 244 219 195
246 245 219 194
247 246 219 193
2 3 221 225
3 4 221 226
4 5 221 227
5 6 221 228
6 7 221 229
7 8 221 230
8 7 221 65
8 9 221 231
9 8 221 66
9 10 221 232
10 9 221 67
10 11 221 233
11 10 221 68
11 12 221 234
12 11 221 69
12 13 221 235
13 12 221 70
13 14 221 236
14 13 221 71
14 15 221 237
15 14 221 72
15 31 221 238
16 0 221 211
16 32 221 57
17 18 221 88
17 33 221 242
18 17 221 243
18 19 221 89
19 18 221 244
19 20 221 90
20 19 221 245
20 21 221 91
21 20 221 246
21 22 221 92
22 21 221 247
22 23 221 93
23 22 221 248
23 24 221 94
24 23 221 249
24 25 221 95
25 24 221 250
26 25 221 251
27 26 221 252
28 27 221 253
29 28 221 254
30 29 221 255
35 36 221 224
38 39 221 192
40 39 221 97
41 40 221 98
41 42 221 160
42 41 221 99
43 42 221 100
44 43 221 101
44 45 221 128
45 44 221 102
46 45 221 103
47 46 221 104
47 63 221 96
48 32 221 214
48 64 221 60
49 50 221 120
50 51 221 121
51 52 221 122
52 53 221 123
53 54 221 124
54 55 221 125
55 56 221 126
56 57 221 127
57 56 221 16
60 59 221 48
63 62 221 80
65 66 221 8
66 67 221 9
67 68 221 10
68 69 221 11
69 70 221 12
70 71 221 13
71 72 221 14
72 71 221 129
72 73 221 15
73 72 221 130
74 73 221 131
75 74 221 132
76 75 221 133
77 76 221 134
78 77 221 135
79 78 221 136
80 64 221 217
80 96 221 63
81 82 221 152
82 83 221 153
83 84 221 154
84 85 221 155
85 86 221 156
86 87 221 157
87 88 221 158
88 87 221 17
88 89 221 159
89 88 221 18
90 89 221 19
91 90 221 20
92 91 221 21
93 92 221 22
94 93 221 23
95 94 221 24
96 112 221 47
97 98 221 40
98 99 221 41
99 100 221 42
100 101 221 43
101 102 221 44
102 103 221 45
103 104 221 46
104 103 221 161
104 105 221 47
105 104 221 162
106 105 221 163
107 106 221 164
108 107 221 165
109 108 221 166
110 109 221 167
111 110 221 168
112 96 221 220
113 114 221 184
114 115 221 185
115 116 221 186
116 117 221 187
117 118 221 188
118 119 221 189
119 120 221 190
120 119 221 49
120 121 221 191
121 120 221 50
122 121 221 51
123 122 221 52
124 123 221 53
125 124 221 54
126 125 221 55
127 126 221 56
128 144 221 44
129 130 221 72
130 131 221 73
131 132 221 74
132 133 221 75
133 134 221 76
134 135 221 77
135 136 221 78
136 135 221 193
136 137 221 79
137 136 221 194
138 137 221 195
139 138 221 196
140 139 221 197
141 140 221 198
142 141 221 199
143 142 221 200
144 128 221 223
145 146 221 216
146 147 221 217
147 148 221 218
148 149 221 219
149 150 221 220
150 151 221 221
151 152 221 222
152 151 221 81
152 153 221 223
153 152 221 82
154 153 221 83
155 154 221 84
156 155 221 85
157 156 221 86
158 157 221 87
159 158 221 88
160 144 221 207
160 176 221 41
161 162 221 104
162 163 221 105
163 164 221 106
164 165 221 107
165 166 221 108
166 167 221 109
167 168 221 110
168 167 221 225
168 169 221 111
169 168 221 226
170 169 221 227
171 170 221 228
172 171 221 229
173 172 221 230
174 173 221 231
175 174 221 232
177 178 221 248
178 179 221 249
179 180 221 250
180 181 221 251
181 182 221 252
182 183 221 253
183 184 221 254
184 183 221 113
184 185 221 255
185 184 221 114
186 185 221 115
187 186 221 116
188 187 221 117
189 188 221 118
190 189 221 119
191 190 221 120
192 176 221 204
192 208 221 38
193 194 221 136
194 195 221 137
195 196 221 138
196 197 221 139
197 198 221 140
198 199 221 141
199 200 221 142
200 201 221 143
201 200 221 224
204 203 221 192
207 206 221 160
211 212 221 16
214 215 221 48
216 215 221 145
217 216 221 146
217 218 221 80
218 217 221 147
219 218 221 148
220 219 221 149
220 221 221 112
221 220 221 150
222 221 221 151
223 207 221 144
223 222 221 152
224 208 221 201
224 240 221 35
225 209 221 2
225 226 221 168
226 225 221 3
226 227 221 169
227 226 221 4
227 228 221 170
228 227 221 5
228 229 221 171
229 228 221 6
229 230 221 172
230 229 221 7
230 231 221 173
231 230 221 8
231 232 221 174
232 231 221 9
232 233 221 175
233 232 221 10
234 233 221 11
235 234 221 12
236 235 221 13
237 236 221 14
238 237 221 15
242 243 221 17
243 244 221 18
244 245 221 19
245 246 221 20
246 247 221 21
247 248 221 22
248 247 221 177
248 249 221 23
249 248 221 178
249 250 221 24
250 249 221 179
250 251 221 25
251 250 221 180
251 252 221 26
252 251 221 181
252 253 221 27
253 252 221 182
253 254 221 28
254 253 221 183
254 255 221 29
255 239 221 30
255 254 221 184
0 1 223 210
0 16 223 55
1 0 223 54
1 2 223 209
2 1 223 53
3 2 223 52
4 3 223 51
5 4 223 50
6 5 223 49
26 27 223 79
27 28 223 78
28 29 223 77
29 30 223 76
30 31 223 75
31 15 223 74
31 30 223 239
32 16 223 213
32 48 223 58
33 17 223 86
33 34 223 241
34 33 223 85
34 35 223 240
35 34 223 84
36 35 223 83
37 36 223 82
37 38 223 208
38 37 223 81
40 41 223 176
43 44 223 144
46 47 223 112
49 65 223 6
50 49 223 5
51 50 223 4
52 51 223 3
53 52 223 2
54 53 223 1
55 54 223 0
58 57 223 32
58 59 223 111
59 60 223 110
60 61 223 109
61 60 223 64
61 62 223 108
62 63 223 107
63 47 223 106
64 48 223 216
64 80 223 61
65 49 223 118
66 65 223 117
67 66 223 116
68 67 223 115
69 68 223 114
70 69 223 113
74 75 223 31
75 76 223 30
76 77 223 29
77 78 223 28
78 79 223 27
79 95 223 26
81 97 223 38
82 81 223 37
83 82 223 36
84 83 223 35
85 84 223 34
86 85 223 33
90 91 223 143
91 92 223 142
92 93 223 141
93 94 223 140
94 95 223 139
95 79 223 138
96 80 223 219
97 81 223 150
98 97 223 149
99 98 223 148
100 99 223 147
101 100 223 146
102 101 223 145
106 107 223 63
107 108 223 62
108 109 223 61
109 110 223 60
110 111 223 59
111 127 223 58
112 128 223 46
113 129 223 70
114 113 223 69
115 114 223 68
116 115 223 67
117 116 223 66
118 117 223 65
122 123 223 175
123 124 223 174
124 125 223 173
125 126 223 172
126 127 223 171
127 111 223 170
128 112 223 222
129 113 223 182
130 129 223 181
131 130 223 180
132 131 223 179
133 132 223 178
134 133 223 177
138 139 223 95
139 140 223 94
140 141 223 93
141 142 223 92
142 143 223 91
143 159 223 90
144 160 223 43
145 161 223 102
146 145 223 101
147 146 223 100
148 147 223 99
149 148 223 98
150 149 223 97
154 155 223 207
155 156 223 206
156 157 223 205
157 158 223 204
158 159 223 203
159 143 223 202
161 145 223 214
162 161 223 213
163 162 223 212
164 163 223 211
165 164 223 210
166 165 223 209
170 171 223 127
171 172 223 126
172 173 223 125
173 174 223 124
174 175 223 123
175 191 223 122
176 160 223 205
176 192 223 40
177 193 223 134
178 177 223 133
179 178 223 132
180 179 223 131
181 180 223 130
182 181 223 129
186 187 223 239
187 188 223 238
188 189 223 237
189 190 223 236
190 191 223 235
191 175 223 234
193 177 223 246
194 193 223 245
195 194 223 244
196 195 223 243
197 196 223 242
198 197 223 241
199 198 223 240
202 201 223 208
202 203 223 159
203 204 223 158
204 205 223 157
205 204 223 176
205 206 223 156
206 207 223 155
207 223 223 154
208 192 223 202
208 224 223 37
209 210 223 1
209 225 223 166
210 209 223 165
210 211 223 0
211 210 223 164
212 211 223 163
213 212 223 162
213 214 223 32
214 213 223 161
216 217 223 64
219 220 223 96
222 223 223 128
234 235 223 191
235 236 223 190
236 237 223 189
237 238 223 188
238 239 223 187
239 238 223 31
239 255 223 186
240 224 223 199
240 241 223 34
241 240 223 198
241 242 223 33
242 241 223 197
243 242 223 196
244 243 223 195
245 244 223 194
246 245 223 193
3 4 225 225
4 5 225 226
5 6 225 227
6 7 225 228
7 6 225 65
7 8 225 229
8 7 225 66
8 9 225 230
9 8 225 67
9 10 225 231
10 9 225 68
10 11 225 232
11 10 225 69
11 12 225 233
12 11 225 70
12 13 225 234
13 12 225 71
13 14 225 235
14 13 225 72
14 15 225 236
15 14 225 73
15 31 225 237
16 0 225 212
16 32 225 56
17 18 225 87
17 33 225 243
18 17 225 244
18 19 225 88
19 18 225 245
19 20 225 89
20 19 225 246
20 21 225 90
21 20 225 247
21 22 225 91
22 21 225 248
22 23 225 92
23 22 225 249
23 24 225 93
24 23 225 250
24 25 225 94
25 24 225 251
25 26 225 95
26 25 225 252
27 26 225 253
28 27 225 254
29 28 225 255
36 37 225 224
39 38 225 97
39 40 225 192
40 39 225 98
41 40 225 99
42 41 225 100
42 43 225 160
43 42 225 101
44 43 225 102
45 44 225 103
45 46 225 128
46 45 225 104
47 46 225 105
48 32 225 215
48 64 225 59
49 50 225 119
50 51 225 120
51 52 225 121
52 53 225 122
53 54 225 123
54 55 225 124
55 56 225 125
56 55 225 16
56 57 225 126
57 58 225 127
59 58 225 48
62 61 225 80
65 66 225 7
66 67 225 8
67 68 225 9
68 69 225 10
69 70 225 11
70 71 225 12
71 70 225 129
71 72 225 13
72 71 225 130
72 73 225 14
73 72 225 131
73 74 225 15
74 73 225 132
75 74 225 133
76 75 225 134
77 76 225 135
78 77 225 136
79 78 225 137
80 64 225 218
80 96 225 62
81 82 225 151
82 83 225 152
83 84 225 153
84 85 225 154
85 86 225 155
86 87 225 156
87 86 225 17
87 88 225 157
88 87 225 18
88 89 225 158
89 88 225 19
89 90 225 159
90 89 225 20
91 90 225 21
92 91 225 22
93 92 225 23
94 93 225 24
95 94 225 25
97 98 225 39
98 99 225 40
99 100 225 41
100 101 225 42
101 102 225 43
102 103 225 44
103 102 225 161
103 104 225 45
104 103 225 162
104 105 225 46
105 104 225 163
105 106 225 47
106 105 225 164
107 106 225 165
108 107 225 166
109 108 225 167
110 109 225 168
111 110 225 169
112 96 225 221
113 114 225 183
114 115 225 184
115 116 225 185
116 117 225 186
117 118 225 187
118 119 225 188
119 118 225 49
119 120 225 189
120 119 225 50
120 121 225 190
121 120 225 51
121 122 225 191
122 121 225 52
123 122 225 53
124 123 225 54
125 124 225 55
126 125 225 56
127 126 225 57
128 144 225 45
129 130 225 71
130 131 225 72
131 132 225 73
132 133 225 74
133 134 225 75
134 135 225 76
135 134 225 193
135 136 225 77
136 135 225 194
136 137 225 78
137 136 225 195
137 138 225 79
138 137 225 196
139 138 225 197
140 139 225 198
141 140 225 199
142 141 225 200
143 142 225 201
145 146 225 215
146 147 225 216
147 148 225 217
148 149 225 218
149 150 225 219
150 151 225 220
151 150 225 81
151 152 225 221
152 151 225 82
152 153 225 222
153 152 225 83
153 154 225 223
154 153 225 84
155 154 225 85
156 155 225 86
157 156 225 87
158 157 225 88
159 158 225 89
160 144 225 206
160 176 225 42
161 162 225 103
162 163 225 104
163 164 225 105
164 165 225 106
165 166 225 107
166 167 225 108
167 166 225 225
167 168 225 109
168 167 225 226
168 169 225 110
169 168 225 227
169 170 225 111
170 169 225 228
171 170 225 229
172 171 225 230
173 172 225 231
174 173 225 232
175 174 225 233
177 178 225 247
178 179 225 248
179 180 225 249
180 181 225 250
181 182 225 251
182 183 225 252
183 182 225 113
183 184 225 253
184 183 225 114
184 185 225 254
185 184 225 115
185 186 225 255
186 185 225 116
187 186 225 117
188 187 225 118
189 188 225 119
190 189 225 120
191 190 225 121
192 176 225 203
192 208 225 39
193 194 225 135
194 195 225 136
195 196 225 137
196 197 225 138
197 198 225 139
198 199 225 140
199 200 225 141
200 199 225 224
200 201 225 142
201 202 225 143
203 202 225 192
206 205 225 160
212 213 225 16
215 214 225 145
215 216 225 48
216 215 225 146
217 216 225 147
218 217 225 148
218 219 225 80
219 218 225 149
220 219 225 150
221 220 225 151
221 222 225 112
222 221 225 152
223 222 225 153
224 208 225 200
224 240 225 36
225 209 225 3
225 226 225 167
226 225 225 4
226 227 225 168
227 226 225 5
227 228 225 169
228 227 225 6
228 229 225 170
229 228 225 7
229 230 225 171
230 229 225 8
230 231 225 172
231 230 225 9
231 232 225 173
232 231 225 10
232 233 225 174
233 232 225 11
233 234 225 175
234 233 225 12
235 234 225 13
236 235 225 14
237 236 225 15
243 244 225 17
244 245 225 18
245 246 225 19
246 247 225 20
247 246 225 177
247 248 225 21
248 247 225 178
248 249 225 22
249 248 225 179
249 250 225 23
250 249 225 180
250 251 225 24
251 250 225 181
251 252 225 25
252 251 225 182
252 253 225 26
253 252 225 183
253 254 225 27
254 253 225 184
254 255 225 28
255 239 225 29
255 254 225 185
0 1 227 211
0 16 227 54
1 0 227 53
1 2 227 210
2 1 227 52
2 3 227 209
3 2 227 51
4 3 227 50
5 4 227 49
27 28 227 79
28 29 227 78
29 30 227 77
30 29 227 239
30 31 227 76
31 15 227 75
31 30 227 238
32 16 227 214
32 48 227 57
33 17 227 85
33 34 227 242
34 33 227 84
34 35 227 241
35 34 227 83
35 36 227 240
36 35 227 82
37 36 227 81
38 39 227 208
41 42 227 176
44 45 227 144
47 63 227 112
49 65 227 5
50 49 227 4
51 50 227 3
52 51 227 2
53 52 227 1
54 53 227 0
57 56 227 32
59 60 227 111
60 59 227 64
60 61 227 110
61 62 227 109
62 63 227 108
63 47 227 107
63 62 227 96
64 48 227 217
64 80 227 60
65 49 227 117
66 65 227 116
67 66 227 115
68 67 227 114
69 68 227 113
75 76 227 31
76 77 227 30
77 78 227 29
78 79 227 28
79 95 227 27
81 97 227 37
82 81 227 36
83 82 227 35
84 83 227 34
85 84 227 33
91 92 227 143
92 93 227 142
93 94 227 141
94 95 227 140
95 79 227 139
96 80 227 220
96 112 227 63
97 81 227 149
98 97 227 148
99 98 227 147
100 99 227 146
101 100 227 145
107 108 227 63
108 109 227 62
109 110 227 61
110 111 227 60
111 127 227 59
112 128 227 47
113 129 227 69
114 113 227 68
115 114 227 67
116 115 227 66
117 116 227 65
123 124 227 175
124 125 227 174
125 126 227 173
126 127 227 172
127 111 227 171
128 112 227 223
129 113 227 181
130 129 227 180
131 130 227 179
132 131 227 178
133 132 227 177
139 140 227 95
140 141 227 94
141 142 227 93
142 143 227 92
143 159 227 91
144 128 227 207
144 160 227 44
145 161 227 101
146 145 227 100
147 146 227 99
148 147 227 98
149 148 227 97
155 156 227 207
156 157 227 206
157 158 227 205
158 159 227 204
159 143 227 203
161 145 227 213
162 161 227 212
163 162 227 211
164 163 227 210
165 164 227 209
171 172 227 127
172 173 227 126
173 174 227 125
174 175 227 124
175 191 227 123
176 160 227 204
176 192 227 41
177 193 227 133
178 177 227 132
179 178 227 131
180 179 227 130
181 180 227 129
187 188 227 239
188 189 227 238
189 190 227 237
190 191 227 236
191 175 227 235
193 177 227 245
194 193 227 244
195 194 227 243
196 195 227 242
197 196 227 241
198 197 227 240
201 200 227 208
203 204 227 159
204 203 227 176
204 205 227 158
205 206 227 157
206 207 227 156
207 206 227 144
207 223 227 155
208 192 227 201
208 224 227 38
209 210 227 2
209 225 227 165
210 209 227 164
210 211 227 1
211 210 227 163
211 212 227 0
212 211 227 162
213 212 227 161
214 215 227 32
217 218 227 64
220 221 227 96
223 207 227 128
235 236 227 191
236 237 227 190
237 238 227 189
238 237 227 31
238 239 227 188
239 238 227 30
239 255 227 187
240 224 227 198
240 241 227 35
241 240 227 197
241 242 227 34
242 241 227 196
242 243 227 33
243 242 227 195
244 243 227 194
245 244 227 193
4 5 229 225
5 6 229 226
6 5 229 65
6 7 229 227
7 6 229 66
7 8 229 228
8 7 229 67
8 9 229 229
9 8 229 68
9 10 229 230
10 9 229 69
10 11 229 231
11 10 229 70
11 12 229 232
12 11 229 71
12 13 229 233
13 12 229 72
13 14 229 234
14 13 229 73
14 15 229 235
15 14 229 74
15 31 229 236
16 0 229 213
16 32 229 55
17 18 229 86
17 33 229 244
18 17 229 245
18 19 229 87
19 18 229 246
19 20 229 88
20 19 229 247
20 21 229 89
21 20 229 248
21 22 229 90
22 21 229 249
22 23 229 91
23 22 229 250
23 24 229 92
24 23 229 251
24 25 229 93
25 24 229 252
25 26 229 94
26 25 229 253
26 27 229 95
27 26 229 254
28 27 229 255
37 38 229 224
38 37 229 97
39 38 229 98
40 39 229 99
40 41 229 192
41 40 229 100
42 41 229 101
43 42 229 102
43 44 229 160
44 43 229 103
45 44 229 104
46 45 229 105
46 47 229 128
47 46 229 106
48 32 229 216
48 64 229 58
49 50 229 118
50 51 229 119
51 52 229 120
52 53 229 121
53 54 229 122
54 55 229 123
55 54 229 16
55 56 229 124
56 57 229 125
57 58 229 126
58 57 229 48
58 59 229 127
61 60 229 80
65 66 229 6
66 67 229 7
67 68 229 8
68 69 229 9
69 70 229 10
70 69 229 129
70 71 229 11
71 70 229 130
71 72 229 12
72 71 229 131
72 73 229 13
73 72 229 132
73 74 229 14
74 73 229 133
74 75 229 15
75 74 229 134
76 75 229 135
77 76 229 136
78 77 229 137
79 78 229 138
80 64 229 219
80 96 229 61
81 82 229 150
82 83 229 151
83 84 229 152
84 85 229 153
85 86 229 154
86 85 229 17
86 87 229 155
87 86 229 18
87 88 229 156
88 87 229 19
88 89 229 157
89 88 229 20
89 90 229 158
90 89 229 21
90 91 229 159
91 90 229 22
92 91 229 23
93 92 229 24
94 93 229 25
95 94 229 26
97 98 229 38
98 99 229 39
99 100 229 40
100 101 229 41
101 102 229 42
102 101 229 161
102 103 229 43
103 102 229 162
103 104 229 44
104 103 229 163
104 105 229 45
105 104 229 164
105 106 229 46
106 105 229 165
106 107 229 47
107 106 229 166
108 107 229 167
109 108 229 168
110 109 229 169
111 110 229 170
112 96 229 222
113 114 229 182
114 115 229 183
115 116 229 184
116 117 229 185
117 118 229 186
118 117 229 49
118 119 229 187
119 118 229 50
119 120 229 188
120 119 229 51
120 121 229 189
121 120 229 52
121 122 229 190
122 121 229 53
122 123 229 191
123 122 229 54
124 123 229 55
125 124 229 56
126 125 229 57
127 126 229 58
128 144 229 46
129 130 229 70
130 131 229 71
131 132 229 72
132 133 229 73
133 134 229 74
134 133 229 193
134 135 229 75
135 134 229 194
135 136 229 76
136 135 229 195
136 137 229 77
137 136 229 196
137 138 229 78
138 137 229 197
138 139 229 79
139 138 229 198
140 139 229 199
141 140 229 200
142 141 229 201
143 142 229 202
145 146 229 214
146 147 229 215
147 148 229 216
148 149 229 217
149 150 229 218
150 149 229 81
150 151 229 219
151 150 229 82
151 152 229 220
152 151 229 83
152 153 229 221
153 152 229 84
153 154 229 222
154 153 229 85
154 155 229 223
155 154 229 86
156 155 229 87
157 156 229 88
158 157 229 89
159 158 229 90
160 144 229 205
160 176 229 43
161 162 229 102
162 163 229 103
163 164 229 104
164 165 229 105
165 166 229 106
166 165 229 225
166 167 229 107
167 166 229 226
167 168 229 108
168 167 229 227
168 169 229 109
169 168 229 228
169 170 229 110
170 169 229 229
170 171 229 111
171 170 229 230
172 171 229 231
173 172 229 232
174 173 229 233
175 174 229 234
177 178 229 246
178 179 229 247
179 180 229 248
180 181 229 249
181 182 229 250
182 181 229 113
182 183 229 251
183 182 229 114
183 184 229 252
184 183 229 115
184 185 229 253
185 184 229 116
185 186 229 254
186 185 229 117
186 187 229 255
187 186 229 118
188 187 229 119
189 188 229 120
190 189 229 121
191 190 229 122
192 176 229 202
192 208 229 40
193 194 229 134
194 195 229 135
195 196 229 136
196 197 229 137
197 198 229 138
198 199 229 139
199 198 229 224
199 200 229 140
200 201 229 141
201 202 229 142
202 201 229 192
202 203 229 143
205 204 229 160
213 214 229 16
214 213 229 145
215 214 229 146
216 215 229 147
216 217 229 48
217 216 229 148
218 217 229 149
219 218 229 150
219 220 229 80
220 219 229 151
221 220 229 152
222 221 229 153
222 223 229 112
223 222 229 154
224 208 229 199
224 240 229 37
225 209 229 4
225 226 229 166
226 225 229 5
226 227 229 167
227 226 229 6
227 228 229 168
228 227 229 7
228 229 229 169
229 228 229 8
229 230 229 170
230 229 229 9
230 231 229 171
231 230 229 10
231 232 229 172
232 231 229 11
232 233 229 173
233 232 229 12
233 234 229 174
234 233 229 13
234 235 229 175
235 234 229 14
236 235 229 15
244 245 229 17
245 246 229 18
246 245 229 177
246 247 229 19
247 246 229 178
247 248 229 20
248 247 229 179
248 249 229 21
249 248 229 180
249 250 229 22
250 249 229 181
250 251 229 23
251 250 229 182
251 252 229 24
252 251 229 183
252 253 229 25
253 252 229 184
253 254 229 26
254 253 229 185
254 255 229 27
255 239 229 28
255 254 229 186
0 1 231 212
0 16 231 53
1 0 231 52
1 2 231 211
2 1 231 51
2 3 231 210
3 2 231 50
3 4 231 209
4 3 231 49
28 29 231 79
29 28 231 239
29 30 231 78
30 29 231 238
30 31 231 77
31 15 231 76
31 30 231 237
32 16 231 215
32 48 231 56
33 17 231 84
33 34 231 243
34 33 231 83
34 35 231 242
35 34 231 82
35 36 231 241
36 35 231 81
36 37 231 240
39 40 231 208
42 43 231 176
45 46 231 144
49 65 231 4
50 49 231 3
51 50 231 2
52 51 231 1
53 52 231 0
56 55 231 32
59 58 231 64
60 61 231 111
61 62 231 110
62 61 231 96
62 63 231 109
63 47 231 108
64 48 231 218
64 80 231 59
65 49 231 116
66 65 231 115
67 66 231 114
68 67 231 113
76 77 231 31
77 78 231 30
78 79 231 29
79 95 231 28
81 97 231 36
82 81 231 35
83 82 231 34
84 83 231 33
92 93 231 143
93 94 231 142
94 95 231 141
95 79 231 140
96 80 231 221
96 112 231 62
97 81 231 148
98 97 231 147
99 98 231 146
100 99 231 145
108 109 231 63
109 110 231 62
110 111 231 61
111 127 231 60
113 129 231 68
114 113 231 67
115 114 231 66
116 115 231 65
124 125 231 175
125 126 231 174
126 127 231 173
127 111 231 172
129 113 231 180
130 129 231 179
131 130 231 178
132 131 231 177
140 141 231 95
141 142 231 94
142 143 231 93
143 159 231 92
144 128 231 206
144 160 231 45
145 161 231 100
146 145 231 99
147 146 231 98
148 147 231 97
156 157 231 207
157 158 231 206
158 159 231 205
159 143 231 204
161 145 231 212
162 161 231 211
163 162 231 210
164 163 231 209
172 173 231 127
173 174 231 126
174 175 231 125
175 191 231 124
176 160 231 203
176 192 231 42
177 193 231 132
178 177 231 131
179 178 231 130
180 179 231 129
188 189 231 239
189 190 231 238
190 191 231 237
191 175 231 236
193 177 231 244
194 193 231 243
195 194 231 242
196 195 231 241
197 196 231 240
200 199 231 208
203 202 231 176
204 205 231 159
205 206 231 158
206 205 231 144
206 207 231 157
207 223 231 156
208 192 231 200
208 224 231 39
209 210 231 3
209 225 231 164
210 209 231 163
210 211 231 2
211 210 231 162
211 212 231 1
212 211 231 161
212 213 231 0
215 216 231 32
218 219 231 64
221 222 231 96
236 237 231 191
237 236 231 31
237 238 231 190
238 237 231 30
238 239 231 189
239 238 231 29
239 255 231 188
240 224 231 197
240 241 231 36
241 240 231 196
241 242 231 35
242 241 231 195
242 243 231 34
243 242 231 194
243 244 231 33
244 243 231 193
5 4 233 65
5 6 233 225
6 5 233 66
6 7 233 226
7 6 233 67
7 8 233 227
8 7 233 68
8 9 233 228
9 8 233 69
9 10 233 229
10 9 233 70
10 11 233 230
11 10 233 71
11 12 233 231
12 11 233 72
12 13 233 232
13 12 233 73
13 14 233 233
14 13 233 74
14 15 233 234
15 14 233 75
15 31 233 235
16 0 233 214
16 32 233 54
17 18 233 85
17 33 233 245
18 17 233 246
18 19 233 86
19 18 233 247
19 20 233 87
20 19 233 248
20 21 233 88
21 20 233 249
21 22 233 89
22 21 233 250
22 23 233 90
23 22 233 251
23 24 233 91
24 23 233 252
24 25 233 92
25 24 233 253
25 26 233 93
26 25 233 254
26 27 233 94
27 26 233 255
27 28 233 95
37 36 233 97
38 37 233 98
38 39 233 224
39 38 233 99
40 39 233 100
41 40 233 101
41 42 233 192
42 41 233 102
43 42 233 103
44 43 233 104
44 45 233 160
45 44 233 105
46 45 233 106
47 46 233 107
47 63 233 128
48 32 233 217
48 64 233 57
49 50 233 117
50 51 233 118
51 52 233 119
52 53 233 120
53 54 233 121
54 53 233 16
54 55 233 122
55 56 233 123
56 57 233 124
57 56 233 48
57 58 233 125
58 59 233 126
59 60 233 127
60 59 233 80
63 62 233 112
65 66 233 5
66 67 233 6
67 68 233 7
68 69 233 8
69 68 233 129
69 70 233 9
70 69 233 130
70 71 233 10
71 70 233 131
71 72 233 11
72 71 233 132
72 73 233 12
73 72 233 133
73 74 233 13
74 73 233 134
74 75 233 14
75 74 233 135
75 76 233 15
76 75 233 136
77 76 233 137
78 77 233 138
79 78 233 139
80 64 233 220
80 96 233 60
81 82 233 149
82 83 233 150
83 84 233 151
84 85 233 152
85 84 233 17
85 86 233 153
86 85 233 18
86 87 233 154
87 86 233 19
87 88 233 155
88 87 233 20
88 89 233 156
89 88 233 21
89 90 233 157
90 89 233 22
90 91 233 158
91 90 233 23
91 92 233 159
92 91 233 24
93 92 233 25
94 93 233 26
95 94 233 27
97 98 233 37
98 99 233 38
99 100 233 39
100 101 233 40
101 100 233 161
101 102 233 41
102 101 233 162
102 103 233 42
103 102 233 163
103 104 233 43
104 103 233 164
104 105 233 44
105 104 233 165
105 106 233 45
106 105 233 166
106 107 233 46
107 106 233 167
107 108 233 47
108 107 233 168
109 108 233 169
110 109 233 170
111 110 233 171
112 96 233 223
112 128 233 63
113 114 233 181
114 115 233 182
115 116 233 183
116 117 233 184
117 116 233 49
117 118 233 185
118 117 233 50
118 119 233 186
119 118 233 51
119 120 233 187
120 119 233 52
120 121 233 188
121 120 233 53
121 122 233 189
122 121 233 54
122 123 233 190
123 122 233 55
123 124 233 191
124 123 233 56
125 124 233 57
126 125 233 58
127 126 233 59
128 112 233 207
128 144 233 47
129 130 233 69
130 131 233 70
131 132 233 71
132 133 233 72
133 132 233 193
133 134 233 73
134 133 233 194
134 135 233 74
135 134 233 195
135 136 233 75
136 135 233 196
136 137 233 76
137 136 233 197
137 138 233 77
138 137 233 198
138 139 233 78
139 138 233 199
139 140 233 79
140 139 233 200
141 140 233 201
142 141 233 202
143 142 233 203
145 146 233 213
146 147 233 214
147 148 233 215
148 149 233 216
149 148 233 81
149 150 233 217
150 149 233 82
150 151 233 218
151 150 233 83
151 152 233 219
152 151 233 84
152 153 233 220
153 152 233 85
153 154 233 221
154 153 233 86
154 155 233 222
155 154 233 87
155 156 233 223
156 155 233 88
157 156 233 89
158 157 233 90
159 158 233 91
160 144 233 204
160 176 233 44
161 162 233 101
162 163 233 102
163 164 233 103
164 165 233 104
165 164 233 225
165 166 233 105
166 165 233 226
166 167 233 106
167 166 233 227
167 168 233 107
168 167 233 228
168 169 233 108
169 168 233 229
169 170 233 109
170 169 233 230
170 171 233 110
171 170 233 231
171 172 233 111
172 171 233 232
173 172 233 233
174 173 233 234
175 174 233 235
177 178 233 245
178 179 233 246
179 180 233 247
180 181 233 248
181 180 233 113
181 182 233 249
182 181 233 114
182 183 233 250
183 182 233 115
183 184 233 251
184 183 233 116
184 185 233 252
185 184 233 117
185 186 233 253
186 185 233 118
186 187 233 254
187 186 233 119
187 188 233 255
188 187 233 120
189 188 233 121
190 189 233 122
191 190 233 123
192 176 233 201
192 208 233 41
193 194 233 133
194 195 233 134
195 196 233 135
196 197 233 136
197 198 233 137
198 197 233 224
198 199 233 138
199 200 233 139
200 201 233 140
201 200 233 192
201 202 233 141
202 203 233 142
203 204 233 143
204 203 233 160
207 206 233 128
213 212 233 145
214 213 233 146
214 215 233 16
215 214 233 147
216 215 233 148
217 216 233 149
217 218 233 48
218 217 233 150
219 218 233 151
220 219 233 152
220 221 233 80
221 220 233 153
222 221 233 154
223 207 233 112
223 222 233 155
224 208 233 198
224 240 233 38
225 209 233 5
225 226 233 165
226 225 233 6
226 227 233 166
227 226 233 7
227 228 233 167
228 227 233 8
228 229 233 168
229 228 233 9
229 230 233 169
230 229 233 10
230 231 233 170
231 230 233 11
231 232 233 171
232 231 233 12
232 233 233 172
233 232 233 13
233 234 233 173
234 233 233 14
234 235 233 174
235 234 233 15
235 236 233 175
245 244 233 177
245 246 233 17
246 245 233 178
246 247 233 18
247 246 233 179
247 248 233 19
248 247 233 180
248 249 233 20
249 248 233 181
249 250 233 21
250 249 233 182
250 251 233 22
251 250 233 183
251 252 233 23
252 251 233 184
252 253 233 24
253 252 233 185
253 254 233 25
254 253 233 186
254 255 233 26
255 239 233 27
255 254 233 187
0 1 235 213
0 16 235 52
1 0 235 51
1 2 235 212
2 1 235 50
2 3 235 211
3 2 235 49
3 4 235 210
4 5 235 209
28 27 235 239
29 28 235 238
29 30 235 79
30 29 235 237
30 31 235 78
31 15 235 77
31 30 235 236
32 16 235 216
32 48 235 55
33 17 235 83
33 34 235 244
34 33 235 82
34 35 235 243
35 34 235 81
35 36 235 242
36 37 235 241
37 38 235 240
40 41 235 208
43 44 235 176
46 47 235 144
49 65 235 3
50 49 235 2
51 50 235 1
52 51 235 0
55 54 235 32
58 57 235 64
61 60 235 96
61 62 235 111
62 63 235 110
63 47 235 109
64 48 235 219
64 80 235 58
65 49 235 115
66 65 235 114
67 66 235 113
77 78 235 31
78 79 235 30
79 95 235 29
81 97 235 35
82 81 235 34
83 82 235 33
93 94 235 143
94 95 235 142
95 79 235 141
96 80 235 222
96 112 235 61
97 81 235 147
98 97 235 146
99 98 235 145
109 110 235 63
110 111 235 62
111 127 235 61
113 129 235 67
114 113 235 66
115 114 235 65
125 126 235 175
126 127 235 174
127 111 235 173
129 113 235 179
130 129 235 178
131 130 235 177
141 142 235 95
142 143 235 94
143 159 235 93
144 128 235 205
144 160 235 46
145 161 235 99
146 145 235 98
147 146 235 97
157 158 235 207
158 159 235 206
159 143 235 205
161 145 235 211
162 161 235 210
163 162 235 209
173 174 235 127
174 175 235 126
175 191 235 125
176 160 235 202
176 192 235 43
177 193 235 131
178 177 235 130
179 178 235 129
189 190 235 239
190 191 235 238
191 175 235 237
193 177 235 243
194 193 235 242
195 194 235 241
196 195 235 240
199 198 235 208
202 201 235 176
205 204 235 144
205 206 235 159
206 207 235 158
207 223 235 157
208 192 235 199
208 224 235 40
209 210 235 4
209 225 235 163
210 209 235 162
210 211 235 3
211 210 235 161
211 212 235 2
212 213 235 1
213 214 235 0
216 217 235 32
219 220 235 64
222 223 235 96
236 235 235 31
237 236 235 30
237 238 235 191
238 237 235 29
238 239 235 190
239 238 235 28
239 255 235 189
240 224 235 196
240 241 235 37
241 240 235 195
241 242 235 36
242 241 235 194
242 243 235 35
243 242 235 193
243 244 235 34
244 245 235 33
4 3 237 65
5 4 237 66
6 5 237 67
6 7 237 225
7 6 237 68
7 8 237 226
8 7 237 69
8 9 237 227
9 8 237 70
9 10 237 228
10 9 237 71
10 11 237 229
11 10 237 72
11 12 237 230
12 11 237 73
12 13 237 231
13 12 237 74
13 14 237 232
14 13 237 75
14 15 237 233
15 14 237 76
15 31 237 234
16 0 237 215
16 32 237 53
17 18 237 84
17 33 237 246
18 17 237 247
18 19 237 85
19 18 237 248
19 20 237 86
20 19 237 249
20 21 237 87
21 20 237 250
21 22 237 88
22 21 237 251
22 23 237 89
23 22 237 252
23 24 237 90
24 23 237 253
24 25 237 91
25 24 237 254
25 26 237 92
26 25 237 255
26 27 237 93
27 28 237 94
28 29 237 95
36 35 237 97
37 36 237 98
38 37 237 99
39 38 237 100
39 40 237 224
40 39 237 101
41 40 237 102
42 41 237 103
42 43 237 192
43 42 237 104
44 43 237 105
45 44 237 106
45 46 237 160
46 45 237 107
47 46 237 108
48 32 237 218
48 64 237 56
49 50 237 116
50 51 237 117
51 52 237 118
52 53 237 119
53 52 237 16
53 54 237 120
54 55 237 121
55 56 237 122
56 55 237 48
56 57 237 123
57 58 237 124
58 59 237 125
59 58 237 80
59 60 237 126
60 61 237 127
62 61 237 112
65 66 237 4
66 67 237 5
67 68 237 6
68 67 237 129
68 69 237 7
69 68 237 130
69 70 237 8
70 69 237 131
70 71 237 9
71 70 237 132
71 72 237 10
72 71 237 133
72 73 237 11
73 72 237 134
73 74 237 12
74 73 237 135
74 75 237 13
75 74 237 136
75 76 237 14
76 75 237 137
76 77 237 15
77 76 237 138
78 77 237 139
79 78 237 140
80 64 237 221
80 96 237 59
81 82 237 148
82 83 237 149
83 84 237 150
84 83 237 17
84 85 237 151
85 84 237 18
85 86 237 152
86 85 237 19
86 87 237 153
87 86 237 20
87 88 237 154
88 87 237 21
88 89 237 155
89 88 237 22
89 90 237 156
90 89 237 23
90 91 237 157
91 90 237 24
91 92 237 158
92 91 237 25
92 93 237 159
93 92 237 26
94 93 237 27
95 94 237 28
97 98 237 36
98 99 237 37
99 100 237 38
100 99 237 161
100 101 237 39
101 100 237 162
101 102 237 40
102 101 237 163
102 103 237 41
103 102 237 164
103 104 237 42
104 103 237 165
104 105 237 43
105 104 237 166
105 106 237 44
106 105 237 167
106 107 237 45
107 106 237 168
107 108 237 46
108 107 237 169
108 109 237 47
109 108 237 170
110 109 237 171
111 110 237 172
112 128 237 62
113 114 237 180
114 115 237 181
115 116 237 182
116 115 237 49
116 117 237 183
117 116 237 50
117 118 237 184
118 117 237 51
118 119 237 185
119 118 237 52
119 120 237 186
120 119 237 53
120 121 237 187
121 120 237 54
121 122 237 188
122 121 237 55
122 123 237 189
123 122 237 56
123 124 237 190
124 123 237 57
124 125 237 191
125 124 237 58
126 125 237 59
127 126 237 60
128 112 237 206
129 130 237 68
130 131 237 69
131 132 237 70
132 131 237 193
132 133 237 71
133 132 237 194
133 134 237 72
134 133 237 195
134 135 237 73
135 134 237 196
135 136 237 74
136 135 237 197
136 137 237 75
137 136 237 198
137 138 237 76
138 137 237 199
138 139 237 77
139 138 237 200
139 140 237 78
140 139 237 201
140 141 237 79
141 140 237 202
142 141 237 203
143 142 237 204
145 146 237 212
146 147 237 213
147 148 237 214
148 147 237 81
148 149 237 215
149 148 237 82
149 150 237 216
150 149 237 83
150 151 237 217
151 150 237 84
151 152 237 218
152 151 237 85
152 153 237 219
153 152 237 86
153 154 237 220
154 153 237 87
154 155 237 221
155 154 237 88
155 156 237 222
156 155 237 89
156 157 237 223
157 156 237 90
158 157 237 91
159 158 237 92
160 144 237 203
160 176 237 45
161 162 237 100
162 163 237 101
163 164 237 102
164 163 237 225
164 165 237 103
165 164 237 226
165 166 237 104
166 165 237 227
166 167 237 105
167 166 237 228
167 168 237 106
168 167 237 229
168 169 237 107
169 168 237 230
169 170 237 108
170 169 237 231
170 171 237 109
171 170 237 232
171 172 237 110
172 171 237 233
172 173 237 111
173 172 237 234
174 173 237 235
175 174 237 236
177 178 237 244
178 179 237 245
179 180 237 246
180 179 237 113
180 181 237 247
181 180 237 114
181 182 237 248
182 181 237 115
182 183 237 249
183 182 237 116
183 184 237 250
184 183 237 117
184 185 237 251
185 184 237 118
185 186 237 252
186 185 237 119
186 187 237 253
187 186 237 120
187 188 237 254
188 187 237 121
188 189 237 255
189 188 237 122
190 189 237 123
191 190 237 124
192 176 237 200
192 208 237 42
193 194 237 132
194 195 237 133
195 196 237 134
196 197 237 135
197 196 237 224
197 198 237 136
198 199 237 137
199 200 237 138
200 199 237 192
200 201 237 139
201 202 237 140
202 203 237 141
203 202 237 160
203 204 237 142
204 205 237 143
206 205 237 128
212 211 237 145
213 212 237 146
214 213 237 147
215 214 237 148
215 216 237 16
216 215 237 149
217 216 237 150
218 217 237 151
218 219 237 48
219 218 237 152
220 219 237 153
221 220 237 154
221 222 237 80
222 221 237 155
223 222 237 156
224 208 237 197
224 240 237 39
225 209 237 6
225 226 237 164
226 225 237 7
226 227 237 165
227 226 237 8
227 228 237 166
228 227 237 9
228 229 237 167
229 228 237 10
229 230 237 168
230 229 237 11
230 231 237 169
231 230 237 12
231 232 237 170
232 231 237 13
232 233 237 171
233 232 237 14
233 234 237 172
234 233 237 15
234 235 237 173
235 236 237 174
236 237 237 175
244 243 237 177
245 244 237 178
246 245 237 179
246 247 237 17
247 246 237 180
247 248 237 18
248 247 237 181
248 249 237 19
249 248 237 182
249 250 237 20
250 249 237 183
250 251 237 21
251 250 237 184
251 252 237 22
252 251 237 185
252 253 237 23
253 252 237 186
253 254 237 24
254 253 237 187
254 255 237 25
255 239 237 26
255 254 237 188
0 1 239 214
0 16 239 51
1 0 239 50
1 2 239 213
2 1 239 49
2 3 239 212
3 4 239 211
4 5 239 210
5 6 239 209
27 26 239 239
28 27 239 238
29 28 239 237
30 29 239 236
30 31 239 79
31 15 239 78
31 30 239 235
32 16 239 217
32 48 239 54
33 17 239 82
33 34 239 245
34 33 239 81
34 35 239 244
35 36 239 243
36 37 239 242
37 38 239 241
38 39 239 240
41 42 239 208
44 45 239 176
47 63 239 144
49 65 239 2
50 49 239 1
51 50 239 0
54 53 239 32
57 56 239 64
60 59 239 96
62 63 239 111
63 47 239 110
63 62 239 128
64 48 239 220
64 80 239 57
65 49 239 114
66 65 239 113
78 79 239 31
79 95 239 30
81 97 239 34
82 81 239 33
94 95 239 143
95 79 239 142
96 80 239 223
96 112 239 60
97 81 239 146
98 97 239 145
110 111 239 63
111 127 239 62
112 96 239 207
113 129 239 66
114 113 239 65
126 127 239 175
127 111 239 174
128 144 239 63
129 113 239 178
130 129 239 177
142 143 239 95
143 159 239 94
144 128 239 204
144 160 239 47
145 161 239 98
146 145 239 97
158 159 239 207
159 143 239 206
161 145 239 210
162 161 239 209
174 175 239 127
175 191 239 126
176 160 239 201
176 192 239 44
177 193 239 130
178 177 239 129
190 191 239 239
191 175 239 238
193 177 239 242
194 193 239 241
195 194 239 240
198 197 239 208
201 200 239 176
204 203 239 144
206 207 239 159
207 206 239 112
207 223 239 158
208 192 239 198
208 224 239 41
209 210 239 5
209 225 239 162
210 209 239 161
210 211 239 4
211 212 239 3
212 213 239 2
213 214 239 1
214 215 239 0
217 218 239 32
220 221 239 64
223 207 239 96
235 234 239 31
236 235 239 30
237 236 239 29
238 237 239 28
238 239 239 191
239 238 239 27
239 255 239 190
240 224 239 195
240 241 239 38
241 240 239 194
241 242 239 37
242 241 239 193
242 243 239 36
243 244 239 35
244 245 239 34
245 246 239 33
3 2 241 65
4 3 241 66
5 4 241 67
6 5 241 68
7 6 241 69
7 8 241 225
8 7 241 70
8 9 241 226
9 8 241 71
9 10 241 227
10 9 241 72
10 11 241 228
11 10 241 73
11 12 241 229
12 11 241 74
12 13 241 230
13 12 241 75
13 14 241 231
14 13 241 76
14 15 241 232
15 14 241 77
15 31 241 233
16 0 241 216
16 32 241 52
17 18 241 83
17 33 241 247
18 17 241 248
18 19 241 84
19 18 241 249
19 20 241 85
20 19 241 250
20 21 241 86
21 20 241 251
21 22 241 87
22 21 241 252
22 23 241 88
23 22 241 253
23 24 241 89
24 23 241 254
24 25 241 90
25 24 241 255
25 26 241 91
26 27 241 92
27 28 241 93
28 29 241 94
29 30 241 95
35 34 241 97
36 35 241 98
37 36 241 99
38 37 241 100
39 38 241 101
40 39 241 102
40 41 241 224
41 40 241 103
42 41 241 104
43 42 241 105
43 44 241 192
44 43 241 106
45 44 241 107
46 45 241 108
46 47 241 160
47 46 241 109
48 32 241 219
48 64 241 55
49 50 241 115
50 51 241 116
51 52 241 117
52 51 241 16
52 53 241 118
53 54 241 119
54 55 241 120
55 54 241 48
55 56 241 121
56 57 241 122
57 58 241 123
58 57 241 80
58 59 241 124
59 60 241 125
60 61 241 126
61 60 241 112
61 62 241 127
65 66 241 3
66 67 241 4
67 66 241 129
67 68 241 5
68 67 241 130
68 69 241 6
69 68 241 131
69 70 241 7
70 69 241 132
70 71 241 8
71 70 241 133
71 72 241 9
72 71 241 134
72 73 241 10
73 72 241 135
73 74 241 11
74 73 241 136
74 75 241 12
75 74 241 137
75 76 241 13
76 75 241 138
76 77 241 14
77 76 241 139
77 78 241 15
78 77 241 140
79 78 241 141
80 64 241 222
80 96 241 58
81 82 241 147
82 83 241 148
83 82 241 17
83 84 241 149
84 83 241 18
84 85 241 150
85 84 241 19
85 86 241 151
86 85 241 20
86 87 241 152
87 86 241 21
87 88 241 153
88 87 241 22
88 89 241 154
89 88 241 23
89 90 241 155
90 89 241 24
90 91 241 156
91 90 241 25
91 92 241 157
92 91 241 26
92 93 241 158
93 92 241 27
93 94 241 159
94 93 241 28
95 94 241 29
97 98 241 35
98 99 241 36
99 98 241 161
99 100 241 37
100 99 241 162
100 101 241 38
101 100 241 163
101 102 241 39
102 101 241 164
102 103 241 40
103 102 241 165
103 104 241 41
104 103 241 166
104 105 241 42
105 104 241 167
105 106 241 43
106 105 241 168
106 107 241 44
107 106 241 169
107 108 241 45
108 107 241 170
108 109 241 46
109 108 241 171
109 110 241 47
110 109 241 172
111 110 241 173
112 128 241 61
113 114 241 179
114 115 241 180
115 114 241 49
115 116 241 181
116 115 241 50
116 117 241 182
117 116 241 51
117 118 241 183
118 117 241 52
118 119 241 184
119 118 241 53
119 120 241 185
120 119 241 54
120 121 241 186
121 120 241 55
121 122 241 187
122 121 241 56
122 123 241 188
123 122 241 57
123 124 241 189
124 123 241 58
124 125 241 190
125 124 241 59
125 126 241 191
126 125 241 60
127 126 241 61
128 112 241 205
129 130 241 67
130 131 241 68
131 130 241 193
131 132 241 69
132 131 241 194
132 133 241 70
133 132 241 195
133 134 241 71
134 133 241 196
134 135 241 72
135 134 241 197
135 136 241 73
136 135 241 198
136 137 241 74
137 136 241 199
137 138 241 75
138 137 241 200
138 139 241 76
139 138 241 201
139 140 241 77
140 139 241 202
140 141 241 78
141 140 241 203
141 142 241 79
142 141 241 204
143 142 241 205
145 146 241 211
146 147 241 212
147 146 241 81
147 148 241 213
148 147 241 82
148 149 241 214
149 148 241 83
149 150 241 215
150 149 241 84
150 151 241 216
151 150 241 85
151 152 241 217
152 151 241 86
152 153 241 218
153 152 241 87
153 154 241 219
154 153 241 88
154 155 241 220
155 154 241 89
155 156 241 221
156 155 241 90
156 157 241 222
157 156 241 91
157 158 241 223
158 157 241 92
159 158 241 93
160 144 241 202
160 176 241 46
161 162 241 99
162 163 241 100
163 162 241 225
163 164 241 101
164 163 241 226
164 165 241 102
165 164 241 227
165 166 241 103
166 165 241 228
166 167 241 104
167 166 241 229
167 168 241 105
168 167 241 230
168 169 241 106
169 168 241 231
169 170 241 107
170 169 241 232
170 171 241 108
171 170 241 233
171 172 241 109
172 171 241 234
172 173 241 110
173 172 241 235
173 174 241 111
174 173 241 236
175 174 241 237
177 178 241 243
178 179 241 244
179 178 241 113
179 180 241 245
180 179 241 114
180 181 241 246
181 180 241 115
181 182 241 247
182 181 241 116
182 183 241 248
183 182 241 117
183 184 241 249
184 183 241 118
184 185 241 250
185 184 241 119
185 186 241 251
186 185 241 120
186 187 241 252
187 186 241 121
187 188 241 253
188 187 241 122
188 189 241 254
189 188 241 123
189 190 241 255
190 189 241 124
191 190 241 125
192 176 241 199
192 208 241 43
193 194 241 131
194 195 241 132
195 196 241 133
196 195 241 224
196 197 241 134
197 198 241 135
198 199 241 136
199 198 241 192
199 200 241 137
200 201 241 138
201 202 241 139
202 201 241 160
202 203 241 140
203 204 241 141
204 205 241 142
205 204 241 128
205 206 241 143
211 210 241 145
212 211 241 146
213 212 241 147
214 213 241 148
215 214 241 149
216 215 241 150
216 217 241 16
217 216 241 151
218 217 241 152
219 218 241 153
219 220 241 48
220 219 241 154
221 220 241 155
222 221 241 156
222 223 241 80
223 222 241 157
224 208 241 196
224 240 241 40
225 209 241 7
225 226 241 163
226 225 241 8
226 227 241 164
227 226 241 9
227 228 241 165
228 227 241 10
228 229 241 166
229 228 241 11
229 230 241 167
230 229 241 12
230 231 241 168
231 230 241 13
231 232 241 169
232 231 241 14
232 233 241 170
233 232 241 15
233 234 241 171
234 235 241 172
235 236 241 173
236 237 241 174
237 238 241 175
243 242 241 177
244 243 241 178
245 244 241 179
246 245 241 180
247 246 241 181
247 248 241 17
248 247 241 182
248 249 241 18
249 248 241 183
249 250 241 19
250 249 241 184
250 251 241 20
251 250 241 185
251 252 241 21
252 251 241 186
252 253 241 22
253 252 241 187
253 254 241 23
254 253 241 188
254 255 241 24
255 239 241 25
255 254 241 189
0 1 243 215
0 16 243 50
1 0 243 49
1 2 243 214
2 3 243 213
3 4 243 212
4 5 243 211
5 6 243 210
6 7 243 209
26 25 243 239
27 26 243 238
28 27 243 237
29 28 243 236
30 29 243 235
31 15 243 79
31 30 243 234
32 16 243 218
32 48 243 53
33 17 243 81
33 34 243 246
34 35 243 245
35 36 243 244
36 37 243 243
37 38 243 242
38 39 243 241
39 40 243 240
42 43 243 208
45 46 243 176
49 65 243 1
50 49 243 0
53 52 243 32
56 55 243 64
59 58 243 96
62 61 243 128
63 47 243 111
64 48 243 221
64 80 243 56
65 49 243 113
79 95 243 31
81 97 243 33
95 79 243 143
96 112 243 59
97 81 243 145
111 127 243 63
112 96 243 206
113 129 243 65
127 111 243 175
128 144 243 62
129 113 243 177
143 159 243 95
144 128 243 203
145 161 243 97
159 143 243 207
161 145 243 209
175 191 243 127
176 160 243 200
176 192 243 45
177 193 243 129
191 175 243 239
193 177 243 241
194 193 243 240
197 196 243 208
200 199 243 176
203 202 243 144
206 205 243 112
207 223 243 159
208 192 243 197
208 224 243 42
209 210 243 6
209 225 243 161
210 211 243 5
211 212 243 4
212 213 243 3
213 214 243 2
214 215 243 1
215 216 243 0
218 219 243 32
221 222 243 64
234 233 243 31
235 234 243 30
236 235 243 29
237 236 243 28
238 237 243 27
239 238 243 26
239 255 243 191
240 224 243 194
240 241 243 39
241 240 243 193
241 242 243 38
242 243 243 37
243 244 243 36
244 245 243 35
245 246 243 34
246 247 243 33
2 1 245 65
3 2 245 66
4 3 245 67
5 4 245 68
6 5 245 69
7 6 245 70
8 7 245 71
8 9 245 225
9 8 245 72
9 10 245 226
10 9 245 73
10 11 245 227
11 10 245 74
11 12 245 228
12 11 245 75
12 13 245 229
13 12 245 76
13 14 245 230
14 13 245 77
14 15 245 231
15 14 245 78
15 31 245 232
16 0 245 217
16 32 245 51
17 18 245 82
17 33 245 248
18 17 245 249
18 19 245 83
19 18 245 250
19 20 245 84
20 19 245 251
20 21 245 85
21 20 245 252
21 22 245 86
22 21 245 253
22 23 245 87
23 22 245 254
23 24 245 88
24 23 245 255
24 25 245 89
25 26 245 90
26 27 245 91
27 28 245 92
28 29 245 93
29 30 245 94
30 31 245 95
34 33 245 97
35 34 245 98
36 35 245 99
37 36 245 100
38 37 245 101
39 38 245 102
40 39 245 103
41 40 245 104
41 42 245 224
42 41 245 105
43 42 245 106
44 43 245 107
44 45 245 192
45 44 245 108
46 45 245 109
47 46 245 110
47 63 245 160
48 32 245 220
48 64 245 54
49 50 245 114
50 51 245 115
51 50 245 16
51 52 245 116
52 53 245 117
53 54 245 118
54 53 245 48
54 55 245 119
55 56 245 120
56 57 245 121
57 56 245 80
57 58 245 122
58 59 245 123
59 60 245 124
60 59 245 112
60 61 245 125
61 62 245 126
62 63 245 127
63 62 245 144
65 66 245 2
66 65 245 129
66 67 245 3
67 66 245 130
67 68 245 4
68 67 245 131
68 69 245 5
69 68 245 132
69 70 245 6
70 69 245 133
70 71 245 7
71 70 245 134
71 72 245 8
72 71 245 135
72 73 245 9
73 72 245 136
73 74 245 10
74 73 245 137
74 75 245 11
75 74 245 138
75 76 245 12
76 75 245 139
76 77 245 13
77 76 245 140
77 78 245 14
78 77 245 141
78 79 245 15
79 78 245 142
80 64 245 223
80 96 245 57
81 82 245 146
82 81 245 17
82 83 245 147
83 82 245 18
83 84 245 148
84 83 245 19
84 85 245 149
85 84 245 20
85 86 245 150
86 85 245 21
86 87 245 151
87 86 245 22
87 88 245 152
88 87 245 23
88 89 245 153
89 88 245 24
89 90 245 154
90 89 245 25
90 91 245 155
91 90 245 26
91 92 245 156
92 91 245 27
92 93 245 157
93 92 245 28
93 94 245 158
94 93 245 29
94 95 245 159
95 94 245 30
96 80 245 207
97 98 245 34
98 97 245 161
98 99 245 35
99 98 245 162
99 100 245 36
100 99 245 163
100 101 245 37
101 100 245 164
101 102 245 38
102 101 245 165
102 103 245 39
103 102 245 166
103 104 245 40
104 103 245 167
104 105 245 41
105 104 245 168
105 106 245 42
106 105 245 169
106 107 245 43
107 106 245 170
107 108 245 44
108 107 245 171
108 109 245 45
109 108 245 172
109 110 245 46
110 109 245 173
110 111 245 47
111 110 245 174
112 128 245 60
113 114 245 178
114 113 245 49
114 115 245 179
115 114 245 50
115 116 245 180
116 115 245 51
116 117 245 181
117 116 245 52
117 118 245 182
118 117 245 53
118 119 245 183
119 118 245 54
119 120 245 184
120 119 245 55
120 121 245 185
121 120 245 56
121 122 245 186
122 121 245 57
122 123 245 187
123 122 245 58
123 124 245 188
124 123 245 59
124 125 245 189
125 124 245 60
125 126 245 190
126 125 245 61
126 127 245 191
127 126 245 62
128 112 245 204
129 130 245 66
130 129 245 193
130 131 245 67
131 130 245 194
131 132 245 68
132 131 245 195
132 133 245 69
133 132 245 196
133 134 245 70
134 133 245 197
134 135 245 71
135 134 245 198
135 136 245 72
136 135 245 199
136 137 245 73
137 136 245 200
137 138 245 74
138 137 245 201
138 139 245 75
139 138 245 202
139 140 245 76
140 139 245 203
140 141 245 77
141 140 245 204
141 142 245 78
142 141 245 205
142 143 245 79
143 142 245 206
144 160 245 63
145 146 245 210
146 145 245 81
146 147 245 211
147 146 245 82
147 148 245 212
148 147 245 83
148 149 245 213
149 148 245 84
149 150 245 214
150 149 245 85
150 151 245 215
151 150 245 86
151 152 245 216
152 151 245 87
152 153 245 217
153 152 245 88
153 154 245 218
154 153 245 89
154 155 245 219
155 154 245 90
155 156 245 220
156 155 245 91
156 157 245 221
157 156 245 92
157 158 245 222
158 157 245 93
158 159 245 223
159 158 245 94
160 144 245 201
160 176 245 47
161 162 245 98
162 161 245 225
162 163 245 99
163 162 245 226
163 164 245 100
164 163 245 227
164 165 245 101
165 164 245 228
165 166 245 102
166 165 245 229
166 167 245 103
167 166 245 230
167 168 245 104
168 167 245 231
168 169 245 105
169 168 245 232
169 170 245 106
170 169 245 233
170 171 245 107
171 170 245 234
171 172 245 108
172 171 245 235
172 173 245 109
173 172 245 236
173 174 245 110
174 173 245 237
174 175 245 111
175 174 245 238
177 178 245 242
178 177 245 113
178 179 245 243
179 178 245 114
179 180 245 244
180 179 245 115
180 181 245 245
181 180 245 116
181 182 245 246
182 181 245 117
182 183 245 247
183 182 245 118
183 184 245 248
184 183 245 119
184 185 245 249
185 184 245 120
185 186 245 250
186 185 245 121
186 187 245 251
187 186 245 122
187 188 245 252
188 187 245 123
188 189 245 253
189 188 245 124
189 190 245 254
190 189 245 125
190 191 245 255
191 190 245 126
192 176 245 198
192 208 245 44
193 194 245 130
194 195 245 131
195 194 245 224
195 196 245 132
196 197 245 133
197 198 245 134
198 197 245 192
198 199 245 135
199 200 245 136
200 201 245 137
201 200 245 160
201 202 245 138
202 203 245 139
203 204 245 140
204 203 245 128
204 205 245 141
205 206 245 142
206 207 245 143
207 206 245 96
210 209 245 145
211 210 245 146
212 211 245 147
213 212 245 148
214 213 245 149
215 214 245 150
216 215 245 151
217 216 245 152
217 218 245 16
218 217 245 153
219 218 245 154
220 219 245 155
220 221 245 48
221 220 245 156
222 221 245 157
223 207 245 80
223 222 245 158
224 208 245 195
224 240 245 41
225 209 245 8
225 226 245 162
226 225 245 9
226 227 245 163
227 226 245 10
227 228 245 164
228 227 245 11
228 229 245 165
229 228 245 12
229 230 245 166
230 229 245 13
230 231 245 167
231 230 245 14
231 232 245 168
232 231 245 15
232 233 245 169
233 234 245 170
234 235 245 171
235 236 245 172
236 237 245 173
237 238 245 174
238 239 245 175
242 241 245 177
243 242 245 178
244 243 245 179
245 244 245 180
246 245 245 181
247 246 245 182
248 247 245 183
248 249 245 17
249 248 245 184
249 250 245 18
250 249 245 185
250 251 245 19
251 250 245 186
251 252 245 20
252 251 245 187
252 253 245 21
253 252 245 188
253 254 245 22
254 253 245 189
254 255 245 23
255 239 245 24
255 254 245 190
0 1 247 216
0 16 247 49
1 2 247 215
2 3 247 214
3 4 247 213
4 5 247 212
5 6 247 211
6 7 247 210
7 8 247 209
25 24 247 239
26 25 247 238
27 26 247 237
28 27 247 236
29 28 247 235
30 29 247 234
31 30 247 233
32 16 247 219
32 48 247 52
33 34 247 247
34 35 247 246
35 36 247 245
36 37 247 244
37 38 247 243
38 39 247 242
39 40 247 241
40 41 247 240
43 44 247 208
46 47 247 176
49 65 247 0
52 51 247 32
55 54 247 64
58 57 247 96
61 60 247 128
64 48 247 222
64 80 247 55
96 112 247 58
112 96 247 205
128 144 247 61
144 128 247 202
176 160 247 199
176 192 247 46
193 177 247 240
196 195 247 208
199 198 247 176
202 201 247 144
205 204 247 112
208 192 247 196
208 224 247 43
209 210 247 7
210 211 247 6
211 212 247 5
212 213 247 4
213 214 247 3
214 215 247 2
215 216 247 1
216 217 247 0
219 220 247 32
222 223 247 64
233 232 247 31
234 233 247 30
235 234 247 29
236 235 247 28
237 236 247 27
238 237 247 26
239 238 247 25
240 224 247 193
240 241 247 40
241 242 247 39
242 243 247 38
243 244 247 37
244 245 247 36
245 246 247 35
246 247 247 34
247 248 247 33
1 0 249 65
2 1 249 66
3 2 249 67
4 3 249 68
5 4 249 69
6 5 249 70
7 6 249 71
8 7 249 72
9 8 249 73
9 10 249 225
10 9 249 74
10 11 249 226
11 10 249 75
11 12 249 227
12 11 249 76
12 13 249 228
13 12 249 77
13 14 249 229
14 13 249 78
14 15 249 230
15 14 249 79
15 31 249 231
16 0 249 218
16 32 249 50
17 18 249 81
17 33 249 249
18 17 249 250
18 19 249 82
19 18 249 251
19 20 249 83
20 19 249 252
20 21 249 84
21 20 249 253
21 22 249 85
22 21 249 254
22 23 249 86
23 22 249 255
23 24 249 87
24 25 249 88
25 26 249 89
26 27 249 90
27 28 249 91
28 29 249 92
29 30 249 93
30 31 249 94
31 15 249 95
33 17 249 97
34 33 249 98
35 34 249 99
36 35 249 100
37 36 249 101
38 37 249 102
39 38 249 103
40 39 249 104
41 40 249 105
42 41 249 106
42 43 249 224
43 42 249 107
44 43 249 108
45 44 249 109
45 46 249 192
46 45 249 110
47 46 249 111
48 32 249 221
48 64 249 53
49 50 249 113
50 49 249 16
50 51 249 114
51 52 249 115
52 53 249 116
53 52 249 48
53 54 249 117
54 55 249 118
55 56 249 119
56 55 249 80
56 57 249 120
57 58 249 121
58 59 249 122
59 58 249 112
59 60 249 123
60 61 249 124
61 62 249 125
62 61 249 144
62 63 249 126
63 47 249 127
65 49 249 129
65 66 249 1
66 65 249 130
66 67 249 2
67 66 249 131
67 68 249 3
68 67 249 132
68 69 249 4
69 68 249 133
69 70 249 5
70 69 249 134
70 71 249 6
71 70 249 135
71 72 249 7
72 71 249 136
72 73 249 8
73 72 249 137
73 74 249 9
74 73 249 138
74 75 249 10
75 74 249 139
75 76 249 11
76 75 249 140
76 77 249 12
77 76 249 141
77 78 249 13
78 77 249 142
78 79 249 14
79 78 249 143
79 95 249 15
80 96 249 56
81 82 249 145
81 97 249 17
82 81 249 18
82 83 249 146
83 82 249 19
83 84 249 147
84 83 249 20
84 85 249 148
85 84 249 21
85 86 249 149
86 85 249 22
86 87 249 150
87 86 249 23
87 88 249 151
88 87 249 24
88 89 249 152
89 88 249 25
89 90 249 153
90 89 249 26
90 91 249 154
91 90 249 27
91 92 249 155
92 91 249 28
92 93 249 156
93 92 249 29
93 94 249 157
94 93 249 30
94 95 249 158
95 79 249 159
95 94 249 31
96 80 249 206
97 81 249 161
97 98 249 33
98 97 249 162
98 99 249 34
99 98 249 163
99 100 249 35
100 99 249 164
100 101 249 36
101 100 249 165
101 102 249 37
102 101 249 166
102 103 249 38
103 102 249 167
103 104 249 39
104 103 249 168
104 105 249 40
105 104 249 169
105 106 249 41
106 105 249 170
106 107 249 42
107 106 249 171
107 108 249 43
108 107 249 172
108 109 249 44
109 108 249 173
109 110 249 45
110 109 249 174
110 111 249 46
111 110 249 175
111 127 249 47
112 128 249 59
113 114 249 177
113 129 249 49
114 113 249 50
114 115 249 178
115 114 249 51
115 116 249 179
116 115 249 52
116 117 249 180
117 116 249 53
117 118 249 181
118 117 249 54
118 119 249 182
119 118 249 55
119 120 249 183
120 119 249 56
120 121 249 184
121 120 249 57
121 122 249 185
122 121 249 58
122 123 249 186
123 122 249 59
123 124 249 187
124 123 249 60
124 125 249 188
125 124 249 61
125 126 249 189
126 125 249 62
126 127 249 190
127 111 249 191
127 126 249 63
128 112 249 203
129 113 249 193
129 130 249 65
130 129 249 194
130 131 249 66
131 130 249 195
131 132 249 67
132 131 249 196
132 133 249 68
133 132 249 197
133 134 249 69
134 133 249 198
134 135 249 70
135 134 249 199
135 136 249 71
136 135 249 200
136 137 249 72
137 136 249 201
137 138 249 73
138 137 249 202
138 139 249 74
139 138 249 203
139 140 249 75
140 139 249 204
140 141 249 76
141 140 249 205
141 142 249 77
142 141 249 206
142 143 249 78
143 142 249 207
143 159 249 79
144 160 249 62
145 146 249 209
145 161 249 81
146 145 249 82
146 147 249 210
147 146 249 83
147 148 249 211
148 147 249 84
148 149 249 212
149 148 249 85
149 150 249 213
150 149 249 86
150 151 249 214
151 150 249 87
151 152 249 215
152 151 249 88
152 153 249 216
153 152 249 89
153 154 249 217
154 153 249 90
154 155 249 218
155 154 249 91
155 156 249 219
156 155 249 92
156 157 249 220
157 156 249 93
157 158 249 221
158 157 249 94
158 159 249 222
159 143 249 223
159 158 249 95
160 144 249 200
161 145 249 225
161 162 249 97
162 161 249 226
162 163 249 98
163 162 249 227
163 164 249 99
164 163 249 228
164 165 249 100
165 164 249 229
165 166 249 101
166 165 249 230
166 167 249 102
167 166 249 231
167 168 249 103
168 167 249 232
168 169 249 104
169 168 249 233
169 170 249 105
170 169 249 234
170 171 249 106
171 170 249 235
171 172 249 107
172 171 249 236
172 173 249 108
173 172 249 237
173 174 249 109
174 173 249 238
174 175 249 110
175 174 249 239
175 191 249 111
177 178 249 241
177 193 249 113
178 177 249 114
178 179 249 242
179 178 249 115
179 180 249 243
180 179 249 116
180 181 249 244
181 180 249 117
181 182 249 245
182 181 249 118
182 183 249 246
183 182 249 119
183 184 249 247
184 183 249 120
184 185 249 248
185 184 249 121
185 186 249 249
186 185 249 122
186 187 249 250
187 186 249 123
187 188 249 251
188 187 249 124
188 189 249 252
189 188 249 125
189 190 249 253
190 189 249 126
190 191 249 254
191 175 249 255
191 190 249 127
192 176 249 197
192 208 249 45
193 194 249 129
194 193 249 224
194 195 249 130
195 196 249 131
196 197 249 132
197 196 249 192
197 198 249 133
198 199 249 134
199 200 249 135
200 199 249 160
200 201 249 136
201 202 249 137
202 203 249 138
203 202 249 128
203 204 249 139
204 205 249 140
205 206 249 141
206 205 249 96
206 207 249 142
207 223 249 143
209 225 249 145
210 209 249 146
211 210 249 147
212 211 249 148
213 212 249 149
214 213 249 150
215 214 249 151
216 215 249 152
217 216 249 153
218 217 249 154
218 219 249 16
219 218 249 155
220 219 249 156
221 220 249 157
221 222 249 48
222 221 249 158
223 222 249 159
224 208 249 194
224 240 249 42
225 209 249 9
225 226 249 161
226 225 249 10
226 227 249 162
227 226 249 11
227 228 249 163
228 227 249 12
228 229 249 164
229 228 249 13
229 230 249 165
230 229 249 14
230 231 249 166
231 230 249 15
231 232 249 167
232 233 249 168
233 234 249 169
234 235 249 170
235 236 249 171
236 237 249 172
237 238 249 173
238 239 249 174
239 255 249 175
241 240 249 177
242 241 249 178
243 242 249 179
244 243 249 180
245 244 249 181
246 245 249 182
247 246 249 183
248 247 249 184
249 248 249 185
249 250 249 17
250 249 249 186
250 251 249 18
251 250 249 187
251 252 249 19
252 251 249 188
252 253 249 20
253 252 249 189
253 254 249 21
254 253 249 190
254 255 249 22
255 239 249 23
255 254 249 191
0 1 251 217
1 2 251 216
2 3 251 215
3 4 251 214
4 5 251 213
5 6 251 212
6 7 251 211
7 8 251 210
8 9 251 209
24 23 251 239
25 24 251 238
26 25 251 237
27 26 251 236
28 27 251 235
29 28 251 234
30 29 251 233
31 30 251 232
32 16 251 220
32 48 251 51
33 34 251 248
34 35 251 247
35 36 251 246
36 37 251 245
37 38 251 244
38 39 251 243
39 40 251 242
40 41 251 241
41 42 251 240
44 45 251 208
47 63 251 176
51 50 251 32
54 53 251 64
57 56 251 96
60 59 251 128
63 62 251 160
64 48 251 223
64 80 251 54
80 64 251 207
96 112 251 57
112 96 251 204
128 144 251 60
144 128 251 201
160 176 251 63
176 160 251 198
176 192 251 47
195 194 251 208
198 197 251 176
201 200 251 144
204 203 251 112
207 206 251 80
208 192 251 195
208 224 251 44
209 210 251 8
210 211 251 7
211 212 251 6
212 213 251 5
213 214 251 4
214 215 251 3
215 216 251 2
216 217 251 1
217 218 251 0
220 221 251 32
223 207 251 64
232 231 251 31
233 232 251 30
234 233 251 29
235 234 251 28
236 235 251 27
237 236 251 26
238 237 251 25
239 238 251 24
240 241 251 41
241 242 251 40
242 243 251 39
243 244 251 38
244 245 251 37
245 246 251 36
246 247 251 35
247 248 251 34
248 249 251 33
0 16 253 65
1 0 253 66
2 1 253 67
3 2 253 68
4 3 253 69
5 4 253 70
6 5 253 71
7 6 253 72
8 7 253 73
9 8 253 74
10 9 253 75
10 11 253 225
11 10 253 76
11 12 253 226
12 11 253 77
12 13 253 227
13 12 253 78
13 14 253 228
14 13 253 79
14 15 253 229
15 31 253 230
16 0 253 219
16 32 253 49
17 33 253 250
18 17 253 251
18 19 253 81
19 18 253 252
19 20 253 82
20 19 253 253
20 21 253 83
21 20 253 254
21 22 253 84
22 21 253 255
22 23 253 85
23 24 253 86
24 25 253 87
25 26 253 88
26 27 253 89
27 28 253 90
28 29 253 91
29 30 253 92
30 31 253 93
31 15 253 94
33 17 253 98
34 33 253 99
35 34 253 100
36 35 253 101
37 36 253 102
38 37 253 103
39 38 253 104
40 39 253 105
41 40 253 106
42 41 253 107
43 42 253 108
43 44 253 224
44 43 253 109
45 44 253 110
46 45 253 111
46 47 253 192
48 32 253 222
48 64 253 52
49 65 253 16
50 51 253 113
51 52 253 114
52 51 253 48
52 53 253 115
53 54 253 116
54 55 253 117
55 54 253 80
55 56 253 118
56 57 253 119
57 58 253 120
58 57 253 112
58 59 253 121
59 60 253 122
60 61 253 123
61 60 253 144
61 62 253 124
62 63 253 125
63 47 253 126
65 49 253 130
65 66 253 0
66 65 253 131
66 67 253 1
67 66 253 132
67 68 253 2
68 67 253 133
68 69 253 3
69 68 253 134
69 70 253 4
70 69 253 135
70 71 253 5
71 70 253 136
71 72 253 6
72 71 253 137
72 73 253 7
73 72 253 138
73 74 253 8
74 73 253 139
74 75 253 9
75 74 253 140
75 76 253 10
76 75 253 141
76 77 253 11
77 76 253 142
77 78 253 12
78 77 253 143
78 79 253 13
79 95 253 14
80 96 253 55
81 97 253 18
82 81 253 19
82 83 253 145
83 82 253 20
83 84 253 146
84 83 253 21
84 85 253 147
85 84 253 22
85 86 253 148
86 85 253 23
86 87 253 149
87 86 253 24
87 88 253 150
88 87 253 25
88 89 253 151
89 88 253 26
89 90 253 152
90 89 253 27
90 91 253 153
91 90 253 28
91 92 253 154
92 91 253 29
92 93 253 155
93 92 253 30
93 94 253 156
94 93 253 31
94 95 253 157
95 79 253 158
96 80 253 205
97 81 253 162
98 97 253 163
98 99 253 33
99 98 253 164
99 100 253 34
100 99 253 165
100 101 253 35
101 100 253 166
101 102 253 36
102 101 253 167
102 103 253 37
103 102 253 168
103 104 253 38
104 103 253 169
104 105 253 39
105 104 253 170
105 106 253 40
106 105 253 171
106 107 253 41
107 106 253 172
107 108 253 42
108 107 253 173
108 109 253 43
109 108 253 174
109 110 253 44
110 109 253 175
110 111 253 45
111 127 253 46
112 128 253 58
113 129 253 50
114 113 253 51
114 115 253 177
115 114 253 52
115 116 253 178
116 115 253 53
116 117 253 179
117 116 253 54
117 118 253 180
118 117 253 55
118 119 253 181
119 118 253 56
119 120 253 182
120 119 253 57
120 121 253 183
121 120 253 58
121 122 253 184
122 121 253 59
122 123 253 185
123 122 253 60
123 124 253 186
124 123 253 61
124 125 253 187
125 124 253 62
125 126 253 188
126 125 253 63
126 127 253 189
127 111 253 190
128 112 253 202
129 113 253 194
130 129 253 195
130 131 253 65
131 130 253 196
131 132 253 66
132 131 253 197
132 133 253 67
133 132 253 198
133 134 253 68
134 133 253 199
134 135 253 69
135 134 253 200
135 136 253 70
136 135 253 201
136 137 253 71
137 136 253 202
137 138 253 72
138 137 253 203
138 139 253 73
139 138 253 204
139 140 253 74
140 139 253 205
140 141 253 75
141 140 253 206
141 142 253 76
142 141 253 207
142 143 253 77
143 159 253 78
144 160 253 61
145 161 253 82
146 145 253 83
146 147 253 209
147 146 253 84
147 148 253 210
148 147 253 85
148 149 253 211
149 148 253 86
149 150 253 212
150 149 253 87
150 151 253 213
151 150 253 88
151 152 253 214
152 151 253 89
152 153 253 215
153 152 253 90
153 154 253 216
154 153 253 91
154 155 253 217
155 154 253 92
155 156 253 218
156 155 253 93
156 157 253 219
157 156 253 94
157 158 253 220
158 157 253 95
158 159 253 221
159 143 253 222
160 144 253 199
161 145 253 226
162 161 253 227
162 163 253 97
163 162 253 228
163 164 253 98
164 163 253 229
164 165 253 99
165 164 253 230
165 166 253 100
166 165 253 231
166 167 253 101
167 166 253 232
167 168 253 102
168 167 253 233
168 169 253 103
169 168 253 234
169 170 253 104
170 169 253 235
170 171 253 105
171 170 253 236
171 172 253 106
172 171 253 237
172 173 253 107
173 172 253 238
173 174 253 108
174 173 253 239
174 175 253 109
175 191 253 110
177 178 253 240
177 193 253 114
178 177 253 115
178 179 253 241
179 178 253 116
179 180 253 242
180 179 253 117
180 181 253 243
181 180 253 118
181 182 253 244
182 181 253 119
182 183 253 245
183 182 253 120
183 184 253 246
184 183 253 121
184 185 253 247
185 184 253 122
185 186 253 248
186 185 253 123
186 187 253 249
187 186 253 124
187 188 253 250
188 187 253 125
188 189 253 251
189 188 253 126
189 190 253 252
190 189 253 127
190 191 253 253
191 175 253 254
192 176 253 196
192 208 253 46
193 177 253 224
194 195 253 129
195 196 253 130
196 195 253 192
196 197 253 131
197 198 253 132
198 199 253 133
199 198 253 160
199 200 253 134
200 201 253 135
201 202 253 136
202 201 253 128
202 203 253 137
203 204 253 138
204 205 253 139
205 204 253 96
205 206 253 140
206 207 253 141
207 223 253 142
209 225 253 146
210 209 253 147
211 210 253 148
212 211 253 149
213 212 253 150
214 213 253 151
215 214 253 152
216 215 253 153
217 216 253 154
218 217 253 155
219 218 253 156
219 220 253 16
220 219 253 157
221 220 253 158
222 221 253 159
222 223 253 48
224 208 253 193
224 240 253 43
225 209 253 10
226 225 253 11
226 227 253 161
227 226 253 12
227 228 253 162
228 227 253 13
228 229 253 163
229 228 253 14
229 230 253 164
230 229 253 15
230 231 253 165
231 232 253 166
232 233 253 167
233 234 253 168
234 235 253 169
235 236 253 170
236 237 253 171
237 238 253 172
238 239 253 173
239 255 253 174
240 224 253 177
241 240 253 178
242 241 253 179
243 242 253 180
244 243 253 181
245 244 253 182
246 245 253 183
247 246 253 184
248 247 253 185
249 248 253 186
250 249 253 187
250 251 253 17
251 250 253 188
251 252 253 18
252 251 253 189
252 253 253 19
253 252 253 190
253 254 253 20
254 253 253 191
254 255 253 21
255 239 253 22
0 1 255 218
1 2 255 217
2 3 255 216
3 4 255 215
4 5 255 214
5 6 255 213
6 7 255 212
7 8 255 211
8 9 255 210
9 10 255 209
15 14 255 95
17 18 255 97
23 22 255 239
24 23 255 238
25 24 255 237
26 25 255 236
27 26 255 235
28 27 255 234
29 28 255 233
30 29 255 232
31 30 255 231
32 16 255 221
32 48 255 50
33 34 255 249
34 35 255 248
35 36 255 247
36 37 255 246
37 38 255 245
38 39 255 244
39 40 255 243
40 41 255 242
41 42 255 241
42 43 255 240
45 46 255 208
47 46 255 127
49 50 255 129
50 49 255 32
53 52 255 64
56 55 255 96
59 58 255 128
62 61 255 160
64 80 255 53
79 78 255 159
80 64 255 206
81 82 255 161
95 94 255 15
96 112 255 56
97 98 255 17
111 110 255 191
112 96 255 203
113 114 255 193
127 126 255 47
128 144 255 59
129 130 255 49
143 142 255 223
144 128 255 200
145 146 255 225
159 158 255 79
160 176 255 62
161 162 255 81
175 174 255 255
176 160 255 197
191 190 255 111
193 194 255 113
194 193 255 208
197 196 255 176
200 199 255 144
203 202 255 112
206 205 255 80
208 192 255 194
208 224 255 45
209 210 255 9
210 211 255 8
211 212 255 7
212 213 255 6
213 214 255 5
214 215 255 4
215 216 255 3
216 217 255 2
217 218 255 1
218 219 255 0
221 222 255 32
223 222 255 143
225 226 255 145
231 230 255 31
232 231 255 30
233 232 255 29
234 233 255 28
235 234 255 27
236 235 255 26
237 236 255 25
238 237 255 24
239 238 255 23
240 241 255 42
241 242 255 41
242 243 255 40
243 244 255 39
244 245 255 38
245 246 255 37
246 247 255 36
247 248 255 35
248 249 255 34
249 250 255 33
255 254 255 175
0 16 257 66
1 0 257 67
2 1 257 68
3 2 257 69
4 3 257 70
5 4 257 71
6 5 257 72
7 6 257 73
8 7 257 74
9 8 257 75
10 9 257 76
11 10 257 77
11 12 257 225
12 11 257 78
12 13 257 226
13 12 257 79
13 14 257 227
14 15 257 228
15 31 257 229
16 0 257 220
17 33 257 251
18 17 257 252
19 18 257 253
19 20 257 81
20 19 257 254
20 21 257 82
21 20 257 255
21 22 257 83
22 23 257 84
23 24 257 85
24 25 257 86
25 26 257 87
26 27 257 88
27 28 257 89
28 29 257 90
29 30 257 91
30 31 257 92
31 15 257 93
33 17 257 99
34 33 257 100
35 34 257 101
36 35 257 102
37 36 257 103
38 37 257 104
39 38 257 105
40 39 257 106
41 40 257 107
42 41 257 108
43 42 257 109
44 43 257 110
44 45 257 224
45 44 257 111
47 63 257 192
48 32 257 223
48 64 257 51
51 50 257 48
51 52 257 113
52 53 257 114
53 54 257 115
54 53 257 80
54 55 257 116
55 56 257 117
56 57 257 118
57 56 257 112
57 58 257 119
58 59 257 120
59 60 257 121
60 59 257 144
60 61 257 122
61 62 257 123
62 63 257 124
63 47 257 125
63 62 257 176
64 48 257 207
65 49 257 131
66 65 257 132
66 67 257 0
67 66 257 133
67 68 257 1
68 67 257 134
68 69 257 2
69 68 257 135
69 70 257 3
70 69 257 136
70 71 257 4
71 70 257 137
71 72 257 5
72 71 257 138
72 73 257 6
73 72 257 139
73 74 257 7
74 73 257 140
74 75 257 8
75 74 257 141
75 76 257 9
76 75 257 142
76 77 257 10
77 76 257 143
77 78 257 11
78 79 257 12
79 95 257 13
80 96 257 54
81 97 257 19
82 81 257 20
83 82 257 21
83 84 257 145
84 83 257 22
84 85 257 146
85 84 257 23
85 86 257 147
86 85 257 24
86 87 257 148
87 86 257 25
87 88 257 149
88 87 257 26
88 89 257 150
89 88 257 27
89 90 257 151
90 89 257 28
90 91 257 152
91 90 257 29
91 92 257 153
92 91 257 30
92 93 257 154
93 92 257 31
93 94 257 155
94 95 257 156
95 79 257 157
96 80 257 204
97 81 257 163
98 97 257 164
99 98 257 165
99 100 257 33
100 99 257 166
100 101 257 34
101 100 257 167
101 102 257 35
102 101 257 168
102 103 257 36
103 102 257 169
103 104 257 37
104 103 257 170
104 105 257 38
105 104 257 171
105 106 257 39
106 105 257 172
106 107 257 40
107 106 257 173
107 108 257 41
108 107 257 174
108 109 257 42
109 108 257 175
109 110 257 43
110 111 257 44
111 127 257 45
112 128 257 57
113 129 257 51
114 113 257 52
115 114 257 53
115 116 257 177
116 115 257 54
116 117 257 178
117 116 257 55
117 118 257 179
118 117 257 56
118 119 257 180
119 118 257 57
119 120 257 181
120 119 257 58
120 121 257 182
121 120 257 59
121 122 257 183
122 121 257 60
122 123 257 184
123 122 257 61
123 124 257 185
124 123 257 62
124 125 257 186
125 124 257 63
125 126 257 187
126 127 257 188
127 111 257 189
128 112 257 201
129 113 257 195
130 129 257 196
131 130 257 197
131 132 257 65
132 131 257 198
132 133 257 66
133 132 257 199
133 134 257 67
134 133 257 200
134 135 257 68
135 134 257 201
135 136 257 69
136 135 257 202
136 137 257 70
137 136 257 203
137 138 257 71
138 137 257 204
138 139 257 72
139 138 257 205
139 140 257 73
140 139 257 206
140 141 257 74
141 140 257 207
141 142 257 75
142 143 257 76
143 159 257 77
144 160 257 60
145 161 257 83
146 145 257 84
147 146 257 85
147 148 257 209
148 147 257 86
148 149 257 210
149 148 257 87
149 150 257 211
150 149 257 88
150 151 257 212
151 150 257 89
151 152 257 213
152 151 257 90
152 153 257 214
153 152 257 91
153 154 257 215
154 153 257 92
154 155 257 216
155 154 257 93
155 156 257 217
156 155 257 94
156 157 257 218
157 156 257 95
157 158 257 219
158 159 257 220
159 143 257 221
160 144 257 198
161 145 257 227
162 161 257 228
163 162 257 229
163 164 257 97
164 163 257 230
164 165 257 98
165 164 257 231
165 166 257 99
166 165 257 232
166 167 257 100
167 166 257 233
167 168 257 101
168 167 257 234
168 169 257 102
169 168 257 235
169 170 257 103
170 169 257 236
170 171 257 104
171 170 257 237
171 172 257 105
172 171 257 238
172 173 257 106
173 172 257 239
173 174 257 107
174 175 257 108
175 191 257 109
176 192 257 63
177 193 257 115
178 177 257 116
178 179 257 240
179 178 257 117
179 180 257 241
180 179 257 118
180 181 257 242
181 180 257 119
181 182 257 243
182 181 257 120
182 183 257 244
183 182 257 121
183 184 257 245
184 183 257 122
184 185 257 246
185 184 257 123
185 186 257 247
186 185 257 124
186 187 257 248
187 186 257 125
187 188 257 249
188 187 257 126
188 189 257 250
189 188 257 127
189 190 257 251
190 191 257 252
191 175 257 253
192 176 257 195
192 208 257 47
195 194 257 192
195 196 257 129
196 197 257 130
197 198 257 131
198 197 257 160
198 199 257 132
199 200 257 133
200 201 257 134
201 200 257 128
201 202 257 135
202 203 257 136
203 204 257 137
204 203 257 96
204 205 257 138
205 206 257 139
206 207 257 140
207 206 257 64
207 223 257 141
209 225 257 147
210 209 257 148
211 210 257 149
212 211 257 150
213 212 257 151
214 213 257 152
215 214 257 153
216 215 257 154
217 216 257 155
218 217 257 156
219 218 257 157
220 219 257 158
220 221 257 16
221 220 257 159
223 207 257 48
224 240 257 44
225 209 257 11
226 225 257 12
227 226 257 13
227 228 257 161
228 227 257 14
228 229 257 162
229 228 257 15
229 230 257 163
230 231 257 164
231 232 257 165
232 233 257 166
233 234 257 167
234 235 257 168
235 236 257 169
236 237 257 170
237 238 257 171
238 239 257 172
239 255 257 173
240 224 257 178
241 240 257 179
242 241 257 180
243 242 257 181
244 243 257 182
245 244 257 183
246 245 257 184
247 246 257 185
248 247 257 186
249 248 257 187
250 249 257 188
251 250 257 189
251 252 257 17
252 251 257 190
252 253 257 18
253 252 257 191
253 254 257 19
254 255 257 20
255 239 257 21
0 1 259 219
1 2 259 218
2 3 259 217
3 4 259 216
4 5 259 215
5 6 259 214
6 7 259 213
7 8 259 212
8 9 259 211
9 10 259 210
10 11 259 209
14 13 259 95
15 14 259 94
16 32 259 65
17 18 259 98
18 19 259 97
22 21 259 239
23 22 259 238
24 23 259 237
25 24 259 236
26 25 259 235
27 26 259 234
28 27 259 233
29 28 259 232
30 29 259 231
31 30 259 230
32 16 259 222
32 48 259 49
33 34 259 250
34 35 259 249
35 36 259 248
36 37 259 247
37 38 259 246
38 39 259 245
39 40 259 244
40 41 259 243
41 42 259 242
42 43 259 241
43 44 259 240
46 45 259 127
46 47 259 208
47 46 259 126
49 50 259 130
49 65 259 32
50 51 259 129
52 51 259 64
55 54 259 96
58 57 259 128
61 60 259 160
64 80 259 52
65 66 259 16
78 77 259 159
79 78 259 158
80 64 259 205
81 82 259 162
82 83 259 161
94 93 259 15
95 94 259 14
96 112 259 55
97 98 259 18
98 99 259 17
110 109 259 191
111 110 259 190
112 96 259 202
113 114 259 194
114 115 259 193
126 125 259 47
127 126 259 46
128 144 259 58
129 130 259 50
130 131 259 49
142 141 259 223
143 142 259 222
144 128 259 199
145 146 259 226
146 147 259 225
158 157 259 79
159 158 259 78
160 176 259 61
161 162 259 82
162 163 259 81
174 173 259 255
175 174 259 254
176 160 259 196
177 178 259 224
190 189 259 111
191 190 259 110
193 177 259 208
193 194 259 114
194 195 259 113
196 195 259 176
199 198 259 144
202 201 259 112
205 204 259 80
208 192 259 193
208 224 259 46
209 210 259 10
210 211 259 9
211 212 259 8
212 213 259 7
213 214 259 6
214 215 259 5
215 216 259 4
216 217 259 3
217 218 259 2
218 219 259 1
219 220 259 0
222 221 259 143
222 223 259 32
223 222 259 142
224 208 259 177
225 226 259 146
226 227 259 145
230 229 259 31
231 230 259 30
232 231 259 29
233 232 259 28
234 233 259 27
235 234 259 26
236 235 259 25
237 236 259 24
238 237 259 23
239 238 259 22
240 241 259 43
241 242 259 42
242 243 259 41
243 244 259 40
244 245 259 39
245 246 259 38
246 247 259 37
247 248 259 36
248 249 259 35
249 250 259 34
250 251 259 33
254 253 259 175
255 254 259 174
0 16 261 67
1 0 261 68
2 1 261 69
3 2 261 70
4 3 261 71
5 4 261 72
6 5 261 73
7 6 261 74
8 7 261 75
9 8 261 76
10 9 261 77
11 10 261 78
12 11 261 79
12 13 261 225
13 14 261 226
14 15 261 227
15 31 261 228
16 0 261 221
17 33 261 252
18 17 261 253
19 18 261 254
20 19 261 255
20 21 261 81
21 22 261 82
22 23 261 83
23 24 261 84
24 25 261 85
25 26 261 86
26 27 261 87
27 28 261 88
28 29 261 89
29 30 261 90
30 31 261 91
31 15 261 92
33 17 261 100
34 33 261 101
35 34 261 102
36 35 261 103
37 36 261 104
38 37 261 105
39 38 261 106
40 39 261 107
41 40 261 108
42 41 261 109
43 42 261 110
44 43 261 111
45 46 261 224
48 64 261 50
50 49 261 48
52 53 261 113
53 52 261 80
53 54 261 114
54 55 261 115
55 56 261 116
56 55 261 112
56 57 261 117
57 58 261 118
58 59 261 119
59 58 261 144
59 60 261 120
60 61 261 121
61 62 261 122
62 61 261 176
62 63 261 123
63 47 261 124
64 48 261 206
65 49 261 132
66 65 261 133
67 66 261 134
67 68 261 0
68 67 261 135
68 69 261 1
69 68 261 136
69 70 261 2
70 69 261 137
70 71 261 3
71 70 261 138
71 72 261 4
72 71 261 139
72 73 261 5
73 72 261 140
73 74 261 6
74 73 261 141
74 75 261 7
75 74 261 142
75 76 261 8
76 75 261 143
76 77 261 9
77 78 261 10
78 79 261 11
79 95 261 12
80 96 261 53
81 97 261 20
82 81 261 21
83 82 261 22
84 83 261 23
84 85 261 145
85 84 261 24
85 86 261 146
86 85 261 25
86 87 261 147
87 86 261 26
87 88 261 148
88 87 261 27
88 89 261 149
89 88 261 28
89 90 261 150
90 89 261 29
90 91 261 151
91 90 261 30
91 92 261 152
92 91 261 31
92 93 261 153
93 94 261 154
94 95 261 155
95 79 261 156
96 80 261 203
97 81 261 164
98 97 261 165
99 98 261 166
100 99 261 167
100 101 261 33
101 100 261 168
101 102 261 34
102 101 261 169
102 103 261 35
103 102 261 170
103 104 261 36
104 103 261 171
104 105 261 37
105 104 261 172
105 106 261 38
106 105 261 173
106 107 261 39
107 106 261 174
107 108 261 40
108 107 261 175
108 109 261 41
109 110 261 42
110 111 261 43
111 127 261 44
112 128 261 56
113 129 261 52
114 113 261 53
115 114 261 54
116 115 261 55
116 117 261 177
117 116 261 56
117 118 261 178
118 117 261 57
118 119 261 179
119 118 261 58
119 120 261 180
120 119 261 59
120 121 261 181
121 120 261 60
121 122 261 182
122 121 261 61
122 123 261 183
123 122 261 62
123 124 261 184
124 123 261 63
124 125 261 185
125 126 261 186
126 127 261 187
127 111 261 188
128 112 261 200
129 113 261 196
130 129 261 197
131 130 261 198
132 131 261 199
132 133 261 65
133 132 261 200
133 134 261 66
134 133 261 201
134 135 261 67
135 134 261 202
135 136 261 68
136 135 261 203
136 137 261 69
137 136 261 204
137 138 261 70
138 137 261 205
138 139 261 71
139 138 261 206
139 140 261 72
140 139 261 207
140 141 261 73
141 142 261 74
142 143 261 75
143 159 261 76
144 160 261 59
145 161 261 84
146 145 261 85
147 146 261 86
148 147 261 87
148 149 261 209
149 148 261 88
149 150 261 210
150 149 261 89
150 151 261 211
151 150 261 90
151 152 261 212
152 151 261 91
152 153 261 213
153 152 261 92
153 154 261 214
154 153 261 93
154 155 261 215
155 154 261 94
155 156 261 216
156 155 261 95
156 157 261 217
157 158 261 218
158 159 261 219
159 143 261 220
160 144 261 197
161 145 261 228
162 161 261 229
163 162 261 230
164 163 261 231
164 165 261 97
165 164 261 232
165 166 261 98
166 165 261 233
166 167 261 99
167 166 261 234
167 168 261 100
168 167 261 235
168 169 261 101
169 168 261 236
169 170 261 102
170 169 261 237
170 171 261 103
171 170 261 238
171 172 261 104
172 171 261 239
172 173 261 105
173 174 261 106
174 175 261 107
175 191 261 108
176 192 261 62
177 193 261 116
178 177 261 117
179 178 261 118
179 180 261 240
180 179 261 119
180 181 261 241
181 180 261 120
181 182 261 242
182 181 261 121
182 183 261 243
183 182 261 122
183 184 261 244
184 183 261 123
184 185 261 245
185 184 261 124
185 186 261 246
186 185 261 125
186 187 261 247
187 186 261 126
187 188 261 248
188 187 261 127
188 189 261 249
189 190 261 250
190 191 261 251
191 175 261 252
192 176 261 194
194 193 261 192
196 197 261 129
197 196 261 160
197 198 261 130
198 199 261 131
199 200 261 132
200 199 261 128
200 201 261 133
201 202 261 134
202 203 261 135
203 202 261 96
203 204 261 136
204 205 261 137
205 206 261 138
206 205 261 64
206 207 261 139
207 223 261 140
209 225 261 148
210 209 261 149
211 210 261 150
212 211 261 151
213 212 261 152
214 213 261 153
215 214 261 154
216 215 261 155
217 216 261 156
218 217 261 157
219 218 261 158
220 219 261 159
221 222 261 16
224 240 261 45
225 209 261 12
226 225 261 13
227 226 261 14
228 227 261 15
228 229 261 161
229 230 261 162
230 231 261 163
231 232 261 164
232 233 261 165
233 234 261 166
234 235 261 167
235 236 261 168
236 237 261 169
237 238 261 170
238 239 261 171
239 255 261 172
240 224 261 179
241 240 261 180
242 241 261 181
243 242 261 182
244 243 261 183
245 244 261 184
246 245 261 185
247 246 261 186
248 247 261 187
249 248 261 188
250 249 261 189
251 250 261 190
252 251 261 191
252 253 261 17
253 254 261 18
254 255 261 19
255 239 261 20
0 1 263 220
1 2 263 219
2 3 263 218
3 4 263 217
4 5 263 216
5 6 263 215
6 7 263 214
7 8 263 213
8 9 263 212
9 10 263 211
10 11 263 210
11 12 263 209
13 12 263 95
14 13 263 94
15 14 263 93
16 32 263 66
17 18 263 99
18 19 263 98
19 20 263 97
21 20 263 239
22 21 263 238
23 22 263 237
24 23 263 236
25 24 263 235
26 25 263 234
27 26 263 233
28 27 263 232
29 28 263 231
30 29 263 230
31 30 263 229
32 16 263 223
33 34 263 251
34 35 263 250
35 36 263 249
36 37 263 248
37 38 263 247
38 39 263 246
39 40 263 245
40 41 263 244
41 42 263 243
42 43 263 242
43 44 263 241
44 45 263 240
45 44 263 127
46 45 263 126
47 46 263 125
47 63 263 208
48 32 263 207
49 50 263 131
50 51 263 130
51 50 263 64
51 52 263 129
54 53 263 96
57 56 263 128
60 59 263 160
63 62 263 192
64 80 263 51
66 67 263 16
77 76 263 159
78 77 263 158
79 78 263 157
80 64 263 204
81 82 263 163
82 83 263 162
83 84 263 161
93 92 263 15
94 93 263 14
95 94 263 13
96 112 263 54
97 98 263 19
98 99 263 18
99 100 263 17
109 108 263 191
110 109 263 190
111 110 263 189
112 96 263 201
113 114 263 195
114 115 263 194
115 116 263 193
125 124 263 47
126 125 263 46
127 126 263 45
128 144 263 57
129 130 263 51
130 131 263 50
131 132 263 49
141 140 263 223
142 141 263 222
143 142 263 221
144 128 263 198
145 146 263 227
146 147 263 226
147 148 263 225
157 156 263 79
158 157 263 78
159 158 263 77
160 176 263 60
161 162 263 83
162 163 263 82
163 164 263 81
173 172 263 255
174 173 263 254
175 174 263 253
176 160 263 195
178 179 263 224
189 188 263 111
190 189 263 110
191 190 263 109
192 208 263 63
193 194 263 115
194 195 263 114
195 194 263 176
195 196 263 113
198 197 263 144
201 200 263 112
204 203 263 80
207 206 263 48
208 224 263 47
209 210 263 11
210 211 263 10
211 212 263 9
212 213 263 8
213 214 263 7
214 215 263 6
215 216 263 5
216 217 263 4
217 218 263 3
218 219 263 2
219 220 263 1
220 221 263 0
221 220 263 143
222 221 263 142
223 207 263 32
223 222 263 141
224 208 263 178
225 226 263 147
226 227 263 146
227 228 263 145
229 228 263 31
230 229 263 30
231 230 263 29
232 231 263 28
233 232 263 27
234 233 263 26
235 234 263 25
236 235 263 24
237 236 263 23
238 237 263 22
239 238 263 21
240 241 263 44
241 242 263 43
242 243 263 42
243 244 263 41
244 245 263 40
245 246 263 39
246 247 263 38
247 248 263 37
248 249 263 36
249 250 263 35
250 251 263 34
251 252 263 33
253 252 263 175
254 253 263 174
255 254 263 173
0 16 265 68
1 0 265 69
2 1 265 70
3 2 265 71
4 3 265 72
5 4 265 73
6 5 265 74
7 6 265 75
8 7 265 76
9 8 265 77
10 9 265 78
11 10 265 79
13 14 265 225
14 15 265 226
15 31 265 227
16 0 265 222
17 33 265 253
18 17 265 254
19 18 265 255
21 22 265 81
22 23 265 82
23 24 265 83
24 25 265 84
25 26 265 85
26 27 265 86
27 28 265 87
28 29 265 88
29 30 265 89
30 31 265 90
31 15 265 91
32 48 265 65
33 17 265 101
34 33 265 102
35 34 265 103
36 35 265 104
37 36 265 105
38 37 265 106
39 38 265 107
40 39 265 108
41 40 265 109
42 41 265 110
43 42 265 111
46 47 265 224
48 64 265 49
49 65 265 48
52 51 265 80
53 54 265 113
54 55 265 114
55 54 265 112
55 56 265 115
56 57 265 116
57 58 265 117
58 57 265 144
58 59 265 118
59 60 265 119
60 61 265 120
61 60 265 176
61 62 265 121
62 63 265 122
63 47 265 123
64 48 265 205
65 49 265 133
65 66 265 32
66 65 265 134
67 66 265 135
68 67 265 136
68 69 265 0
69 68 265 137
69 70 265 1
70 69 265 138
70 71 265 2
71 70 265 139
71 72 265 3
72 71 265 140
72 73 265 4
73 72 265 141
73 74 265 5
74 73 265 142
74 75 265 6
75 74 265 143
75 76 265 7
76 77 265 8
77 78 265 9
78 79 265 10
79 95 265 11
80 96 265 52
81 97 265 21
82 81 265 22
83 82 265 23
84 83 265 24
85 84 265 25
85 86 265 145
86 85 265 26
86 87 265 146
87 86 265 27
87 88 265 147
88 87 265 28
88 89 265 148
89 88 265 29
89 90 265 149
90 89 265 30
90 91 265 150
91 90 265 31
91 92 265 151
92 93 265 152
93 94 265 153
94 95 265 154
95 79 265 155
96 80 265 202
97 81 265 165
98 97 265 166
99 98 265 167
100 99 265 168
101 100 265 169
101 102 265 33
102 101 265 170
102 103 265 34
103 102 265 171
103 104 265 35
104 103 265 172
104 105 265 36
105 104 265 173
105 106 265 37
106 105 265 174
106 107 265 38
107 106 265 175
107 108 265 39
108 109 265 40
109 110 265 41
110 111 265 42
111 127 265 43
112 128 265 55
113 129 265 53
114 113 265 54
115 114 265 55
116 115 265 56
117 116 265 57
117 118 265 177
118 117 265 58
118 119 265 178
119 118 265 59
119 120 265 179
120 119 265 60
120 121 265 180
121 120 265 61
121 122 265 181
122 121 265 62
122 123 265 182
123 122 265 63
123 124 265 183
124 125 265 184
125 126 265 185
126 127 265 186
127 111 265 187
128 112 265 199
129 113 265 197
130 129 265 198
131 130 265 199
132 131 265 200
133 132 265 201
133 134 265 65
134 133 265 202
134 135 265 66
135 134 265 203
135 136 265 67
136 135 265 204
136 137 265 68
137 136 265 205
137 138 265 69
138 137 265 206
138 139 265 70
139 138 265 207
139 140 265 71
140 141 265 72
141 142 265 73
142 143 265 74
143 159 265 75
144 160 265 58
145 161 265 85
146 145 265 86
147 146 265 87
148 147 265 88
149 148 265 89
149 150 265 209
150 149 265 90
150 151 265 210
151 150 265 91
151 152 265 211
152 151 265 92
152 153 265 212
153 152 265 93
153 154 265 213
154 153 265 94
154 155 265 214
155 154 265 95
155 156 265 215
156 157 265 216
157 158 265 217
158 159 265 218
159 143 265 219
160 144 265 196
161 145 265 229
162 161 265 230
163 162 265 231
164 163 265 232
165 164 265 233
165 166 265 97
166 165 265 234
166 167 265 98
167 166 265 235
167 168 265 99
168 167 265 236
168 169 265 100
169 168 265 237
169 170 265 101
170 169 265 238
170 171 265 102
171 170 265 239
171 172 265 103
172 173 265 104
173 174 265 105
174 175 265 106
175 191 265 107
176 192 265 61
177 178 265 208
177 193 265 117
178 177 265 118
179 178 265 119
180 179 265 120
180 181 265 240
181 180 265 121
181 182 265 241
182 181 265 122
182 183 265 242
183 182 265 123
183 184 265 243
184 183 265 124
184 185 265 244
185 184 265 125
185 186 265 245
186 185 265 126
186 187 265 246
187 186 265 127
187 188 265 247
188 189 265 248
189 190 265 249
190 191 265 250
191 175 265 251
192 176 265 193
193 177 265 192
196 195 265 160
197 198 265 129
198 199 265 130
199 198 265 128
199 200 265 131
200 201 265 132
201 202 265 133
202 201 265 96
202 203 265 134
203 204 265 135
204 205 265 136
205 204 265 64
205 206 265 137
206 207 265 138
207 223 265 139
208 192 265 177
209 225 265 149
210 209 265 150
211 210 265 151
212 211 265 152
213 212 265 153
214 213 265 154
215 214 265 155
216 215 265 156
217 216 265 157
218 217 265 158
219 218 265 159
222 223 265 16
224 240 265 46
225 209 265 13
226 225 265 14
227 226 265 15
229 230 265 161
230 231 265 162
231 232 265 163
232 233 265 164
233 234 265 165
234 235 265 166
235 236 265 167
236 237 265 168
237 238 265 169
238 239 265 170
239 255 265 171
240 224 265 180
241 240 265 181
242 241 265 182
243 242 265 183
244 243 265 184
245 244 265 185
246 245 265 186
247 246 265 187
248 247 265 188
249 248 265 189
250 249 265 190
251 250 265 191
253 254 265 17
254 255 265 18
255 239 265 19
0 1 267 221
1 2 267 220
2 3 267 219
3 4 267 218
4 5 267 217
5 6 267 216
6 7 267 215
7 8 267 214
8 9 267 213
9 10 267 212
10 11 267 211
11 12 267 210
12 11 267 95
12 13 267 209
13 12 267 94
14 13 267 93
15 14 267 92
16 32 267 67
17 18 267 100
18 19 267 99
19 20 267 98
20 19 267 239
20 21 267 97
21 20 267 238
22 21 267 237
23 22 267 236
24 23 267 235
25 24 267 234
26 25 267 233
27 26 267 232
28 27 267 231
29 28 267 230
30 29 267 229
31 30 267 228
33 34 267 252
34 35 267 251
35 36 267 250
36 37 267 249
37 38 267 248
38 39 267 247
39 40 267 246
40 41 267 245
41 42 267 244
42 43 267 243
43 44 267 242
44 43 267 127
44 45 267 241
45 44 267 126
45 46 267 240
46 45 267 125
47 46 267 124
48 32 267 206
49 50 267 132
50 49 267 64
50 51 267 131
51 52 267 130
52 53 267 129
53 52 267 96
56 55 267 128
59 58 267 160
62 61 267 192
64 80 267 50
67 68 267 16
76 75 267 159
77 76 267 158
78 77 267 157
79 78 267 156
80 64 267 203
81 82 267 164
82 83 267 163
83 84 267 162
84 85 267 161
92 91 267 15
93 92 267 14
94 93 267 13
95 94 267 12
96 112 267 53
97 98 267 20
98 99 267 19
99 100 267 18
100 101 267 17
108 107 267 191
109 108 267 190
110 109 267 189
111 110 267 188
112 96 267 200
113 114 267 196
114 115 267 195
115 116 267 194
116 117 267 193
124 123 267 47
125 124 267 46
126 125 267 45
127 126 267 44
128 144 267 56
129 130 267 52
130 131 267 51
131 132 267 50
132 133 267 49
140 139 267 223
141 140 267 222
142 141 267 221
143 142 267 220
144 128 267 197
145 146 267 228
146 147 267 227
147 148 267 226
148 149 267 225
156 155 267 79
157 156 267 78
158 157 267 77
159 158 267 76
160 176 267 59
161 162 267 84
162 163 267 83
163 164 267 82
164 165 267 81
172 171 267 255
173 172 267 254
174 173 267 253
175 174 267 252
176 160 267 194
179 180 267 224
188 187 267 111
189 188 267 110
190 189 267 109
191 190 267 108
192 208 267 62
193 194 267 116
194 193 267 176
194 195 267 115
195 196 267 114
196 197 267 113
197 196 267 144
200 199 267 112
203 202 267 80
206 205 267 48
209 210 267 12
210 211 267 11
211 212 267 10
212 213 267 9
213 214 267 8
214 215 267 7
215 216 267 6
216 217 267 5
217 218 267 4
218 219 267 3
219 220 267 2
220 219 267 143
220 221 267 1
221 220 267 142
221 222 267 0
222 221 267 141
223 222 267 140
224 208 267 179
225 226 267 148
226 227 267 147
227 228 267 146
228 227 267 31
228 229 267 145
229 228 267 30
230 229 267 29
231 230 267 28
232 231 267 27
233 232 267 26
234 233 267 25
235 234 267 24
236 235 267 23
237 236 267 22
238 237 267 21
239 238 267 20
240 241 267 45
241 242 267 44
242 243 267 43
243 244 267 42
244 245 267 41
245 246 267 40
246 247 267 39
247 248 267 38
248 249 267 37
249 250 267 36
250 251 267 35
251 252 267 34
252 251 267 175
252 253 267 33
253 252 267 174
254 253 267 173
255 254 267 172
0 16 269 69
1 0 269 70
2 1 269 71
3 2 269 72
4 3 269 73
5 4 269 74
6 5 269 75
7 6 269 76
8 7 269 77
9 8 269 78
10 9 269 79
14 15 269 225
15 31 269 226
16 0 269 223
17 33 269 254
18 17 269 255
22 23 269 81
23 24 269 82
24 25 269 83
25 26 269 84
26 27 269 85
27 28 269 86
28 29 269 87
29 30 269 88
30 31 269 89
31 15 269 90
32 16 269 207
32 48 269 66
33 17 269 102
34 33 269 103
35 34 269 104
36 35 269 105
37 36 269 106
38 37 269 107
39 38 269 108
40 39 269 109
41 40 269 110
42 41 269 111
47 63 269 224
51 50 269 80
54 53 269 112
54 55 269 113
55 56 269 114
56 57 269 115
57 56 269 144
57 58 269 116
58 59 269 117
59 60 269 118
60 59 269 176
60 61 269 119
61 62 269 120
62 63 269 121
63 47 269 122
63 62 269 208
64 48 269 204
65 49 269 134
66 65 269 135
66 67 269 32
67 66 269 136
68 67 269 137
69 68 269 138
69 70 269 0
70 69 269 139
70 71 269 1
71 70 269 140
71 72 269 2
72 71 269 141
72 73 269 3
73 72 269 142
73 74 269 4
74 73 269 143
74 75 269 5
75 76 269 6
76 77 269 7
77 78 269 8
78 79 269 9
79 95 269 10
80 96 269 51
81 97 269 22
82 81 269 23
83 82 269 24
84 83 269 25
85 84 269 26
86 85 269 27
86 87 269 145
87 86 269 28
87 88 269 146
88 87 269 29
88 89 269 147
89 88 269 30
89 90 269 148
90 89 269 31
90 91 269 149
91 92 269 150
92 93 269 151
93 94 269 152
94 95 269 153
95 79 269 154
96 80 269 201
97 81 269 166
98 97 269 167
99 98 269 168
100 99 269 169
101 100 269 170
102 101 269 171
102 103 269 33
103 102 269 172
103 104 269 34
104 103 269 173
104 105 269 35
105 104 269 174
105 106 269 36
106 105 269 175
106 107 269 37
107 108 269 38
108 109 269 39
109 110 269 40
110 111 269 41
111 127 269 42
112 128 269 54
113 129 269 54
114 113 269 55
115 114 269 56
116 115 269 57
117 116 269 58
118 117 269 59
118 119 269 177
119 118 269 60
119 120 269 178
120 119 269 61
120 121 269 179
121 120 269 62
121 122 269 180
122 121 269 63
122 123 269 181
123 124 269 182
124 125 269 183
125 126 269 184
126 127 269 185
127 111 269 186
128 112 269 198
129 113 269 198
130 129 269 199
131 130 269 200
132 131 269 201
133 132 269 202
134 133 269 203
134 135 269 65
135 134 269 204
135 136 269 66
136 135 269 205
136 137 269 67
137 136 269 206
137 138 269 68
138 137 269 207
138 139 269 69
139 140 269 70
140 141 269 71
141 142 269 72
142 143 269 73
143 159 269 74
144 160 269 57
145 161 269 86
146 145 269 87
147 146 269 88
148 147 269 89
149 148 269 90
150 149 269 91
150 151 269 209
151 150 269 92
151 152 269 210
152 151 269 93
152 153 269 211
153 152 269 94
153 154 269 212
154 153 269 95
154 155 269 213
155 156 269 214
156 157 269 215
157 158 269 216
158 159 269 217
159 143 269 218
160 144 269 195
161 145 269 230
162 161 269 231
163 162 269 232
164 163 269 233
165 164 269 234
166 165 269 235
166 167 269 97
167 166 269 236
167 168 269 98
168 167 269 237
168 169 269 99
169 168 269 238
169 170 269 100
170 169 269 239
170 171 269 101
171 172 269 102
172 173 269 103
173 174 269 104
174 175 269 105
175 191 269 106
176 192 269 60
177 193 269 118
178 177 269 119
178 179 269 208
179 178 269 120
180 179 269 121
181 180 269 122
181 182 269 240
182 181 269 123
182 183 269 241
183 182 269 124
183 184 269 242
184 183 269 125
184 185 269 243
185 184 269 126
185 186 269 244
186 185 269 127
186 187 269 245
187 188 269 246
188 189 269 247
189 190 269 248
190 191 269 249
191 175 269 250
195 194 269 160
198 197 269 128
198 199 269 129
199 200 269 130
200 201 269 131
201 200 269 96
201 202 269 132
202 203 269 133
203 204 269 134
204 203 269 64
204 205 269 135
205 206 269 136
206 207 269 137
207 206 269 32
207 223 269 138
208 192 269 178
208 224 269 63
209 225 269 150
210 209 269 151
211 210 269 152
212 211 269 153
213 212 269 154
214 213 269 155
215 214 269 156
216 215 269 157
217 216 269 158
218 217 269 159
223 207 269 16
224 240 269 47
225 209 269 14
226 225 269 15
230 231 269 161
231 232 269 162
232 233 269 163
233 234 269 164
234 235 269 165
235 236 269 166
236 237 269 167
237 238 269 168
238 239 269 169
239 255 269 170
240 224 269 181
241 240 269 182
242 241 269 183
243 242 269 184
244 243 269 185
245 244 269 186
246 245 269 187
247 246 269 188
248 247 269 189
249 248 269 190
250 249 269 191
254 255 269 17
255 239 269 18
0 1 271 222
1 2 271 221
2 3 271 220
3 4 271 219
4 5 271 218
5 6 271 217
6 7 271 216
7 8 271 215
8 9 271 214
9 10 271 213
10 11 271 212
11 10 271 95
11 12 271 211
12 11 271 94
12 13 271 210
13 12 271 93
13 14 271 209
14 13 271 92
15 14 271 91
16 32 271 68
17 18 271 101
18 19 271 100
19 18 271 239
19 20 271 99
20 19 271 238
20 21 271 98
21 20 271 237
21 22 271 97
22 21 271 236
23 22 271 235
24 23 271 234
25 24 271 233
26 25 271 232
27 26 271 231
28 27 271 230
29 28 271 229
30 29 271 228
31 30 271 227
33 34 271 253
34 35 271 252
35 36 271 251
36 37 271 250
37 38 271 249
38 39 271 248
39 40 271 247
40 41 271 246
41 42 271 245
42 43 271 244
43 42 271 127
43 44 271 243
44 43 271 126
44 45 271 242
45 44 271 125
45 46 271 241
46 45 271 124
46 47 271 240
47 46 271 123
48 32 271 205
48 64 271 65
49 50 271 133
49 65 271 64
50 51 271 132
51 52 271 131
52 51 271 96
52 53 271 130
53 54 271 129
55 54 271 128
58 57 271 160
61 60 271 192
64 80 271 49
65 66 271 48
68 69 271 16
75 74 271 159
76 75 271 158
77 76 271 157
78 77 271 156
79 78 271 155
80 64 271 202
81 82 271 165
82 83 271 164
83 84 271 163
84 85 271 162
85 86 271 161
91 90 271 15
92 91 271 14
93 92 271 13
94 93 271 12
95 94 271 11
96 112 271 52
97 98 271 21
98 99 271 20
99 100 271 19
100 101 271 18
101 102 271 17
107 106 271 191
108 107 271 190
109 108 271 189
110 109 271 188
111 110 271 187
112 96 271 199
113 114 271 197
114 115 271 196
115 116 271 195
116 117 271 194
117 118 271 193
123 122 271 47
124 123 271 46
125 124 271 45
126 125 271 44
127 126 271 43
128 144 271 55
129 130 271 53
130 131 271 52
131 132 271 51
132 133 271 50
133 134 271 49
139 138 271 223
140 139 271 222
141 140 271 221
142 141 271 220
143 142 271 219
144 128 271 196
145 146 271 229
146 147 271 228
147 148 271 227
148 149 271 226
149 150 271 225
155 154 271 79
156 155 271 78
157 156 271 77
158 157 271 76
159 158 271 75
160 176 271 58
161 162 271 85
162 163 271 84
163 164 271 83
164 165 271 82
165 166 271 81
171 170 271 255
172 171 271 254
173 172 271 253
174 173 271 252
175 174 271 251
176 160 271 193
177 178 271 192
180 181 271 224
187 186 271 111
188 187 271 110
189 188 271 109
190 189 271 108
191 190 271 107
192 176 271 177
192 208 271 61
193 177 271 176
193 194 271 117
194 195 271 116
195 196 271 115
196 195 271 144
196 197 271 114
197 198 271 113
199 198 271 112
202 201 271 80
205 204 271 48
209 210 271 13
210 211 271 12
211 212 271 11
212 213 271 10
213 214 271 9
214 215 271 8
215 216 271 7
216 217 271 6
217 218 271 5
218 219 271 4
219 218 271 143
219 220 271 3
220 219 271 142
220 221 271 2
221 220 271 141
221 222 271 1
222 221 271 140
222 223 271 0
223 222 271 139
224 208 271 180
225 226 271 149
226 227 271 148
227 226 271 31
227 228 271 147
228 227 271 30
228 229 271 146
229 228 271 29
229 230 271 145
230 229 271 28
231 230 271 27
232 231 271 26
233 232 271 25
234 233 271 24
235 234 271 23
236 235 271 22
237 236 271 21
238 237 271 20
239 238 271 19
240 241 271 46
241 242 271 45
242 243 271 44
243 244 271 43
244 245 271 42
245 246 271 41
246 247 271 40
247 248 271 39
248 249 271 38
249 250 271 37
250 251 271 36
251 250 271 175
251 252 271 35
252 251 271 174
252 253 271 34
253 252 271 173
253 254 271 33
254 253 271 172
255 254 271 171
0 16 273 70
1 0 273 71
2 1 273 72
3 2 273 73
4 3 273 74
5 4 273 75
6 5 273 76
7 6 273 77
8 7 273 78
9 8 273 79
15 31 273 225
17 33 273 255
23 24 273 81
24 25 273 82
25 26 273 83
26 27 273 84
27 28 273 85
28 29 273 86
29 30 273 87
30 31 273 88
31 15 273 89
32 16 273 206
32 48 273 67
33 17 273 103
34 33 273 104
35 34 273 105
36 35 273 106
37 36 273 107
38 37 273 108
39 38 273 109
40 39 273 110
41 40 273 111
50 49 273 80
53 52 273 112
55 56 273 113
56 55 273 144
56 57 273 114
57 58 273 115
58 59 273 116
59 58 273 176
59 60 273 117
60 61 273 118
61 62 273 119
62 61 273 208
62 63 273 120
63 47 273 121
64 48 273 203
65 49 273 135
66 65 273 136
67 66 273 137
67 68 273 32
68 67 273 138
69 68 273 139
70 69 273 140
70 71 273 0
71 70 273 141
71 72 273 1
72 71 273 142
72 73 273 2
73 72 273 143
73 74 273 3
74 75 273 4
75 76 273 5
76 77 273 6
77 78 273 7
78 79 273 8
79 95 273 9
80 96 273 50
81 97 273 23
82 81 273 24
83 82 273 25
84 83 273 26
85 84 273 27
86 85 273 28
87 86 273 29
87 88 273 145
88 87 273 30
88 89 273 146
89 88 273 31
89 90 273 147
90 91 273 148
91 92 273 149
92 93 273 150
93 94 273 151
94 95 273 152
95 79 273 153
96 80 273 200
97 81 273 167
98 97 273 168
99 98 273 169
100 99 273 170
101 100 273 171
102 101 273 172
103 102 273 173
103 104 273 33
104 103 273 174
104 105 273 34
105 104 273 175
105 106 273 35
106 107 273 36
107 108 273 37
108 109 273 38
109 110 273 39
110 111 273 40
111 127 273 41
112 128 273 53
113 129 273 55
114 113 273 56
115 114 273 57
116 115 273 58
117 116 273 59
118 117 273 60
119 118 273 61
119 120 273 177
120 119 273 62
120 121 273 178
121 120 273 63
121 122 273 179
122 123 273 180
123 124 273 181
124 125 273 182
125 126 273 183
126 127 273 184
127 111 273 185
128 112 273 197
129 113 273 199
130 129 273 200
131 130 273 201
132 131 273 202
133 132 273 203
134 133 273 204
135 134 273 205
135 136 273 65
136 135 273 206
136 137 273 66
137 136 273 207
137 138 273 67
138 139 273 68
139 140 273 69
140 141 273 70
141 142 273 71
142 143 273 72
143 159 273 73
144 160 273 56
145 161 273 87
146 145 273 88
147 146 273 89
148 147 273 90
149 148 273 91
150 149 273 92
151 150 273 93
151 152 273 209
152 151 273 94
152 153 273 210
153 152 273 95
153 154 273 211
154 155 273 212
155 156 273 213
156 157 273 214
157 158 273 215
158 159 273 216
159 143 273 217
160 144 273 194
161 145 273 231
162 161 273 232
163 162 273 233
164 163 273 234
165 164 273 235
166 165 273 236
167 166 273 237
167 168 273 97
168 167 273 238
168 169 273 98
169 168 273 239
169 170 273 99
170 171 273 100
171 172 273 101
172 173 273 102
173 174 273 103
174 175 273 104
175 191 273 105
176 192 273 59
177 193 273 119
178 177 273 120
179 178 273 121
179 180 273 208
180 179 273 122
181 180 273 123
182 181 273 124
182 183 273 240
183 182 273 125
183 184 273 241
184 183 273 126
184 185 273 242
185 184 273 127
185 186 273 243
186 187 273 244
187 188 273 245
188 189 273 246
189 190 273 247
190 191 273 248
191 175 273 249
194 193 273 160
197 196 273 128
199 200 273 129
200 199 273 96
200 201 273 130
201 202 273 131
202 203 273 132
203 202 273 64
203 204 273 133
204 205 273 134
205 206 273 135
206 205 273 32
206 207 273 136
207 223 273 137
208 192 273 179
208 224 273 62
209 225 273 151
210 209 273 152
211 210 273 153
212 211 273 154
213 212 273 155
214 213 273 156
215 214 273 157
216 215 273 158
217 216 273 159
225 209 273 15
231 232 273 161
232 233 273 162
233 234 273 163
234 235 273 164
235 236 273 165
236 237 273 166
237 238 273 167
238 239 273 168
239 255 273 169
240 224 273 182
241 240 273 183
242 241 273 184
243 242 273 185
244 243 273 186
245 244 273 187
246 245 273 188
247 246 273 189
248 247 273 190
249 248 273 191
255 239 273 17
0 1 275 223
1 2 275 222
2 3 275 221
3 4 275 220
4 5 275 219
5 6 275 218
6 7 275 217
7 8 275 216
8 9 275 215
9 10 275 214
10 9 275 95
10 11 275 213
11 10 275 94
11 12 275 212
12 11 275 93
12 13 275 211
13 12 275 92
13 14 275 210
14 13 275 91
14 15 275 209
15 14 275 90
16 0 275 207
16 32 275 69
17 18 275 102
18 17 275 239
18 19 275 101
19 18 275 238
19 20 275 100
20 19 275 237
20 21 275 99
21 20 275 236
21 22 275 98
22 21 275 235
22 23 275 97
23 22 275 234
24 23 275 233
25 24 275 232
26 25 275 231
27 26 275 230
28 27 275 229
29 28 275 228
30 29 275 227
31 30 275 226
33 34 275 254
34 35 275 253
35 36 275 252
36 37 275 251
37 38 275 250
38 39 275 249
39 40 275 248
40 41 275 247
41 42 275 246
42 41 275 127
42 43 275 245
43 42 275 126
43 44 275 244
44 43 275 125
44 45 275 243
45 44 275 124
45 46 275 242
46 45 275 123
46 47 275 241
47 46 275 122
47 63 275 240
48 32 275 204
48 64 275 66
49 50 275 134
50 51 275 133
51 50 275 96
51 52 275 132
52 53 275 131
53 54 275 130
54 53 275 128
54 55 275 129
57 56 275 160
60 59 275 192
63 62 275 224
66 67 275 48
69 70 275 16
74 73 275 159
75 74 275 158
76 75 275 157
77 76 275 156
78 77 275 155
79 78 275 154
80 64 275 201
81 82 275 166
82 83 275 165
83 84 275 164
84 85 275 163
85 86 275 162
86 87 275 161
90 89 275 15
91 90 275 14
92 91 275 13
93 92 275 12
94 93 275 11
95 94 275 10
96 112 275 51
97 98 275 22
98 99 275 21
99 100 275 20
100 101 275 19
101 102 275 18
102 103 275 17
106 105 275 191
107 106 275 190
108 107 275 189
109 108 275 188
110 109 275 187
111 110 275 186
112 96 275 198
113 114 275 198
114 115 275 197
115 116 275 196
116 117 275 195
117 118 275 194
118 119 275 193
122 121 275 47
123 122 275 46
124 123 275 45
125 124 275 44
126 125 275 43
127 126 275 42
128 144 275 54
129 130 275 54
130 131 275 53
131 132 275 52
132 133 275 51
133 134 275 50
134 135 275 49
138 137 275 223
139 138 275 222
140 139 275 221
141 140 275 220
142 141 275 219
143 142 275 218
144 128 275 195
145 146 275 230
146 147 275 229
147 148 275 228
148 149 275 227
149 150 275 226
150 151 275 225
154 153 275 79
155 154 275 78
156 155 275 77
157 156 275 76
158 157 275 75
159 158 275 74
160 176 275 57
161 162 275 86
162 163 275 85
163 164 275 84
164 165 275 83
165 166 275 82
166 167 275 81
170 169 275 255
171 170 275 254
172 171 275 253
173 172 275 252
174 173 275 251
175 174 275 250
178 179 275 192
181 182 275 224
186 185 275 111
187 186 275 110
188 187 275 109
189 188 275 108
190 189 275 107
191 190 275 106
192 176 275 178
192 208 275 60
193 194 275 118
194 195 275 117
195 194 275 144
195 196 275 116
196 197 275 115
197 198 275 114
198 197 275 112
198 199 275 113
201 200 275 80
204 203 275 48
207 206 275 16
209 210 275 14
210 211 275 13
211 212 275 12
212 213 275 11
213 214 275 10
214 215 275 9
215 216 275 8
216 217 275 7
217 218 275 6
218 217 275 143
218 219 275 5
219 218 275 142
219 220 275 4
220 219 275 141
220 221 275 3
221 220 275 140
221 222 275 2
222 221 275 139
222 223 275 1
223 207 275 0
223 222 275 138
224 208 275 181
224 240 275 63
225 226 275 150
226 225 275 31
226 227 275 149
227 226 275 30
227 228 275 148
228 227 275 29
228 229 275 147
229 228 275 28
229 230 275 146
230 229 275 27
230 231 275 145
231 230 275 26
232 231 275 25
233 232 275 24
234 233 275 23
235 234 275 22
236 235 275 21
237 236 275 20
238 237 275 19
239 238 275 18
240 241 275 47
241 242 275 46
242 243 275 45
243 244 275 44
244 245 275 43
245 246 275 42
246 247 275 41
247 248 275 40
248 249 275 39
249 250 275 38
250 249 275 175
250 251 275 37
251 250 275 174
251 252 275 36
252 251 275 173
252 253 275 35
253 252 275 172
253 254 275 34
254 253 275 171
254 255 275 33
255 254 275 170
0 16 277 71
1 0 277 72
2 1 277 73
3 2 277 74
4 3 277 75
5 4 277 76
6 5 277 77
7 6 277 78
8 7 277 79
24 25 277 81
25 26 277 82
26 27 277 83
27 28 277 84
28 29 277 85
29 30 277 86
30 31 277 87
31 15 277 88
32 16 277 205
32 48 277 68
33 17 277 104
34 33 277 105
35 34 277 106
36 35 277 107
37 36 277 108
38 37 277 109
39 38 277 110
40 39 277 111
49 65 277 80
52 51 277 112
55 54 277 144
56 57 277 113
57 58 277 114
58 57 277 176
58 59 277 115
59 60 277 116
60 61 277 117
61 60 277 208
61 62 277 118
62 63 277 119
63 47 277 120
64 48 277 202
64 80 277 65
65 49 277 136
65 66 277 64
66 65 277 137
67 66 277 138
68 67 277 139
68 69 277 32
69 68 277 140
70 69 277 141
71 70 277 142
71 72 277 0
72 71 277 143
72 73 277 1
73 74 277 2
74 75 277 3
75 76 277 4
76 77 277 5
77 78 277 6
78 79 277 7
79 95 277 8
80 96 277 49
81 97 277 24
82 81 277 25
83 82 277 26
84 83 277 27
85 84 277 28
86 85 277 29
87 86 277 30
88 87 277 31
88 89 277 145
89 90 277 146
90 91 277 147
91 92 277 148
92 93 277 149
93 94 277 150
94 95 277 151
95 79 277 152
96 80 277 199
97 81 277 168
98 97 277 169
99 98 277 170
100 99 277 171
101 100 277 172
102 101 277 173
103 102 277 174
104 103 277 175
104 105 277 33
105 106 277 34
106 107 277 35
107 108 277 36
108 109 277 37
109 110 277 38
110 111 277 39
111 127 277 40
112 128 277 52
113 129 277 56
114 113 277 57
115 114 277 58
116 115 277 59
117 116 277 60
118 117 277 61
119 118 277 62
120 119 277 63
120 121 277 177
121 122 277 178
122 123 277 179
123 124 277 180
124 125 277 181
125 126 277 182
126 127 277 183
127 111 277 184
128 112 277 196
129 113 277 200
130 129 277 201
131 130 277 202
132 131 277 203
133 132 277 204
134 133 277 205
135 134 277 206
136 135 277 207
136 137 277 65
137 138 277 66
138 139 277 67
139 140 277 68
140 141 277 69
141 142 277 70
142 143 277 71
143 159 277 72
144 160 277 55
145 161 277 88
146 145 277 89
147 146 277 90
148 147 277 91
149 148 277 92
150 149 277 93
151 150 277 94
152 151 277 95
152 153 277 209
153 154 277 210
154 155 277 211
155 156 277 212
156 157 277 213
157 158 277 214
158 159 277 215
159 143 277 216
160 144 277 193
161 145 277 232
162 161 277 233
163 162 277 234
164 163 277 235
165 164 277 236
166 165 277 237
167 166 277 238
168 167 277 239
168 169 277 97
169 170 277 98
170 171 277 99
171 172 277 100
172 173 277 101
173 174 277 102
174 175 277 103
175 191 277 104
176 160 277 177
176 192 277 58
177 178 277 176
177 193 277 120
178 177 277 121
179 178 277 122
180 179 277 123
180 181 277 208
181 180 277 124
182 181 277 125
183 182 277 126
183 184 277 240
184 183 277 127
184 185 277 241
185 186 277 242
186 187 277 243
187 188 277 244
188 189 277 245
189 190 277 246
190 191 277 247
191 175 277 248
193 177 277 160
196 195 277 128
199 198 277 96
200 201 277 129
201 202 277 130
202 201 277 64
202 203 277 131
203 204 277 132
204 205 277 133
205 204 277 32
205 206 277 134
206 207 277 135
207 223 277 136
208 192 277 180
208 224 277 61
209 225 277 152
210 209 277 153
211 210 277 154
212 211 277 155
213 212 277 156
214 213 277 157
215 214 277 158
216 215 277 159
232 233 277 161
233 234 277 162
234 235 277 163
235 236 277 164
236 237 277 165
237 238 277 166
238 239 277 167
239 255 277 168
240 224 277 183
241 240 277 184
242 241 277 185
243 242 277 186
244 243 277 187
245 244 277 188
246 245 277 189
247 246 277 190
248 247 277 191
1 2 279 223
2 3 279 222
3 4 279 221
4 5 279 220
5 6 279 219
6 7 279 218
7 8 279 217
8 9 279 216
9 8 279 95
9 10 279 215
10 9 279 94
10 11 279 214
11 10 279 93
11 12 279 213
12 11 279 92
12 13 279 212
13 12 279 91
13 14 279 211
14 13 279 90
14 15 279 210
15 14 279 89
15 31 279 209
16 0 279 206
16 32 279 70
17 18 279 103
17 33 279 239
18 17 279 238
18 19 279 102
19 18 279 237
19 20 279 101
20 19 279 236
20 21 279 100
21 20 279 235
21 22 279 99
22 21 279 234
22 23 279 98
23 22 279 233
23 24 279 97
24 23 279 232
25 24 279 231
26 25 279 230
27 26 279 229
28 27 279 228
29 28 279 227
30 29 279 226
31 30 279 225
33 34 279 255
34 35 279 254
35 36 279 253
36 37 279 252
37 38 279 251
38 39 279 250
39 40 279 249
40 41 279 248
41 40 279 127
41 42 279 247
42 41 279 126
42 43 279 246
43 42 279 125
43 44 279 245
44 43 279 124
44 45 279 244
45 44 279 123
45 46 279 243
46 45 279 122
46 47 279 242
47 46 279 121
47 63 279 241
48 32 279 203
48 64 279 67
49 50 279 135
50 49 279 96
50 51 279 134
51 52 279 133
52 53 279 132
53 52 279 128
53 54 279 131
54 55 279 130
55 56 279 129
56 55 279 160
59 58 279 192
62 61 279 224
67 68 279 48
70 71 279 16
73 72 279 159
74 73 279 158
75 74 279 157
76 75 279 156
77 76 279 155
78 77 279 154
79 78 279 153
80 64 279 200
81 82 279 167
82 83 279 166
83 84 279 165
84 85 279 164
85 86 279 163
86 87 279 162
87 88 279 161
89 88 279 15
90 89 279 14
91 90 279 13
92 91 279 12
93 92 279 11
94 93 279 10
95 94 279 9
96 112 279 50
97 98 279 23
98 99 279 22
99 100 279 21
100 101 279 20
101 102 279 19
102 103 279 18
103 104 279 17
105 104 279 191
106 105 279 190
107 106 279 189
108 107 279 188
109 108 279 187
110 109 279 186
111 110 279 185
112 96 279 197
113 114 279 199
114 115 279 198
115 116 279 197
116 117 279 196
117 118 279 195
118 119 279 194
119 120 279 193
121 120 279 47
122 121 279 46
123 122 279 45
124 123 279 44
125 124 279 43
126 125 279 42
127 126 279 41
128 144 279 53
129 130 279 55
130 131 279 54
131 132 279 53
132 133 279 52
133 134 279 51
134 135 279 50
135 136 279 49
137 136 279 223
138 137 279 222
139 138 279 221
140 139 279 220
141 140 279 219
142 141 279 218
143 142 279 217
144 128 279 194
145 146 279 231
146 147 279 230
147 148 279 229
148 149 279 228
149 150 279 227
150 151 279 226
151 152 279 225
153 152 279 79
154 153 279 78
155 154 279 77
156 155 279 76
157 156 279 75
158 157 279 74
159 158 279 73
160 176 279 56
161 162 279 87
162 163 279 86
163 164 279 85
164 165 279 84
165 166 279 83
166 167 279 82
167 168 279 81
169 168 279 255
170 169 279 254
171 170 279 253
172 171 279 252
173 172 279 251
174 173 279 250
175 174 279 249
179 180 279 192
182 183 279 224
185 184 279 111
186 185 279 110
187 186 279 109
188 187 279 108
189 188 279 107
190 189 279 106
191 190 279 105
192 176 279 179
192 208 279 59
193 194 279 119
194 193 279 144
194 195 279 118
195 196 279 117
196 197 279 116
197 196 279 112
197 198 279 115
198 199 279 114
199 200 279 113
200 199 279 80
203 202 279 48
206 205 279 16
209 210 279 15
210 211 279 14
211 212 279 13
212 213 279 12
213 214 279 11
214 215 279 10
215 216 279 9
216 217 279 8
217 216 279 143
217 218 279 7
218 217 279 142
218 219 279 6
219 218 279 141
219 220 279 5
220 219 279 140
220 221 279 4
221 220 279 139
221 222 279 3
222 221 279 138
222 223 279 2
223 207 279 1
223 222 279 137
224 208 279 182
224 240 279 62
225 209 279 31
225 226 279 151
226 225 279 30
226 227 279 150
227 226 279 29
227 228 279 149
228 227 279 28
228 229 279 148
229 228 279 27
229 230 279 147
230 229 279 26
230 231 279 146
231 230 279 25
231 232 279 145
232 231 279 24
233 232 279 23
234 233 279 22
235 234 279 21
236 235 279 20
237 236 279 19
238 237 279 18
239 238 279 17
241 242 279 47
242 243 279 46
243 244 279 45
244 245 279 44
245 246 279 43
246 247 279 42
247 248 279 41
248 249 279 40
249 248 279 175
249 250 279 39
250 249 279 174
250 251 279 38
251 250 279 173
251 252 279 37
252 251 279 172
252 253 279 36
253 252 279 171
253 254 279 35
254 253 279 170
254 255 279 34
255 239 279 33
255 254 279 169
0 1 281 207
0 16 281 72
1 0 281 73
2 1 281 74
3 2 281 75
4 3 281 76
5 4 281 77
6 5 281 78
7 6 281 79
25 26 281 81
26 27 281 82
27 28 281 83
28 29 281 84
29 30 281 85
30 31 281 86
31 15 281 87
32 16 281 204
32 48 281 69
33 17 281 105
34 33 281 106
35 34 281 107
36 35 281 108
37 36 281 109
38 37 281 110
39 38 281 111
51 50 281 112
54 53 281 144
57 56 281 176
57 58 281 113
58 59 281 114
59 60 281 115
60 59 281 208
60 61 281 116
61 62 281 117
62 63 281 118
63 47 281 119
63 62 281 240
64 48 281 201
64 80 281 66
65 49 281 137
66 65 281 138
66 67 281 64
67 66 281 139
68 67 281 140
69 68 281 141
69 70 281 32
70 69 281 142
71 70 281 143
72 73 281 0
73 74 281 1
74 75 281 2
75 76 281 3
76 77 281 4
77 78 281 5
78 79 281 6
79 95 281 7
81 97 281 25
82 81 281 26
83 82 281 27
84 83 281 28
85 84 281 29
86 85 281 30
87 86 281 31
89 90 281 145
90 91 281 146
91 92 281 147
92 93 281 148
93 94 281 149
94 95 281 150
95 79 281 151
96 80 281 198
97 81 281 169
98 97 281 170
99 98 281 171
100 99 281 172
101 100 281 173
102 101 281 174
103 102 281 175
105 106 281 33
106 107 281 34
107 108 281 35
108 109 281 36
109 110 281 37
110 111 281 38
111 127 281 39
112 128 281 51
113 129 281 57
114 113 281 58
115 114 281 59
116 115 281 60
117 116 281 61
118 117 281 62
119 118 281 63
121 122 281 177
122 123 281 178
123 124 281 179
124 125 281 180
125 126 281 181
126 127 281 182
127 111 281 183
128 112 281 195
129 113 281 201
130 129 281 202
131 130 281 203
132 131 281 204
133 132 281 205
134 133 281 206
135 134 281 207
137 138 281 65
138 139 281 66
139 140 281 67
140 141 281 68
141 142 281 69
142 143 281 70
143 159 281 71
144 160 281 54
145 161 281 89
146 145 281 90
147 146 281 91
148 147 281 92
149 148 281 93
150 149 281 94
151 150 281 95
153 154 281 209
154 155 281 210
155 156 281 211
156 157 281 212
157 158 281 213
158 159 281 214
159 143 281 215
161 145 281 233
162 161 281 234
163 162 281 235
164 163 281 236
165 164 281 237
166 165 281 238
167 166 281 239
169 170 281 97
170 171 281 98
171 172 281 99
172 173 281 100
173 174 281 101
174 175 281 102
175 191 281 103
176 160 281 178
176 192 281 57
177 193 281 121
178 177 281 122
178 179 281 176
179 178 281 123
180 179 281 124
181 180 281 125
181 182 281 208
182 181 281 126
183 182 281 127
184 185 281 240
185 186 281 241
186 187 281 242
187 188 281 243
188 189 281 244
189 190 281 245
190 191 281 246
191 175 281 247
195 194 281 128
198 197 281 96
201 200 281 64
201 202 281 129
202 203 281 130
203 204 281 131
204 203 281 32
204 205 281 132
205 206 281 133
206 207 281 134
207 206 281 0
207 223 281 135
208 192 281 181
208 224 281 60
209 225 281 153
210 209 281 154
211 210 281 155
212 211 281 156
213 212 281 157
214 213 281 158
215 214 281 159
233 234 281 161
234 235 281 162
235 236 281 163
236 237 281 164
237 238 281 165
238 239 281 166
239 255 281 167
240 224 281 184
240 241 281 63
241 240 281 185
242 241 281 186
243 242 281 187
244 243 281 188
245 244 281 189
246 245 281 190
247 246 281 191
2 3 283 223
3 4 283 222
4 5 283 221
5 6 283 220
6 7 283 219
7 8 283 218
8 7 283 95
8 9 283 217
9 8 283 94
9 10 283 216
10 9 283 93
10 11 283 215
11 10 283 92
11 12 283 214
12 11 283 91
12 13 283 213
13 12 283 90
13 14 283 212
14 13 283 89
14 15 283 211
15 14 283 88
15 31 283 210
16 0 283 205
16 32 283 71
17 18 283 104
17 33 283 238
18 17 283 237
18 19 283 103
19 18 283 236
19 20 283 102
20 19 283 235
20 21 283 101
21 20 283 234
21 22 283 100
22 21 283 233
22 23 283 99
23 22 283 232
23 24 283 98
24 23 283 231
24 25 283 97
25 24 283 230
26 25 283 229
27 26 283 228
28 27 283 227
29 28 283 226
30 29 283 225
34 35 283 255
35 36 283 254
36 37 283 253
37 38 283 252
38 39 283 251
39 40 283 250
40 39 283 127
40 41 283 249
41 40 283 126
41 42 283 248
42 41 283 125
42 43 283 247
43 42 283 124
43 44 283 246
44 43 283 123
44 45 283 245
45 44 283 122
45 46 283 244
46 45 283 121
46 47 283 243
47 46 283 120
47 63 283 242
48 32 283 202
48 64 283 68
49 50 283 136
49 65 283 96
50 51 283 135
51 52 283 134
52 51 283 128
52 53 283 133
53 54 283 132
54 55 283 131
55 54 283 160
55 56 283 130
56 57 283 129
58 57 283 192
61 60 283 224
65 66 283 80
68 69 283 48
71 72 283 16
72 71 283 159
73 72 283 158
74 73 283 157
75 74 283 156
76 75 283 155
77 76 283 154
78 77 283 153
79 78 283 152
80 64 283 199
80 96 283 65
81 82 283 168
82 83 283 167
83 84 283 166
84 85 283 165
85 86 283 164
86 87 283 163
87 88 283 162
88 87 283 15
88 89 283 161
89 88 283 14
90 89 283 13
91 90 283 12
92 91 283 11
93 92 283 10
94 93 283 9
95 94 283 8
96 112 283 49
97 98 283 24
98 99 283 23
99 100 283 22
100 101 283 21
101 102 283 20
102 103 283 19
103 104 283 18
104 103 283 191
104 105 283 17
105 104 283 190
106 105 283 189
107 106 283 188
108 107 283 187
109 108 283 186
110 109 283 185
111 110 283 184
112 96 283 196
113 114 283 200
114 115 283 199
115 116 283 198
116 117 283 197
117 118 283 196
118 119 283 195
119 120 283 194
120 119 283 47
120 121 283 193
121 120 283 46
122 121 283 45
123 122 283 44
124 123 283 43
125 124 283 42
126 125 283 41
127 126 283 40
128 144 283 52
129 130 283 56
130 131 283 55
131 132 283 54
132 133 283 53
133 134 283 52
134 135 283 51
135 136 283 50
136 135 283 223
136 137 283 49
137 136 283 222
138 137 283 221
139 138 283 220
140 139 283 219
141 140 283 218
142 141 283 217
143 142 283 216
144 128 283 193
145 146 283 232
146 147 283 231
147 148 283 230
148 149 283 229
149 150 283 228
150 151 283 227
151 152 283 226
152 151 283 79
152 153 283 225
153 152 283 78
154 153 283 77
155 154 283 76
156 155 283 75
157 156 283 74
158 157 283 73
159 158 283 72
160 144 283 177
160 176 283 55
161 162 283 88
162 163 283 87
163 164 283 86
164 165 283 85
165 166 283 84
166 167 283 83
167 168 283 82
168 167 283 255
168 169 283 81
169 168 283 254
170 169 283 253
171 170 283 252
172 171 283 251
173 172 283 250
174 173 283 249
175 174 283 248
177 178 283 160
180 181 283 192
183 184 283 224
184 183 283 111
185 184 283 110
186 185 283 109
187 186 283 108
188 187 283 107
189 188 283 106
190 189 283 105
191 190 283 104
192 176 283 180
192 208 283 58
193 177 283 144
193 194 283 120
194 195 283 119
195 196 283 118
196 195 283 112
196 197 283 117
197 198 283 116
198 199 283 115
199 198 283 80
199 200 283 114
200 201 283 113
202 201 283 48
205 204 283 16
210 211 283 15
211 212 283 14
212 213 283 13
213 214 283 12
214 215 283 11
215 216 283 10
216 215 283 143
216 217 283 9
217 216 283 142
217 218 283 8
218 217 283 141
218 219 283 7
219 218 283 140
219 220 283 6
220 219 283 139
220 221 283 5
221 220 283 138
221 222 283 4
222 221 283 137
222 223 283 3
223 207 283 2
223 222 283 136
224 208 283 183
224 240 283 61
225 209 283 30
225 226 283 152
226 225 283 29
226 227 283 151
227 226 283 28
227 228 283 150
228 227 283 27
228 229 283 149
229 228 283 26
229 230 283 148
230 229 283 25
230 231 283 147
231 230 283 24
231 232 283 146
232 231 283 23
232 233 283 145
233 232 283 22
234 233 283 21
235 234 283 20
236 235 283 19
237 236 283 18
238 237 283 17
242 243 283 47
243 244 283 46
244 245 283 45
245 246 283 44
246 247 283 43
247 248 283 42
248 247 283 175
248 249 283 41
249 248 283 174
249 250 283 40
250 249 283 173
250 251 283 39
251 250 283 172
251 252 283 38
252 251 283 171
252 253 283 37
253 252 283 170
253 254 283 36
254 253 283 169
254 255 283 35
255 239 283 34
255 254 283 168
0 1 285 206
0 16 285 73
1 0 285 74
1 2 285 207
2 1 285 75
3 2 285 76
4 3 285 77
5 4 285 78
6 5 285 79
26 27 285 81
27 28 285 82
28 29 285 83
29 30 285 84
30 31 285 85
31 15 285 86
31 30 285 209
32 16 285 203
32 48 285 70
33 17 285 106
33 34 285 239
34 33 285 107
35 34 285 108
36 35 285 109
37 36 285 110
38 37 285 111
50 49 285 112
53 52 285 144
56 55 285 176
58 59 285 113
59 58 285 208
59 60 285 114
60 61 285 115
61 62 285 116
62 61 285 240
62 63 285 117
63 47 285 118
63 62 285 241
64 48 285 200
64 80 285 67
65 49 285 138
66 65 285 139
67 66 285 140
67 68 285 64
68 67 285 141
69 68 285 142
70 69 285 143
70 71 285 32
73 74 285 0
74 75 285 1
75 76 285 2
76 77 285 3
77 78 285 4
78 79 285 5
79 95 285 6
81 97 285 26
82 81 285 27
83 82 285 28
84 83 285 29
85 84 285 30
86 85 285 31
90 91 285 145
91 92 285 146
92 93 285 147
93 94 285 148
94 95 285 149
95 79 285 150
96 80 285 197
97 81 285 170
98 97 285 171
99 98 285 172
100 99 285 173
101 100 285 174
102 101 285 175
106 107 285 33
107 108 285 34
108 109 285 35
109 110 285 36
110 111 285 37
111 127 285 38
112 128 285 50
113 129 285 58
114 113 285 59
115 114 285 60
116 115 285 61
117 116 285 62
118 117 285 63
122 123 285 177
123 124 285 178
124 125 285 179
125 126 285 180
126 127 285 181
127 111 285 182
128 112 285 194
129 113 285 202
130 129 285 203
131 130 285 204
132 131 285 205
133 132 285 206
134 133 285 207
138 139 285 65
139 140 285 66
140 141 285 67
141 142 285 68
142 143 285 69
143 159 285 70
144 160 285 53
145 161 285 90
146 145 285 91
147 146 285 92
148 147 285 93
149 148 285 94
150 149 285 95
154 155 285 209
155 156 285 210
156 157 285 211
157 158 285 212
158 159 285 213
159 143 285 214
161 145 285 234
162 161 285 235
163 162 285 236
164 163 285 237
165 164 285 238
166 165 285 239
170 171 285 97
171 172 285 98
172 173 285 99
173 174 285 100
174 175 285 101
175 191 285 102
176 160 285 179
176 192 285 56
177 193 285 122
178 177 285 123
179 178 285 124
179 180 285 176
180 179 285 125
181 180 285 126
182 181 285 127
182 183 285 208
185 186 285 240
186 187 285 241
187 188 285 242
188 189 285 243
189 190 285 244
190 191 285 245
191 175 285 246
194 193 285 128
197 196 285 96
200 199 285 64
202 203 285 129
203 202 285 32
203 204 285 130
204 205 285 131
205 206 285 132
206 205 285 0
206 207 285 133
207 206 285 1
207 223 285 134
208 192 285 182
208 224 285 59
209 210 285 31
209 225 285 154
210 209 285 155
211 210 285 156
212 211 285 157
213 212 285 158
214 213 285 159
234 235 285 161
235 236 285 162
236 237 285 163
237 238 285 164
238 239 285 165
239 238 285 33
239 255 285 166
240 224 285 185
240 241 285 62
241 240 285 186
241 242 285 63
242 241 285 187
243 242 285 188
244 243 285 189
245 244 285 190
246 245 285 191
3 4 287 223
4 5 287 222
5 6 287 221
6 7 287 220
7 6 287 95
7 8 287 219
8 7 287 94
8 9 287 218
9 8 287 93
9 10 287 217
10 9 287 92
10 11 287 216
11 10 287 91
11 12 287 215
12 11 287 90
12 13 287 214
13 12 287 89
13 14 287 213
14 13 287 88
14 15 287 212
15 14 287 87
15 31 287 211
16 0 287 204
16 32 287 72
17 18 287 105
17 33 287 237
18 17 287 236
18 19 287 104
19 18 287 235
19 20 287 103
20 19 287 234
20 21 287 102
21 20 287 233
21 22 287 101
22 21 287 232
22 23 287 100
23 22 287 231
23 24 287 99
24 23 287 230
24 25 287 98
25 24 287 229
25 26 287 97
26 25 287 228
27 26 287 227
28 27 287 226
29 28 287 225
35 36 287 255
36 37 287 254
37 38 287 253
38 39 287 252
39 38 287 127
39 40 287 251
40 39 287 126
40 41 287 250
41 40 287 125
41 42 287 249
42 41 287 124
42 43 287 248
43 42 287 123
43 44 287 247
44 43 287 122
44 45 287 246
45 44 287 121
45 46 287 245
46 45 287 120
46 47 287 244
47 46 287 119
47 63 287 243
48 32 287 201
48 64 287 69
49 50 287 137
50 51 287 136
51 50 287 128
51 52 287 135
52 53 287 134
53 54 287 133
54 53 287 160
54 55 287 132
55 56 287 131
56 57 287 130
57 56 287 192
57 58 287 129
60 59 287 224
66 67 287 80
69 70 287 48
71 70 287 159
72 71 287 158
72 73 287 16
73 72 287 157
74 73 287 156
75 74 287 155
76 75 287 154
77 76 287 153
78 77 287 152
79 78 287 151
80 64 287 198
80 96 287 66
81 82 287 169
82 83 287 168
83 84 287 167
84 85 287 166
85 86 287 165
86 87 287 164
87 86 287 15
87 88 287 163
88 87 287 14
88 89 287 162
89 88 287 13
89 90 287 161
90 89 287 12
91 90 287 11
92 91 287 10
93 92 287 9
94 93 287 8
95 94 287 7
97 98 287 25
98 99 287 24
99 100 287 23
100 101 287 22
101 102 287 21
102 103 287 20
103 102 287 191
103 104 287 19
104 103 287 190
104 105 287 18
105 104 287 189
105 106 287 17
106 105 287 188
107 106 287 187
108 107 287 186
109 108 287 185
110 109 287 184
111 110 287 183
112 96 287 195
113 114 287 201
114 115 287 200
115 116 287 199
116 117 287 198
117 118 287 197
118 119 287 196
119 118 287 47
119 120 287 195
120 119 287 46
120 121 287 194
121 120 287 45
121 122 287 193
122 121 287 44
123 122 287 43
124 123 287 42
125 124 287 41
126 125 287 40
127 126 287 39
128 144 287 51
129 130 287 57
130 131 287 56
131 132 287 55
132 133 287 54
133 134 287 53
134 135 287 52
135 134 287 223
135 136 287 51
136 135 287 222
136 137 287 50
137 136 287 221
137 138 287 49
138 137 287 220
139 138 287 219
140 139 287 218
141 140 287 217
142 141 287 216
143 142 287 215
145 146 287 233
146 147 287 232
147 148 287 231
148 149 287 230
149 150 287 229
150 151 287 228
151 150 287 79
151 152 287 227
152 151 287 78
152 153 287 226
153 152 287 77
153 154 287 225
154 153 287 76
155 154 287 75
156 155 287 74
157 156 287 73
158 157 287 72
159 158 287 71
160 144 287 178
160 176 287 54
161 162 287 89
162 163 287 88
163 164 287 87
164 165 287 86
165 166 287 85
166 167 287 84
167 166 287 255
167 168 287 83
168 167 287 254
168 169 287 82
169 168 287 253
169 170 287 81
170 169 287 252
171 170 287 251
172 171 287 250
173 172 287 249
174 173 287 248
175 174 287 247
178 179 287 160
181 182 287 192
183 182 287 111
184 183 287 110
184 185 287 224
185 184 287 109
186 185 287 108
187 186 287 107
188 187 287 106
189 188 287 105
190 189 287 104
191 190 287 103
192 176 287 181
192 208 287 57
193 194 287 121
194 195 287 120
195 194 287 112
195 196 287 119
196 197 287 118
197 198 287 117
198 197 287 80
198 199 287 116
199 200 287 115
200 201 287 114
201 200 287 48
201 202 287 113
204 203 287 16
211 212 287 15
212 213 287 14
213 214 287 13
214 215 287 12
215 214 287 143
215 216 287 11
216 215 287 142
216 217 287 10
217 216 287 141
217 218 287 9
218 217 287 140
218 219 287 8
219 218 287 139
219 220 287 7
220 219 287 138
220 221 287 6
221 220 287 137
221 222 287 5
222 221 287 136
222 223 287 4
223 207 287 3
223 222 287 135
224 208 287 184
224 240 287 60
225 209 287 29
225 226 287 153
226 225 287 28
226 227 287 152
227 226 287 27
227 228 287 151
228 227 287 26
228 229 287 150
229 228 287 25
229 230 287 149
230 229 287 24
230 231 287 148
231 230 287 23
231 232 287 147
232 231 287 22
232 233 287 146
233 232 287 21
233 234 287 145
234 233 287 20
235 234 287 19
236 235 287 18
237 236 287 17
243 244 287 47
244 245 287 46
245 246 287 45
246 247 287 44
247 246 287 175
247 248 287 43
248 247 287 174
248 249 287 42
249 248 287 173
249 250 287 41
250 249 287 172
250 251 287 40
251 250 287 171
251 252 287 39
252 251 287 170
252 253 287 38
253 252 287 169
253 254 287 37
254 253 287 168
254 255 287 36
255 239 287 35
255 254 287 167
0 1 289 205
0 16 289 74
1 0 289 75
1 2 289 206
2 1 289 76
2 3 289 207
3 2 289 77
4 3 289 78
5 4 289 79
27 28 289 81
28 29 289 82
29 30 289 83
30 29 289 209
30 31 289 84
31 15 289 85
31 30 289 210
32 16 289 202
32 48 289 71
33 17 289 107
33 34 289 238
34 33 289 108
34 35 289 239
35 34 289 109
36 35 289 110
37 36 289 111
49 65 289 112
52 51 289 144
55 54 289 176
58 57 289 208
59 60 289 113
60 61 289 114
61 60 289 240
61 62 289 115
62 61 289 241
62 63 289 116
63 47 289 117
63 62 289 242
64 48 289 199
64 80 289 68
65 49 289 139
65 66 289 96
66 65 289 140
67 66 289 141
68 67 289 142
68 69 289 64
69 68 289 143
71 72 289 32
74 75 289 0
75 76 289 1
76 77 289 2
77 78 289 3
78 79 289 4
79 95 289 5
81 97 289 27
82 81 289 28
83 82 289 29
84 83 289 30
85 84 289 31
91 92 289 145
92 93 289 146
93 94 289 147
94 95 289 148
95 79 289 149
96 80 289 196
96 112 289 65
97 81 289 171
98 97 289 172
99 98 289 173
100 99 289 174
101 100 289 175
107 108 289 33
108 109 289 34
109 110 289 35
110 111 289 36
111 127 289 37
112 128 289 49
113 129 289 59
114 113 289 60
115 114 289 61
116 115 289 62
117 116 289 63
123 124 289 177
124 125 289 178
125 126 289 179
126 127 289 180
127 111 289 181
128 112 289 193
129 113 289 203
130 129 289 204
131 130 289 205
132 131 289 206
133 132 289 207
139 140 289 65
140 141 289 66
141 142 289 67
142 143 289 68
143 159 289 69
144 128 289 177
144 160 289 52
145 161 289 91
146 145 289 92
147 146 289 93
148 147 289 94
149 148 289 95
155 156 289 209
156 157 289 210
157 158 289 211
158 159 289 212
159 143 289 213
161 145 289 235
162 161 289 236
163 162 289 237
164 163 289 238
165 164 289 239
171 172 289 97
172 173 289 98
173 174 289 99
174 175 289 100
175 191 289 101
176 160 289 180
176 192 289 55
177 178 289 144
177 193 289 123
178 177 289 124
179 178 289 125
180 179 289 126
180 181 289 176
181 180 289 127
183 184 289 208
186 187 289 240
187 188 289 241
188 189 289 242
189 190 289 243
190 191 289 244
191 175 289 245
193 177 289 128
196 195 289 96
199 198 289 64
202 201 289 32
203 204 289 129
204 205 289 130
205 204 289 0
205 206 289 131
206 205 289 1
206 207 289 132
207 206 289 2
207 223 289 133
208 192 289 183
208 224 289 58
209 210 289 30
209 225 289 155
210 209 289 156
210 211 289 31
211 210 289 157
212 211 289 158
213 212 289 159
235 236 289 161
236 237 289 162
237 238 289 163
238 237 289 33
238 239 289 164
239 238 289 34
239 255 289 165
240 224 289 186
240 241 289 61
241 240 289 187
241 242 289 62
242 241 289 188
242 243 289 63
243 242 289 189
244 243 289 190
245 244 289 191
4 5 291 223
5 6 291 222
6 5 291 95
6 7 291 221
7 6 291 94
7 8 291 220
8 7 291 93
8 9 291 219
9 8 291 92
9 10 291 218
10 9 291 91
10 11 291 217
11 10 291 90
11 12 291 216
12 11 291 89
12 13 291 215
13 12 291 88
13 14 291 214
14 13 291 87
14 15 291 213
15 14 291 86
15 31 291 212
16 0 291 203
16 32 291 73
17 18 291 106
17 33 291 236
18 17 291 235
18 19 291 105
19 18 291 234
19 20 291 104
20 19 291 233
20 21 291 103
21 20 291 232
21 22 291 102
22 21 291 231
22 23 291 101
23 22 291 230
23 24 291 100
24 23 291 229
24 25 291 99
25 24 291 228
25 26 291 98
26 25 291 227
26 27 291 97
27 26 291 226
28 27 291 225
36 37 291 255
37 38 291 254
38 37 291 127
38 39 291 253
39 38 291 126
39 40 291 252
40 39 291 125
40 41 291 251
41 40 291 124
41 42 291 250
42 41 291 123
42 43 291 249
43 42 291 122
43 44 291 248
44 43 291 121
44 45 291 247
45 44 291 120
45 46 291 246
46 45 291 119
46 47 291 245
47 46 291 118
47 63 291 244
48 32 291 200
48 64 291 70
49 50 291 138
50 49 291 128
50 51 291 137
51 52 291 136
52 53 291 135
53 52 291 160
53 54 291 134
54 55 291 133
55 56 291 132
56 55 291 192
56 57 291 131
57 58 291 130
58 59 291 129
59 58 291 224
67 68 291 80
70 69 291 159
70 71 291 48
71 70 291 158
72 71 291 157
73 72 291 156
73 74 291 16
74 73 291 155
75 74 291 154
76 75 291 153
77 76 291 152
78 77 291 151
79 78 291 150
80 64 291 197
80 96 291 67
81 82 291 170
82 83 291 169
83 84 291 168
84 85 291 167
85 86 291 166
86 85 291 15
86 87 291 165
87 86 291 14
87 88 291 164
88 87 291 13
88 89 291 163
89 88 291 12
89 90 291 162
90 89 291 11
90 91 291 161
91 90 291 10
92 91 291 9
93 92 291 8
94 93 291 7
95 94 291 6
97 98 291 26
98 99 291 25
99 100 291 24
100 101 291 23
101 102 291 22
102 101 291 191
102 103 291 21
103 102 291 190
103 104 291 20
104 103 291 189
104 105 291 19
105 104 291 188
105 106 291 18
106 105 291 187
106 107 291 17
107 106 291 186
108 107 291 185
109 108 291 184
110 109 291 183
111 110 291 182
112 96 291 194
113 114 291 202
114 115 291 201
115 116 291 200
116 117 291 199
117 118 291 198
118 117 291 47
118 119 291 197
119 118 291 46
119 120 291 196
120 119 291 45
120 121 291 195
121 120 291 44
121 122 291 194
122 121 291 43
122 123 291 193
123 122 291 42
124 123 291 41
125 124 291 40
126 125 291 39
127 126 291 38
128 144 291 50
129 130 291 58
130 131 291 57
131 132 291 56
132 133 291 55
133 134 291 54
134 133 291 223
134 135 291 53
135 134 291 222
135 136 291 52
136 135 291 221
136 137 291 51
137 136 291 220
137 138 291 50
138 137 291 219
138 139 291 49
139 138 291 218
140 139 291 217
141 140 291 216
142 141 291 215
143 142 291 214
145 146 291 234
146 147 291 233
147 148 291 232
148 149 291 231
149 150 291 230
150 149 291 79
150 151 291 229
151 150 291 78
151 152 291 228
152 151 291 77
152 153 291 227
153 152 291 76
153 154 291 226
154 153 291 75
154 155 291 225
155 154 291 74
156 155 291 73
157 156 291 72
158 157 291 71
159 158 291 70
160 144 291 179
160 176 291 53
161 162 291 90
162 163 291 89
163 164 291 88
164 165 291 87
165 166 291 86
166 165 291 255
166 167 291 85
167 166 291 254
167 168 291 84
168 167 291 253
168 169 291 83
169 168 291 252
169 170 291 82
170 169 291 251
170 171 291 81
171 170 291 250
172 171 291 249
173 172 291 248
174 173 291 247
175 174 291 246
179 180 291 160
182 181 291 111
182 183 291 192
183 182 291 110
184 183 291 109
185 184 291 108
185 186 291 224
186 185 291 107
187 186 291 106
188 187 291 105
189 188 291 104
190 189 291 103
191 190 291 102
192 176 291 182
192 208 291 56
193 194 291 122
194 193 291 112
194 195 291 121
195 196 291 120
196 197 291 119
197 196 291 80
197 198 291 118
198 199 291 117
199 200 291 116
200 199 291 48
200 201 291 115
201 202 291 114
202 203 291 113
203 202 291 16
212 213 291 15
213 214 291 14
214 213 291 143
214 215 291 13
215 214 291 142
215 216 291 12
216 215 291 141
216 217 291 11
217 216 291 140
217 218 291 10
218 217 291 139
218 219 291 9
219 218 291 138
219 220 291 8
220 219 291 137
220 221 291 7
221 220 291 136
221 222 291 6
222 221 291 135
222 223 291 5
223 207 291 4
223 222 291 134
224 208 291 185
224 240 291 59
225 209 291 28
225 226 291 154
226 225 291 27
226 227 291 153
227 226 291 26
227 228 291 152
228 227 291 25
228 229 291 151
229 228 291 24
229 230 291 150
230 229 291 23
230 231 291 149
231 230 291 22
231 232 291 148
232 231 291 21
232 233 291 147
233 232 291 20
233 234 291 146
234 233 291 19
234 235 291 145
235 234 291 18
236 235 291 17
244 245 291 47
245 246 291 46
246 245 291 175
246 247 291 45
247 246 291 174
247 248 291 44
248 247 291 173
248 249 291 43
249 248 291 172
249 250 291 42
250 249 291 171
250 251 291 41
251 250 291 170
251 252 291 40
252 251 291 169
252 253 291 39
253 252 291 168
253 254 291 38
254 253 291 167
254 255 291 37
255 239 291 36
255 254 291 166
0 1 293 204
0 16 293 75
1 0 293 76
1 2 293 205
2 1 293 77
2 3 293 206
3 2 293 78
3 4 293 207
4 3 293 79
28 29 293 81
29 28 293 209
29 30 293 82
30 29 293 210
30 31 293 83
31 15 293 84
31 30 293 211
32 16 293 201
32 48 293 72
33 17 293 108
33 34 293 237
34 33 293 109
34 35 293 238
35 34 293 110
35 36 293 239
36 35 293 111
51 50 293 144
54 53 293 176
57 56 293 208
60 59 293 240
60 61 293 113
61 60 293 241
61 62 293 114
62 61 293 242
62 63 293 115
63 47 293 116
63 62 293 243
64 48 293 198
64 80 293 69
65 49 293 140
66 65 293 141
66 67 293 96
67 66 293 142
68 67 293 143
69 70 293 64
72 73 293 32
75 76 293 0
76 77 293 1
77 78 293 2
78 79 293 3
79 95 293 4
81 97 293 28
82 81 293 29
83 82 293 30
84 83 293 31
92 93 293 145
93 94 293 146
94 95 293 147
95 79 293 148
96 80 293 195
96 112 293 66
97 81 293 172
98 97 293 173
99 98 293 174
100 99 293 175
108 109 293 33
109 110 293 34
110 111 293 35
111 127 293 36
113 129 293 60
114 113 293 61
115 114 293 62
116 115 293 63
124 125 293 177
125 126 293 178
126 127 293 179
127 111 293 180
129 113 293 204
130 129 293 205
131 130 293 206
132 131 293 207
140 141 293 65
141 142 293 66
142 143 293 67
143 159 293 68
144 128 293 178
144 160 293 51
145 161 293 92
146 145 293 93
147 146 293 94
148 147 293 95
156 157 293 209
157 158 293 210
158 159 293 211
159 143 293 212
161 145 293 236
162 161 293 237
163 162 293 238
164 163 293 239
172 173 293 97
173 174 293 98
174 175 293 99
175 191 293 100
176 160 293 181
176 192 293 54
177 193 293 124
178 177 293 125
178 179 293 144
179 178 293 126
180 179 293 127
181 182 293 176
184 185 293 208
187 188 293 240
188 189 293 241
189 190 293 242
190 191 293 243
191 175 293 244
195 194 293 96
198 197 293 64
201 200 293 32
204 203 293 0
204 205 293 129
205 204 293 1
205 206 293 130
206 205 293 2
206 207 293 131
207 206 293 3
207 223 293 132
208 192 293 184
208 224 293 57
209 210 293 29
209 225 293 156
210 209 293 157
210 211 293 30
211 210 293 158
211 212 293 31
212 211 293 159
236 237 293 161
237 236 293 33
237 238 293 162
238 237 293 34
238 239 293 163
239 238 293 35
239 255 293 164
240 224 293 187
240 241 293 60
241 240 293 188
241 242 293 61
242 241 293 189
242 243 293 62
243 242 293 190
243 244 293 63
244 243 293 191
5 4 295 95
5 6 295 223
6 5 295 94
6 7 295 222
7 6 295 93
7 8 295 221
8 7 295 92
8 9 295 220
9 8 295 91
9 10 295 219
10 9 295 90
10 11 295 218
11 10 295 89
11 12 295 217
12 11 295 88
12 13 295 216
13 12 295 87
13 14 295 215
14 13 295 86
14 15 295 214
15 14 295 85
15 31 295 213
16 0 295 202
16 32 295 74
17 18 295 107
17 33 295 235
18 17 295 234
18 19 295 106
19 18 295 233
19 20 295 105
20 19 295 232
20 21 295 104
21 20 295 231
21 22 295 103
22 21 295 230
22 23 295 102
23 22 295 229
23 24 295 101
24 23 295 228
24 25 295 100
25 24 295 227
25 26 295 99
26 25 295 226
26 27 295 98
27 26 295 225
27 28 295 97
37 36 295 127
37 38 295 255
38 37 295 126
38 39 295 254
39 38 295 125
39 40 295 253
40 39 295 124
40 41 295 252
41 40 295 123
41 42 295 251
42 41 295 122
42 43 295 250
43 42 295 121
43 44 295 249
44 43 295 120
44 45 295 248
45 44 295 119
45 46 295 247
46 45 295 118
46 47 295 246
47 46 295 117
47 63 295 245
48 32 295 199
48 64 295 71
49 50 295 139
49 65 295 128
50 51 295 138
51 52 295 137
52 51 295 160
52 53 295 136
53 54 295 135
54 55 295 134
55 54 295 192
55 56 295 133
56 57 295 132
57 58 295 131
58 57 295 224
58 59 295 130
59 60 295 129
65 66 295 112
68 69 295 80
69 68 295 159
70 69 295 158
71 70 295 157
71 72 295 48
72 71 295 156
73 72 295 155
74 73 295 154
74 75 295 16
75 74 295 153
76 75 295 152
77 76 295 151
78 77 295 150
79 78 295 149
80 64 295 196
80 96 295 68
81 82 295 171
82 83 295 170
83 84 295 169
84 85 295 168
85 84 295 15
85 86 295 167
86 85 295 14
86 87 295 166
87 86 295 13
87 88 295 165
88 87 295 12
88 89 295 164
89 88 295 11
89 90 295 163
90 89 295 10
90 91 295 162
91 90 295 9
91 92 295 161
92 91 295 8
93 92 295 7
94 93 295 6
95 94 295 5
97 98 295 27
98 99 295 26
99 100 295 25
100 101 295 24
101 100 295 191
101 102 295 23
102 101 295 190
102 103 295 22
103 102 295 189
103 104 295 21
104 103 295 188
104 105 295 20
105 104 295 187
105 106 295 19
106 105 295 186
106 107 295 18
107 106 295 185
107 108 295 17
108 107 295 184
109 108 295 183
110 109 295 182
111 110 295 181
112 96 295 193
112 128 295 65
113 114 295 203
114 115 295 202
115 116 295 201
116 117 295 200
117 116 295 47
117 118 295 199
118 117 295 46
118 119 295 198
119 118 295 45
119 120 295 197
120 119 295 44
120 121 295 196
121 120 295 43
121 122 295 195
122 121 295 42
122 123 295 194
123 122 295 41
123 124 295 193
124 123 295 40
125 124 295 39
126 125 295 38
127 126 295 37
128 112 295 177
128 144 295 49
129 130 295 59
130 131 295 58
131 132 295 57
132 133 295 56
133 132 295 223
133 134 295 55
134 133 295 222
134 135 295 54
135 134 295 221
135 136 295 53
136 135 295 220
136 137 295 52
137 136 295 219
137 138 295 51
138 137 295 218
138 139 295 50
139 138 295 217
139 140 295 49
140 139 295 216
141 140 295 215
142 141 295 214
143 142 295 213
145 146 295 235
146 147 295 234
147 148 295 233
148 149 295 232
149 148 295 79
149 150 295 231
150 149 295 78
150 151 295 230
151 150 295 77
151 152 295 229
152 151 295 76
152 153 295 228
153 152 295 75
153 154 295 227
154 153 295 74
154 155 295 226
155 154 295 73
155 156 295 225
156 155 295 72
157 156 295 71
158 157 295 70
159 158 295 69
160 144 295 180
160 176 295 52
161 162 295 91
162 163 295 90
163 164 295 89
164 165 295 88
165 164 295 255
165 166 295 87
166 165 295 254
166 167 295 86
167 166 295 253
167 168 295 85
168 167 295 252
168 169 295 84
169 168 295 251
169 170 295 83
170 169 295 250
170 171 295 82
171 170 295 249
171 172 295 81
172 171 295 248
173 172 295 247
174 173 295 246
175 174 295 245
177 178 295 128
180 181 295 160
181 180 295 111
182 181 295 110
183 182 295 109
183 184 295 192
184 183 295 108
185 184 295 107
186 185 295 106
186 187 295 224
187 186 295 105
188 187 295 104
189 188 295 103
190 189 295 102
191 190 295 101
192 176 295 183
192 208 295 55
193 177 295 112
193 194 295 123
194 195 295 122
195 196 295 121
196 195 295 80
196 197 295 120
197 198 295 119
198 199 295 118
199 198 295 48
199 200 295 117
200 201 295 116
201 202 295 115
202 201 295 16
202 203 295 114
203 204 295 113
213 212 295 143
213 214 295 15
214 213 295 142
214 215 295 14
215 214 295 141
215 216 295 13
216 215 295 140
216 217 295 12
217 216 295 139
217 218 295 11
218 217 295 138
218 219 295 10
219 218 295 137
219 220 295 9
220 219 295 136
220 221 295 8
221 220 295 135
221 222 295 7
222 221 295 134
222 223 295 6
223 207 295 5
223 222 295 133
224 208 295 186
224 240 295 58
225 209 295 27
225 226 295 155
226 225 295 26
226 227 295 154
227 226 295 25
227 228 295 153
228 227 295 24
228 229 295 152
229 228 295 23
229 230 295 151
230 229 295 22
230 231 295 150
231 230 295 21
231 232 295 149
232 231 295 20
232 233 295 148
233 232 295 19
233 234 295 147
234 233 295 18
234 235 295 146
235 234 295 17
235 236 295 145
245 244 295 175
245 246 295 47
246 245 295 174
246 247 295 46
247 246 295 173
247 248 295 45
248 247 295 172
248 249 295 44
249 248 295 171
249 250 295 43
250 249 295 170
250 251 295 42
251 250 295 169
251 252 295 41
252 251 295 168
252 253 295 40
253 252 295 167
253 254 295 39
254 253 295 166
254 255 295 38
255 239 295 37
255 254 295 165
0 1 297 203
0 16 297 76
1 0 297 77
1 2 297 204
2 1 297 78
2 3 297 205
3 2 297 79
3 4 297 206
4 5 297 207
28 27 297 209
29 28 297 210
29 30 297 81
30 29 297 211
30 31 297 82
31 15 297 83
31 30 297 212
32 16 297 200
32 48 297 73
33 17 297 109
33 34 297 236
34 33 297 110
34 35 297 237
35 34 297 111
35 36 297 238
36 37 297 239
50 49 297 144
53 52 297 176
56 55 297 208
59 58 297 240
60 59 297 241
61 60 297 242
61 62 297 113
62 61 297 243
62 63 297 114
63 47 297 115
63 62 297 244
64 48 297 197
64 80 297 70
65 49 297 141
66 65 297 142
67 66 297 143
67 68 297 96
70 71 297 64
73 74 297 32
76 77 297 0
77 78 297 1
78 79 297 2
79 95 297 3
81 97 297 29
82 81 297 30
83 82 297 31
93 94 297 145
94 95 297 146
95 79 297 147
96 80 297 194
96 112 297 67
97 81 297 173
98 97 297 174
99 98 297 175
109 110 297 33
110 111 297 34
111 127 297 35
113 129 297 61
114 113 297 62
115 114 297 63
125 126 297 177
126 127 297 178
127 111 297 179
129 113 297 205
130 129 297 206
131 130 297 207
141 142 297 65
142 143 297 66
143 159 297 67
144 128 297 179
144 160 297 50
145 161 297 93
146 145 297 94
147 146 297 95
157 158 297 209
158 159 297 210
159 143 297 211
161 145 297 237
162 161 297 238
163 162 297 239
173 174 297 97
174 175 297 98
175 191 297 99
176 160 297 182
176 192 297 53
177 193 297 125
178 177 297 126
179 178 297 127
179 180 297 144
182 183 297 176
185 186 297 208
188 189 297 240
189 190 297 241
190 191 297 242
191 175 297 243
194 193 297 96
197 196 297 64
200 199 297 32
203 202 297 0
204 203 297 1
205 204 297 2
205 206 297 129
206 205 297 3
206 207 297 130
207 206 297 4
207 223 297 131
208 192 297 185
208 224 297 56
209 210 297 28
209 225 297 157
210 209 297 158
210 211 297 29
211 210 297 159
211 212 297 30
212 213 297 31
236 235 297 33
237 236 297 34
237 238 297 161
238 237 297 35
238 239 297 162
239 238 297 36
239 255 297 163
240 224 297 188
240 241 297 59
241 240 297 189
241 242 297 60
242 241 297 190
242 243 297 61
243 242 297 191
243 244 297 62
244 245 297 63
4 3 299 95
5 4 299 94
6 5 299 93
6 7 299 223
7 6 299 92
7 8 299 222
8 7 299 91
8 9 299 221
9 8 299 90
9 10 299 220
10 9 299 89
10 11 299 219
11 10 299 88
11 12 299 218
12 11 299 87
12 13 299 217
13 12 299 86
13 14 299 216
14 13 299 85
14 15 299 215
15 14 299 84
15 31 299 214
16 0 299 201
16 32 299 75
17 18 299 108
17 33 299 234
18 17 299 233
18 19 299 107
19 18 299 232
19 20 299 106
20 19 299 231
20 21 299 105
21 20 299 230
21 22 299 104
22 21 299 229
22 23 299 103
23 22 299 228
23 24 299 102
24 23 299 227
24 25 299 101
25 24 299 226
25 26 299 100
26 25 299 225
26 27 299 99
27 28 299 98
28 29 299 97
36 35 299 127
37 36 299 126
38 37 299 125
38 39 299 255
39 38 299 124
39 40 299 254
40 39 299 123
40 41 299 253
41 40 299 122
41 42 299 252
42 41 299 121
42 43 299 251
43 42 299 120
43 44 299 250
44 43 299 119
44 45 299 249
45 44 299 118
45 46 299 248
46 45 299 117
46 47 299 247
47 46 299 116
47 63 299 246
48 32 299 198
48 64 299 72
49 50 299 140
50 51 299 139
51 50 299 160
51 52 299 138
52 53 299 137
53 54 299 136
54 53 299 192
54 55 299 135
55 56 299 134
56 57 299 133
57 56 299 224
57 58 299 132
58 59 299 131
59 60 299 130
60 61 299 129
66 67 299 112
68 67 299 159
69 68 299 158
69 70 299 80
70 69 299 157
71 70 299 156
72 71 299 155
72 73 299 48
73 72 299 154
74 73 299 153
75 74 299 152
75 76 299 16
76 75 299 151
77 76 299 150
78 77 299 149
79 78 299 148
80 64 299 195
80 96 299 69
81 82 299 172
82 83 299 171
83 84 299 170
84 83 299 15
84 85 299 169
85 84 299 14
85 86 299 168
86 85 299 13
86 87 299 167
87 86 299 12
87 88 299 166
88 87 299 11
88 89 299 165
89 88 299 10
89 90 299 164
90 89 299 9
90 91 299 163
91 90 299 8
91 92 299 162
92 91 299 7
92 93 299 161
93 92 299 6
94 93 299 5
95 94 299 4
97 98 299 28
98 99 299 27
99 100 299 26
100 99 299 191
100 101 299 25
101 100 299 190
101 102 299 24
102 101 299 189
102 103 299 23
103 102 299 188
103 104 299 22
104 103 299 187
104 105 299 21
105 104 299 186
105 106 299 20
106 105 299 185
106 107 299 19
107 106 299 184
107 108 299 18
108 107 299 183
108 109 299 17
109 108 299 182
110 109 299 181
111 110 299 180
112 128 299 66
113 114 299 204
114 115 299 203
115 116 299 202
116 115 299 47
116 117 299 201
117 116 299 46
117 118 299 200
118 117 299 45
118 119 299 199
119 118 299 44
119 120 299 198
120 119 299 43
120 121 299 197
121 120 299 42
121 122 299 196
122 121 299 41
122 123 299 195
123 122 299 40
123 124 299 194
124 123 299 39
124 125 299 193
125 124 299 38
126 125 299 37
127 126 299 36
128 112 299 178
129 130 299 60
130 131 299 59
131 132 299 58
132 131 299 223
132 133 299 57
133 132 299 222
133 134 299 56
134 133 299 221
134 135 299 55
135 134 299 220
135 136 299 54
136 135 299 219
136 137 299 53
137 136 299 218
137 138 299 52
138 137 299 217
138 139 299 51
139 138 299 216
139 140 299 50
140 139 299 215
140 141 299 49
141 140 299 214
142 141 299 213
143 142 299 212
145 146 299 236
146 147 299 235
147 148 299 234
148 147 299 79
148 149 299 233
149 148 299 78
149 150 299 232
150 149 299 77
150 151 299 231
151 150 299 76
151 152 299 230
152 151 299 75
152 153 299 229
153 152 299 74
153 154 299 228
154 153 299 73
154 155 299 227
155 154 299 72
155 156 299 226
156 155 299 71
156 157 299 225
157 156 299 70
158 157 299 69
159 158 299 68
160 144 299 181
160 176 299 51
161 162 299 92
162 163 299 91
163 164 299 90
164 163 299 255
164 165 299 89
165 164 299 254
165 166 299 88
166 165 299 253
166 167 299 87
167 166 299 252
167 168 299 86
168 167 299 251
168 169 299 85
169 168 299 250
169 170 299 84
170 169 299 249
170 171 299 83
171 170 299 248
171 172 299 82
172 171 299 247
172 173 299 81
173 172 299 246
174 173 299 245
175 174 299 244
178 179 299 128
180 179 299 111
181 180 299 110
181 182 299 160
182 181 299 109
183 182 299 108
184 183 299 107
184 185 299 192
185 184 299 106
186 185 299 105
187 186 299 104
187 188 299 224
188 187 299 103
189 188 299 102
190 189 299 101
191 190 299 100
192 176 299 184
192 208 299 54
193 194 299 124
194 195 299 123
195 194 299 80
195 196 299 122
196 197 299 121
197 198 299 120
198 197 299 48
198 199 299 119
199 200 299 118
200 201 299 117
201 200 299 16
201 202 299 116
202 203 299 115
203 204 299 114
204 205 299 113
212 211 299 143
213 212 299 142
214 213 299 141
214 215 299 15
215 214 299 140
215 216 299 14
216 215 299 139
216 217 299 13
217 216 299 138
217 218 299 12
218 217 299 137
218 219 299 11
219 218 299 136
219 220 299 10
220 219 299 135
220 221 299 9
221 220 299 134
221 222 299 8
222 221 299 133
222 223 299 7
223 207 299 6
223 222 299 132
224 208 299 187
224 240 299 57
225 209 299 26
225 226 299 156
226 225 299 25
226 227 299 155
227 226 299 24
227 228 299 154
228 227 299 23
228 229 299 153
229 228 299 22
229 230 299 152
230 229 299 21
230 231 299 151
231 230 299 20
231 232 299 150
232 231 299 19
232 233 299 149
233 232 299 18
233 234 299 148
234 233 299 17
234 235 299 147
235 236 299 146
236 237 299 145
244 243 299 175
245 244 299 174
246 245 299 173
246 247 299 47
247 246 299 172
247 248 299 46
248 247 299 171
248 249 299 45
249 248 299 170
249 250 299 44
250 249 299 169
250 251 299 43
251 250 299 168
251 252 299 42
252 251 299 167
252 253 299 41
253 252 299 166
253 254 299 40
254 253 299 165
254 255 299 39
255 239 299 38
255 254 299 164
0 1 301 202
0 16 301 77
1 0 301 78
1 2 301 203
2 1 301 79
2 3 301 204
3 4 301 205
4 5 301 206
5 6 301 207
27 26 301 209
28 27 301 210
29 28 301 211
30 29 301 212
30 31 301 81
31 15 301 82
31 30 301 213
32 16 301 199
32 48 301 74
33 17 301 110
33 34 301 235
34 33 301 111
34 35 301 236
35 36 301 237
36 37 301 238
37 38 301 239
49 65 301 144
52 51 301 176
55 54 301 208
58 57 301 240
59 58 301 241
60 59 301 242
61 60 301 243
62 61 301 244
62 63 301 113
63 47 301 114
63 62 301 245
64 48 301 196
64 80 301 71
65 49 301 142
65 66 301 128
66 65 301 143
68 69 301 96
71 72 301 64
74 75 301 32
77 78 301 0
78 79 301 1
79 95 301 2
81 97 301 30
82 81 301 31
94 95 301 145
95 79 301 146
96 80 301 193
96 112 301 68
97 81 301 174
98 97 301 175
110 111 301 33
111 127 301 34
112 96 301 177
113 129 301 62
114 113 301 63
126 127 301 177
127 111 301 178
128 144 301 65
129 113 301 206
130 129 301 207
142 143 301 65
143 159 301 66
144 128 301 180
144 160 301 49
145 161 301 94
146 145 301 95
158 159 301 209
159 143 301 210
161 145 301 238
162 161 301 239
174 175 301 97
175 191 301 98
176 160 301 183
176 192 301 52
177 178 301 112
177 193 301 126
178 177 301 127
180 181 301 144
183 184 301 176
186 187 301 208
189 190 301 240
190 191 301 241
191 175 301 242
193 177 301 96
196 195 301 64
199 198 301 32
202 201 301 0
203 202 301 1
204 203 301 2
205 204 301 3
206 205 301 4
206 207 301 129
207 206 301 5
207 223 301 130
208 192 301 186
208 224 301 55
209 210 301 27
209 225 301 158
210 209 301 159
210 211 301 28
211 212 301 29
212 213 301 30
213 214 301 31
235 234 301 33
236 235 301 34
237 236 301 35
238 237 301 36
238 239 301 161
239 238 301 37
239 255 301 162
240 224 301 189
240 241 301 58
241 240 301 190
241 242 301 59
242 241 301 191
242 243 301 60
243 244 301 61
244 245 301 62
245 246 301 63
3 2 303 95
4 3 303 94
5 4 303 93
6 5 303 92
7 6 303 91
7 8 303 223
8 7 303 90
8 9 303 222
9 8 303 89
9 10 303 221
10 9 303 88
10 11 303 220
11 10 303 87
11 12 303 219
12 11 303 86
12 13 303 218
13 12 303 85
13 14 303 217
14 13 303 84
14 15 303 216
15 14 303 83
15 31 303 215
16 0 303 200
16 32 303 76
17 18 303 109
17 33 303 233
18 17 303 232
18 19 303 108
19 18 303 231
19 20 303 107
20 19 303 230
20 21 303 106
21 20 303 229
21 22 303 105
22 21 303 228
22 23 303 104
23 22 303 227
23 24 303 103
24 23 303 226
24 25 303 102
25 24 303 225
25 26 303 101
26 27 303 100
27 28 303 99
28 29 303 98
29 30 303 97
35 34 303 127
36 35 303 126
37 36 303 125
38 37 303 124
39 38 303 123
39 40 303 255
40 39 303 122
40 41 303 254
41 40 303 121
41 42 303 253
42 41 303 120
42 43 303 252
43 42 303 119
43 44 303 251
44 43 303 118
44 45 303 250
45 44 303 117
45 46 303 249
46 45 303 116
46 47 303 248
47 46 303 115
47 63 303 247
48 32 303 197
48 64 303 73
49 50 303 141
50 49 303 160
50 51 303 140
51 52 303 139
52 53 303 138
53 52 303 192
53 54 303 137
54 55 303 136
55 56 303 135
56 55 303 224
56 57 303 134
57 58 303 133
58 59 303 132
59 60 303 131
60 61 303 130
61 62 303 129
67 66 303 159
67 68 303 112
68 67 303 158
69 68 303 157
70 69 303 156
70 71 303 80
71 70 303 155
72 71 303 154
73 72 303 153
73 74 303 48
74 73 303 152
75 74 303 151
76 75 303 150
76 77 303 16
77 76 303 149
78 77 303 148
79 78 303 147
80 64 303 194
80 96 303 70
81 82 303 173
82 83 303 172
83 82 303 15
83 84 303 171
84 83 303 14
84 85 303 170
85 84 303 13
85 86 303 169
86 85 303 12
86 87 303 168
87 86 303 11
87 88 303 167
88 87 303 10
88 89 303 166
89 88 303 9
89 90 303 165
90 89 303 8
90 91 303 164
91 90 303 7
91 92 303 163
92 91 303 6
92 93 303 162
93 92 303 5
93 94 303 161
94 93 303 4
95 94 303 3
97 98 303 29
98 99 303 28
99 98 303 191
99 100 303 27
100 99 303 190
100 101 303 26
101 100 303 189
101 102 303 25
102 101 303 188
102 103 303 24
103 102 303 187
103 104 303 23
104 103 303 186
104 105 303 22
105 104 303 185
105 106 303 21
106 105 303 184
106 107 303 20
107 106 303 183
107 108 303 19
108 107 303 182
108 109 303 18
109 108 303 181
109 110 303 17
110 109 303 180
111 110 303 179
112 128 303 67
113 114 303 205
114 115 303 204
115 114 303 47
115 116 303 203
116 115 303 46
116 117 303 202
117 116 303 45
117 118 303 201
118 117 303 44
118 119 303 200
119 118 303 43
119 120 303 199
120 119 303 42
120 121 303 198
121 120 303 41
121 122 303 197
122 121 303 40
122 123 303 196
123 122 303 39
123 124 303 195
124 123 303 38
124 125 303 194
125 124 303 37
125 126 303 193
126 125 303 36
127 126 303 35
128 112 303 179
129 130 303 61
130 131 303 60
131 130 303 223
131 132 303 59
132 131 303 222
132 133 303 58
133 132 303 221
133 134 303 57
134 133 303 220
134 135 303 56
135 134 303 219
135 136 303 55
136 135 303 218
136 137 303 54
137 136 303 217
137 138 303 53
138 137 303 216
138 139 303 52
139 138 303 215
139 140 303 51
140 139 303 214
140 141 303 50
141 140 303 213
141 142 303 49
142 141 303 212
143 142 303 211
145 146 303 237
146 147 303 236
147 146 303 79
147 148 303 235
148 147 303 78
148 149 303 234
149 148 303 77
149 150 303 233
150 149 303 76
150 151 303 232
151 150 303 75
151 152 303 231
152 151 303 74
152 153 303 230
153 152 303 73
153 154 303 229
154 153 303 72
154 155 303 228
155 154 303 71
155 156 303 227
156 155 303 70
156 157 303 226
157 156 303 69
157 158 303 225
158 157 303 68
159 158 303 67
160 144 303 182
160 176 303 50
161 162 303 93
162 163 303 92
163 162 303 255
163 164 303 91
164 163 303 254
164 165 303 90
165 164 303 253
165 166 303 89
166 165 303 252
166 167 303 88
167 166 303 251
167 168 303 87
168 167 303 250
168 169 303 86
169 168 303 249
169 170 303 85
170 169 303 248
170 171 303 84
171 170 303 247
171 172 303 83
172 171 303 246
172 173 303 82
173 172 303 245
173 174 303 81
174 173 303 244
175 174 303 243
179 178 303 111
179 180 303 128
180 179 303 110
181 180 303 109
182 181 303 108
182 183 303 160
183 182 303 107
184 183 303 106
185 184 303 105
185 186 303 192
186 185 303 104
187 186 303 103
188 187 303 102
188 189 303 224
189 188 303 101
190 189 303 100
191 190 303 99
192 176 303 185
192 208 303 53
193 194 303 125
194 193 303 80
194 195 303 124
195 196 303 123
196 197 303 122
197 196 303 48
197 198 303 121
198 199 303 120
199 200 303 119
200 199 303 16
200 201 303 118
201 202 303 117
202 203 303 116
203 204 303 115
204 205 303 114
205 206 303 113
211 210 303 143
212 211 303 142
213 212 303 141
214 213 303 140
215 214 303 139
215 216 303 15
216 215 303 138
216 217 303 14
217 216 303 137
217 218 303 13
218 217 303 136
218 219 303 12
219 218 303 135
219 220 303 11
220 219 303 134
220 221 303 10
221 220 303 133
221 222 303 9
222 221 303 132
222 223 303 8
223 207 303 7
223 222 303 131
224 208 303 188
224 240 303 56
225 209 303 25
225 226 303 157
226 225 303 24
226 227 303 156
227 226 303 23
227 228 303 155
228 227 303 22
228 229 303 154
229 228 303 21
229 230 303 153
230 229 303 20
230 231 303 152
231 230 303 19
231 232 303 151
232 231 303 18
232 233 303 150
233 232 303 17
233 234 303 149
234 235 303 148
235 236 303 147
236 237 303 146
237 238 303 145
243 242 303 175
244 243 303 174
245 244 303 173
246 245 303 172
247 246 303 171
247 248 303 47
248 247 303 170
248 249 303 46
249 248 303 169
249 250 303 45
250 249 303 168
250 251 303 44
251 250 303 167
251 252 303 43
252 251 303 166
252 253 303 42
253 252 303 165
253 254 303 41
254 253 303 164
254 255 303 40
255 239 303 39
255 254 303 163
0 1 305 201
0 16 305 78
1 0 305 79
1 2 305 202
2 3 305 203
3 4 305 204
4 5 305 205
5 6 305 206
6 7 305 207
26 25 305 209
27 26 305 210
28 27 305 211
29 28 305 212
30 29 305 213
31 15 305 81
31 30 305 214
32 16 305 198
32 48 305 75
33 17 305 111
33 34 305 234
34 35 305 235
35 36 305 236
36 37 305 237
37 38 305 238
38 39 305 239
51 50 305 176
54 53 305 208
57 56 305 240
58 57 305 241
59 58 305 242
60 59 305 243
61 60 305 244
62 61 305 245
63 47 305 113
63 62 305 246
64 48 305 195
64 80 305 72
65 49 305 143
66 67 305 128
69 70 305 96
72 73 305 64
75 76 305 32
78 79 305 0
79 95 305 1
81 97 305 31
95 79 305 145
96 112 305 69
97 81 305 175
111 127 305 33
112 96 305 178
113 129 305 63
127 111 305 177
128 144 305 66
129 113 305 207
143 159 305 65
144 128 305 181
145 161 305 95
159 143 305 209
161 145 305 239
175 191 305 97
176 160 305 184
176 192 305 51
177 193 305 127
178 179 305 112
181 182 305 144
184 185 305 176
187 188 305 208
190 191 305 240
191 175 305 241
195 194 305 64
198 197 305 32
201 200 305 0
202 201 305 1
203 202 305 2
204 203 305 3
205 204 305 4
206 205 305 5
207 206 305 6
207 223 305 129
208 192 305 187
208 224 305 54
209 210 305 26
209 225 305 159
210 211 305 27
211 212 305 28
212 213 305 29
213 214 305 30
214 215 305 31
234 233 305 33
235 234 305 34
236 235 305 35
237 236 305 36
238 237 305 37
239 238 305 38
239 255 305 161
240 224 305 190
240 241 305 57
241 240 305 191
241 242 305 58
242 243 305 59
243 244 305 60
244 245 305 61
245 246 305 62
246 247 305 63
2 1 307 95
3 2 307 94
4 3 307 93
5 4 307 92
6 5 307 91
7 6 307 90
8 7 307 89
8 9 307 223
9 8 307 88
9 10 307 222
10 9 307 87
10 11 307 221
11 10 307 86
11 12 307 220
12 11 307 85
12 13 307 219
13 12 307 84
13 14 307 218
14 13 307 83
14 15 307 217
15 14 307 82
15 31 307 216
16 0 307 199
16 32 307 77
17 18 307 110
17 33 307 232
18 17 307 231
18 19 307 109
19 18 307 230
19 20 307 108
20 19 307 229
20 21 307 107
21 20 307 228
21 22 307 106
22 21 307 227
22 23 307 105
23 22 307 226
23 24 307 104
24 23 307 225
24 25 307 103
25 26 307 102
26 27 307 101
27 28 307 100
28 29 307 99
29 30 307 98
30 31 307 97
34 33 307 127
35 34 307 126
36 35 307 125
37 36 307 124
38 37 307 123
39 38 307 122
40 39 307 121
40 41 307 255
41 40 307 120
41 42 307 254
42 41 307 119
42 43 307 253
43 42 307 118
43 44 307 252
44 43 307 117
44 45 307 251
45 44 307 116
45 46 307 250
46 45 307 115
46 47 307 249
47 46 307 114
47 63 307 248
48 32 307 196
48 64 307 74
49 50 307 142
49 65 307 160
50 51 307 141
51 52 307 140
52 51 307 192
52 53 307 139
53 54 307 138
54 55 307 137
55 54 307 224
55 56 307 136
56 57 307 135
57 58 307 134
58 59 307 133
59 60 307 132
60 61 307 131
61 62 307 130
62 63 307 129
65 66 307 144
66 65 307 159
67 66 307 158
68 67 307 157
68 69 307 112
69 68 307 156
70 69 307 155
71 70 307 154
71 72 307 80
72 71 307 153
73 72 307 152
74 73 307 151
74 75 307 48
75 74 307 150
76 75 307 149
77 76 307 148
77 78 307 16
78 77 307 147
79 78 307 146
80 64 307 193
80 96 307 71
81 82 307 174
82 81 307 15
82 83 307 173
83 82 307 14
83 84 307 172
84 83 307 13
84 85 307 171
85 84 307 12
85 86 307 170
86 85 307 11
86 87 307 169
87 86 307 10
87 88 307 168
88 87 307 9
88 89 307 167
89 88 307 8
89 90 307 166
90 89 307 7
90 91 307 165
91 90 307 6
91 92 307 164
92 91 307 5
92 93 307 163
93 92 307 4
93 94 307 162
94 93 307 3
94 95 307 161
95 94 307 2
96 80 307 177
97 98 307 30
98 97 307 191
98 99 307 29
99 98 307 190
99 100 307 28
100 99 307 189
100 101 307 27
101 100 307 188
101 102 307 26
102 101 307 187
102 103 307 25
103 102 307 186
103 104 307 24
104 103 307 185
104 105 307 23
105 104 307 184
105 106 307 22
106 105 307 183
106 107 307 21
107 106 307 182
107 108 307 20
108 107 307 181
108 109 307 19
109 108 307 180
109 110 307 18
110 109 307 179
110 111 307 17
111 110 307 178
112 128 307 68
113 114 307 206
114 113 307 47
114 115 307 205
115 114 307 46
115 116 307 204
116 115 307 45
116 117 307 203
117 116 307 44
117 118 307 202
118 117 307 43
118 119 307 201
119 118 307 42
119 120 307 200
120 119 307 41
120 121 307 199
121 120 307 40
121 122 307 198
122 121 307 39
122 123 307 197
123 122 307 38
123 124 307 196
124 123 307 37
124 125 307 195
125 124 307 36
125 126 307 194
126 125 307 35
126 127 307 193
127 126 307 34
128 112 307 180
129 130 307 62
130 129 307 223
130 131 307 61
131 130 307 222
131 132 307 60
132 131 307 221
132 133 307 59
133 132 307 220
133 134 307 58
134 133 307 219
134 135 307 57
135 134 307 218
135 136 307 56
136 135 307 217
136 137 307 55
137 136 307 216
137 138 307 54
138 137 307 215
138 139 307 53
139 138 307 214
139 140 307 52
140 139 307 213
140 141 307 51
141 140 307 212
141 142 307 50
142 141 307 211
142 143 307 49
143 142 307 210
144 160 307 65
145 146 307 238
146 145 307 79
146 147 307 237
147 146 307 78
147 148 307 236
148 147 307 77
148 149 307 235
149 148 307 76
149 150 307 234
150 149 307 75
150 151 307 233
151 150 307 74
151 152 307 232
152 151 307 73
152 153 307 231
153 152 307 72
153 154 307 230
154 153 307 71
154 155 307 229
155 154 307 70
155 156 307 228
156 155 307 69
156 157 307 227
157 156 307 68
157 158 307 226
158 157 307 67
158 159 307 225
159 158 307 66
160 144 307 183
160 176 307 49
161 162 307 94
162 161 307 255
162 163 307 93
163 162 307 254
163 164 307 92
164 163 307 253
164 165 307 91
165 164 307 252
165 166 307 90
166 165 307 251
166 167 307 89
167 166 307 250
167 168 307 88
168 167 307 249
168 169 307 87
169 168 307 248
169 170 307 86
170 169 307 247
170 171 307 85
171 170 307 246
171 172 307 84
172 171 307 245
172 173 307 83
173 172 307 244
173 174 307 82
174 173 307 243
174 175 307 81
175 174 307 242
177 178 307 96
178 177 307 111
179 178 307 110
180 179 307 109
180 181 307 128
181 180 307 108
182 181 307 107
183 182 307 106
183 184 307 160
184 183 307 105
185 184 307 104
186 185 307 103
186 187 307 192
187 186 307 102
188 187 307 101
189 188 307 100
189 190 307 224
190 189 307 99
191 190 307 98
192 176 307 186
192 208 307 52
193 177 307 80
193 194 307 126
194 195 307 125
195 196 307 124
196 195 307 48
196 197 307 123
197 198 307 122
198 199 307 121
199 198 307 16
199 200 307 120
200 201 307 119
201 202 307 118
202 203 307 117
203 204 307 116
204 205 307 115
205 206 307 114
206 207 307 113
210 209 307 143
211 210 307 142
212 211 307 141
213 212 307 140
214 213 307 139
215 214 307 138
216 215 307 137
216 217 307 15
217 216 307 136
217 218 307 14
218 217 307 135
218 219 307 13
219 218 307 134
219 220 307 12
220 219 307 133
220 221 307 11
221 220 307 132
221 222 307 10
222 221 307 131
222 223 307 9
223 207 307 8
223 222 307 130
224 208 307 189
224 240 307 55
225 209 307 24
225 226 307 158
226 225 307 23
226 227 307 157
227 226 307 22
227 228 307 156
228 227 307 21
228 229 307 155
229 228 307 20
229 230 307 154
230 229 307 19
230 231 307 153
231 230 307 18
231 232 307 152
232 231 307 17
232 233 307 151
233 234 307 150
234 235 307 149
235 236 307 148
236 237 307 147
237 238 307 146
238 239 307 145
242 241 307 175
243 242 307 174
244 243 307 173
245 244 307 172
246 245 307 171
247 246 307 170
248 247 307 169
248 249 307 47
249 248 307 168
249 250 307 46
250 249 307 167
250 251 307 45
251 250 307 166
251 252 307 44
252 251 307 165
252 253 307 43
253 252 307 164
253 254 307 42
254 253 307 163
254 255 307 41
255 239 307 40
255 254 307 162
0 1 309 200
0 16 309 79
1 2 309 201
2 3 309 202
3 4 309 203
4 5 309 204
5 6 309 205
6 7 309 206
7 8 309 207
25 24 309 209
26 25 309 210
27 26 309 211
28 27 309 212
29 28 309 213
30 29 309 214
31 30 309 215
32 16 309 197
32 48 309 76
33 34 309 233
34 35 309 234
35 36 309 235
36 37 309 236
37 38 309 237
38 39 309 238
39 40 309 239
50 49 309 176
53 52 309 208
56 55 309 240
57 56 309 241
58 57 309 242
59 58 309 243
60 59 309 244
61 60 309 245
62 61 309 246
63 62 309 247
64 48 309 194
64 80 309 73
67 68 309 128
70 71 309 96
73 74 309 64
76 77 309 32
79 95 309 0
96 112 309 70
112 96 309 179
128 144 309 67
144 128 309 182
176 160 309 185
176 192 309 50
179 180 309 112
182 183 309 144
185 186 309 176
188 189 309 208
191 175 309 240
194 193 309 64
197 196 309 32
200 199 309 0
201 200 309 1
202 201 309 2
203 202 309 3
204 203 309 4
205 204 309 5
206 205 309 6
207 206 309 7
208 192 309 188
208 224 309 53
209 210 309 25
210 211 309 26
211 212 309 27
212 213 309 28
213 214 309 29
214 215 309 30
215 216 309 31
233 232 309 33
234 233 309 34
235 234 309 35
236 235 309 36
237 236 309 37
238 237 309 38
239 238 309 39
240 224 309 191
240 241 309 56
241 242 309 57
242 243 309 58
243 244 309 59
244 245 309 60
245 246 309 61
246 247 309 62
247 248 309 63
1 0 311 95
2 1 311 94
3 2 311 93
4 3 311 92
5 4 311 91
6 5 311 90
7 6 311 89
8 7 311 88
9 8 311 87
9 10 311 223
10 9 311 86
10 11 311 222
11 10 311 85
11 12 311 221
12 11 311 84
12 13 311 220
13 12 311 83
13 14 311 219
14 13 311 82
14 15 311 218
15 14 311 81
15 31 311 217
16 0 311 198
16 32 311 78
17 18 311 111
17 33 311 231
18 17 311 230
18 19 311 110
19 18 311 229
19 20 311 109
20 19 311 228
20 21 311 108
21 20 311 227
21 22 311 107
22 21 311 226
22 23 311 106
23 22 311 225
23 24 311 105
24 25 311 104
25 26 311 103
26 27 311 102
27 28 311 101
28 29 311 100
29 30 311 99
30 31 311 98
31 15 311 97
33 17 311 127
34 33 311 126
35 34 311 125
36 35 311 124
37 36 311 123
38 37 311 122
39 38 311 121
40 39 311 120
41 40 311 119
41 42 311 255
42 41 311 118
42 43 311 254
43 42 311 117
43 44 311 253
44 43 311 116
44 45 311 252
45 44 311 115
45 46 311 251
46 45 311 114
46 47 311 250
47 46 311 113
47 63 311 249
48 32 311 195
48 64 311 75
49 50 311 143
50 51 311 142
51 50 311 192
51 52 311 141
52 53 311 140
53 54 311 139
54 53 311 224
54 55 311 138
55 56 311 137
56 57 311 136
57 58 311 135
58 59 311 134
59 60 311 133
60 61 311 132
61 62 311 131
62 63 311 130
63 47 311 129
65 49 311 159
66 65 311 158
66 67 311 144
67 66 311 157
68 67 311 156
69 68 311 155
69 70 311 112
70 69 311 154
71 70 311 153
72 71 311 152
72 73 311 80
73 72 311 151
74 73 311 150
75 74 311 149
75 76 311 48
76 75 311 148
77 76 311 147
78 77 311 146
78 79 311 16
79 78 311 145
80 96 311 72
81 82 311 175
81 97 311 15
82 81 311 14
82 83 311 174
83 82 311 13
83 84 311 173
84 83 311 12
84 85 311 172
85 84 311 11
85 86 311 171
86 85 311 10
86 87 311 170
87 86 311 9
87 88 311 169
88 87 311 8
88 89 311 168
89 88 311 7
89 90 311 167
90 89 311 6
90 91 311 166
91 90 311 5
91 92 311 165
92 91 311 4
92 93 311 164
93 92 311 3
93 94 311 163
94 93 311 2
94 95 311 162
95 79 311 161
95 94 311 1
96 80 311 178
97 81 311 191
97 98 311 31
98 97 311 190
98 99 311 30
99 98 311 189
99 100 311 29
100 99 311 188
100 101 311 28
101 100 311 187
101 102 311 27
102 101 311 186
102 103 311 26
103 102 311 185
103 104 311 25
104 103 311 184
104 105 311 24
105 104 311 183
105 106 311 23
106 105 311 182
106 107 311 22
107 106 311 181
107 108 311 21
108 107 311 180
108 109 311 20
109 108 311 179
109 110 311 19
110 109 311 178
110 111 311 18
111 110 311 177
111 127 311 17
112 128 311 69
113 114 311 207
113 129 311 47
114 113 311 46
114 115 311 206
115 114 311 45
115 116 311 205
116 115 311 44
116 117 311 204
117 116 311 43
117 118 311 203
118 117 311 42
118 119 311 202
119 118 311 41
119 120 311 201
120 119 311 40
120 121 311 200
121 120 311 39
121 122 311 199
122 121 311 38
122 123 311 198
123 122 311 37
123 124 311 197
124 123 311 36
124 125 311 196
125 124 311 35
125 126 311 195
126 125 311 34
126 127 311 194
127 111 311 193
127 126 311 33
128 112 311 181
129 113 311 223
129 130 311 63
130 129 311 222
130 131 311 62
131 130 311 221
131 132 311 61
132 131 311 220
132 133 311 60
133 132 311 219
133 134 311 59
134 133 311 218
134 135 311 58
135 134 311 217
135 136 311 57
136 135 311 216
136 137 311 56
137 136 311 215
137 138 311 55
138 137 311 214
138 139 311 54
139 138 311 213
139 140 311 53
140 139 311 212
140 141 311 52
141 140 311 211
141 142 311 51
142 141 311 210
142 143 311 50
143 142 311 209
143 159 311 49
144 160 311 66
145 146 311 239
145 161 311 79
146 145 311 78
146 147 311 238
147 146 311 77
147 148 311 237
148 147 311 76
148 149 311 236
149 148 311 75
149 150 311 235
150 149 311 74
150 151 311 234
151 150 311 73
151 152 311 233
152 151 311 72
152 153 311 232
153 152 311 71
153 154 311 231
154 153 311 70
154 155 311 230
155 154 311 69
155 156 311 229
156 155 311 68
156 157 311 228
157 156 311 67
157 158 311 227
158 157 311 66
158 159 311 226
159 143 311 225
159 158 311 65
160 144 311 184
161 145 311 255
161 162 311 95
162 161 311 254
162 163 311 94
163 162 311 253
163 164 311 93
164 163 311 252
164 165 311 92
165 164 311 251
165 166 311 91
166 165 311 250
166 167 311 90
167 166 311 249
167 168 311 89
168 167 311 248
168 169 311 88
169 168 311 247
169 170 311 87
170 169 311 246
170 171 311 86
171 170 311 245
171 172 311 85
172 171 311 244
172 173 311 84
173 172 311 243
173 174 311 83
174 173 311 242
174 175 311 82
175 174 311 241
175 191 311 81
177 193 311 111
178 177 311 110
178 179 311 96
179 178 311 109
180 179 311 108
181 180 311 107
181 182 311 128
182 181 311 106
183 182 311 105
184 183 311 104
184 185 311 160
185 184 311 103
186 185 311 102
187 186 311 101
187 188 311 192
188 187 311 100
189 188 311 99
190 189 311 98
190 191 311 224
191 190 311 97
192 176 311 187
192 208 311 51
193 194 311 127
194 195 311 126
195 194 311 48
195 196 311 125
196 197 311 124
197 198 311 123
198 197 311 16
198 199 311 122
199 200 311 121
200 201 311 120
201 202 311 119
202 203 311 118
203 204 311 117
204 205 311 116
205 206 311 115
206 207 311 114
207 223 311 113
209 225 311 143
210 209 311 142
211 210 311 141
212 211 311 140
213 212 311 139
214 213 311 138
215 214 311 137
216 215 311 136
217 216 311 135
217 218 311 15
218 217 311 134
218 219 311 14
219 218 311 133
219 220 311 13
220 219 311 132
220 221 311 12
221 220 311 131
221 222 311 11
222 221 311 130
222 223 311 10
223 207 311 9
223 222 311 129
224 208 311 190
224 240 311 54
225 209 311 23
225 226 311 159
226 225 311 22
226 227 311 158
227 226 311 21
227 228 311 157
228 227 311 20
228 229 311 156
229 228 311 19
229 230 311 155
230 229 311 18
230 231 311 154
231 230 311 17
231 232 311 153
232 233 311 152
233 234 311 151
234 235 311 150
235 236 311 149
236 237 311 148
237 238 311 147
238 239 311 146
239 255 311 145
241 240 311 175
242 241 311 174
243 242 311 173
244 243 311 172
245 244 311 171
246 245 311 170
247 246 311 169
248 247 311 168
249 248 311 167
249 250 311 47
250 249 311 166
250 251 311 46
251 250 311 165
251 252 311 45
252 251 311 164
252 253 311 44
253 252 311 163
253 254 311 43
254 253 311 162
254 255 311 42
255 239 311 41
255 254 311 161
0 1 313 199
1 2 313 200
2 3 313 201
3 4 313 202
4 5 313 203
5 6 313 204
6 7 313 205
7 8 313 206
8 9 313 207
24 23 313 209
25 24 313 210
26 25 313 211
27 26 313 212
28 27 313 213
29 28 313 214
30 29 313 215
31 30 313 216
32 16 313 196
32 48 313 77
33 34 313 232
34 35 313 233
35 36 313 234
36 37 313 235
37 38 313 236
38 39 313 237
39 40 313 238
40 41 313 239
49 65 313 176
52 51 313 208
55 54 313 240
56 55 313 241
57 56 313 242
58 57 313 243
59 58 313 244
60 59 313 245
61 60 313 246
62 61 313 247
63 62 313 248
64 48 313 193
64 80 313 74
65 66 313 160
68 69 313 128
71 72 313 96
74 75 313 64
77 78 313 32
80 64 313 177
96 112 313 71
112 96 313 180
128 144 313 68
144 128 313 183
160 176 313 65
176 160 313 186
176 192 313 49
177 178 313 80
180 181 313 112
183 184 313 144
186 187 313 176
189 190 313 208
193 177 313 64
196 195 313 32
199 198 313 0
200 199 313 1
201 200 313 2
202 201 313 3
203 202 313 4
204 203 313 5
205 204 313 6
206 205 313 7
207 206 313 8
208 192 313 189
208 224 313 52
209 210 313 24
210 211 313 25
211 212 313 26
212 213 313 27
213 214 313 28
214 215 313 29
215 216 313 30
216 217 313 31
232 231 313 33
233 232 313 34
234 233 313 35
235 234 313 36
236 235 313 37
237 236 313 38
238 237 313 39
239 238 313 40
240 241 313 55
241 242 313 56
242 243 313 57
243 244 313 58
244 245 313 59
245 246 313 60
246 247 313 61
247 248 313 62
248 249 313 63
0 16 315 95
1 0 315 94
2 1 315 93
3 2 315 92
4 3 315 91
5 4 315 90
6 5 315 89
7 6 315 88
8 7 315 87
9 8 315 86
10 9 315 85
10 11 315 223
11 10 315 84
11 12 315 222
12 11 315 83
12 13 315 221
13 12 315 82
13 14 315 220
14 13 315 81
14 15 315 219
15 31 315 218
16 0 315 197
16 32 315 79
17 33 315 230
18 17 315 229
18 19 315 111
19 18 315 228
19 20 315 110
20 19 315 227
20 21 315 109
21 20 315 226
21 22 315 108
22 21 315 225
22 23 315 107
23 24 315 106
24 25 315 105
25 26 315 104
26 27 315 103
27 28 315 102
28 29 315 101
29 30 315 100
30 31 315 99
31 15 315 98
33 17 315 126
34 33 315 125
35 34 315 124
36 35 315 123
37 36 315 122
38 37 315 121
39 38 315 120
40 39 315 119
41 40 315 118
42 41 315 117
42 43 315 255
43 42 315 116
43 44 315 254
44 43 315 115
44 45 315 253
45 44 315 114
45 46 315 252
46 45 315 113
46 47 315 251
47 63 315 250
48 32 315 194
48 64 315 76
50 49 315 192
50 51 315 143
51 52 315 142
52 53 315 141
53 52 315 224
53 54 315 140
54 55 315 139
55 56 315 138
56 57 315 137
57 58 315 136
58 59 315 135
59 60 315 134
60 61 315 133
61 62 315 132
62 63 315 131
63 47 315 130
65 49 315 158
66 65 315 157
67 66 315 156
67 68 315 144
68 67 315 155
69 68 315 154
70 69 315 153
70 71 315 112
71 70 315 152
72 71 315 151
73 72 315 150
73 74 315 80
74 73 315 149
75 74 315 148
76 75 315 147
76 77 315 48
77 76 315 146
78 77 315 145
79 95 315 16
80 96 315 73
81 97 315 14
82 81 315 13
82 83 315 175
83 82 315 12
83 84 315 174
84 83 315 11
84 85 315 173
85 84 315 10
85 86 315 172
86 85 315 9
86 87 315 171
87 86 315 8
87 88 315 170
88 87 315 7
88 89 315 169
89 88 315 6
89 90 315 168
90 89 315 5
90 91 315 167
91 90 315 4
91 92 315 166
92 91 315 3
92 93 315 165
93 92 315 2
93 94 315 164
94 93 315 1
94 95 315 163
95 79 315 162
95 94 315 0
96 80 315 179
97 81 315 190
98 97 315 189
98 99 315 31
99 98 315 188
99 100 315 30
100 99 315 187
100 101 315 29
101 100 315 186
101 102 315 28
102 101 315 185
102 103 315 27
103 102 315 184
103 104 315 26
104 103 315 183
104 105 315 25
105 104 315 182
105 106 315 24
106 105 315 181
106 107 315 23
107 106 315 180
107 108 315 22
108 107 315 179
108 109 315 21
109 108 315 178
109 110 315 20
110 109 315 177
110 111 315 19
111 127 315 18
112 128 315 70
113 129 315 46
114 113 315 45
114 115 315 207
115 114 315 44
115 116 315 206
116 115 315 43
116 117 315 205
117 116 315 42
117 118 315 204
118 117 315 41
118 119 315 203
119 118 315 40
119 120 315 202
120 119 315 39
120 121 315 201
121 120 315 38
121 122 315 200
122 121 315 37
122 123 315 199
123 122 315 36
123 124 315 198
124 123 315 35
124 125 315 197
125 124 315 34
125 126 315 196
126 125 315 33
126 127 315 195
127 111 315 194
128 112 315 182
129 113 315 222
130 129 315 221
130 131 315 63
131 130 315 220
131 132 315 62
132 131 315 219
132 133 315 61
133 132 315 218
133 134 315 60
134 133 315 217
134 135 315 59
135 134 315 216
135 136 315 58
136 135 315 215
136 137 315 57
137 136 315 214
137 138 315 56
138 137 315 213
138 139 315 55
139 138 315 212
139 140 315 54
140 139 315 211
140 141 315 53
141 140 315 210
141 142 315 52
142 141 315 209
142 143 315 51
143 159 315 50
144 160 315 67
145 161 315 78
146 145 315 77
146 147 315 239
147 146 315 76
147 148 315 238
148 147 315 75
148 149 315 237
149 148 315 74
149 150 315 236
150 149 315 73
150 151 315 235
151 150 315 72
151 152 315 234
152 151 315 71
152 153 315 233
153 152 315 70
153 154 315 232
154 153 315 69
154 155 315 231
155 154 315 68
155 156 315 230
156 155 315 67
156 157 315 229
157 156 315 66
157 158 315 228
158 157 315 65
158 159 315 227
159 143 315 226
160 144 315 185
161 145 315 254
162 161 315 253
162 163 315 95
163 162 315 252
163 164 315 94
164 163 315 251
164 165 315 93
165 164 315 250
165 166 315 92
166 165 315 249
166 167 315 91
167 166 315 248
167 168 315 90
168 167 315 247
168 169 315 89
169 168 315 246
169 170 315 88
170 169 315 245
170 171 315 87
171 170 315 244
171 172 315 86
172 171 315 243
172 173 315 85
173 172 315 242
173 174 315 84
174 173 315 241
174 175 315 83
175 174 315 240
175 191 315 82
177 193 315 110
178 177 315 109
179 178 315 108
179 180 315 96
180 179 315 107
181 180 315 106
182 181 315 105
182 183 315 128
183 182 315 104
184 183 315 103
185 184 315 102
185 186 315 160
186 185 315 101
187 186 315 100
188 187 315 99
188 189 315 192
189 188 315 98
190 189 315 97
191 175 315 224
192 176 315 188
192 208 315 50
194 193 315 48
194 195 315 127
195 196 315 126
196 197 315 125
197 196 315 16
197 198 315 124
198 199 315 123
199 200 315 122
200 201 315 121
201 202 315 120
202 203 315 119
203 204 315 118
204 205 315 117
205 206 315 116
206 207 315 115
207 223 315 114
209 225 315 142
210 209 315 141
211 210 315 140
212 211 315 139
213 212 315 138
214 213 315 137
215 214 315 136
216 215 315 135
217 216 315 134
218 217 315 133
218 219 315 15
219 218 315 132
219 220 315 14
220 219 315 131
220 221 315 13
221 220 315 130
221 222 315 12
222 221 315 129
222 223 315 11
223 207 315 10
224 208 315 191
224 240 315 53
225 209 315 22
226 225 315 21
226 227 315 159
227 226 315 20
227 228 315 158
228 227 315 19
228 229 315 157
229 228 315 18
229 230 315 156
230 229 315 17
230 231 315 155
231 232 315 154
232 233 315 153
233 234 315 152
234 235 315 151
235 236 315 150
236 237 315 149
237 238 315 148
238 239 315 147
239 255 315 146
240 224 315 175
241 240 315 174
242 241 315 173
243 242 315 172
244 243 315 171
245 244 315 170
246 245 315 169
247 246 315 168
248 247 315 167
249 248 315 166
250 249 315 165
250 251 315 47
251 250 315 164
251 252 315 46
252 251 315 163
252 253 315 45
253 252 315 162
253 254 315 44
254 253 315 161
254 255 315 43
255 239 315 42
0 1 317 198
1 2 317 199
2 3 317 200
3 4 317 201
4 5 317 202
5 6 317 203
6 7 317 204
7 8 317 205
8 9 317 206
9 10 317 207
15 14 317 97
17 18 317 127
23 22 317 209
24 23 317 210
25 24 317 211
26 25 317 212
27 26 317 213
28 27 317 214
29 28 317 215
30 29 317 216
31 30 317 217
32 16 317 195
32 48 317 78
33 34 317 231
34 35 317 232
35 36 317 233
36 37 317 234
37 38 317 235
38 39 317 236
39 40 317 237
40 41 317 238
41 42 317 239
47 46 317 129
49 50 317 159
51 50 317 208
54 53 317 240
55 54 317 241
56 55 317 242
57 56 317 243
58 57 317 244
59 58 317 245
60 59 317 246
61 60 317 247
62 61 317 248
63 62 317 249
64 80 317 75
66 67 317 160
69 70 317 128
72 73 317 96
75 76 317 64
78 79 317 32
79 78 317 161
80 64 317 178
81 82 317 191
96 112 317 72
97 98 317 15
111 110 317 193
112 96 317 181
113 114 317 223
127 126 317 17
128 144 317 69
129 130 317 47
143 142 317 225
144 128 317 184
145 146 317 255
159 158 317 49
160 176 317 66
161 162 317 79
176 160 317 187
178 179 317 80
181 182 317 112
184 185 317 144
187 188 317 176
190 191 317 208
191 190 317 81
193 194 317 111
195 194 317 32
198 197 317 0
199 198 317 1
200 199 317 2
201 200 317 3
202 201 317 4
203 202 317 5
204 203 317 6
205 204 317 7
206 205 317 8
207 206 317 9
208 192 317 190
208 224 317 51
209 210 317 23
210 211 317 24
211 212 317 25
212 213 317 26
213 214 317 27
214 215 317 28
215 216 317 29
216 217 317 30
217 218 317 31
223 222 317 113
225 226 317 143
231 230 317 33
232 231 317 34
233 232 317 35
234 233 317 36
235 234 317 37
236 235 317 38
237 236 317 39
238 237 317 40
239 238 317 41
240 241 317 54
241 242 317 55
242 243 317 56
243 244 317 57
244 245 317 58
245 246 317 59
246 247 317 60
247 248 317 61
248 249 317 62
249 250 317 63
255 254 317 145
0 16 319 94
1 0 319 93
2 1 319 92
3 2 319 91
4 3 319 90
5 4 319 89
6 5 319 88
7 6 319 87
8 7 319 86
9 8 319 85
10 9 319 84
11 10 319 83
11 12 319 223
12 11 319 82
12 13 319 222
13 12 319 81
13 14 319 221
14 15 319 220
15 31 319 219
16 0 319 196
17 33 319 229
18 17 319 228
19 18 319 227
19 20 319 111
20 19 319 226
20 21 319 110
21 20 319 225
21 22 319 109
22 23 319 108
23 24 319 107
24 25 319 106
25 26 319 105
26 27 319 104
27 28 319 103
28 29 319 102
29 30 319 101
30 31 319 100
31 15 319 99
33 17 319 125
34 33 319 124
35 34 319 123
36 35 319 122
37 36 319 121
38 37 319 120
39 38 319 119
40 39 319 118
41 40 319 117
42 41 319 116
43 42 319 115
43 44 319 255
44 43 319 114
44 45 319 254
45 44 319 113
45 46 319 253
46 47 319 252
47 63 319 251
48 32 319 193
48 64 319 77
49 65 319 192
51 52 319 143
52 51 319 224
52 53 319 142
53 54 319 141
54 55 319 140
55 56 319 139
56 57 319 138
57 58 319 137
58 59 319 136
59 60 319 135
60 61 319 134
61 62 319 133
62 63 319 132
63 47 319 131
64 48 319 177
65 49 319 157
65 66 319 176
66 65 319 156
67 66 319 155
68 67 319 154
68 69 319 144
69 68 319 153
70 69 319 152
71 70 319 151
71 72 319 112
72 71 319 150
73 72 319 149
74 73 319 148
74 75 319 80
75 74 319 147
76 75 319 146
77 76 319 145
77 78 319 48
80 96 319 74
81 97 319 13
82 81 319 12
83 82 319 11
83 84 319 175
84 83 319 10
84 85 319 174
85 84 319 9
85 86 319 173
86 85 319 8
86 87 319 172
87 86 319 7
87 88 319 171
88 87 319 6
88 89 319 170
89 88 319 5
89 90 319 169
90 89 319 4
90 91 319 168
91 90 319 3
91 92 319 167
92 91 319 2
92 93 319 166
93 92 319 1
93 94 319 165
94 93 319 0
94 95 319 164
95 79 319 163
96 80 319 180
97 81 319 189
98 97 319 188
99 98 319 187
99 100 319 31
100 99 319 186
100 101 319 30
101 100 319 185
101 102 319 29
102 101 319 184
102 103 319 28
103 102 319 183
103 104 319 27
104 103 319 182
104 105 319 26
105 104 319 181
105 106 319 25
106 105 319 180
106 107 319 24
107 106 319 179
107 108 319 23
108 107 319 178
108 109 319 22
109 108 319 177
109 110 319 21
110 111 319 20
111 127 319 19
112 128 319 71
113 129 319 45
114 113 319 44
115 114 319 43
115 116 319 207
116 115 319 42
116 117 319 206
117 116 319 41
117 118 319 205
118 117 319 40
118 119 319 204
119 118 319 39
119 120 319 203
120 119 319 38
120 121 319 202
121 120 319 37
121 122 319 201
122 121 319 36
122 123 319 200
123 122 319 35
123 124 319 199
124 123 319 34
124 125 319 198
125 124 319 33
125 126 319 197
126 127 319 196
127 111 319 195
128 112 319 183
129 113 319 221
130 129 319 220
131 130 319 219
131 132 319 63
132 131 319 218
132 133 319 62
133 132 319 217
133 134 319 61
134 133 319 216
134 135 319 60
135 134 319 215
135 136 319 59
136 135 319 214
136 137 319 58
137 136 319 213
137 138 319 57
138 137 319 212
138 139 319 56
139 138 319 211
139 140 319 55
140 139 319 210
140 141 319 54
141 140 319 209
141 142 319 53
142 143 319 52
143 159 319 51
144 160 319 68
145 161 319 77
146 145 319 76
147 146 319 75
147 148 319 239
148 147 319 74
148 149 319 238
149 148 319 73
149 150 319 237
150 149 319 72
150 151 319 236
151 150 319 71
151 152 319 235
152 151 319 70
152 153 319 234
153 152 319 69
153 154 319 233
154 153 319 68
154 155 319 232
155 154 319 67
155 156 319 231
156 155 319 66
156 157 319 230
157 156 319 65
157 158 319 229
158 159 319 228
159 143 319 227
160 144 319 186
161 145 319 253
162 161 319 252
163 162 319 251
163 164 319 95
164 163 319 250
164 165 319 94
165 164 319 249
165 166 319 93
166 165 319 248
166 167 319 92
167 166 319 247
167 168 319 91
168 167 319 246
168 169 319 90
169 168 319 245
169 170 319 89
170 169 319 244
170 171 319 88
171 170 319 243
171 172 319 87
172 171 319 242
172 173 319 86
173 172 319 241
173 174 319 85
174 173 319 240
174 175 319 84
175 191 319 83
176 192 319 65
177 178 319 64
177 193 319 109
178 177 319 108
179 178 319 107
180 179 319 106
180 181 319 96
181 180 319 105
182 181 319 104
183 182 319 103
183 184 319 128
184 183 319 102
185 184 319 101
186 185 319 100
186 187 319 160
187 186 319 99
188 187 319 98
189 188 319 97
189 190 319 192
192 176 319 189
192 208 319 49
193 177 319 48
195 196 319 127
196 195 319 16
196 197 319 126
197 198 319 125
198 199 319 124
199 200 319 123
200 201 319 122
201 202 319 121
202 203 319 120
203 204 319 119
204 205 319 118
205 206 319 117
206 207 319 116
207 223 319 115
209 225 319 141
210 209 319 140
211 210 319 139
212 211 319 138
213 212 319 137
214 213 319 136
215 214 319 135
216 215 319 134
217 216 319 133
218 217 319 132
219 218 319 131
219 220 319 15
220 219 319 130
220 221 319 14
221 220 319 129
221 222 319 13
222 223 319 12
223 207 319 11
224 240 319 52
225 209 319 21
226 225 319 20
227 226 319 19
227 228 319 159
228 227 319 18
228 229 319 158
229 228 319 17
229 230 319 157
230 231 319 156
231 232 319 155
232 233 319 154
233 234 319 153
234 235 319 152
235 236 319 151
236 237 319 150
237 238 319 149
238 239 319 148
239 255 319 147
240 224 319 174
241 240 319 173
242 241 319 172
243 242 319 171
244 243 319 170
245 244 319 169
246 245 319 168
247 246 319 167
248 247 319 166
249 248 319 165
250 249 319 164
251 250 319 163
251 252 319 47
252 251 319 162
252 253 319 46
253 252 319 161
253 254 319 45
254 255 319 44
255 239 319 43
0 1 321 197
1 2 321 198
2 3 321 199
3 4 321 200
4 5 321 201
5 6 321 202
6 7 321 203
7 8 321 204
8 9 321 205
9 10 321 206
10 11 321 207
14 13 321 97
15 14 321 98
16 32 321 95
17 18 321 126
18 19 321 127
22 21 321 209
23 22 321 210
24 23 321 211
25 24 321 212
26 25 321 213
27 26 321 214
28 27 321 215
29 28 321 216
30 29 321 217
31 30 321 218
32 16 321 194
32 48 321 79
33 34 321 230
34 35 321 231
35 36 321 232
36 37 321 233
37 38 321 234
38 39 321 235
39 40 321 236
40 41 321 237
41 42 321 238
42 43 321 239
46 45 321 129
47 46 321 130
49 50 321 158
50 49 321 208
50 51 321 159
53 52 321 240
54 53 321 241
55 54 321 242
56 55 321 243
57 56 321 244
58 57 321 245
59 58 321 246
60 59 321 247
61 60 321 248
62 61 321 249
63 62 321 250
64 80 321 76
67 68 321 160
70 71 321 128
73 74 321 96
76 77 321 64
78 77 321 161
79 78 321 162
79 95 321 32
80 64 321 179
81 82 321 190
82 83 321 191
95 94 321 16
96 112 321 73
97 98 321 14
98 99 321 15
110 109 321 193
111 110 321 194
112 96 321 182
113 114 321 222
114 115 321 223
126 125 321 17
127 126 321 18
128 144 321 70
129 130 321 46
130 131 321 47
142 141 321 225
143 142 321 226
144 128 321 185
145 146 321 254
146 147 321 255
158 157 321 49
159 158 321 50
160 176 321 67
161 162 321 78
162 163 321 79
175 174 321 224
176 160 321 188
179 180 321 80
182 183 321 112
185 186 321 144
188 189 321 176
190 189 321 81
191 175 321 208
191 190 321 82
193 194 321 110
194 193 321 32
194 195 321 111
197 196 321 0
198 197 321 1
199 198 321 2
200 199 321 3
201 200 321 4
202 201 321 5
203 202 321 6
204 203 321 7
205 204 321 8
206 205 321 9
207 206 321 10
208 192 321 191
208 224 321 50
209 210 321 22
210 211 321 23
211 212 321 24
212 213 321 25
213 214 321 26
214 215 321 27
215 216 321 28
216 217 321 29
217 218 321 30
218 219 321 31
222 221 321 113
223 222 321 114
224 208 321 175
225 226 321 142
226 227 321 143
230 229 321 33
231 230 321 34
232 231 321 35
233 232 321 36
234 233 321 37
235 234 321 38
236 235 321 39
237 236 321 40
238 237 321 41
239 238 321 42
240 241 321 53
241 242 321 54
242 243 321 55
243 244 321 56
244 245 321 57
245 246 321 58
246 247 321 59
247 248 321 60
248 249 321 61
249 250 321 62
250 251 321 63
254 253 321 145
255 254 321 146
0 16 323 93
1 0 323 92
2 1 323 91
3 2 323 90
4 3 323 89
5 4 323 88
6 5 323 87
7 6 323 86
8 7 323 85
9 8 323 84
10 9 323 83
11 10 323 82
12 11 323 81
12 13 323 223
13 14 323 222
14 15 323 221
15 31 323 220
16 0 323 195
17 33 323 228
18 17 323 227
19 18 323 226
20 19 323 225
20 21 323 111
21 22 323 110
22 23 323 109
23 24 323 108
24 25 323 107
25 26 323 106
26 27 323 105
27 28 323 104
28 29 323 103
29 30 323 102
30 31 323 101
31 15 323 100
33 17 323 124
34 33 323 123
35 34 323 122
36 35 323 121
37 36 323 120
38 37 323 119
39 38 323 118
40 39 323 117
41 40 323 116
42 41 323 115
43 42 323 114
44 43 323 113
44 45 323 255
45 46 323 254
46 47 323 253
47 63 323 252
48 64 323 78
51 50 323 224
52 53 323 143
53 54 323 142
54 55 323 141
55 56 323 140
56 57 323 139
57 58 323 138
58 59 323 137
59 60 323 136
60 61 323 135
61 62 323 134
62 63 323 133
63 47 323 132
64 48 323 178
65 49 323 156
66 65 323 155
66 67 323 176
67 66 323 154
68 67 323 153
69 68 323 152
69 70 323 144
70 69 323 151
71 70 323 150
72 71 323 149
72 73 323 112
73 72 323 148
74 73 323 147
75 74 323 146
75 76 323 80
76 75 323 145
78 79 323 48
80 96 323 75
81 97 323 12
82 81 323 11
83 82 323 10
84 83 323 9
84 85 323 175
85 84 323 8
85 86 323 174
86 85 323 7
86 87 323 173
87 86 323 6
87 88 323 172
88 87 323 5
88 89 323 171
89 88 323 4
89 90 323 170
90 89 323 3
90 91 323 169
91 90 323 2
91 92 323 168
92 91 323 1
92 93 323 167
93 92 323 0
93 94 323 166
94 95 323 165
95 79 323 164
96 80 323 181
97 81 323 188
98 97 323 187
99 98 323 186
100 99 323 185
100 101 323 31
101 100 323 184
101 102 323 30
102 101 323 183
102 103 323 29
103 102 323 182
103 104 323 28
104 103 323 181
104 105 323 27
105 104 323 180
105 106 323 26
106 105 323 179
106 107 323 25
107 106 323 178
107 108 323 24
108 107 323 177
108 109 323 23
109 110 323 22
110 111 323 21
111 127 323 20
112 128 323 72
113 129 323 44
114 113 323 43
115 114 323 42
116 115 323 41
116 117 323 207
117 116 323 40
117 118 323 206
118 117 323 39
118 119 323 205
119 118 323 38
119 120 323 204
120 119 323 37
120 121 323 203
121 120 323 36
121 122 323 202
122 121 323 35
122 123 323 201
123 122 323 34
123 124 323 200
124 123 323 33
124 125 323 199
125 126 323 198
126 127 323 197
127 111 323 196
128 112 323 184
129 113 323 220
130 129 323 219
131 130 323 218
132 131 323 217
132 133 323 63
133 132 323 216
133 134 323 62
134 133 323 215
134 135 323 61
135 134 323 214
135 136 323 60
136 135 323 213
136 137 323 59
137 136 323 212
137 138 323 58
138 137 323 211
138 139 323 57
139 138 323 210
139 140 323 56
140 139 323 209
140 141 323 55
141 142 323 54
142 143 323 53
143 159 323 52
144 160 323 69
145 161 323 76
146 145 323 75
147 146 323 74
148 147 323 73
148 149 323 239
149 148 323 72
149 150 323 238
150 149 323 71
150 151 323 237
151 150 323 70
151 152 323 236
152 151 323 69
152 153 323 235
153 152 323 68
153 154 323 234
154 153 323 67
154 155 323 233
155 154 323 66
155 156 323 232
156 155 323 65
156 157 323 231
157 158 323 230
158 159 323 229
159 143 323 228
160 144 323 187
161 145 323 252
162 161 323 251
163 162 323 250
164 163 323 249
164 165 323 95
165 164 323 248
165 166 323 94
166 165 323 247
166 167 323 93
167 166 323 246
167 168 323 92
168 167 323 245
168 169 323 91
169 168 323 244
169 170 323 90
170 169 323 243
170 171 323 89
171 170 323 242
171 172 323 88
172 171 323 241
172 173 323 87
173 172 323 240
173 174 323 86
174 175 323 85
175 191 323 84
176 192 323 66
177 193 323 108
178 177 323 107
178 179 323 64
179 178 323 106
180 179 323 105
181 180 323 104
181 182 323 96
182 181 323 103
183 182 323 102
184 183 323 101
184 185 323 128
185 184 323 100
186 185 323 99
187 186 323 98
187 188 323 160
188 187 323 97
190 191 323 192
192 176 323 190
195 194 323 16
196 197 323 127
197 198 323 126
198 199 323 125
199 200 323 124
200 201 323 123
201 202 323 122
202 203 323 121
203 204 323 120
204 205 323 119
205 206 323 118
206 207 323 117
207 223 323 116
209 225 323 140
210 209 323 139
211 210 323 138
212 211 323 137
213 212 323 136
214 213 323 135
215 214 323 134
216 215 323 133
217 216 323 132
218 217 323 131
219 218 323 130
220 219 323 129
220 221 323 15
221 222 323 14
222 223 323 13
223 207 323 12
224 240 323 51
225 209 323 20
226 225 323 19
227 226 323 18
228 227 323 17
228 229 323 159
229 230 323 158
230 231 323 157
231 232 323 156
232 233 323 155
233 234 323 154
234 235 323 153
235 236 323 152
236 237 323 151
237 238 323 150
238 239 323 149
239 255 323 148
240 224 323 173
241 240 323 172
242 241 323 171
243 242 323 170
244 243 323 169
245 244 323 168
246 245 323 167
247 246 323 166
248 247 323 165
249 248 323 164
250 249 323 163
251 250 323 162
252 251 323 161
252 253 323 47
253 254 323 46
254 255 323 45
255 239 323 44
0 1 325 196
1 2 325 197
2 3 325 198
3 4 325 199
4 5 325 200
5 6 325 201
6 7 325 202
7 8 325 203
8 9 325 204
9 10 325 205
10 11 325 206
11 12 325 207
13 12 325 97
14 13 325 98
15 14 325 99
16 32 325 94
17 18 325 125
18 19 325 126
19 20 325 127
21 20 325 209
22 21 325 210
23 22 325 211
24 23 325 212
25 24 325 213
26 25 325 214
27 26 325 215
28 27 325 216
29 28 325 217
30 29 325 218
31 30 325 219
32 16 325 193
33 34 325 229
34 35 325 230
35 36 325 231
36 37 325 232
37 38 325 233
38 39 325 234
39 40 325 235
40 41 325 236
41 42 325 237
42 43 325 238
43 44 325 239
45 44 325 129
46 45 325 130
47 46 325 131
48 32 325 177
49 50 325 157
49 65 325 208
50 51 325 158
51 52 325 159
52 51 325 240
53 52 325 241
54 53 325 242
55 54 325 243
56 55 325 244
57 56 325 245
58 57 325 246
59 58 325 247
60 59 325 248
61 60 325 249
62 61 325 250
63 62 325 251
64 80 325 77
65 66 325 192
68 69 325 160
71 72 325 128
74 75 325 96
77 76 325 161
77 78 325 64
78 77 325 162
79 78 325 163
80 64 325 180
81 82 325 189
82 83 325 190
83 84 325 191
94 93 325 16
96 112 325 74
97 98 325 13
98 99 325 14
99 100 325 15
109 108 325 193
110 109 325 194
111 110 325 195
112 96 325 183
113 114 325 221
114 115 325 222
115 116 325 223
125 124 325 17
126 125 325 18
127 126 325 19
128 144 325 71
129 130 325 45
130 131 325 46
131 132 325 47
141 140 325 225
142 141 325 226
143 142 325 227
144 128 325 186
145 146 325 253
146 147 325 254
147 148 325 255
157 156 325 49
158 157 325 50
159 158 325 51
160 176 325 68
161 162 325 77
162 163 325 78
163 164 325 79
174 173 325 224
176 160 325 189
177 178 325 48
180 181 325 80
183 184 325 112
186 187 325 144
189 188 325 81
189 190 325 176
190 189 325 82
191 190 325 83
192 208 325 65
193 177 325 32
193 194 325 109
194 195 325 110
195 196 325 111
196 195 325 0
197 196 325 1
198 197 325 2
199 198 325 3
200 199 325 4
201 200 325 5
202 201 325 6
203 202 325 7
204 203 325 8
205 204 325 9
206 205 325 10
207 206 325 11
208 224 325 49
209 210 325 21
210 211 325 22
211 212 325 23
212 213 325 24
213 214 325 25
214 215 325 26
215 216 325 27
216 217 325 28
217 218 325 29
218 219 325 30
219 220 325 31
221 220 325 113
222 221 325 114
223 222 325 115
224 208 325 174
225 226 325 141
226 227 325 142
227 228 325 143
229 228 325 33
230 229 325 34
231 230 325 35
232 231 325 36
233 232 325 37
234 233 325 38
235 234 325 39
236 235 325 40
237 236 325 41
238 237 325 42
239 238 325 43
240 241 325 52
241 242 325 53
242 243 325 54
243 244 325 55
244 245 325 56
245 246 325 57
246 247 325 58
247 248 325 59
248 249 325 60
249 250 325 61
250 251 325 62
251 252 325 63
253 252 325 145
254 253 325 146
255 254 325 147
0 16 327 92
1 0 327 91
2 1 327 90
3 2 327 89
4 3 327 88
5 4 327 87
6 5 327 86
7 6 327 85
8 7 327 84
9 8 327 83
10 9 327 82
11 10 327 81
13 14 327 223
14 15 327 222
15 31 327 221
16 0 327 194
17 33 327 227
18 17 327 226
19 18 327 225
21 22 327 111
22 23 327 110
23 24 327 109
24 25 327 108
25 26 327 107
26 27 327 106
27 28 327 105
28 29 327 104
29 30 327 103
30 31 327 102
31 15 327 101
32 48 327 95
33 17 327 123
34 33 327 122
35 34 327 121
36 35 327 120
37 36 327 119
38 37 327 118
39 38 327 117
40 39 327 116
41 40 327 115
42 41 327 114
43 42 327 113
45 46 327 255
46 47 327 254
47 63 327 253
48 64 327 79
50 49 327 224
53 54 327 143
54 55 327 142
55 56 327 141
56 57 327 140
57 58 327 139
58 59 327 138
59 60 327 137
60 61 327 136
61 62 327 135
62 63 327 134
63 47 327 133
64 48 327 179
65 49 327 155
66 65 327 154
67 66 327 153
67 68 327 176
68 67 327 152
69 68 327 151
70 69 327 150
70 71 327 144
71 70 327 149
72 71 327 148
73 72 327 147
73 74 327 112
74 73 327 146
75 74 327 145
76 77 327 80
79 95 327 48
80 96 327 76
81 97 327 11
82 81 327 10
83 82 327 9
84 83 327 8
85 84 327 7
85 86 327 175
86 85 327 6
86 87 327 174
87 86 327 5
87 88 327 173
88 87 327 4
88 89 327 172
89 88 327 3
89 90 327 171
90 89 327 2
90 91 327 170
91 90 327 1
91 92 327 169
92 91 327 0
92 93 327 168
93 94 327 167
94 95 327 166
95 79 327 165
95 94 327 32
96 80 327 182
97 81 327 187
98 97 327 186
99 98 327 185
100 99 327 184
101 100 327 183
101 102 327 31
102 101 327 182
102 103 327 30
103 102 327 181
103 104 327 29
104 103 327 180
104 105 327 28
105 104 327 179
105 106 327 27
106 105 327 178
106 107 327 26
107 106 327 177
107 108 327 25
108 109 327 24
109 110 327 23
110 111 327 22
111 127 327 21
112 128 327 73
113 129 327 43
114 113 327 42
115 114 327 41
116 115 327 40
117 116 327 39
117 118 327 207
118 117 327 38
118 119 327 206
119 118 327 37
119 120 327 205
120 119 327 36
120 121 327 204
121 120 327 35
121 122 327 203
122 121 327 34
122 123 327 202
123 122 327 33
123 124 327 201
124 125 327 200
125 126 327 199
126 127 327 198
127 111 327 197
128 112 327 185
129 113 327 219
130 129 327 218
131 130 327 217
132 131 327 216
133 132 327 215
133 134 327 63
134 133 327 214
134 135 327 62
135 134 327 213
135 136 327 61
136 135 327 212
136 137 327 60
137 136 327 211
137 138 327 59
138 137 327 210
138 139 327 58
139 138 327 209
139 140 327 57
140 141 327 56
141 142 327 55
142 143 327 54
143 159 327 53
144 160 327 70
145 161 327 75
146 145 327 74
147 146 327 73
148 147 327 72
149 148 327 71
149 150 327 239
150 149 327 70
150 151 327 238
151 150 327 69
151 152 327 237
152 151 327 68
152 153 327 236
153 152 327 67
153 154 327 235
154 153 327 66
154 155 327 234
155 154 327 65
155 156 327 233
156 157 327 232
157 158 327 231
158 159 327 230
159 143 327 229
160 144 327 188
161 145 327 251
162 161 327 250
163 162 327 249
164 163 327 248
165 164 327 247
165 166 327 95
166 165 327 246
166 167 327 94
167 166 327 245
167 168 327 93
168 167 327 244
168 169 327 92
169 168 327 243
169 170 327 91
170 169 327 242
170 171 327 90
171 170 327 241
171 172 327 89
172 171 327 240
172 173 327 88
173 174 327 87
174 175 327 86
175 174 327 208
175 191 327 85
176 192 327 67
177 193 327 107
178 177 327 106
179 178 327 105
179 180 327 64
180 179 327 104
181 180 327 103
182 181 327 102
182 183 327 96
183 182 327 101
184 183 327 100
185 184 327 99
185 186 327 128
186 185 327 98
187 186 327 97
188 189 327 160
191 175 327 192
192 176 327 191
194 193 327 16
197 198 327 127
198 199 327 126
199 200 327 125
200 201 327 124
201 202 327 123
202 203 327 122
203 204 327 121
204 205 327 120
205 206 327 119
206 207 327 118
207 223 327 117
208 192 327 175
209 225 327 139
210 209 327 138
211 210 327 137
212 211 327 136
213 212 327 135
214 213 327 134
215 214 327 133
216 215 327 132
217 216 327 131
218 217 327 130
219 218 327 129
221 222 327 15
222 223 327 14
223 207 327 13
224 240 327 50
225 209 327 19
226 225 327 18
227 226 327 17
229 230 327 159
230 231 327 158
231 232 327 157
232 233 327 156
233 234 327 155
234 235 327 154
235 236 327 153
236 237 327 152
237 238 327 151
238 239 327 150
239 255 327 149
240 224 327 172
241 240 327 171
242 241 327 170
243 242 327 169
244 243 327 168
245 244 327 167
246 245 327 166
247 246 327 165
248 247 327 164
249 248 327 163
250 249 327 162
251 250 327 161
253 254 327 47
254 255 327 46
255 239 327 45
0 1 329 195
1 2 329 196
2 3 329 197
3 4 329 198
4 5 329 199
5 6 329 200
6 7 329 201
7 8 329 202
8 9 329 203
9 10 329 204
10 11 329 205
11 12 329 206
12 11 329 97
12 13 329 207
13 12 329 98
14 13 329 99
15 14 329 100
16 32 329 93
17 18 329 124
18 19 329 125
19 20 329 126
20 19 329 209
20 21 329 127
21 20 329 210
22 21 329 211
23 22 329 212
24 23 329 213
25 24 329 214
26 25 329 215
27 26 329 216
28 27 329 217
29 28 329 218
30 29 329 219
31 30 329 220
33 34 329 228
34 35 329 229
35 36 329 230
36 37 329 231
37 38 329 232
38 39 329 233
39 40 329 234
40 41 329 235
41 42 329 236
42 43 329 237
43 44 329 238
44 43 329 129
44 45 329 239
45 44 329 130
46 45 329 131
47 46 329 132
48 32 329 178
49 50 329 156
50 51 329 157
51 50 329 240
51 52 329 158
52 51 329 241
52 53 329 159
53 52 329 242
54 53 329 243
55 54 329 244
56 55 329 245
57 56 329 246
58 57 329 247
59 58 329 248
60 59 329 249
61 60 329 250
62 61 329 251
63 62 329 252
64 80 329 78
66 67 329 192
69 70 329 160
72 73 329 128
75 76 329 96
76 75 329 161
77 76 329 162
78 77 329 163
78 79 329 64
79 78 329 164
80 64 329 181
81 82 329 188
82 83 329 189
83 84 329 190
84 85 329 191
93 92 329 16
96 112 329 75
97 98 329 12
98 99 329 13
99 100 329 14
100 101 329 15
108 107 329 193
109 108 329 194
110 109 329 195
111 110 329 196
112 96 329 184
113 114 329 220
114 115 329 221
115 116 329 222
116 117 329 223
124 123 329 17
125 124 329 18
126 125 329 19
127 126 329 20
128 144 329 72
129 130 329 44
130 131 329 45
131 132 329 46
132 133 329 47
140 139 329 225
141 140 329 226
142 141 329 227
143 142 329 228
144 128 329 187
145 146 329 252
146 147 329 253
147 148 329 254
148 149 329 255
156 155 329 49
157 156 329 50
158 157 329 51
159 158 329 52
160 176 329 69
161 162 329 76
162 163 329 77
163 164 329 78
164 165 329 79
173 172 329 224
176 160 329 190
178 179 329 48
181 182 329 80
184 185 329 112
187 188 329 144
188 187 329 81
189 188 329 82
190 189 329 83
190 191 329 176
191 190 329 84
192 208 329 66
193 194 329 108
194 195 329 109
195 194 329 0
195 196 329 110
196 195 329 1
196 197 329 111
197 196 329 2
198 197 329 3
199 198 329 4
200 199 329 5
201 200 329 6
202 201 329 7
203 202 329 8
204 203 329 9
205 204 329 10
206 205 329 11
207 206 329 12
209 210 329 20
210 211 329 21
211 212 329 22
212 213 329 23
213 214 329 24
214 215 329 25
215 216 329 26
216 217 329 27
217 218 329 28
218 219 329 29
219 220 329 30
220 219 329 113
220 221 329 31
221 220 329 114
222 221 329 115
223 222 329 116
224 208 329 173
225 226 329 140
226 227 329 141
227 228 329 142
228 227 329 33
228 229 329 143
229 228 329 34
230 229 329 35
231 230 329 36
232 231 329 37
233 232 329 38
234 233 329 39
235 234 329 40
236 235 329 41
237 236 329 42
238 237 329 43
239 238 329 44
240 241 329 51
241 242 329 52
242 243 329 53
243 244 329 54
244 245 329 55
245 246 329 56
246 247 329 57
247 248 329 58
248 249 329 59
249 250 329 60
250 251 329 61
251 252 329 62
252 251 329 145
252 253 329 63
253 252 329 146
254 253 329 147
255 254 329 148
0 16 331 91
1 0 331 90
2 1 331 89
3 2 331 88
4 3 331 87
5 4 331 86
6 5 331 85
7 6 331 84
8 7 331 83
9 8 331 82
10 9 331 81
14 15 331 223
15 31 331 222
16 0 331 193
17 33 331 226
18 17 331 225
22 23 331 111
23 24 331 110
24 25 331 109
25 26 331 108
26 27 331 107
27 28 331 106
28 29 331 105
29 30 331 104
30 31 331 103
31 15 331 102
32 16 331 177
32 48 331 94
33 17 331 122
34 33 331 121
35 34 331 120
36 35 331 119
37 36 331 118
38 37 331 117
39 38 331 116
40 39 331 115
41 40 331 114
42 41 331 113
46 47 331 255
47 63 331 254
49 65 331 224
54 55 331 143
55 56 331 142
56 57 331 141
57 58 331 140
58 59 331 139
59 60 331 138
60 61 331 137
61 62 331 136
62 63 331 135
63 47 331 134
64 48 331 180
65 49 331 154
65 66 331 208
66 65 331 153
67 66 331 152
68 67 331 151
68 69 331 176
69 68 331 150
70 69 331 149
71 70 331 148
71 72 331 144
72 71 331 147
73 72 331 146
74 73 331 145
74 75 331 112
77 78 331 80
80 96 331 77
81 97 331 10
82 81 331 9
83 82 331 8
84 83 331 7
85 84 331 6
86 85 331 5
86 87 331 175
87 86 331 4
87 88 331 174
88 87 331 3
88 89 331 173
89 88 331 2
89 90 331 172
90 89 331 1
90 91 331 171
91 90 331 0
91 92 331 170
92 93 331 169
93 94 331 168
94 93 331 32
94 95 331 167
95 79 331 166
96 80 331 183
97 81 331 186
98 97 331 185
99 98 331 184
100 99 331 183
101 100 331 182
102 101 331 181
102 103 331 31
103 102 331 180
103 104 331 30
104 103 331 179
104 105 331 29
105 104 331 178
105 106 331 28
106 105 331 177
106 107 331 27
107 108 331 26
108 109 331 25
109 110 331 24
110 111 331 23
111 127 331 22
112 128 331 74
113 129 331 42
114 113 331 41
115 114 331 40
116 115 331 39
117 116 331 38
118 117 331 37
118 119 331 207
119 118 331 36
119 120 331 206
120 119 331 35
120 121 331 205
121 120 331 34
121 122 331 204
122 121 331 33
122 123 331 203
123 124 331 202
124 125 331 201
125 126 331 200
126 127 331 199
127 111 331 198
128 112 331 186
129 113 331 218
130 129 331 217
131 130 331 216
132 131 331 215
133 132 331 214
134 133 331 213
134 135 331 63
135 134 331 212
135 136 331 62
136 135 331 211
136 137 331 61
137 136 331 210
137 138 331 60
138 137 331 209
138 139 331 59
139 140 331 58
140 141 331 57
141 142 331 56
142 143 331 55
143 159 331 54
144 160 331 71
145 161 331 74
146 145 331 73
147 146 331 72
148 147 331 71
149 148 331 70
150 149 331 69
150 151 331 239
151 150 331 68
151 152 331 238
152 151 331 67
152 153 331 237
153 152 331 66
153 154 331 236
154 153 331 65
154 155 331 235
155 156 331 234
156 157 331 233
157 158 331 232
158 159 331 231
159 143 331 230
160 144 331 189
161 145 331 250
162 161 331 249
163 162 331 248
164 163 331 247
165 164 331 246
166 165 331 245
166 167 331 95
167 166 331 244
167 168 331 94
168 167 331 243
168 169 331 93
169 168 331 242
169 170 331 92
170 169 331 241
170 171 331 91
171 170 331 240
171 172 331 90
172 173 331 89
173 174 331 88
174 173 331 208
174 175 331 87
175 191 331 86
176 192 331 68
177 178 331 32
177 193 331 106
178 177 331 105
179 178 331 104
180 179 331 103
180 181 331 64
181 180 331 102
182 181 331 101
183 182 331 100
183 184 331 96
184 183 331 99
185 184 331 98
186 185 331 97
186 187 331 128
189 190 331 160
193 177 331 16
198 199 331 127
199 200 331 126
200 201 331 125
201 202 331 124
202 203 331 123
203 204 331 122
204 205 331 121
205 206 331 120
206 207 331 119
207 223 331 118
208 192 331 174
208 224 331 65
209 225 331 138
210 209 331 137
211 210 331 136
212 211 331 135
213 212 331 134
214 213 331 133
215 214 331 132
216 215 331 131
217 216 331 130
218 217 331 129
222 223 331 15
223 207 331 14
224 240 331 49
225 209 331 18
226 225 331 17
230 231 331 159
231 232 331 158
232 233 331 157
233 234 331 156
234 235 331 155
235 236 331 154
236 237 331 153
237 238 331 152
238 239 331 151
239 255 331 150
240 224 331 171
241 240 331 170
242 241 331 169
243 242 331 168
244 243 331 167
245 244 331 166
246 245 331 165
247 246 331 164
248 247 331 163
249 248 331 162
250 249 331 161
254 255 331 47
255 239 331 46
0 1 333 194
1 2 333 195
2 3 333 196
3 4 333 197
4 5 333 198
5 6 333 199
6 7 333 200
7 8 333 201
8 9 333 202
9 10 333 203
10 11 333 204
11 10 333 97
11 12 333 205
12 11 333 98
12 13 333 206
13 12 333 99
13 14 333 207
14 13 333 100
15 14 333 101
16 32 333 92
17 18 333 123
18 19 333 124
19 18 333 209
19 20 333 125
20 19 333 210
20 21 333 126
21 20 333 211
21 22 333 127
22 21 333 212
23 22 333 213
24 23 333 214
25 24 333 215
26 25 333 216
27 26 333 217
28 27 333 218
29 28 333 219
30 29 333 220
31 30 333 221
33 34 333 227
34 35 333 228
35 36 333 229
36 37 333 230
37 38 333 231
38 39 333 232
39 40 333 233
40 41 333 234
41 42 333 235
42 43 333 236
43 42 333 129
43 44 333 237
44 43 333 130
44 45 333 238
45 44 333 131
45 46 333 239
46 45 333 132
47 46 333 133
48 32 333 179
48 64 333 95
49 50 333 155
50 49 333 240
50 51 333 156
51 50 333 241
51 52 333 157
52 51 333 242
52 53 333 158
53 52 333 243
53 54 333 159
54 53 333 244
55 54 333 245
56 55 333 246
57 56 333 247
58 57 333 248
59 58 333 249
60 59 333 250
61 60 333 251
62 61 333 252
63 62 333 253
64 80 333 79
67 68 333 192
70 71 333 160
73 74 333 128
75 74 333 161
76 75 333 162
76 77 333 96
77 76 333 163
78 77 333 164
79 78 333 165
79 95 333 64
80 64 333 182
81 82 333 187
82 83 333 188
83 84 333 189
84 85 333 190
85 86 333 191
92 91 333 16
95 94 333 48
96 112 333 76
97 98 333 11
98 99 333 12
99 100 333 13
100 101 333 14
101 102 333 15
107 106 333 193
108 107 333 194
109 108 333 195
110 109 333 196
111 110 333 197
112 96 333 185
113 114 333 219
114 115 333 220
115 116 333 221
116 117 333 222
117 118 333 223
123 122 333 17
124 123 333 18
125 124 333 19
126 125 333 20
127 126 333 21
128 144 333 73
129 130 333 43
130 131 333 44
131 132 333 45
132 133 333 46
133 134 333 47
139 138 333 225
140 139 333 226
141 140 333 227
142 141 333 228
143 142 333 229
144 128 333 188
145 146 333 251
146 147 333 252
147 148 333 253
148 149 333 254
149 150 333 255
155 154 333 49
156 155 333 50
157 156 333 51
158 157 333 52
159 158 333 53
160 176 333 70
161 162 333 75
162 163 333 76
163 164 333 77
164 165 333 78
165 166 333 79
172 171 333 224
175 174 333 192
176 160 333 191
179 180 333 48
182 183 333 80
185 186 333 112
187 186 333 81
188 187 333 82
188 189 333 144
189 188 333 83
190 189 333 84
191 175 333 176
191 190 333 85
192 176 333 175
192 208 333 67
193 194 333 107
194 193 333 0
194 195 333 108
195 194 333 1
195 196 333 109
196 195 333 2
196 197 333 110
197 196 333 3
197 198 333 111
198 197 333 4
199 198 333 5
200 199 333 6
201 200 333 7
202 201 333 8
203 202 333 9
204 203 333 10
205 204 333 11
206 205 333 12
207 206 333 13
209 210 333 19
210 211 333 20
211 212 333 21
212 213 333 22
213 214 333 23
214 215 333 24
215 216 333 25
216 217 333 26
217 218 333 27
218 219 333 28
219 218 333 113
219 220 333 29
220 219 333 114
220 221 333 30
221 220 333 115
221 222 333 31
222 221 333 116
223 222 333 117
224 208 333 172
225 226 333 139
226 227 333 140
227 226 333 33
227 228 333 141
228 227 333 34
228 229 333 142
229 228 333 35
229 230 333 143
230 229 333 36
231 230 333 37
232 231 333 38
233 232 333 39
234 233 333 40
235 234 333 41
236 235 333 42
237 236 333 43
238 237 333 44
239 238 333 45
240 241 333 50
241 242 333 51
242 243 333 52
243 244 333 53
244 245 333 54
245 246 333 55
246 247 333 56
247 248 333 57
248 249 333 58
249 250 333 59
250 251 333 60
251 250 333 145
251 252 333 61
252 251 333 146
252 253 333 62
253 252 333 147
253 254 333 63
254 253 333 148
255 254 333 149
0 16 335 90
1 0 335 89
2 1 335 88
3 2 335 87
4 3 335 86
5 4 335 85
6 5 335 84
7 6 335 83
8 7 335 82
9 8 335 81
15 31 335 223
17 33 335 225
23 24 335 111
24 25 335 110
25 26 335 109
26 27 335 108
27 28 335 107
28 29 335 106
29 30 335 105
30 31 335 104
31 15 335 103
32 16 335 178
32 48 335 93
33 17 335 121
34 33 335 120
35 34 335 119
36 35 335 118
37 36 335 117
38 37 335 116
39 38 335 115
40 39 335 114
41 40 335 113
47 63 335 255
55 56 335 143
56 57 335 142
57 58 335 141
58 59 335 140
59 60 335 139
60 61 335 138
61 62 335 137
62 63 335 136
63 47 335 135
64 48 335 181
65 49 335 153
66 65 335 152
66 67 335 208
67 66 335 151
68 67 335 150
69 68 335 149
69 70 335 176
70 69 335 148
71 70 335 147
72 71 335 146
72 73 335 144
73 72 335 145
75 76 335 112
78 79 335 80
80 96 335 78
81 97 335 9
82 81 335 8
83 82 335 7
84 83 335 6
85 84 335 5
86 85 335 4
87 86 335 3
87 88 335 175
88 87 335 2
88 89 335 174
89 88 335 1
89 90 335 173
90 89 335 0
90 91 335 172
91 92 335 171
92 93 335 170
93 92 335 32
93 94 335 169
94 95 335 168
95 79 335 167
96 80 335 184
97 81 335 185
98 97 335 184
99 98 335 183
100 99 335 182
101 100 335 181
102 101 335 180
103 102 335 179
103 104 335 31
104 103 335 178
104 105 335 30
105 104 335 177
105 106 335 29
106 107 335 28
107 108 335 27
108 109 335 26
109 110 335 25
110 111 335 24
111 127 335 23
112 128 335 75
113 129 335 41
114 113 335 40
115 114 335 39
116 115 335 38
117 116 335 37
118 117 335 36
119 118 335 35
119 120 335 207
120 119 335 34
120 121 335 206
121 120 335 33
121 122 335 205
122 123 335 204
123 124 335 203
124 125 335 202
125 126 335 201
126 127 335 200
127 111 335 199
128 112 335 187
129 113 335 217
130 129 335 216
131 130 335 215
132 131 335 214
133 132 335 213
134 133 335 212
135 134 335 211
135 136 335 63
136 135 335 210
136 137 335 62
137 136 335 209
137 138 335 61
138 139 335 60
139 140 335 59
140 141 335 58
141 142 335 57
142 143 335 56
143 159 335 55
144 160 335 72
145 161 335 73
146 145 335 72
147 146 335 71
148 147 335 70
149 148 335 69
150 149 335 68
151 150 335 67
151 152 335 239
152 151 335 66
152 153 335 238
153 152 335 65
153 154 335 237
154 155 335 236
155 156 335 235
156 157 335 234
157 158 335 233
158 159 335 232
159 143 335 231
160 144 335 190
161 145 335 249
162 161 335 248
163 162 335 247
164 163 335 246
165 164 335 245
166 165 335 244
167 166 335 243
167 168 335 95
168 167 335 242
168 169 335 94
169 168 335 241
169 170 335 93
170 169 335 240
170 171 335 92
171 172 335 91
172 173 335 90
173 172 335 208
173 174 335 89
174 175 335 88
175 191 335 87
176 192 335 69
177 193 335 105
178 177 335 104
178 179 335 32
179 178 335 103
180 179 335 102
181 180 335 101
181 182 335 64
182 181 335 100
183 182 335 99
184 183 335 98
184 185 335 96
185 184 335 97
187 188 335 128
190 191 335 160
199 200 335 127
200 201 335 126
201 202 335 125
202 203 335 124
203 204 335 123
204 205 335 122
205 206 335 121
206 207 335 120
207 223 335 119
208 192 335 173
208 224 335 66
209 225 335 137
210 209 335 136
211 210 335 135
212 211 335 134
213 212 335 133
214 213 335 132
215 214 335 131
216 215 335 130
217 216 335 129
223 207 335 15
225 209 335 17
231 232 335 159
232 233 335 158
233 234 335 157
234 235 335 156
235 236 335 155
236 237 335 154
237 238 335 153
238 239 335 152
239 255 335 151
240 224 335 170
241 240 335 169
242 241 335 168
243 242 335 167
244 243 335 166
245 244 335 165
246 245 335 164
247 246 335 163
248 247 335 162
249 248 335 161
255 239 335 47
0 1 337 193
1 2 337 194
2 3 337 195
3 4 337 196
4 5 337 197
5 6 337 198
6 7 337 199
7 8 337 200
8 9 337 201
9 10 337 202
10 9 337 97
10 11 337 203
11 10 337 98
11 12 337 204
12 11 337 99
12 13 337 205
13 12 337 100
13 14 337 206
14 13 337 101
14 15 337 207
15 14 337 102
16 0 337 177
16 32 337 91
17 18 337 122
18 17 337 209
18 19 337 123
19 18 337 210
19 20 337 124
20 19 337 211
20 21 337 125
21 20 337 212
21 22 337 126
22 21 337 213
22 23 337 127
23 22 337 214
24 23 337 215
25 24 337 216
26 25 337 217
27 26 337 218
28 27 337 219
29 28 337 220
30 29 337 221
31 30 337 222
33 34 337 226
34 35 337 227
35 36 337 228
36 37 337 229
37 38 337 230
38 39 337 231
39 40 337 232
40 41 337 233
41 42 337 234
42 41 337 129
42 43 337 235
43 42 337 130
43 44 337 236
44 43 337 131
44 45 337 237
45 44 337 132
45 46 337 238
46 45 337 133
46 47 337 239
47 46 337 134
48 32 337 180
48 64 337 94
49 50 337 154
49 65 337 240
50 49 337 241
50 51 337 155
51 50 337 242
51 52 337 156
52 51 337 243
52 53 337 157
53 52 337 244
53 54 337 158
54 53 337 245
54 55 337 159
55 54 337 246
56 55 337 247
57 56 337 248
58 57 337 249
59 58 337 250
60 59 337 251
61 60 337 252
62 61 337 253
63 62 337 254
65 66 337 224
68 69 337 192
71 72 337 160
74 73 337 161
74 75 337 128
75 74 337 162
76 75 337 163
77 76 337 164
77 78 337 96
78 77 337 165
79 78 337 166
80 64 337 183
81 82 337 186
82 83 337 187
83 84 337 188
84 85 337 189
85 86 337 190
86 87 337 191
91 90 337 16
94 93 337 48
96 112 337 77
97 98 337 10
98 99 337 11
99 100 337 12
100 101 337 13
101 102 337 14
102 103 337 15
106 105 337 193
107 106 337 194
108 107 337 195
109 108 337 196
110 109 337 197
111 110 337 198
112 96 337 186
113 114 337 218
114 115 337 219
115 116 337 220
116 117 337 221
117 118 337 222
118 119 337 223
122 121 337 17
123 122 337 18
124 123 337 19
125 124 337 20
126 125 337 21
127 126 337 22
128 144 337 74
129 130 337 42
130 131 337 43
131 132 337 44
132 133 337 45
133 134 337 46
134 135 337 47
138 137 337 225
139 138 337 226
140 139 337 227
141 140 337 228
142 141 337 229
143 142 337 230
144 128 337 189
145 146 337 250
146 147 337 251
147 148 337 252
148 149 337 253
149 150 337 254
150 151 337 255
154 153 337 49
155 154 337 50
156 155 337 51
157 156 337 52
158 157 337 53
159 158 337 54
160 176 337 71
161 162 337 74
162 163 337 75
163 164 337 76
164 165 337 77
165 166 337 78
166 167 337 79
171 170 337 224
174 173 337 192
177 178 337 16
180 181 337 48
183 184 337 80
186 185 337 81
186 187 337 112
187 186 337 82
188 187 337 83
189 188 337 84
189 190 337 144
190 189 337 85
191 190 337 86
192 176 337 174
192 208 337 68
193 177 337 0
193 194 337 106
194 193 337 1
194 195 337 107
195 194 337 2
195 196 337 108
196 195 337 3
196 197 337 109
197 196 337 4
197 198 337 110
198 197 337 5
198 199 337 111
199 198 337 6
200 199 337 7
201 200 337 8
202 201 337 9
203 202 337 10
204 203 337 11
205 204 337 12
206 205 337 13
207 206 337 14
209 210 337 18
210 211 337 19
211 212 337 20
212 213 337 21
213 214 337 22
214 215 337 23
215 216 337 24
216 217 337 25
217 218 337 26
218 217 337 113
218 219 337 27
219 218 337 114
219 220 337 28
220 219 337 115
220 221 337 29
221 220 337 116
221 222 337 30
222 221 337 117
222 223 337 31
223 222 337 118
224 208 337 171
224 240 337 65
225 226 337 138
226 225 337 33
226 227 337 139
227 226 337 34
227 228 337 140
228 227 337 35
228 229 337 141
229 228 337 36
229 230 337 142
230 229 337 37
230 231 337 143
231 230 337 38
232 231 337 39
233 232 337 40
234 233 337 41
235 234 337 42
236 235 337 43
237 236 337 44
238 237 337 45
239 238 337 46
240 241 337 49
241 242 337 50
242 243 337 51
243 244 337 52
244 245 337 53
245 246 337 54
246 247 337 55
247 248 337 56
248 249 337 57
249 250 337 58
250 249 337 145
250 251 337 59
251 250 337 146
251 252 337 60
252 251 337 147
252 253 337 61
253 252 337 148
253 254 337 62
254 253 337 149
254 255 337 63
255 254 337 150
0 16 339 89
1 0 339 88
2 1 339 87
3 2 339 86
4 3 339 85
5 4 339 84
6 5 339 83
7 6 339 82
8 7 339 81
24 25 339 111
25 26 339 110
26 27 339 109
27 28 339 108
28 29 339 107
29 30 339 106
30 31 339 105
31 15 339 104
32 16 339 179
32 48 339 92
33 17 339 120
34 33 339 119
35 34 339 118
36 35 339 117
37 36 339 116
38 37 339 115
39 38 339 114
40 39 339 113
56 57 339 143
57 58 339 142
58 59 339 141
59 60 339 140
60 61 339 139
61 62 339 138
62 63 339 137
63 47 339 136
64 48 339 182
64 80 339 95
65 49 339 152
66 65 339 151
67 66 339 150
67 68 339 208
68 67 339 149
69 68 339 148
70 69 339 147
70 71 339 176
71 70 339 146
72 71 339 145
73 74 339 144
76 77 339 112
79 95 339 80
80 96 339 79
81 97 339 8
82 81 339 7
83 82 339 6
84 83 339 5
85 84 339 4
86 85 339 3
87 86 339 2
88 87 339 1
88 89 339 175
89 88 339 0
89 90 339 174
90 91 339 173
91 92 339 172
92 91 339 32
92 93 339 171
93 94 339 170
94 95 339 169
95 79 339 168
95 94 339 64
96 80 339 185
97 81 339 184
98 97 339 183
99 98 339 182
100 99 339 181
101 100 339 180
102 101 339 179
103 102 339 178
104 103 339 177
104 105 339 31
105 106 339 30
106 107 339 29
107 108 339 28
108 109 339 27
109 110 339 26
110 111 339 25
111 127 339 24
112 128 339 76
113 129 339 40
114 113 339 39
115 114 339 38
116 115 339 37
117 116 339 36
118 117 339 35
119 118 339 34
120 119 339 33
120 121 339 207
121 122 339 206
122 123 339 205
123 124 339 204
124 125 339 203
125 126 339 202
126 127 339 201
127 111 339 200
128 112 339 188
129 113 339 216
130 129 339 215
131 130 339 214
132 131 339 213
133 132 339 212
134 133 339 211
135 134 339 210
136 135 339 209
136 137 339 63
137 138 339 62
138 139 339 61
139 140 339 60
140 141 339 59
141 142 339 58
142 143 339 57
143 159 339 56
144 160 339 73
145 161 339 72
146 145 339 71
147 146 339 70
148 147 339 69
149 148 339 68
150 149 339 67
151 150 339 66
152 151 339 65
152 153 339 239
153 154 339 238
154 155 339 237
155 156 339 236
156 157 339 235
157 158 339 234
158 159 339 233
159 143 339 232
160 144 339 191
161 145 339 248
162 161 339 247
163 162 339 246
164 163 339 245
165 164 339 244
166 165 339 243
167 166 339 242
168 167 339 241
168 169 339 95
169 168 339 240
169 170 339 94
170 171 339 93
171 172 339 92
172 171 339 208
172 173 339 91
173 174 339 90
174 175 339 89
175 174 339 176
175 191 339 88
176 160 339 175
176 192 339 70
177 193 339 104
178 177 339 103
179 178 339 102
179 180 339 32
180 179 339 101
181 180 339 100
182 181 339 99
182 183 339 64
183 182 339 98
184 183 339 97
185 186 339 96
188 189 339 128
191 175 339 160
200 201 339 127
201 202 339 126
202 203 339 125
203 204 339 124
204 205 339 123
205 206 339 122
206 207 339 121
207 223 339 120
208 192 339 172
208 224 339 67
209 225 339 136
210 209 339 135
211 210 339 134
212 211 339 133
213 212 339 132
214 213 339 131
215 214 339 130
216 215 339 129
232 233 339 159
233 234 339 158
234 235 339 157
235 236 339 156
236 237 339 155
237 238 339 154
238 239 339 153
239 255 339 152
240 224 339 169
241 240 339 168
242 241 339 167
243 242 339 166
244 243 339 165
245 244 339 164
246 245 339 163
247 246 339 162
248 247 339 161
1 2 341 193
2 3 341 194
3 4 341 195
4 5 341 196
5 6 341 197
6 7 341 198
7 8 341 199
8 9 341 200
9 8 341 97
9 10 341 201
10 9 341 98
10 11 341 202
11 10 341 99
11 12 341 203
12 11 341 100
12 13 341 204
13 12 341 101
13 14 341 205
14 13 341 102
14 15 341 206
15 14 341 103
15 31 341 207
16 0 341 178
16 32 341 90
17 18 341 121
17 33 341 209
18 17 341 210
18 19 341 122
19 18 341 211
19 20 341 123
20 19 341 212
20 21 341 124
21 20 341 213
21 22 341 125
22 21 341 214
22 23 341 126
23 22 341 215
23 24 341 127
24 23 341 216
25 24 341 217
26 25 341 218
27 26 341 219
28 27 341 220
29 28 341 221
30 29 341 222
31 30 341 223
33 34 341 225
34 35 341 226
35 36 341 227
36 37 341 228
37 38 341 229
38 39 341 230
39 40 341 231
40 41 341 232
41 40 341 129
41 42 341 233
42 41 341 130
42 43 341 234
43 42 341 131
43 44 341 235
44 43 341 132
44 45 341 236
45 44 341 133
45 46 341 237
46 45 341 134
46 47 341 238
47 46 341 135
47 63 341 239
48 32 341 181
48 64 341 93
49 50 341 153
49 65 341 241
50 49 341 242
50 51 341 154
51 50 341 243
51 52 341 155
52 51 341 244
52 53 341 156
53 52 341 245
53 54 341 157
54 53 341 246
54 55 341 158
55 54 341 247
55 56 341 159
56 55 341 248
57 56 341 249
58 57 341 250
59 58 341 251
60 59 341 252
61 60 341 253
62 61 341 254
63 62 341 255
66 67 341 224
69 70 341 192
72 73 341 160
73 72 341 161
74 73 341 162
75 74 341 163
75 76 341 128
76 75 341 164
77 76 341 165
78 77 341 166
78 79 341 96
79 78 341 167
80 64 341 184
81 82 341 185
82 83 341 186
83 84 341 187
84 85 341 188
85 86 341 189
86 87 341 190
87 88 341 191
90 89 341 16
93 92 341 48
96 112 341 78
97 98 341 9
98 99 341 10
99 100 341 11
100 101 341 12
101 102 341 13
102 103 341 14
103 104 341 15
105 104 341 193
106 105 341 194
107 106 341 195
108 107 341 196
109 108 341 197
110 109 341 198
111 110 341 199
112 96 341 187
113 114 341 217
114 115 341 218
115 116 341 219
116 117 341 220
117 118 341 221
118 119 341 222
119 120 341 223
121 120 341 17
122 121 341 18
123 122 341 19
124 123 341 20
125 124 341 21
126 125 341 22
127 126 341 23
128 144 341 75
129 130 341 41
130 131 341 42
131 132 341 43
132 133 341 44
133 134 341 45
134 135 341 46
135 136 341 47
137 136 341 225
138 137 341 226
139 138 341 227
140 139 341 228
141 140 341 229
142 141 341 230
143 142 341 231
144 128 341 190
145 146 341 249
146 147 341 250
147 148 341 251
148 149 341 252
149 150 341 253
150 151 341 254
151 152 341 255
153 152 341 49
154 153 341 50
155 154 341 51
156 155 341 52
157 156 341 53
158 157 341 54
159 158 341 55
160 176 341 72
161 162 341 73
162 163 341 74
163 164 341 75
164 165 341 76
165 166 341 77
166 167 341 78
167 168 341 79
170 169 341 224
173 172 341 192
178 179 341 16
181 182 341 48
184 185 341 80
185 184 341 81
186 185 341 82
187 186 341 83
187 188 341 112
188 187 341 84
189 188 341 85
190 189 341 86
190 191 341 144
191 190 341 87
192 176 341 173
192 208 341 69
193 177 341 1
193 194 341 105
194 193 341 2
194 195 341 106
195 194 341 3
195 196 341 107
196 195 341 4
196 197 341 108
197 196 341 5
197 198 341 109
198 197 341 6
198 199 341 110
199 198 341 7
199 200 341 111
200 199 341 8
201 200 341 9
202 201 341 10
203 202 341 11
204 203 341 12
205 204 341 13
206 205 341 14
207 206 341 15
209 210 341 17
210 211 341 18
211 212 341 19
212 213 341 20
213 214 341 21
214 215 341 22
215 216 341 23
216 217 341 24
217 216 341 113
217 218 341 25
218 217 341 114
218 219 341 26
219 218 341 115
219 220 341 27
220 219 341 116
220 221 341 28
221 220 341 117
221 222 341 29
222 221 341 118
222 223 341 30
223 207 341 31
223 222 341 119
224 208 341 170
224 240 341 66
225 209 341 33
225 226 341 137
226 225 341 34
226 227 341 138
227 226 341 35
227 228 341 139
228 227 341 36
228 229 341 140
229 228 341 37
229 230 341 141
230 229 341 38
230 231 341 142
231 230 341 39
231 232 341 143
232 231 341 40
233 232 341 41
234 233 341 42
235 234 341 43
236 235 341 44
237 236 341 45
238 237 341 46
239 238 341 47
241 242 341 49
242 243 341 50
243 244 341 51
244 245 341 52
245 246 341 53
246 247 341 54
247 248 341 55
248 249 341 56
249 248 341 145
249 250 341 57
250 249 341 146
250 251 341 58
251 250 341 147
251 252 341 59
252 251 341 148
252 253 341 60
253 252 341 149
253 254 341 61
254 253 341 150
254 255 341 62
255 239 341 63
255 254 341 151
0 1 343 177
0 16 343 88
1 0 343 87
2 1 343 86
3 2 343 85
4 3 343 84
5 4 343 83
6 5 343 82
7 6 343 81
25 26 343 111
26 27 343 110
27 28 343 109
28 29 343 108
29 30 343 107
30 31 343 106
31 15 343 105
32 16 343 180
32 48 343 91
33 17 343 119
34 33 343 118
35 34 343 117
36 35 343 116
37 36 343 115
38 37 343 114
39 38 343 113
57 58 343 143
58 59 343 142
59 60 343 141
60 61 343 140
61 62 343 139
62 63 343 138
63 47 343 137
64 48 343 183
64 80 343 94
65 49 343 151
65 66 343 240
66 65 343 150
67 66 343 149
68 67 343 148
68 69 343 208
69 68 343 147
70 69 343 146
71 70 343 145
71 72 343 176
74 75 343 144
77 78 343 112
81 97 343 7
82 81 343 6
83 82 343 5
84 83 343 4
85 84 343 3
86 85 343 2
87 86 343 1
88 87 343 0
89 90 343 175
90 91 343 174
91 90 343 32
91 92 343 173
92 93 343 172
93 94 343 171
94 93 343 64
94 95 343 170
95 79 343 169
96 80 343 186
97 81 343 183
98 97 343 182
99 98 343 181
100 99 343 180
101 100 343 179
102 101 343 178
103 102 343 177
105 106 343 31
106 107 343 30
107 108 343 29
108 109 343 28
109 110 343 27
110 111 343 26
111 127 343 25
112 128 343 77
113 129 343 39
114 113 343 38
115 114 343 37
116 115 343 36
117 116 343 35
118 117 343 34
119 118 343 33
121 122 343 207
122 123 343 206
123 124 343 205
124 125 343 204
125 126 343 203
126 127 343 202
127 111 343 201
128 112 343 189
129 113 343 215
130 129 343 214
131 130 343 213
132 131 343 212
133 132 343 211
134 133 343 210
135 134 343 209
137 138 343 63
138 139 343 62
139 140 343 61
140 141 343 60
141 142 343 59
142 143 343 58
143 159 343 57
144 160 343 74
145 161 343 71
146 145 343 70
147 146 343 69
148 147 343 68
149 148 343 67
150 149 343 66
151 150 343 65
153 154 343 239
154 155 343 238
155 156 343 237
156 157 343 236
157 158 343 235
158 159 343 234
159 143 343 233
161 145 343 247
162 161 343 246
163 162 343 245
164 163 343 244
165 164 343 243
166 165 343 242
167 166 343 241
168 167 343 240
169 170 343 95
170 171 343 94
171 170 343 208
171 172 343 93
172 173 343 92
173 174 343 91
174 173 343 176
174 175 343 90
175 191 343 89
176 160 343 174
176 192 343 71
177 178 343 0
177 193 343 103
178 177 343 102
179 178 343 101
180 179 343 100
180 181 343 32
181 180 343 99
182 181 343 98
183 182 343 97
183 184 343 64
186 187 343 96
189 190 343 128
201 202 343 127
202 203 343 126
203 204 343 125
204 205 343 124
205 206 343 123
206 207 343 122
207 223 343 121
208 192 343 171
208 224 343 68
209 225 343 135
210 209 343 134
211 210 343 133
212 211 343 132
213 212 343 131
214 213 343 130
215 214 343 129
233 234 343 159
234 235 343 158
235 236 343 157
236 237 343 156
237 238 343 155
238 239 343 154
239 255 343 153
240 224 343 168
240 241 343 65
241 240 343 167
242 241 343 166
243 242 343 165
244 243 343 164
245 244 343 163
246 245 343 162
247 246 343 161
2 3 345 193
3 4 345 194
4 5 345 195
5 6 345 196
6 7 345 197
7 8 345 198
8 7 345 97
8 9 345 199
9 8 345 98
9 10 345 200
10 9 345 99
10 11 345 201
11 10 345 100
11 12 345 202
12 11 345 101
12 13 345 203
13 12 345 102
13 14 345 204
14 13 345 103
14 15 345 205
15 14 345 104
15 31 345 206
16 0 345 179
16 32 345 89
17 18 345 120
17 33 345 210
18 17 345 211
18 19 345 121
19 18 345 212
19 20 345 122
20 19 345 213
20 21 345 123
21 20 345 214
21 22 345 124
22 21 345 215
22 23 345 125
23 22 345 216
23 24 345 126
24 23 345 217
24 25 345 127
25 24 345 218
26 25 345 219
27 26 345 220
28 27 345 221
29 28 345 222
30 29 345 223
34 35 345 225
35 36 345 226
36 37 345 227
37 38 345 228
38 39 345 229
39 40 345 230
40 39 345 129
40 41 345 231
41 40 345 130
41 42 345 232
42 41 345 131
42 43 345 233
43 42 345 132
43 44 345 234
44 43 345 133
44 45 345 235
45 44 345 134
45 46 345 236
46 45 345 135
46 47 345 237
47 46 345 136
47 63 345 238
48 32 345 182
48 64 345 92
49 50 345 152
49 65 345 242
50 49 345 243
50 51 345 153
51 50 345 244
51 52 345 154
52 51 345 245
52 53 345 155
53 52 345 246
53 54 345 156
54 53 345 247
54 55 345 157
55 54 345 248
55 56 345 158
56 55 345 249
56 57 345 159
57 56 345 250
58 57 345 251
59 58 345 252
60 59 345 253
61 60 345 254
62 61 345 255
67 68 345 224
70 71 345 192
72 71 345 161
73 72 345 162
73 74 345 160
74 73 345 163
75 74 345 164
76 75 345 165
76 77 345 128
77 76 345 166
78 77 345 167
79 78 345 168
79 95 345 96
80 64 345 185
80 96 345 95
81 82 345 184
82 83 345 185
83 84 345 186
84 85 345 187
85 86 345 188
86 87 345 189
87 88 345 190
88 89 345 191
89 88 345 16
92 91 345 48
95 94 345 80
96 112 345 79
97 98 345 8
98 99 345 9
99 100 345 10
100 101 345 11
101 102 345 12
102 103 345 13
103 104 345 14
104 103 345 193
104 105 345 15
105 104 345 194
106 105 345 195
107 106 345 196
108 107 345 197
109 108 345 198
110 109 345 199
111 110 345 200
112 96 345 188
113 114 345 216
114 115 345 217
115 116 345 218
116 117 345 219
117 118 345 220
118 119 345 221
119 120 345 222
120 119 345 17
120 121 345 223
121 120 345 18
122 121 345 19
123 122 345 20
124 123 345 21
125 124 345 22
126 125 345 23
127 126 345 24
128 144 345 76
129 130 345 40
130 131 345 41
131 132 345 42
132 133 345 43
133 134 345 44
134 135 345 45
135 136 345 46
136 135 345 225
136 137 345 47
137 136 345 226
138 137 345 227
139 138 345 228
140 139 345 229
141 140 345 230
142 141 345 231
143 142 345 232
144 128 345 191
145 146 345 248
146 147 345 249
147 148 345 250
148 149 345 251
149 150 345 252
150 151 345 253
151 152 345 254
152 151 345 49
152 153 345 255
153 152 345 50
154 153 345 51
155 154 345 52
156 155 345 53
157 156 345 54
158 157 345 55
159 158 345 56
160 144 345 175
160 176 345 73
161 162 345 72
162 163 345 73
163 164 345 74
164 165 345 75
165 166 345 76
166 167 345 77
167 168 345 78
168 169 345 79
169 168 345 224
172 171 345 192
175 174 345 160
179 180 345 16
182 183 345 48
184 183 345 81
185 184 345 82
185 186 345 80
186 185 345 83
187 186 345 84
188 187 345 85
188 189 345 112
189 188 345 86
190 189 345 87
191 175 345 144
191 190 345 88
192 176 345 172
192 208 345 70
193 177 345 2
193 194 345 104
194 193 345 3
194 195 345 105
195 194 345 4
195 196 345 106
196 195 345 5
196 197 345 107
197 196 345 6
197 198 345 108
198 197 345 7
198 199 345 109
199 198 345 8
199 200 345 110
200 199 345 9
200 201 345 111
201 200 345 10
202 201 345 11
203 202 345 12
204 203 345 13
205 204 345 14
206 205 345 15
210 211 345 17
211 212 345 18
212 213 345 19
213 214 345 20
214 215 345 21
215 216 345 22
216 215 345 113
216 217 345 23
217 216 345 114
217 218 345 24
218 217 345 115
218 219 345 25
219 218 345 116
219 220 345 26
220 219 345 117
220 221 345 27
221 220 345 118
221 222 345 28
222 221 345 119
222 223 345 29
223 207 345 30
223 222 345 120
224 208 345 169
224 240 345 67
225 209 345 34
225 226 345 136
226 225 345 35
226 227 345 137
227 226 345 36
227 228 345 138
228 227 345 37
228 229 345 139
229 228 345 38
229 230 345 140
230 229 345 39
230 231 345 141
231 230 345 40
231 232 345 142
232 231 345 41
232 233 345 143
233 232 345 42
234 233 345 43
235 234 345 44
236 235 345 45
237 236 345 46
238 237 345 47
242 243 345 49
243 244 345 50
244 245 345 51
245 246 345 52
246 247 345 53
247 248 345 54
248 247 345 145
248 249 345 55
249 248 345 146
249 250 345 56
250 249 345 147
250 251 345 57
251 250 345 148
251 252 345 58
252 251 345 149
252 253 345 59
253 252 345 150
253 254 345 60
254 253 345 151
254 255 345 61
255 239 345 62
255 254 345 152
0 1 347 178
0 16 347 87
1 0 347 86
1 2 347 177
2 1 347 85
3 2 347 84
4 3 347 83
5 4 347 82
6 5 347 81
26 27 347 111
27 28 347 110
28 29 347 109
29 30 347 108
30 31 347 107
31 15 347 106
31 30 347 207
32 16 347 181
32 48 347 90
33 17 347 118
33 34 347 209
34 33 347 117
35 34 347 116
36 35 347 115
37 36 347 114
38 37 347 113
58 59 347 143
59 60 347 142
60 61 347 141
61 62 347 140
62 63 347 139
63 47 347 138
63 62 347 239
64 48 347 184
64 80 347 93
65 49 347 150
65 66 347 241
66 65 347 149
66 67 347 240
67 66 347 148
68 67 347 147
69 68 347 146
69 70 347 208
70 69 347 145
72 73 347 176
75 76 347 144
78 79 347 112
81 97 347 6
82 81 347 5
83 82 347 4
84 83 347 3
85 84 347 2
86 85 347 1
87 86 347 0
90 89 347 32
90 91 347 175
91 92 347 174
92 93 347 173
93 92 347 64
93 94 347 172
94 95 347 171
95 79 347 170
96 80 347 187
97 81 347 182
98 97 347 181
99 98 347 180
100 99 347 179
101 100 347 178
102 101 347 177
106 107 347 31
107 108 347 30
108 109 347 29
109 110 347 28
110 111 347 27
111 127 347 26
112 128 347 78
113 129 347 38
114 113 347 37
115 114 347 36
116 115 347 35
117 116 347 34
118 117 347 33
122 123 347 207
123 124 347 206
124 125 347 205
125 126 347 204
126 127 347 203
127 111 347 202
128 112 347 190
129 113 347 214
130 129 347 213
131 130 347 212
132 131 347 211
133 132 347 210
134 133 347 209
138 139 347 63
139 140 347 62
140 141 347 61
141 142 347 60
142 143 347 59
143 159 347 58
144 160 347 75
145 161 347 70
146 145 347 69
147 146 347 68
148 147 347 67
149 148 347 66
150 149 347 65
154 155 347 239
155 156 347 238
156 157 347 237
157 158 347 236
158 159 347 235
159 143 347 234
161 145 347 246
162 161 347 245
163 162 347 244
164 163 347 243
165 164 347 242
166 165 347 241
167 166 347 240
170 169 347 208
170 171 347 95
171 172 347 94
172 173 347 93
173 172 347 176
173 174 347 92
174 175 347 91
175 191 347 90
176 160 347 173
176 192 347 72
177 178 347 1
177 193 347 102
178 177 347 101
178 179 347 0
179 178 347 100
180 179 347 99
181 180 347 98
181 182 347 32
182 181 347 97
184 185 347 64
187 188 347 96
190 191 347 128
202 203 347 127
203 204 347 126
204 205 347 125
205 206 347 124
206 207 347 123
207 206 347 31
207 223 347 122
208 192 347 170
208 224 347 69
209 210 347 33
209 225 347 134
210 209 347 133
211 210 347 132
212 211 347 131
213 212 347 130
214 213 347 129
234 235 347 159
235 236 347 158
236 237 347 157
237 238 347 156
238 239 347 155
239 238 347 63
239 255 347 154
240 224 347 167
240 241 347 66
241 240 347 166
241 242 347 65
242 241 347 165
243 242 347 164
244 243 347 163
245 244 347 162
246 245 347 161
3 4 349 193
4 5 349 194
5 6 349 195
6 7 349 196
7 6 349 97
7 8 349 197
8 7 349 98
8 9 349 198
9 8 349 99
9 10 349 199
10 9 349 100
10 11 349 200
11 10 349 101
11 12 349 201
12 11 349 102
12 13 349 202
13 12 349 103
13 14 349 203
14 13 349 104
14 15 349 204
15 14 349 105
15 31 349 205
16 0 349 180
16 32 349 88
17 18 349 119
17 33 349 211
18 17 349 212
18 19 349 120
19 18 349 213
19 20 349 121
20 19 349 214
20 21 349 122
21 20 349 215
21 22 349 123
22 21 349 216
22 23 349 124
23 22 349 217
23 24 349 125
24 23 349 218
24 25 349 126
25 24 349 219
25 26 349 127
26 25 349 220
27 26 349 221
28 27 349 222
29 28 349 223
35 36 349 225
36 37 349 226
37 38 349 227
38 39 349 228
39 38 349 129
39 40 349 229
40 39 349 130
40 41 349 230
41 40 349 131
41 42 349 231
42 41 349 132
42 43 349 232
43 42 349 133
43 44 349 233
44 43 349 134
44 45 349 234
45 44 349 135
45 46 349 235
46 45 349 136
46 47 349 236
47 46 349 137
47 63 349 237
48 32 349 183
48 64 349 91
49 50 349 151
49 65 349 243
50 49 349 244
50 51 349 152
51 50 349 245
51 52 349 153
52 51 349 246
52 53 349 154
53 52 349 247
53 54 349 155
54 53 349 248
54 55 349 156
55 54 349 249
55 56 349 157
56 55 349 250
56 57 349 158
57 56 349 251
57 58 349 159
58 57 349 252
59 58 349 253
60 59 349 254
61 60 349 255
68 69 349 224
71 70 349 161
71 72 349 192
72 71 349 162
73 72 349 163
74 73 349 164
74 75 349 160
75 74 349 165
76 75 349 166
77 76 349 167
77 78 349 128
78 77 349 168
79 78 349 169
80 64 349 186
80 96 349 94
81 82 349 183
82 83 349 184
83 84 349 185
84 85 349 186
85 86 349 187
86 87 349 188
87 88 349 189
88 87 349 16
88 89 349 190
89 90 349 191
91 90 349 48
94 93 349 80
97 98 349 7
98 99 349 8
99 100 349 9
100 101 349 10
101 102 349 11
102 103 349 12
103 102 349 193
103 104 349 13
104 103 349 194
104 105 349 14
105 104 349 195
105 106 349 15
106 105 349 196
107 106 349 197
108 107 349 198
109 108 349 199
110 109 349 200
111 110 349 201
112 96 349 189
113 114 349 215
114 115 349 216
115 116 349 217
116 117 349 218
117 118 349 219
118 119 349 220
119 118 349 17
119 120 349 221
120 119 349 18
120 121 349 222
121 120 349 19
121 122 349 223
122 121 349 20
123 122 349 21
124 123 349 22
125 124 349 23
126 125 349 24
127 126 349 25
128 144 349 77
129 130 349 39
130 131 349 40
131 132 349 41
132 133 349 42
133 134 349 43
134 135 349 44
135 134 349 225
135 136 349 45
136 135 349 226
136 137 349 46
137 136 349 227
137 138 349 47
138 137 349 228
139 138 349 229
140 139 349 230
141 140 349 231
142 141 349 232
143 142 349 233
145 146 349 247
146 147 349 248
147 148 349 249
148 149 349 250
149 150 349 251
150 151 349 252
151 150 349 49
151 152 349 253
152 151 349 50
152 153 349 254
153 152 349 51
153 154 349 255
154 153 349 52
155 154 349 53
156 155 349 54
157 156 349 55
158 157 349 56
159 158 349 57
160 144 349 174
160 176 349 74
161 162 349 71
162 163 349 72
163 164 349 73
164 165 349 74
165 166 349 75
166 167 349 76
167 168 349 77
168 167 349 224
168 169 349 78
169 170 349 79
171 170 349 192
174 173 349 160
180 181 349 16
183 182 349 81
183 184 349 48
184 183 349 82
185 184 349 83
186 185 349 84
186 187 349 80
187 186 349 85
188 187 349 86
189 188 349 87
189 190 349 112
190 189 349 88
191 190 349 89
192 176 349 171
192 208 349 71
193 177 349 3
193 194 349 103
194 193 349 4
194 195 349 104
195 194 349 5
195 196 349 105
196 195 349 6
196 197 349 106
197 196 349 7
197 198 349 107
198 197 349 8
198 199 349 108
199 198 349 9
199 200 349 109
200 199 349 10
200 201 349 110
201 200 349 11
201 202 349 111
202 201 349 12
203 202 349 13
204 203 349 14
205 204 349 15
211 212 349 17
212 213 349 18
213 214 349 19
214 215 349 20
215 214 349 113
215 216 349 21
216 215 349 114
216 217 349 22
217 216 349 115
217 218 349 23
218 217 349 116
218 219 349 24
219 218 349 117
219 220 349 25
220 219 349 118
220 221 349 26
221 220 349 119
221 222 349 27
222 221 349 120
222 223 349 28
223 207 349 29
223 222 349 121
224 208 349 168
224 240 349 68
225 209 349 35
225 226 349 135
226 225 349 36
226 227 349 136
227 226 349 37
227 228 349 137
228 227 349 38
228 229 349 138
229 228 349 39
229 230 349 139
230 229 349 40
230 231 349 140
231 230 349 41
231 232 349 141
232 231 349 42
232 233 349 142
233 232 349 43
233 234 349 143
234 233 349 44
235 234 349 45
236 235 349 46
237 236 349 47
243 244 349 49
244 245 349 50
245 246 349 51
246 247 349 52
247 246 349 145
247 248 349 53
248 247 349 146
248 249 349 54
249 248 349 147
249 250 349 55
250 249 349 148
250 251 349 56
251 250 349 149
251 252 349 57
252 251 349 150
252 253 349 58
253 252 349 151
253 254 349 59
254 253 349 152
254 255 349 60
255 239 349 61
255 254 349 153
0 1 351 179
0 16 351 86
1 0 351 85
1 2 351 178
2 1 351 84
2 3 351 177
3 2 351 83
4 3 351 82
5 4 351 81
27 28 351 111
28 29 351 110
29 30 351 109
30 29 351 207
30 31 351 108
31 15 351 107
31 30 351 206
32 16 351 182
32 48 351 89
33 17 351 117
33 34 351 210
34 33 351 116
34 35 351 209
35 34 351 115
36 35 351 114
37 36 351 113
59 60 351 143
60 61 351 142
61 62 351 141
62 61 351 239
62 63 351 140
63 47 351 139
63 62 351 238
64 48 351 185
64 80 351 92
65 49 351 149
65 66 351 242
66 65 351 148
66 67 351 241
67 66 351 147
67 68 351 240
68 67 351 146
69 68 351 145
70 71 351 208
73 74 351 176
76 77 351 144
79 95 351 112
81 97 351 5
82 81 351 4
83 82 351 3
84 83 351 2
85 84 351 1
86 85 351 0
89 88 351 32
91 92 351 175
92 91 351 64
92 93 351 174
93 94 351 173
94 95 351 172
95 79 351 171
95 94 351 96
96 80 351 188
96 112 351 95
97 81 351 181
98 97 351 180
99 98 351 179
100 99 351 178
101 100 351 177
107 108 351 31
108 109 351 30
109 110 351 29
110 111 351 28
111 127 351 27
112 128 351 79
113 129 351 37
114 113 351 36
115 114 351 35
116 115 351 34
117 116 351 33
123 124 351 207
124 125 351 206
125 126 351 205
126 127 351 204
127 111 351 203
128 112 351 191
129 113 351 213
130 129 351 212
131 130 351 211
132 131 351 210
133 132 351 209
139 140 351 63
140 141 351 62
141 142 351 61
142 143 351 60
143 159 351 59
144 128 351 175
144 160 351 76
145 161 351 69
146 145 351 68
147 146 351 67
148 147 351 66
149 148 351 65
155 156 351 239
156 157 351 238
157 158 351 237
158 159 351 236
159 143 351 235
161 145 351 245
162 161 351 244
163 162 351 243
164 163 351 242
165 164 351 241
166 165 351 240
169 168 351 208
171 172 351 95
172 171 351 176
172 173 351 94
173 174 351 93
174 175 351 92
175 174 351 144
175 191 351 91
176 160 351 172
176 192 351 73
177 178 351 2
177 193 351 101
178 177 351 100
178 179 351 1
179 178 351 99
179 180 351 0
180 179 351 98
181 180 351 97
182 183 351 32
185 186 351 64
188 189 351 96
191 175 351 128
203 204 351 127
204 205 351 126
205 206 351 125
206 205 351 31
206 207 351 124
207 206 351 30
207 223 351 123
208 192 351 169
208 224 351 70
209 210 351 34
209 225 351 133
210 209 351 132
210 211 351 33
211 210 351 131
212 211 351 130
213 212 351 129
235 236 351 159
236 237 351 158
237 238 351 157
238 237 351 63
238 239 351 156
239 238 351 62
239 255 351 155
240 224 351 166
240 241 351 67
241 240 351 165
241 242 351 66
242 241 351 164
242 243 351 65
243 242 351 163
244 243 351 162
245 244 351 161
4 5 353 193
5 6 353 194
6 5 353 97
6 7 353 195
7 6 353 98
7 8 353 196
8 7 353 99
8 9 353 197
9 8 353 100
9 10 353 198
10 9 353 101
10 11 353 199
11 10 353 102
11 12 353 200
12 11 353 103
12 13 353 201
13 12 353 104
13 14 353 202
14 13 353 105
14 15 353 203
15 14 353 106
15 31 353 204
16 0 353 181
16 32 353 87
17 18 353 118
17 33 353 212
18 17 353 213
18 19 353 119
19 18 353 214
19 20 353 120
20 19 353 215
20 21 353 121
21 20 353 216
21 22 353 122
22 21 353 217
22 23 353 123
23 22 353 218
23 24 353 124
24 23 353 219
24 25 353 125
25 24 353 220
25 26 353 126
26 25 353 221
26 27 353 127
27 26 353 222
28 27 353 223
36 37 353 225
37 38 353 226
38 37 353 129
38 39 353 227
39 38 353 130
39 40 353 228
40 39 353 131
40 41 353 229
41 40 353 132
41 42 353 230
42 41 353 133
42 43 353 231
43 42 353 134
43 44 353 232
44 43 353 135
44 45 353 233
45 44 353 136
45 46 353 234
46 45 353 137
46 47 353 235
47 46 353 138
47 63 353 236
48 32 353 184
48 64 353 90
49 50 353 150
49 65 353 244
50 49 353 245
50 51 353 151
51 50 353 246
51 52 353 152
52 51 353 247
52 53 353 153
53 52 353 248
53 54 353 154
54 53 353 249
54 55 353 155
55 54 353 250
55 56 353 156
56 55 353 251
56 57 353 157
57 56 353 252
57 58 353 158
58 57 353 253
58 59 353 159
59 58 353 254
60 59 353 255
69 70 353 224
70 69 353 161
71 70 353 162
72 71 353 163
72 73 353 192
73 72 353 164
74 73 353 165
75 74 353 166
75 76 353 160
76 75 353 167
77 76 353 168
78 77 353 169
78 79 353 128
79 78 353 170
80 64 353 187
80 96 353 93
81 82 353 182
82 83 353 183
83 84 353 184
84 85 353 185
85 86 353 186
86 87 353 187
87 86 353 16
87 88 353 188
88 89 353 189
89 90 353 190
90 89 353 48
90 91 353 191
93 92 353 80
97 98 353 6
98 99 353 7
99 100 353 8
100 101 353 9
101 102 353 10
102 101 353 193
102 103 353 11
103 102 353 194
103 104 353 12
104 103 353 195
104 105 353 13
105 104 353 196
105 106 353 14
106 105 353 197
106 107 353 15
107 106 353 198
108 107 353 199
109 108 353 200
110 109 353 201
111 110 353 202
112 96 353 190
113 114 353 214
114 115 353 215
115 116 353 216
116 117 353 217
117 118 353 218
118 117 353 17
118 119 353 219
119 118 353 18
119 120 353 220
120 119 353 19
120 121 353 221
121 120 353 20
121 122 353 222
122 121 353 21
122 123 353 223
123 122 353 22
124 123 353 23
125 124 353 24
126 125 353 25
127 126 353 26
128 144 353 78
129 130 353 38
130 131 353 39
131 132 353 40
132 133 353 41
133 134 353 42
134 133 353 225
134 135 353 43
135 134 353 226
135 136 353 44
136 135 353 227
136 137 353 45
137 136 353 228
137 138 353 46
138 137 353 229
138 139 353 47
139 138 353 230
140 139 353 231
141 140 353 232
142 141 353 233
143 142 353 234
145 146 353 246
146 147 353 247
147 148 353 248
148 149 353 249
149 150 353 250
150 149 353 49
150 151 353 251
151 150 353 50
151 152 353 252
152 151 353 51
152 153 353 253
153 152 353 52
153 154 353 254
154 153 353 53
154 155 353 255
155 154 353 54
156 155 353 55
157 156 353 56
158 157 353 57
159 158 353 58
160 144 353 173
160 176 353 75
161 162 353 70
162 163 353 71
163 164 353 72
164 165 353 73
165 166 353 74
166 167 353 75
167 166 353 224
167 168 353 76
168 169 353 77
169 170 353 78
170 169 353 192
170 171 353 79
173 172 353 160
181 182 353 16
182 181 353 81
183 182 353 82
184 183 353 83
184 185 353 48
185 184 353 84
186 185 353 85
187 186 353 86
187 188 353 80
188 187 353 87
189 188 353 88
190 189 353 89
190 191 353 112
191 190 353 90
192 176 353 170
192 208 353 72
193 177 353 4
193 194 353 102
194 193 353 5
194 195 353 103
195 194 353 6
195 196 353 104
196 195 353 7
196 197 353 105
197 196 353 8
197 198 353 106
198 197 353 9
198 199 353 107
199 198 353 10
199 200 353 108
200 199 353 11
200 201 353 109
201 200 353 12
201 202 353 110
202 201 353 13
202 203 353 111
203 202 353 14
204 203 353 15
212 213 353 17
213 214 353 18
214 213 353 113
214 215 353 19
215 214 353 114
215 216 353 20
216 215 353 115
216 217 353 21
217 216 353 116
217 218 353 22
218 217 353 117
218 219 353 23
219 218 353 118
219 220 353 24
220 219 353 119
220 221 353 25
221 220 353 120
221 222 353 26
222 221 353 121
222 223 353 27
223 207 353 28
223 222 353 122
224 208 353 167
224 240 353 69
225 209 353 36
225 226 353 134
226 225 353 37
226 227 353 135
227 226 353 38
227 228 353 136
228 227 353 39
228 229 353 137
229 228 353 40
229 230 353 138
230 229 353 41
230 231 353 139
231 230 353 42
231 232 353 140
232 231 353 43
232 233 353 141
233 232 353 44
233 234 353 142
234 233 353 45
234 235 353 143
235 234 353 46
236 235 353 47
244 245 353 49
245 246 353 50
246 245 353 145
246 247 353 51
247 246 353 146
247 248 353 52
248 247 353 147
248 249 353 53
249 248 353 148
249 250 353 54
250 249 353 149
250 251 353 55
251 250 353 150
251 252 353 56
252 251 353 151
252 253 353 57
253 252 353 152
253 254 353 58
254 253 353 153
254 255 353 59
255 239 353 60
255 254 353 154
0 1 355 180
0 16 355 85
1 0 355 84
1 2 355 179
2 1 355 83
2 3 355 178
3 2 355 82
3 4 355 177
4 3 355 81
28 29 355 111
29 28 355 207
29 30 355 110
30 29 355 206
30 31 355 109
31 15 355 108
31 30 355 205
32 16 355 183
32 48 355 88
33 17 355 116
33 34 355 211
34 33 355 115
34 35 355 210
35 34 355 114
35 36 355 209
36 35 355 113
60 61 355 143
61 60 355 239
61 62 355 142
62 61 355 238
62 63 355 141
63 47 355 140
63 62 355 237
64 48 355 186
64 80 355 91
65 49 355 148
65 66 355 243
66 65 355 147
66 67 355 242
67 66 355 146
67 68 355 241
68 67 355 145
68 69 355 240
71 72 355 208
74 75 355 176
77 78 355 144
81 97 355 4
82 81 355 3
83 82 355 2
84 83 355 1
85 84 355 0
88 87 355 32
91 90 355 64
92 93 355 175
93 94 355 174
94 93 355 96
94 95 355 173
95 79 355 172
96 80 355 189
96 112 355 94
97 81 355 180
98 97 355 179
99 98 355 178
100 99 355 177
108 109 355 31
109 110 355 30
110 111 355 29
111 127 355 28
113 129 355 36
114 113 355 35
115 114 355 34
116 115 355 33
124 125 355 207
125 126 355 206
126 127 355 205
127 111 355 204
129 113 355 212
130 129 355 211
131 130 355 210
132 131 355 209
140 141 355 63
141 142 355 62
142 143 355 61
143 159 355 60
144 128 355 174
144 160 355 77
145 161 355 68
146 145 355 67
147 146 355 66
148 147 355 65
156 157 355 239
157 158 355 238
158 159 355 237
159 143 355 236
161 145 355 244
162 161 355 243
163 162 355 242
164 163 355 241
165 164 355 240
168 167 355 208
171 170 355 176
172 173 355 95
173 174 355 94
174 173 355 144
174 175 355 93
175 191 355 92
176 160 355 171
176 192 355 74
177 178 355 3
177 193 355 100
178 177 355 99
178 179 355 2
179 178 355 98
179 180 355 1
180 179 355 97
180 181 355 0
183 184 355 32
186 187 355 64
189 190 355 96
204 205 355 127
205 204 355 31
205 206 355 126
206 205 355 30
206 207 355 125
207 206 355 29
207 223 355 124
208 192 355 168
208 224 355 71
209 210 355 35
209 225 355 132
210 209 355 131
210 211 355 34
211 210 355 130
211 212 355 33
212 211 355 129
236 237 355 159
237 236 355 63
237 238 355 158
238 237 355 62
238 239 355 157
239 238 355 61
239 255 355 156
240 224 355 165
240 241 355 68
241 240 355 164
241 242 355 67
242 241 355 163
242 243 355 66
243 242 355 162
243 244 355 65
244 243 355 161
5 4 357 97
5 6 357 193
6 5 357 98
6 7 357 194
7 6 357 99
7 8 357 195
8 7 357 100
8 9 357 196
9 8 357 101
9 10 357 197
10 9 357 102
10 11 357 198
11 10 357 103
11 12 357 199
12 11 357 104
12 13 357 200
13 12 357 105
13 14 357 201
14 13 357 106
14 15 357 202
15 14 357 107
15 31 357 203
16 0 357 182
16 32 357 86
17 18 357 117
17 33 357 213
18 17 357 214
18 19 357 118
19 18 357 215
19 20 357 119
20 19 357 216
20 21 357 120
21 20 357 217
21 22 357 121
22 21 357 218
22 23 357 122
23 22 357 219
23 24 357 123
24 23 357 220
24 25 357 124
25 24 357 221
25 26 357 125
26 25 357 222
26 27 357 126
27 26 357 223
27 28 357 127
37 36 357 129
37 38 357 225
38 37 357 130
38 39 357 226
39 38 357 131
39 40 357 227
40 39 357 132
40 41 357 228
41 40 357 133
41 42 357 229
42 41 357 134
42 43 357 230
43 42 357 135
43 44 357 231
44 43 357 136
44 45 357 232
45 44 357 137
45 46 357 233
46 45 357 138
46 47 357 234
47 46 357 139
47 63 357 235
48 32 357 185
48 64 357 89
49 50 357 149
49 65 357 245
50 49 357 246
50 51 357 150
51 50 357 247
51 52 357 151
52 51 357 248
52 53 357 152
53 52 357 249
53 54 357 153
54 53 357 250
54 55 357 154
55 54 357 251
55 56 357 155
56 55 357 252
56 57 357 156
57 56 357 253
57 58 357 157
58 57 357 254
58 59 357 158
59 58 357 255
59 60 357 159
69 68 357 161
70 69 357 162
70 71 357 224
71 70 357 163
72 71 357 164
73 72 357 165
73 74 357 192
74 73 357 166
75 74 357 167
76 75 357 168
76 77 357 160
77 76 357 169
78 77 357 170
79 78 357 171
79 95 357 128
80 64 357 188
80 96 357 92
81 82 357 181
82 83 357 182
83 84 357 183
84 85 357 184
85 86 357 185
86 85 357 16
86 87 357 186
87 88 357 187
88 89 357 188
89 88 357 48
89 90 357 189
90 91 357 190
91 92 357 191
92 91 357 80
95 94 357 112
97 98 357 5
98 99 357 6
99 100 357 7
100 101 357 8
101 100 357 193
101 102 357 9
102 101 357 194
102 103 357 10
103 102 357 195
103 104 357 11
104 103 357 196
104 105 357 12
105 104 357 197
105 106 357 13
106 105 357 198
106 107 357 14
107 106 357 199
107 108 357 15
108 107 357 200
109 108 357 201
110 109 357 202
111 110 357 203
112 96 357 191
112 128 357 95
113 114 357 213
114 115 357 214
115 116 357 215
116 117 357 216
117 116 357 17
117 118 357 217
118 117 357 18
118 119 357 218
119 118 357 19
119 120 357 219
120 119 357 20
120 121 357 220
121 120 357 21
121 122 357 221
122 121 357 22
122 123 357 222
123 122 357 23
123 124 357 223
124 123 357 24
125 124 357 25
126 125 357 26
127 126 357 27
128 112 357 175
128 144 357 79
129 130 357 37
130 131 357 38
131 132 357 39
132 133 357 40
133 132 357 225
133 134 357 41
134 133 357 226
134 135 357 42
135 134 357 227
135 136 357 43
136 135 357 228
136 137 357 44
137 136 357 229
137 138 357 45
138 137 357 230
138 139 357 46
139 138 357 231
139 140 357 47
140 139 357 232
141 140 357 233
142 141 357 234
143 142 357 235
145 146 357 245
146 147 357 246
147 148 357 247
148 149 357 248
149 148 357 49
149 150 357 249
150 149 357 50
150 151 357 250
151 150 357 51
151 152 357 251
152 151 357 52
152 153 357 252
153 152 357 53
153 154 357 253
154 153 357 54
154 155 357 254
155 154 357 55
155 156 357 255
156 155 357 56
157 156 357 57
158 157 357 58
159 158 357 59
160 144 357 172
160 176 357 76
161 162 357 69
162 163 357 70
163 164 357 71
164 165 357 72
165 166 357 73
166 165 357 224
166 167 357 74
167 168 357 75
168 169 357 76
169 168 357 192
169 170 357 77
170 171 357 78
171 172 357 79
172 171 357 160
175 174 357 128
181 180 357 81
182 181 357 82
182 183 357 16
183 182 357 83
184 183 357 84
185 184 357 85
185 186 357 48
186 185 357 86
187 186 357 87
188 187 357 88
188 189 357 80
189 188 357 89
190 189 357 90
191 175 357 112
191 190 357 91
192 176 357 169
192 208 357 73
193 177 357 5
193 194 357 101
194 193 357 6
194 195 357 102
195 194 357 7
195 196 357 103
196 195 357 8
196 197 357 104
197 196 357 9
197 198 357 105
198 197 357 10
198 199 357 106
199 198 357 11
199 200 357 107
200 199 357 12
200 201 357 108
201 200 357 13
201 202 357 109
202 201 357 14
202 203 357 110
203 202 357 15
203 204 357 111
213 212 357 113
213 214 357 17
214 213 357 114
214 215 357 18
215 214 357 115
215 216 357 19
216 215 357 116
216 217 357 20
217 216 357 117
217 218 357 21
218 217 357 118
218 219 357 22
219 218 357 119
219 220 357 23
220 219 357 120
220 221 357 24
221 220 357 121
221 222 357 25
222 221 357 122
222 223 357 26
223 207 357 27
223 222 357 123
224 208 357 166
224 240 357 70
225 209 357 37
225 226 357 133
226 225 357 38
226 227 357 134
227 226 357 39
227 228 357 135
228 227 357 40
228 229 357 136
229 228 357 41
229 230 357 137
230 229 357 42
230 231 357 138
231 230 357 43
231 232 357 139
232 231 357 44
232 233 357 140
233 232 357 45
233 234 357 141
234 233 357 46
234 235 357 142
235 234 357 47
235 236 357 143
245 244 357 145
245 246 357 49
246 245 357 146
246 247 357 50
247 246 357 147
247 248 357 51
248 247 357 148
248 249 357 52
249 248 357 149
249 250 357 53
250 249 357 150
250 251 357 54
251 250 357 151
251 252 357 55
252 251 357 152
252 253 357 56
253 252 357 153
253 254 357 57
254 253 357 154
254 255 357 58
255 239 357 59
255 254 357 155
0 1 359 181
0 16 359 84
1 0 359 83
1 2 359 180
2 1 359 82
2 3 359 179
3 2 359 81
3 4 359 178
4 5 359 177
28 27 359 207
29 28 359 206
29 30 359 111
30 29 359 205
30 31 359 110
31 15 359 109
31 30 359 204
32 16 359 184
32 48 359 87
33 17 359 115
33 34 359 212
34 33 359 114
34 35 359 211
35 34 359 113
35 36 359 210
36 37 359 209
60 59 359 239
61 60 359 238
61 62 359 143
62 61 359 237
62 63 359 142
63 47 359 141
63 62 359 236
64 48 359 187
64 80 359 90
65 49 359 147
65 66 359 244
66 65 359 146
66 67 359 243
67 66 359 145
67 68 359 242
68 69 359 241
69 70 359 240
72 73 359 208
75 76 359 176
78 79 359 144
81 97 359 3
82 81 359 2
83 82 359 1
84 83 359 0
87 86 359 32
90 89 359 64
93 92 359 96
93 94 359 175
94 95 359 174
95 79 359 173
96 80 359 190
96 112 359 93
97 81 359 179
98 97 359 178
99 98 359 177
109 110 359 31
110 111 359 30
111 127 359 29
113 129 359 35
114 113 359 34
115 114 359 33
125 126 359 207
126 127 359 206
127 111 359 205
129 113 359 211
130 129 359 210
131 130 359 209
141 142 359 63
142 143 359 62
143 159 359 61
144 128 359 173
144 160 359 78
145 161 359 67
146 145 359 66
147 146 359 65
157 158 359 239
158 159 359 238
159 143 359 237
161 145 359 243
162 161 359 242
163 162 359 241
164 163 359 240
167 166 359 208
170 169 359 176
173 172 359 144
173 174 359 95
174 175 359 94
175 191 359 93
176 160 359 170
176 192 359 75
177 178 359 4
177 193 359 99
178 177 359 98
178 179 359 3
179 178 359 97
179 180 359 2
180 181 359 1
181 182 359 0
184 185 359 32
187 188 359 64
190 191 359 96
204 203 359 31
205 204 359 30
205 206 359 127
206 205 359 29
206 207 359 126
207 206 359 28
207 223 359 125
208 192 359 167
208 224 359 72
209 210 359 36
209 225 359 131
210 209 359 130
210 211 359 35
211 210 359 129
211 212 359 34
212 213 359 33
236 235 359 63
237 236 359 62
237 238 359 159
238 237 359 61
238 239 359 158
239 238 359 60
239 255 359 157
240 224 359 164
240 241 359 69
241 240 359 163
241 242 359 68
242 241 359 162
242 243 359 67
243 242 359 161
243 244 359 66
244 245 359 65
4 3 361 97
5 4 361 98
6 5 361 99
6 7 361 193
7 6 361 100
7 8 361 194
8 7 361 101
8 9 361 195
9 8 361 102
9 10 361 196
10 9 361 103
10 11 361 197
11 10 361 104
11 12 361 198
12 11 361 105
12 13 361 199
13 12 361 106
13 14 361 200
14 13 361 107
14 15 361 201
15 14 361 108
15 31 361 202
16 0 361 183
16 32 361 85
17 18 361 116
17 33 361 214
18 17 361 215
18 19 361 117
19 18 361 216
19 20 361 118
20 19 361 217
20 21 361 119
21 20 361 218
21 22 361 120
22 21 361 219
22 23 361 121
23 22 361 220
23 24 361 122
24 23 361 221
24 25 361 123
25 24 361 222
25 26 361 124
26 25 361 223
26 27 361 125
27 28 361 126
28 29 361 127
36 35 361 129
37 36 361 130
38 37 361 131
38 39 361 225
39 38 361 132
39 40 361 226
40 39 361 133
40 41 361 227
41 40 361 134
41 42 361 228
42 41 361 135
42 43 361 229
43 42 361 136
43 44 361 230
44 43 361 137
44 45 361 231
45 44 361 138
45 46 361 232
46 45 361 139
46 47 361 233
47 46 361 140
47 63 361 234
48 32 361 186
48 64 361 88
49 50 361 148
49 65 361 246
50 49 361 247
50 51 361 149
51 50 361 248
51 52 361 150
52 51 361 249
52 53 361 151
53 52 361 250
53 54 361 152
54 53 361 251
54 55 361 153
55 54 361 252
55 56 361 154
56 55 361 253
56 57 361 155
57 56 361 254
57 58 361 156
58 57 361 255
58 59 361 157
59 60 361 158
60 61 361 159
68 67 361 161
69 68 361 162
70 69 361 163
71 70 361 164
71 72 361 224
72 71 361 165
73 72 361 166
74 73 361 167
74 75 361 192
75 74 361 168
76 75 361 169
77 76 361 170
77 78 361 160
78 77 361 171
79 78 361 172
80 64 361 189
80 96 361 91
81 82 361 180
82 83 361 181
83 84 361 182
84 85 361 183
85 84 361 16
85 86 361 184
86 87 361 185
87 88 361 186
88 87 361 48
88 89 361 187
89 90 361 188
90 91 361 189
91 90 361 80
91 92 361 190
92 93 361 191
94 93 361 112
97 98 361 4
98 99 361 5
99 100 361 6
100 99 361 193
100 101 361 7
101 100 361 194
101 102 361 8
102 101 361 195
102 103 361 9
103 102 361 196
103 104 361 10
104 103 361 197
104 105 361 11
105 104 361 198
105 106 361 12
106 105 361 199
106 107 361 13
107 106 361 200
107 108 361 14
108 107 361 201
108 109 361 15
109 108 361 202
110 109 361 203
111 110 361 204
112 128 361 94
113 114 361 212
114 115 361 213
115 116 361 214
116 115 361 17
116 117 361 215
117 116 361 18
117 118 361 216
118 117 361 19
118 119 361 217
119 118 361 20
119 120 361 218
120 119 361 21
120 121 361 219
121 120 361 22
121 122 361 220
122 121 361 23
122 123 361 221
123 122 361 24
123 124 361 222
124 123 361 25
124 125 361 223
125 124 361 26
126 125 361 27
127 126 361 28
128 112 361 174
129 130 361 36
130 131 361 37
131 132 361 38
132 131 361 225
132 133 361 39
133 132 361 226
133 134 361 40
134 133 361 227
134 135 361 41
135 134 361 228
135 136 361 42
136 135 361 229
136 137 361 43
137 136 361 230
137 138 361 44
138 137 361 231
138 139 361 45
139 138 361 232
139 140 361 46
140 139 361 233
140 141 361 47
141 140 361 234
142 141 361 235
143 142 361 236
145 146 361 244
146 147 361 245
147 148 361 246
148 147 361 49
148 149 361 247
149 148 361 50
149 150 361 248
150 149 361 51
150 151 361 249
151 150 361 52
151 152 361 250
152 151 361 53
152 153 361 251
153 152 361 54
153 154 361 252
154 153 361 55
154 155 361 253
155 154 361 56
155 156 361 254
156 155 361 57
156 157 361 255
157 156 361 58
158 157 361 59
159 158 361 60
160 144 361 171
160 176 361 77
161 162 361 68
162 163 361 69
163 164 361 70
164 165 361 71
165 164 361 224
165 166 361 72
166 167 361 73
167 168 361 74
168 167 361 192
168 169 361 75
169 170 361 76
170 171 361 77
171 170 361 160
171 172 361 78
172 173 361 79
174 173 361 128
180 179 361 81
181 180 361 82
182 181 361 83
183 182 361 84
183 184 361 16
184 183 361 85
185 184 361 86
186 185 361 87
186 187 361 48
187 186 361 88
188 187 361 89
189 188 361 90
189 190 361 80
190 189 361 91
191 190 361 92
192 176 361 168
192 208 361 74
193 177 361 6
193 194 361 100
194 193 361 7
194 195 361 101
195 194 361 8
195 196 361 102
196 195 361 9
196 197 361 103
197 196 361 10
197 198 361 104
198 197 361 11
198 199 361 105
199 198 361 12
199 200 361 106
200 199 361 13
200 201 361 107
201 200 361 14
201 202 361 108
202 201 361 15
202 203 361 109
203 204 361 110
204 205 361 111
212 211 361 113
213 212 361 114
214 213 361 115
214 215 361 17
215 214 361 116
215 216 361 18
216 215 361 117
216 217 361 19
217 216 361 118
217 218 361 20
218 217 361 119
218 219 361 21
219 218 361 120
219 220 361 22
220 219 361 121
220 221 361 23
221 220 361 122
221 222 361 24
222 221 361 123
222 223 361 25
223 207 361 26
223 222 361 124
224 208 361 165
224 240 361 71
225 209 361 38
225 226 361 132
226 225 361 39
226 227 361 133
227 226 361 40
227 228 361 134
228 227 361 41
228 229 361 135
229 228 361 42
229 230 361 136
230 229 361 43
230 231 361 137
231 230 361 44
231 232 361 138
232 231 361 45
232 233 361 139
233 232 361 46
233 234 361 140
234 233 361 47
234 235 361 141
235 236 361 142
236 237 361 143
244 243 361 145
245 244 361 146
246 245 361 147
246 247 361 49
247 246 361 148
247 248 361 50
248 247 361 149
248 249 361 51
249 248 361 150
249 250 361 52
250 249 361 151
250 251 361 53
251 250 361 152
251 252 361 54
252 251 361 153
252 253 361 55
253 252 361 154
253 254 361 56
254 253 361 155
254 255 361 57
255 239 361 58
255 254 361 156
0 1 363 182
0 16 363 83
1 0 363 82
1 2 363 181
2 1 363 81
2 3 363 180
3 4 363 179
4 5 363 178
5 6 363 177
27 26 363 207
28 27 363 206
29 28 363 205
30 29 363 204
30 31 363 111
31 15 363 110
31 30 363 203
32 16 363 185
32 48 363 86
33 17 363 114
33 34 363 213
34 33 363 113
34 35 363 212
35 36 363 211
36 37 363 210
37 38 363 209
59 58 363 239
60 59 363 238
61 60 363 237
62 61 363 236
62 63 363 143
63 47 363 142
63 62 363 235
64 48 363 188
64 80 363 89
65 49 363 146
65 66 363 245
66 65 363 145
66 67 363 244
67 68 363 243
68 69 363 242
69 70 363 241
70 71 363 240
73 74 363 208
76 77 363 176
79 95 363 144
81 97 363 2
82 81 363 1
83 82 363 0
86 85 363 32
89 88 363 64
92 91 363 96
94 95 363 175
95 79 363 174
95 94 363 128
96 80 363 191
96 112 363 92
97 81 363 178
98 97 363 177
110 111 363 31
111 127 363 30
112 96 363 175
113 129 363 34
114 113 363 33
126 127 363 207
127 111 363 206
128 144 363 95
129 113 363 210
130 129 363 209
142 143 363 63
143 159 363 62
144 128 363 172
144 160 363 79
145 161 363 66
146 145 363 65
158 159 363 239
159 143 363 238
161 145 363 242
162 161 363 241
163 162 363 240
166 165 363 208
169 168 363 176
172 171 363 144
174 175 363 95
175 174 363 112
175 191 363 94
176 160 363 169
176 192 363 76
177 178 363 5
177 193 363 98
178 177 363 97
178 179 363 4
179 180 363 3
180 181 363 2
181 182 363 1
182 183 363 0
185 186 363 32
188 189 363 64
191 175 363 96
203 202 363 31
204 203 363 30
205 204 363 29
206 205 363 28
206 207 363 127
207 206 363 27
207 223 363 126
208 192 363 166
208 224 363 73
209 210 363 37
209 225 363 130
210 209 363 129
210 211 363 36
211 212 363 35
212 213 363 34
213 214 363 33
235 234 363 63
236 235 363 62
237 236 363 61
238 237 363 60
238 239 363 159
239 238 363 59
239 255 363 158
240 224 363 163
240 241 363 70
241 240 363 162
241 242 363 69
242 241 363 161
242 243 363 68
243 244 363 67
244 245 363 66
245 246 363 65
3 2 365 97
4 3 365 98
5 4 365 99
6 5 365 100
7 6 365 101
7 8 365 193
8 7 365 102
8 9 365 194
9 8 365 103
9 10 365 195
10 9 365 104
10 11 365 196
11 10 365 105
11 12 365 197
12 11 365 106
12 13 365 198
13 12 365 107
13 14 365 199
14 13 365 108
14 15 365 200
15 14 365 109
15 31 365 201
16 0 365 184
16 32 365 84
17 18 365 115
17 33 365 215
18 17 365 216
18 19 365 116
19 18 365 217
19 20 365 117
20 19 365 218
20 21 365 118
21 20 365 219
21 22 365 119
22 21 365 220
22 23 365 120
23 22 365 221
23 24 365 121
24 23 365 222
24 25 365 122
25 24 365 223
25 26 365 123
26 27 365 124
27 28 365 125
28 29 365 126
29 30 365 127
35 34 365 129
36 35 365 130
37 36 365 131
38 37 365 132
39 38 365 133
39 40 365 225
40 39 365 134
40 41 365 226
41 40 365 135
41 42 365 227
42 41 365 136
42 43 365 228
43 42 365 137
43 44 365 229
44 43 365 138
44 45 365 230
45 44 365 139
45 46 365 231
46 45 365 140
46 47 365 232
47 46 365 141
47 63 365 233
48 32 365 187
48 64 365 87
49 50 365 147
49 65 365 247
50 49 365 248
50 51 365 148
51 50 365 249
51 52 365 149
52 51 365 250
52 53 365 150
53 52 365 251
53 54 365 151
54 53 365 252
54 55 365 152
55 54 365 253
55 56 365 153
56 55 365 254
56 57 365 154
57 56 365 255
57 58 365 155
58 59 365 156
59 60 365 157
60 61 365 158
61 62 365 159
67 66 365 161
68 67 365 162
69 68 365 163
70 69 365 164
71 70 365 165
72 71 365 166
72 73 365 224
73 72 365 167
74 73 365 168
75 74 365 169
75 76 365 192
76 75 365 170
77 76 365 171
78 77 365 172
78 79 365 160
79 78 365 173
80 64 365 190
80 96 365 90
81 82 365 179
82 83 365 180
83 84 365 181
84 83 365 16
84 85 365 182
85 86 365 183
86 87 365 184
87 86 365 48
87 88 365 185
88 89 365 186
89 90 365 187
90 89 365 80
90 91 365 188
91 92 365 189
92 93 365 190
93 92 365 112
93 94 365 191
97 98 365 3
98 99 365 4
99 98 365 193
99 100 365 5
100 99 365 194
100 101 365 6
101 100 365 195
101 102 365 7
102 101 365 196
102 103 365 8
103 102 365 197
103 104 365 9
104 103 365 198
104 105 365 10
105 104 365 199
105 106 365 11
106 105 365 200
106 107 365 12
107 106 365 201
107 108 365 13
108 107 365 202
108 109 365 14
109 108 365 203
109 110 365 15
110 109 365 204
111 110 365 205
112 128 365 93
113 114 365 211
114 115 365 212
115 114 365 17
115 116 365 213
116 115 365 18
116 117 365 214
117 116 365 19
117 118 365 215
118 117 365 20
118 119 365 216
119 118 365 21
119 120 365 217
120 119 365 22
120 121 365 218
121 120 365 23
121 122 365 219
122 121 365 24
122 123 365 220
123 122 365 25
123 124 365 221
124 123 365 26
124 125 365 222
125 124 365 27
125 126 365 223
126 125 365 28
127 126 365 29
128 112 365 173
129 130 365 35
130 131 365 36
131 130 365 225
131 132 365 37
132 131 365 226
132 133 365 38
133 132 365 227
133 134 365 39
134 133 365 228
134 135 365 40
135 134 365 229
135 136 365 41
136 135 365 230
136 137 365 42
137 136 365 231
137 138 365 43
138 137 365 232
138 139 365 44
139 138 365 233
139 140 365 45
140 139 365 234
140 141 365 46
141 140 365 235
141 142 365 47
142 141 365 236
143 142 365 237
145 146 365 243
146 147 365 244
147 146 365 49
147 148 365 245
148 147 365 50
148 149 365 246
149 148 365 51
149 150 365 247
150 149 365 52
150 151 365 248
151 150 365 53
151 152 365 249
152 151 365 54
152 153 365 250
153 152 365 55
153 154 365 251
154 153 365 56
154 155 365 252
155 154 365 57
155 156 365 253
156 155 365 58
156 157 365 254
157 156 365 59
157 158 365 255
158 157 365 60
159 158 365 61
160 144 365 170
160 176 365 78
161 162 365 67
162 163 365 68
163 164 365 69
164 163 365 224
164 165 365 70
165 166 365 71
166 167 365 72
167 166 365 192
167 168 365 73
168 169 365 74
169 170 365 75
170 169 365 160
170 171 365 76
171 172 365 77
172 173 365 78
173 172 365 128
173 174 365 79
179 178 365 81
180 179 365 82
181 180 365 83
182 181 365 84
183 182 365 85
184 183 365 86
184 185 365 16
185 184 365 87
186 185 365 88
187 186 365 89
187 188 365 48
188 187 365 90
189 188 365 91
190 189 365 92
190 191 365 80
191 190 365 93
192 176 365 167
192 208 365 75
193 177 365 7
193 194 365 99
194 193 365 8
194 195 365 100
195 194 365 9
195 196 365 101
196 195 365 10
196 197 365 102
197 196 365 11
197 198 365 103
198 197 365 12
198 199 365 104
199 198 365 13
199 200 365 105
200 199 365 14
200 201 365 106
201 200 365 15
201 202 365 107
202 203 365 108
203 204 365 109
204 205 365 110
205 206 365 111
211 210 365 113
212 211 365 114
213 212 365 115
214 213 365 116
215 214 365 117
215 216 365 17
216 215 365 118
216 217 365 18
217 216 365 119
217 218 365 19
218 217 365 120
218 219 365 20
219 218 365 121
219 220 365 21
220 219 365 122
220 221 365 22
221 220 365 123
221 222 365 23
222 221 365 124
222 223 365 24
223 207 365 25
223 222 365 125
224 208 365 164
224 240 365 72
225 209 365 39
225 226 365 131
226 225 365 40
226 227 365 132
227 226 365 41
227 228 365 133
228 227 365 42
228 229 365 134
229 228 365 43
229 230 365 135
230 229 365 44
230 231 365 136
231 230 365 45
231 232 365 137
232 231 365 46
232 233 365 138
233 232 365 47
233 234 365 139
234 235 365 140
235 236 365 141
236 237 365 142
237 238 365 143
243 242 365 145
244 243 365 146
245 244 365 147
246 245 365 148
247 246 365 149
247 248 365 49
248 247 365 150
248 249 365 50
249 248 365 151
249 250 365 51
250 249 365 152
250 251 365 52
251 250 365 153
251 252 365 53
252 251 365 154
252 253 365 54
253 252 365 155
253 254 365 55
254 253 365 156
254 255 365 56
255 239 365 57
255 254 365 157
0 1 367 183
0 16 367 82
1 0 367 81
1 2 367 182
2 3 367 181
3 4 367 180
4 5 367 179
5 6 367 178
6 7 367 177
26 25 367 207
27 26 367 206
28 27 367 205
29 28 367 204
30 29 367 203
31 15 367 111
31 30 367 202
32 16 367 186
32 48 367 85
33 17 367 113
33 34 367 214
34 35 367 213
35 36 367 212
36 37 367 211
37 38 367 210
38 39 367 209
58 57 367 239
59 58 367 238
60 59 367 237
61 60 367 236
62 61 367 235
63 47 367 143
63 62 367 234
64 48 367 189
64 80 367 88
65 49 367 145
65 66 367 246
66 67 367 245
67 68 367 244
68 69 367 243
69 70 367 242
70 71 367 241
71 72 367 240
74 75 367 208
77 78 367 176
81 97 367 1
82 81 367 0
85 84 367 32
88 87 367 64
91 90 367 96
94 93 367 128
95 79 367 175
96 112 367 91
97 81 367 177
111 127 367 31
112 96 367 174
113 129 367 33
127 111 367 207
128 144 367 94
129 113 367 209
143 159 367 63
144 128 367 171
145 161 367 65
159 143 367 239
161 145 367 241
162 161 367 240
165 164 367 208
168 167 367 176
171 170 367 144
174 173 367 112
175 191 367 95
176 160 367 168
176 192 367 77
177 178 367 6
177 193 367 97
178 179 367 5
179 180 367 4
180 181 367 3
181 182 367 2
182 183 367 1
183 184 367 0
186 187 367 32
189 190 367 64
202 201 367 31
203 202 367 30
204 203 367 29
205 204 367 28
206 205 367 27
207 206 367 26
207 223 367 127
208 192 367 165
208 224 367 74
209 210 367 38
209 225 367 129
210 211 367 37
211 212 367 36
212 213 367 35
213 214 367 34
214 215 367 33
234 233 367 63
235 234 367 62
236 235 367 61
237 236 367 60
238 237 367 59
239 238 367 58
239 255 367 159
240 224 367 162
240 241 367 71
241 240 367 161
241 242 367 70
242 243 367 69
243 244 367 68
244 245 367 67
245 246 367 66
246 247 367 65
2 1 369 97
3 2 369 98
4 3 369 99
5 4 369 100
6 5 369 101
7 6 369 102
8 7 369 103
8 9 369 193
9 8 369 104
9 10 369 194
10 9 369 105
10 11 369 195
11 10 369 106
11 12 369 196
12 11 369 107
12 13 369 197
13 12 369 108
13 14 369 198
14 13 369 109
14 15 369 199
15 14 369 110
15 31 369 200
16 0 369 185
16 32 369 83
17 18 369 114
17 33 369 216
18 17 369 217
18 19 369 115
19 18 369 218
19 20 369 116
20 19 369 219
20 21 369 117
21 20 369 220
21 22 369 118
22 21 369 221
22 23 369 119
23 22 369 222
23 24 369 120
24 23 369 223
24 25 369 121
25 26 369 122
26 27 369 123
27 28 369 124
28 29 369 125
29 30 369 126
30 31 369 127
34 33 369 129
35 34 369 130
36 35 369 131
37 36 369 132
38 37 369 133
39 38 369 134
40 39 369 135
40 41 369 225
41 40 369 136
41 42 369 226
42 41 369 137
42 43 369 227
43 42 369 138
43 44 369 228
44 43 369 139
44 45 369 229
45 44 369 140
45 46 369 230
46 45 369 141
46 47 369 231
47 46 369 142
47 63 369 232
48 32 369 188
48 64 369 86
49 50 369 146
49 65 369 248
50 49 369 249
50 51 369 147
51 50 369 250
51 52 369 148
52 51 369 251
52 53 369 149
53 52 369 252
53 54 369 150
54 53 369 253
54 55 369 151
55 54 369 254
55 56 369 152
56 55 369 255
56 57 369 153
57 58 369 154
58 59 369 155
59 60 369 156
60 61 369 157
61 62 369 158
62 63 369 159
66 65 369 161
67 66 369 162
68 67 369 163
69 68 369 164
70 69 369 165
71 70 369 166
72 71 369 167
73 72 369 168
73 74 369 224
74 73 369 169
75 74 369 170
76 75 369 171
76 77 369 192
77 76 369 172
78 77 369 173
79 78 369 174
79 95 369 160
80 64 369 191
80 96 369 89
81 82 369 178
82 83 369 179
83 82 369 16
83 84 369 180
84 85 369 181
85 86 369 182
86 85 369 48
86 87 369 183
87 88 369 184
88 89 369 185
89 88 369 80
89 90 369 186
90 91 369 187
91 92 369 188
92 91 369 112
92 93 369 189
93 94 369 190
94 95 369 191
95 94 369 144
96 80 369 175
97 98 369 2
98 97 369 193
98 99 369 3
99 98 369 194
99 100 369 4
100 99 369 195
100 101 369 5
101 100 369 196
101 102 369 6
102 101 369 197
102 103 369 7
103 102 369 198
103 104 369 8
104 103 369 199
104 105 369 9
105 104 369 200
105 106 369 10
106 105 369 201
106 107 369 11
107 106 369 202
107 108 369 12
108 107 369 203
108 109 369 13
109 108 369 204
109 110 369 14
110 109 369 205
110 111 369 15
111 110 369 206
112 128 369 92
113 114 369 210
114 113 369 17
114 115 369 211
115 114 369 18
115 116 369 212
116 115 369 19
116 117 369 213
117 116 369 20
117 118 369 214
118 117 369 21
118 119 369 215
119 118 369 22
119 120 369 216
120 119 369 23
120 121 369 217
121 120 369 24
121 122 369 218
122 121 369 25
122 123 369 219
123 122 369 26
123 124 369 220
124 123 369 27
124 125 369 221
125 124 369 28
125 126 369 222
126 125 369 29
126 127 369 223
127 126 369 30
128 112 369 172
129 130 369 34
130 129 369 225
130 131 369 35
131 130 369 226
131 132 369 36
132 131 369 227
132 133 369 37
133 132 369 228
133 134 369 38
134 133 369 229
134 135 369 39
135 134 369 230
135 136 369 40
136 135 369 231
136 137 369 41
137 136 369 232
137 138 369 42
138 137 369 233
138 139 369 43
139 138 369 234
139 140 369 44
140 139 369 235
140 141 369 45
141 140 369 236
141 142 369 46
142 141 369 237
142 143 369 47
143 142 369 238
144 160 369 95
145 146 369 242
146 145 369 49
146 147 369 243
147 146 369 50
147 148 369 244
148 147 369 51
148 149 369 245
149 148 369 52
149 150 369 246
150 149 369 53
150 151 369 247
151 150 369 54
151 152 369 248
152 151 369 55
152 153 369 249
153 152 369 56
153 154 369 250
154 153 369 57
154 155 369 251
155 154 369 58
155 156 369 252
156 155 369 59
156 157 369 253
157 156 369 60
157 158 369 254
158 157 369 61
158 159 369 255
159 158 369 62
160 144 369 169
160 176 369 79
161 162 369 66
162 163 369 67
163 162 369 224
163 164 369 68
164 165 369 69
165 166 369 70
166 165 369 192
166 167 369 71
167 168 369 72
168 169 369 73
169 168 369 160
169 170 369 74
170 171 369 75
171 172 369 76
172 171 369 128
172 173 369 77
173 174 369 78
174 175 369 79
175 174 369 96
178 177 369 81
179 178 369 82
180 179 369 83
181 180 369 84
182 181 369 85
183 182 369 86
184 183 369 87
185 184 369 88
185 186 369 16
186 185 369 89
187 186 369 90
188 187 369 91
188 189 369 48
189 188 369 92
190 189 369 93
191 175 369 80
191 190 369 94
192 176 369 166
192 208 369 76
193 177 369 8
193 194 369 98
194 193 369 9
194 195 369 99
195 194 369 10
195 196 369 100
196 195 369 11
196 197 369 101
197 196 369 12
197 198 369 102
198 197 369 13
198 199 369 103
199 198 369 14
199 200 369 104
200 199 369 15
200 201 369 105
201 202 369 106
202 203 369 107
203 204 369 108
204 205 369 109
205 206 369 110
206 207 369 111
210 209 369 113
211 210 369 114
212 211 369 115
213 212 369 116
214 213 369 117
215 214 369 118
216 215 369 119
216 217 369 17
217 216 369 120
217 218 369 18
218 217 369 121
218 219 369 19
219 218 369 122
219 220 369 20
220 219 369 123
220 221 369 21
221 220 369 124
221 222 369 22
222 221 369 125
222 223 369 23
223 207 369 24
223 222 369 126
224 208 369 163
224 240 369 73
225 209 369 40
225 226 369 130
226 225 369 41
226 227 369 131
227 226 369 42
227 228 369 132
228 227 369 43
228 229 369 133
229 228 369 44
229 230 369 134
230 229 369 45
230 231 369 135
231 230 369 46
231 232 369 136
232 231 369 47
232 233 369 137
233 234 369 138
234 235 369 139
235 236 369 140
236 237 369 141
237 238 369 142
238 239 369 143
242 241 369 145
243 242 369 146
244 243 369 147
245 244 369 148
246 245 369 149
247 246 369 150
248 247 369 151
248 249 369 49
249 248 369 152
249 250 369 50
250 249 369 153
250 251 369 51
251 250 369 154
251 252 369 52
252 251 369 155
252 253 369 53
253 252 369 156
253 254 369 54
254 253 369 157
254 255 369 55
255 239 369 56
255 254 369 158
0 1 371 184
0 16 371 81
1 2 371 183
2 3 371 182
3 4 371 181
4 5 371 180
5 6 371 179
6 7 371 178
7 8 371 177
25 24 371 207
26 25 371 206
27 26 371 205
28 27 371 204
29 28 371 203
30 29 371 202
31 30 371 201
32 16 371 187
32 48 371 84
33 34 371 215
34 35 371 214
35 36 371 213
36 37 371 212
37 38 371 211
38 39 371 210
39 40 371 209
57 56 371 239
58 57 371 238
59 58 371 237
60 59 371 236
61 60 371 235
62 61 371 234
63 62 371 233
64 48 371 190
64 80 371 87
65 66 371 247
66 67 371 246
67 68 371 245
68 69 371 244
69 70 371 243
70 71 371 242
71 72 371 241
72 73 371 240
75 76 371 208
78 79 371 176
81 97 371 0
84 83 371 32
87 86 371 64
90 89 371 96
93 92 371 128
96 112 371 90
112 96 371 173
128 144 371 93
144 128 371 170
161 145 371 240
164 163 371 208
167 166 371 176
170 169 371 144
173 172 371 112
176 160 371 167
176 192 371 78
177 178 371 7
178 179 371 6
179 180 371 5
180 181 371 4
181 182 371 3
182 183 371 2
183 184 371 1
184 185 371 0
187 188 371 32
190 191 371 64
201 200 371 31
202 201 371 30
203 202 371 29
204 203 371 28
205 204 371 27
206 205 371 26
207 206 371 25
208 192 371 164
208 224 371 75
209 210 371 39
210 211 371 38
211 212 371 37
212 213 371 36
213 214 371 35
214 215 371 34
215 216 371 33
233 232 371 63
234 233 371 62
235 234 371 61
236 235 371 60
237 236 371 59
238 237 371 58
239 238 371 57
240 224 371 161
240 241 371 72
241 242 371 71
242 243 371 70
243 244 371 69
244 245 371 68
245 246 371 67
246 247 371 66
247 248 371 65
1 0 373 97
2 1 373 98
3 2 373 99
4 3 373 100
5 4 373 101
6 5 373 102
7 6 373 103
8 7 373 104
9 8 373 105
9 10 373 193
10 9 373 106
10 11 373 194
11 10 373 107
11 12 373 195
12 11 373 108
12 13 373 196
13 12 373 109
13 14 373 197
14 13 373 110
14 15 373 198
15 14 373 111
15 31 373 199
16 0 373 186
16 32 373 82
17 18 373 113
17 33 373 217
18 17 373 218
18 19 373 114
19 18 373 219
19 20 373 115
20 19 373 220
20 21 373 116
21 20 373 221
21 22 373 117
22 21 373 222
22 23 373 118
23 22 373 223
23 24 373 119
24 25 373 120
25 26 373 121
26 27 373 122
27 28 373 123
28 29 373 124
29 30 373 125
30 31 373 126
31 15 373 127
33 17 373 129
34 33 373 130
35 34 373 131
36 35 373 132
37 36 373 133
38 37 373 134
39 38 373 135
40 39 373 136
41 40 373 137
41 42 373 225
42 41 373 138
42 43 373 226
43 42 373 139
43 44 373 227
44 43 373 140
44 45 373 228
45 44 373 141
45 46 373 229
46 45 373 142
46 47 373 230
47 46 373 143
47 63 373 231
48 32 373 189
48 64 373 85
49 50 373 145
49 65 373 249
50 49 373 250
50 51 373 146
51 50 373 251
51 52 373 147
52 51 373 252
52 53 373 148
53 52 373 253
53 54 373 149
54 53 373 254
54 55 373 150
55 54 373 255
55 56 373 151
56 57 373 152
57 58 373 153
58 59 373 154
59 60 373 155
60 61 373 156
61 62 373 157
62 63 373 158
63 47 373 159
65 49 373 161
66 65 373 162
67 66 373 163
68 67 373 164
69 68 373 165
70 69 373 166
71 70 373 167
72 71 373 168
73 72 373 169
74 73 373 170
74 75 373 224
75 74 373 171
76 75 373 172
77 76 373 173
77 78 373 192
78 77 373 174
79 78 373 175
80 96 373 88
81 82 373 177
82 81 373 16
82 83 373 178
83 84 373 179
84 85 373 180
85 84 373 48
85 86 373 181
86 87 373 182
87 88 373 183
88 87 373 80
88 89 373 184
89 90 373 185
90 91 373 186
91 90 373 112
91 92 373 187
92 93 373 188
93 94 373 189
94 93 373 144
94 95 373 190
95 79 373 191
96 80 373 174
97 81 373 193
97 98 373 1
98 97 373 194
98 99 373 2
99 98 373 195
99 100 373 3
100 99 373 196
100 101 373 4
101 100 373 197
101 102 373 5
102 101 373 198
102 103 373 6
103 102 373 199
103 104 373 7
104 103 373 200
104 105 373 8
105 104 373 201
105 106 373 9
106 105 373 202
106 107 373 10
107 106 373 203
107 108 373 11
108 107 373 204
108 109 373 12
109 108 373 205
109 110 373 13
110 109 373 206
110 111 373 14
111 110 373 207
111 127 373 15
112 128 373 91
113 114 373 209
113 129 373 17
114 113 373 18
114 115 373 210
115 114 373 19
115 116 373 211
116 115 373 20
116 117 373 212
117 116 373 21
117 118 373 213
118 117 373 22
118 119 373 214
119 118 373 23
119 120 373 215
120 119 373 24
120 121 373 216
121 120 373 25
121 122 373 217
122 121 373 26
122 123 373 218
123 122 373 27
123 124 373 219
124 123 373 28
124 125 373 220
125 124 373 29
125 126 373 221
126 125 373 30
126 127 373 222
127 111 373 223
127 126 373 31
128 112 373 171
129 113 373 225
129 130 373 33
130 129 373 226
130 131 373 34
131 130 373 227
131 132 373 35
132 131 373 228
132 133 373 36
133 132 373 229
133 134 373 37
134 133 373 230
134 135 373 38
135 134 373 231
135 136 373 39
136 135 373 232
136 137 373 40
137 136 373 233
137 138 373 41
138 137 373 234
138 139 373 42
139 138 373 235
139 140 373 43
140 139 373 236
140 141 373 44
141 140 373 237
141 142 373 45
142 141 373 238
142 143 373 46
143 142 373 239
143 159 373 47
144 160 373 94
145 146 373 241
145 161 373 49
146 145 373 50
146 147 373 242
147 146 373 51
147 148 373 243
148 147 373 52
148 149 373 244
149 148 373 53
149 150 373 245
150 149 373 54
150 151 373 246
151 150 373 55
151 152 373 247
152 151 373 56
152 153 373 248
153 152 373 57
153 154 373 249
154 153 373 58
154 155 373 250
155 154 373 59
155 156 373 251
156 155 373 60
156 157 373 252
157 156 373 61
157 158 373 253
158 157 373 62
158 159 373 254
159 143 373 255
159 158 373 63
160 144 373 168
161 162 373 65
162 161 373 224
162 163 373 66
163 164 373 67
164 165 373 68
165 164 373 192
165 166 373 69
166 167 373 70
167 168 373 71
168 167 373 160
168 169 373 72
169 170 373 73
170 171 373 74
171 170 373 128
171 172 373 75
172 173 373 76
173 174 373 77
174 173 373 96
174 175 373 78
175 191 373 79
177 193 373 81
178 177 373 82
179 178 373 83
180 179 373 84
181 180 373 85
182 181 373 86
183 182 373 87
184 183 373 88
185 184 373 89
186 185 373 90
186 187 373 16
187 186 373 91
188 187 373 92
189 188 373 93
189 190 373 48
190 189 373 94
191 190 373 95
192 176 373 165
192 208 373 77
193 177 373 9
193 194 373 97
194 193 373 10
194 195 373 98
195 194 373 11
195 196 373 99
196 195 373 12
196 197 373 100
197 196 373 13
197 198 373 101
198 197 373 14
198 199 373 102
199 198 373 15
199 200 373 103
200 201 373 104
201 202 373 105
202 203 373 106
203 204 373 107
204 205 373 108
205 206 373 109
206 207 373 110
207 223 373 111
209 225 373 113
210 209 373 114
211 210 373 115
212 211 373 116
213 212 373 117
214 213 373 118
215 214 373 119
216 215 373 120
217 216 373 121
217 218 373 17
218 217 373 122
218 219 373 18
219 218 373 123
219 220 373 19
220 219 373 124
220 221 373 20
221 220 373 125
221 222 373 21
222 221 373 126
222 223 373 22
223 207 373 23
223 222 373 127
224 208 373 162
224 240 373 74
225 209 373 41
225 226 373 129
226 225 373 42
226 227 373 130
227 226 373 43
227 228 373 131
228 227 373 44
228 229 373 132
229 228 373 45
229 230 373 133
230 229 373 46
230 231 373 134
231 230 373 47
231 232 373 135
232 233 373 136
233 234 373 137
234 235 373 138
235 236 373 139
236 237 373 140
237 238 373 141
238 239 373 142
239 255 373 143
241 240 373 145
242 241 373 146
243 242 373 147
244 243 373 148
245 244 373 149
246 245 373 150
247 246 373 151
248 247 373 152
249 248 373 153
249 250 373 49
250 249 373 154
250 251 373 50
251 250 373 155
251 252 373 51
252 251 373 156
252 253 373 52
253 252 373 157
253 254 373 53
254 253 373 158
254 255 373 54
255 239 373 55
255 254 373 159
0 1 375 185
1 2 375 184
2 3 375 183
3 4 375 182
4 5 375 181
5 6 375 180
6 7 375 179
7 8 375 178
8 9 375 177
24 23 375 207
25 24 375 206
26 25 375 205
27 26 375 204
28 27 375 203
29 28 375 202
30 29 375 201
31 30 375 200
32 16 375 188
32 48 375 83
33 34 375 216
34 35 375 215
35 36 375 214
36 37 375 213
37 38 375 212
38 39 375 211
39 40 375 210
40 41 375 209
56 55 375 239
57 56 375 238
58 57 375 237
59 58 375 236
60 59 375 235
61 60 375 234
62 61 375 233
63 62 375 232
64 48 375 191
64 80 375 86
65 66 375 248
66 67 375 247
67 68 375 246
68 69 375 245
69 70 375 244
70 71 375 243
71 72 375 242
72 73 375 241
73 74 375 240
76 77 375 208
79 95 375 176
80 64 375 175
83 82 375 32
86 85 375 64
89 88 375 96
92 91 375 128
95 94 375 160
96 112 375 89
112 96 375 172
128 144 375 92
144 128 375 169
160 176 375 95
163 162 375 208
166 165 375 176
169 168 375 144
172 171 375 112
175 174 375 80
176 160 375 166
176 192 375 79
177 178 375 8
178 179 375 7
179 180 375 6
180 181 375 5
181 182 375 4
182 183 375 3
183 184 375 2
184 185 375 1
185 186 375 0
188 189 375 32
191 175 375 64
200 199 375 31
201 200 375 30
202 201 375 29
203 202 375 28
204 203 375 27
205 204 375 26
206 205 375 25
207 206 375 24
208 192 375 163
208 224 375 76
209 210 375 40
210 211 375 39
211 212 375 38
212 213 375 37
213 214 375 36
214 215 375 35
215 216 375 34
216 217 375 33
232 231 375 63
233 232 375 62
234 233 375 61
235 234 375 60
236 235 375 59
237 236 375 58
238 237 375 57
239 238 375 56
240 241 375 73
241 242 375 72
242 243 375 71
243 244 375 70
244 245 375 69
245 246 375 68
246 247 375 67
247 248 375 66
248 249 375 65
0 16 377 97
1 0 377 98
2 1 377 99
3 2 377 100
4 3 377 101
5 4 377 102
6 5 377 103
7 6 377 104
8 7 377 105
9 8 377 106
10 9 377 107
10 11 377 193
11 10 377 108
11 12 377 194
12 11 377 109
12 13 377 195
13 12 377 110
13 14 377 196
14 13 377 111
14 15 377 197
15 31 377 198
16 0 377 187
16 32 377 81
17 33 377 218
18 17 377 219
18 19 377 113
19 18 377 220
19 20 377 114
20 19 377 221
20 21 377 115
21 20 377 222
21 22 377 116
22 21 377 223
22 23 377 117
23 24 377 118
24 25 377 119
25 26 377 120
26 27 377 121
27 28 377 122
28 29 377 123
29 30 377 124
30 31 377 125
31 15 377 126
33 17 377 130
34 33 377 131
35 34 377 132
36 35 377 133
37 36 377 134
38 37 377 135
39 38 377 136
40 39 377 137
41 40 377 138
42 41 377 139
42 43 377 225
43 42 377 140
43 44 377 226
44 43 377 141
44 45 377 227
45 44 377 142
45 46 377 228
46 45 377 143
46 47 377 229
47 63 377 230
48 32 377 190
48 64 377 84
49 65 377 250
50 49 377 251
50 51 377 145
51 50 377 252
51 52 377 146
52 51 377 253
52 53 377 147
53 52 377 254
53 54 377 148
54 53 377 255
54 55 377 149
55 56 377 150
56 57 377 151
57 58 377 152
58 59 377 153
59 60 377 154
60 61 377 155
61 62 377 156
62 63 377 157
63 47 377 158
65 49 377 162
66 65 377 163
67 66 377 164
68 67 377 165
69 68 377 166
70 69 377 167
71 70 377 168
72 71 377 169
73 72 377 170
74 73 377 171
75 74 377 172
75 76 377 224
76 75 377 173
77 76 377 174
78 77 377 175
78 79 377 192
80 96 377 87
81 97 377 16
82 83 377 177
83 84 377 178
84 83 377 48
84 85 377 179
85 86 377 180
86 87 377 181
87 86 377 80
87 88 377 182
88 89 377 183
89 90 377 184
90 89 377 112
90 91 377 185
91 92 377 186
92 93 377 187
93 92 377 144
93 94 377 188
94 95 377 189
95 79 377 190
96 80 377 173
97 81 377 194
97 98 377 0
98 97 377 195
98 99 377 1
99 98 377 196
99 100 377 2
100 99 377 197
100 101 377 3
101 100 377 198
101 102 377 4
102 101 377 199
102 103 377 5
103 102 377 200
103 104 377 6
104 103 377 201
104 105 377 7
105 104 377 202
105 106 377 8
106 105 377 203
106 107 377 9
107 106 377 204
107 108 377 10
108 107 377 205
108 109 377 11
109 108 377 206
109 110 377 12
110 109 377 207
110 111 377 13
111 127 377 14
112 128 377 90
113 129 377 18
114 113 377 19
114 115 377 209
115 114 377 20
115 116 377 210
116 115 377 21
116 117 377 211
117 116 377 22
117 118 377 212
118 117 377 23
118 119 377 213
119 118 377 24
119 120 377 214
120 119 377 25
120 121 377 215
121 120 377 26
121 122 377 216
122 121 377 27
122 123 377 217
123 122 377 28
123 124 377 218
124 123 377 29
124 125 377 219
125 124 377 30
125 126 377 220
126 125 377 31
126 127 377 221
127 111 377 222
128 112 377 170
129 113 377 226
130 129 377 227
130 131 377 33
131 130 377 228
131 132 377 34
132 131 377 229
132 133 377 35
133 132 377 230
133 134 377 36
134 133 377 231
134 135 377 37
135 134 377 232
135 136 377 38
136 135 377 233
136 137 377 39
137 136 377 234
137 138 377 40
138 137 377 235
138 139 377 41
139 138 377 236
139 140 377 42
140 139 377 237
140 141 377 43
141 140 377 238
141 142 377 44
142 141 377 239
142 143 377 45
143 159 377 46
144 160 377 93
145 146 377 240
145 161 377 50
146 145 377 51
146 147 377 241
147 146 377 52
147 148 377 242
148 147 377 53
148 149 377 243
149 148 377 54
149 150 377 244
150 149 377 55
150 151 377 245
151 150 377 56
151 152 377 246
152 151 377 57
152 153 377 247
153 152 377 58
153 154 377 248
154 153 377 59
154 155 377 249
155 154 377 60
155 156 377 250
156 155 377 61
156 157 377 251
157 156 377 62
157 158 377 252
158 157 377 63
158 159 377 253
159 143 377 254
160 144 377 167
161 145 377 224
162 163 377 65
163 164 377 66
164 163 377 192
164 165 377 67
165 166 377 68
166 167 377 69
167 166 377 160
167 168 377 70
168 169 377 71
169 170 377 72
170 169 377 128
170 171 377 73
171 172 377 74
172 173 377 75
173 172 377 96
173 174 377 76
174 175 377 77
175 191 377 78
177 193 377 82
178 177 377 83
179 178 377 84
180 179 377 85
181 180 377 86
182 181 377 87
183 182 377 88
184 183 377 89
185 184 377 90
186 185 377 91
187 186 377 92
187 188 377 16
188 187 377 93
189 188 377 94
190 189 377 95
190 191 377 48
192 176 377 164
192 208 377 78
193 177 377 10
194 193 377 11
194 195 377 97
195 194 377 12
195 196 377 98
196 195 377 13
196 197 377 99
197 196 377 14
197 198 377 100
198 197 377 15
198 199 377 101
199 200 377 102
200 201 377 103
201 202 377 104
202 203 377 105
203 204 377 106
204 205 377 107
205 206 377 108
206 207 377 109
207 223 377 110
209 225 377 114
210 209 377 115
211 210 377 116
212 211 377 117
213 212 377 118
214 213 377 119
215 214 377 120
216 215 377 121
217 216 377 122
218 217 377 123
218 219 377 17
219 218 377 124
219 220 377 18
220 219 377 125
220 221 377 19
221 220 377 126
221 222 377 20
222 221 377 127
222 223 377 21
223 207 377 22
224 208 377 161
224 240 377 75
225 209 377 42
226 225 377 43
226 227 377 129
227 226 377 44
227 228 377 130
228 227 377 45
228 229 377 131
229 228 377 46
229 230 377 132
230 229 377 47
230 231 377 133
231 232 377 134
232 233 377 135
233 234 377 136
234 235 377 137
235 236 377 138
236 237 377 139
237 238 377 140
238 239 377 141
239 255 377 142
240 224 377 145
241 240 377 146
242 241 377 147
243 242 377 148
244 243 377 149
245 244 377 150
246 245 377 151
247 246 377 152
248 247 377 153
249 248 377 154
250 249 377 155
250 251 377 49
251 250 377 156
251 252 377 50
252 251 377 157
252 253 377 51
253 252 377 158
253 254 377 52
254 253 377 159
254 255 377 53
255 239 377 54
0 1 379 186
1 2 379 185
2 3 379 184
3 4 379 183
4 5 379 182
5 6 379 181
6 7 379 180
7 8 379 179
8 9 379 178
9 10 379 177
15 14 379 127
17 18 379 129
23 22 379 207
24 23 379 206
25 24 379 205
26 25 379 204
27 26 379 203
28 27 379 202
29 28 379 201
30 29 379 200
31 30 379 199
32 16 379 189
32 48 379 82
33 34 379 217
34 35 379 216
35 36 379 215
36 37 379 214
37 38 379 213
38 39 379 212
39 40 379 211
40 41 379 210
41 42 379 209
47 46 379 159
49 50 379 161
55 54 379 239
56 55 379 238
57 56 379 237
58 57 379 236
59 58 379 235
60 59 379 234
61 60 379 233
62 61 379 232
63 62 379 231
64 80 379 85
65 66 379 249
66 67 379 248
67 68 379 247
68 69 379 246
69 70 379 245
70 71 379 244
71 72 379 243
72 73 379 242
73 74 379 241
74 75 379 240
77 78 379 208
79 78 379 191
80 64 379 174
81 82 379 193
82 81 379 32
85 84 379 64
88 87 379 96
91 90 379 128
94 93 379 160
96 112 379 88
111 110 379 223
112 96 379 171
113 114 379 225
127 126 379 15
128 144 379 91
129 130 379 17
143 142 379 255
144 128 379 168
159 158 379 47
160 176 379 94
161 162 379 49
162 161 379 208
165 164 379 176
168 167 379 144
171 170 379 112
174 173 379 80
176 160 379 165
177 178 379 9
178 179 379 8
179 180 379 7
180 181 379 6
181 182 379 5
182 183 379 4
183 184 379 3
184 185 379 2
185 186 379 1
186 187 379 0
189 190 379 32
191 190 379 79
193 194 379 81
199 198 379 31
200 199 379 30
201 200 379 29
202 201 379 28
203 202 379 27
204 203 379 26
205 204 379 25
206 205 379 24
207 206 379 23
208 192 379 162
208 224 379 77
209 210 379 41
210 211 379 40
211 212 379 39
212 213 379 38
213 214 379 37
214 215 379 36
215 216 379 35
216 217 379 34
217 218 379 33
223 222 379 111
225 226 379 113
231 230 379 63
232 231 379 62
233 232 379 61
234 233 379 60
235 234 379 59
236 235 379 58
237 236 379 57
238 237 379 56
239 238 379 55
240 241 379 74
241 242 379 73
242 243 379 72
243 244 379 71
244 245 379 70
245 246 379 69
246 247 379 68
247 248 379 67
248 249 379 66
249 250 379 65
255 254 379 143
0 16 381 98
1 0 381 99
2 1 381 100
3 2 381 101
4 3 381 102
5 4 381 103
6 5 381 104
7 6 381 105
8 7 381 106
9 8 381 107
10 9 381 108
11 10 381 109
11 12 381 193
12 11 381 110
12 13 381 194
13 12 381 111
13 14 381 195
14 15 381 196
15 31 381 197
16 0 381 188
17 33 381 219
18 17 381 220
19 18 381 221
19 20 381 113
20 19 381 222
20 21 381 114
21 20 381 223
21 22 381 115
22 23 381 116
23 24 381 117
24 25 381 118
25 26 381 119
26 27 381 120
27 28 381 121
28 29 381 122
29 30 381 123
30 31 381 124
31 15 381 125
33 17 381 131
34 33 381 132
35 34 381 133
36 35 381 134
37 36 381 135
38 37 381 136
39 38 381 137
40 39 381 138
41 40 381 139
42 41 381 140
43 42 381 141
43 44 381 225
44 43 381 142
44 45 381 226
45 44 381 143
45 46 381 227
46 47 381 228
47 63 381 229
48 32 381 191
48 64 381 83
49 65 381 251
50 49 381 252
51 50 381 253
51 52 381 145
52 51 381 254
52 53 381 146
53 52 381 255
53 54 381 147
54 55 381 148
55 56 381 149
56 57 381 150
57 58 381 151
58 59 381 152
59 60 381 153
60 61 381 154
61 62 381 155
62 63 381 156
63 47 381 157
64 48 381 175
65 49 381 163
66 65 381 164
67 66 381 165
68 67 381 166
69 68 381 167
70 69 381 168
71 70 381 169
72 71 381 170
73 72 381 171
74 73 381 172
75 74 381 173
76 75 381 174
76 77 381 224
77 76 381 175
79 95 381 192
80 96 381 86
83 82 381 48
83 84 381 177
84 85 381 178
85 86 381 179
86 85 381 80
86 87 381 180
87 88 381 181
88 89 381 182
89 88 381 112
89 90 381 183
90 91 381 184
91 92 381 185
92 91 381 144
92 93 381 186
93 94 381 187
94 95 381 188
95 79 381 189
95 94 381 176
96 80 381 172
97 81 381 195
98 97 381 196
98 99 381 0
99 98 381 197
99 100 381 1
100 99 381 198
100 101 381 2
101 100 381 199
101 102 381 3
102 101 381 200
102 103 381 4
103 102 381 201
103 104 381 5
104 103 381 202
104 105 381 6
105 104 381 203
105 106 381 7
106 105 381 204
106 107 381 8
107 106 381 205
107 108 381 9
108 107 381 206
108 109 381 10
109 108 381 207
109 110 381 11
110 111 381 12
111 127 381 13
112 128 381 89
113 129 381 19
114 113 381 20
115 114 381 21
115 116 381 209
116 115 381 22
116 117 381 210
117 116 381 23
117 118 381 211
118 117 381 24
118 119 381 212
119 118 381 25
119 120 381 213
120 119 381 26
120 121 381 214
121 120 381 27
121 122 381 215
122 121 381 28
122 123 381 216
123 122 381 29
123 124 381 217
124 123 381 30
124 125 381 218
125 124 381 31
125 126 381 219
126 127 381 220
127 111 381 221
128 112 381 169
129 113 381 227
130 129 381 228
131 130 381 229
131 132 381 33
132 131 381 230
132 133 381 34
133 132 381 231
133 134 381 35
134 133 381 232
134 135 381 36
135 134 381 233
135 136 381 37
136 135 381 234
136 137 381 38
137 136 381 235
137 138 381 39
138 137 381 236
138 139 381 40
139 138 381 237
139 140 381 41
140 139 381 238
140 141 381 42
141 140 381 239
141 142 381 43
142 143 381 44
143 159 381 45
144 160 381 92
145 161 381 51
146 145 381 52
146 147 381 240
147 146 381 53
147 148 381 241
148 147 381 54
148 149 381 242
149 148 381 55
149 150 381 243
150 149 381 56
150 151 381 244
151 150 381 57
151 152 381 245
152 151 381 58
152 153 381 246
153 152 381 59
153 154 381 247
154 153 381 60
154 155 381 248
155 154 381 61
155 156 381 249
156 155 381 62
156 157 381 250
157 156 381 63
157 158 381 251
158 159 381 252
159 143 381 253
160 144 381 166
163 162 381 192
163 164 381 65
164 165 381 66
165 166 381 67
166 165 381 160
166 167 381 68
167 168 381 69
168 169 381 70
169 168 381 128
169 170 381 71
170 171 381 72
171 172 381 73
172 171 381 96
172 173 381 74
173 174 381 75
174 175 381 76
175 174 381 64
175 191 381 77
176 192 381 95
177 193 381 83
178 177 381 84
179 178 381 85
180 179 381 86
181 180 381 87
182 181 381 88
183 182 381 89
184 183 381 90
185 184 381 91
186 185 381 92
187 186 381 93
188 187 381 94
188 189 381 16
189 188 381 95
191 175 381 48
192 176 381 163
192 208 381 79
193 177 381 11
194 193 381 12
195 194 381 13
195 196 381 97
196 195 381 14
196 197 381 98
197 196 381 15
197 198 381 99
198 199 381 100
199 200 381 101
200 201 381 102
201 202 381 103
202 203 381 104
203 204 381 105
204 205 381 106
205 206 381 107
206 207 381 108
207 223 381 109
209 225 381 115
210 209 381 116
211 210 381 117
212 211 381 118
213 212 381 119
214 213 381 120
215 214 381 121
216 215 381 122
217 216 381 123
218 217 381 124
219 218 381 125
219 220 381 17
220 219 381 126
220 221 381 18
221 220 381 127
221 222 381 19
222 223 381 20
223 207 381 21
224 240 381 76
225 209 381 43
226 225 381 44
227 226 381 45
227 228 381 129
228 227 381 46
228 229 381 130
229 228 381 47
229 230 381 131
230 231 381 132
231 232 381 133
232 233 381 134
233 234 381 135
234 235 381 136
235 236 381 137
236 237 381 138
237 238 381 139
238 239 381 140
239 255 381 141
240 224 381 146
241 240 381 147
242 241 381 148
243 242 381 149
244 243 381 150
245 244 381 151
246 245 381 152
247 246 381 153
248 247 381 154
249 248 381 155
250 249 381 156
251 250 381 157
251 252 381 49
252 251 381 158
252 253 381 50
253 252 381 159
253 254 381 51
254 255 381 52
255 239 381 53
0 1 383 187
1 2 383 186
2 3 383 185
3 4 383 184
4 5 383 183
5 6 383 182
6 7 383 181
7 8 383 180
8 9 383 179
9 10 383 178
10 11 383 177
14 13 383 127
15 14 383 126
16 32 383 97
17 18 383 130
18 19 383 129
22 21 383 207
23 22 383 206
24 23 383 205
25 24 383 204
26 25 383 203
27 26 383 202
28 27 383 201
29 28 383 200
30 29 383 199
31 30 383 198
32 16 383 190
32 48 383 81
33 34 383 218
34 35 383 217
35 36 383 216
36 37 383 215
37 38 383 214
38 39 383 213
39 40 383 212
40 41 383 211
41 42 383 210
42 43 383 209
46 45 383 159
47 46 383 158
49 50 383 162
50 51 383 161
54 53 383 239
55 54 383 238
56 55 383 237
57 56 383 236
58 57 383 235
59 58 383 234
60 59 383 233
61 60 383 232
62 61 383 231
63 62 383 230
64 80 383 84
65 66 383 250
66 67 383 249
67 68 383 248
68 69 383 247
69 70 383 246
70 71 383 245
71 72 383 244
72 73 383 243
73 74 383 242
74 75 383 241
75 76 383 240
78 77 383 191
78 79 383 208
79 78 383 190
80 64 383 173
81 82 383 194
81 97 383 32
82 83 383 193
84 83 383 64
87 86 383 96
90 89 383 128
93 92 383 160
96 112 383 87
97 98 383 16
110 109 383 223
111 110 383 222
112 96 383 170
113 114 383 226
114 115 383 225
126 125 383 15
127 126 383 14
128 144 383 90
129 130 383 18
130 131 383 17
142 141 383 255
143 142 383 254
144 128 383 167
145 146 383 224
158 157 383 47
159 158 383 46
160 176 383 93
161 145 383 208
161 162 383 50
162 163 383 49
164 163 383 176
167 166 383 144
170 169 383 112
173 172 383 80
176 160 383 164
177 178 383 10
178 179 383 9
179 180 383 8
180 181 383 7
181 182 383 6
182 183 383 5
183 184 383 4
184 185 383 3
185 186 383 2
186 187 383 1
187 188 383 0
190 189 383 79
190 191 383 32
191 190 383 78
193 194 383 82
194 195 383 81
198 197 383 31
199 198 383 30
200 199 383 29
201 200 383 28
202 201 383 27
203 202 383 26
204 203 383 25
205 204 383 24
206 205 383 23
207 206 383 22
208 192 383 161
208 224 383 78
209 210 383 42
210 211 383 41
211 212 383 40
212 213 383 39
213 214 383 38
214 215 383 37
215 216 383 36
216 217 383 35
217 218 383 34
218 219 383 33
222 221 383 111
223 222 383 110
224 208 383 145
225 226 383 114
226 227 383 113
230 229 383 63
231 230 383 62
232 231 383 61
233 232 383 60
234 233 383 59
235 234 383 58
236 235 383 57
237 236 383 56
238 237 383 55
239 238 383 54
240 241 383 75
241 242 383 74
242 243 383 73
243 244 383 72
244 245 383 71
245 246 383 70
246 247 383 69
247 248 383 68
248 249 383 67
249 250 383 66
250 251 383 65
254 253 383 143
255 254 383 142
0 16 385 99
1 0 385 100
2 1 385 101
3 2 385 102
4 3 385 103
5 4 385 104
6 5 385 105
7 6 385 106
8 7 385 107
9 8 385 108
10 9 385 109
11 10 385 110
12 11 385 111
12 13 385 193
13 14 385 194
14 15 385 195
15 31 385 196
16 0 385 189
17 33 385 220
18 17 385 221
19 18 385 222
20 19 385 223
20 21 385 113
21 22 385 114
22 23 385 115
23 24 385 116
24 25 385 117
25 26 385 118
26 27 385 119
27 28 385 120
28 29 385 121
29 30 385 122
30 31 385 123
31 15 385 124
33 17 385 132
34 33 385 133
35 34 385 134
36 35 385 135
37 36 385 136
38 37 385 137
39 38 385 138
40 39 385 139
41 40 385 140
42 41 385 141
43 42 385 142
44 43 385 143
44 45 385 225
45 46 385 226
46 47 385 227
47 63 385 228
48 64 385 82
49 65 385 252
50 49 385 253
51 50 385 254
52 51 385 255
52 53 385 145
53 54 385 146
54 55 385 147
55 56 385 148
56 57 385 149
57 58 385 150
58 59 385 151
59 60 385 152
60 61 385 153
61 62 385 154
62 63 385 155
63 47 385 156
64 48 385 174
65 49 385 164
66 65 385 165
67 66 385 166
68 67 385 167
69 68 385 168
70 69 385 169
71 70 385 170
72 71 385 171
73 72 385 172
74 73 385 173
75 74 385 174
76 75 385 175
77 78 385 224
80 96 385 85
82 81 385 48
84 85 385 177
85 84 385 80
85 86 385 178
86 87 385 179
87 88 385 180
88 87 385 112
88 89 385 181
89 90 385 182
90 91 385 183
91 90 385 144
91 92 385 184
92 93 385 185
93 94 385 186
94 93 385 176
94 95 385 187
95 79 385 188
96 80 385 171
97 81 385 196
98 97 385 197
99 98 385 198
99 100 385 0
100 99 385 199
100 101 385 1
101 100 385 200
101 102 385 2
102 101 385 201
102 103 385 3
103 102 385 202
103 104 385 4
104 103 385 203
104 105 385 5
105 104 385 204
105 106 385 6
106 105 385 205
106 107 385 7
107 106 385 206
107 108 385 8
108 107 385 207
108 109 385 9
109 110 385 10
110 111 385 11
111 127 385 12
112 128 385 88
113 129 385 20
114 113 385 21
115 114 385 22
116 115 385 23
116 117 385 209
117 116 385 24
117 118 385 210
118 117 385 25
118 119 385 211
119 118 385 26
119 120 385 212
120 119 385 27
120 121 385 213
121 120 385 28
121 122 385 214
122 121 385 29
122 123 385 215
123 122 385 30
123 124 385 216
124 123 385 31
124 125 385 217
125 126 385 218
126 127 385 219
127 111 385 220
128 112 385 168
129 113 385 228
130 129 385 229
131 130 385 230
132 131 385 231
132 133 385 33
133 132 385 232
133 134 385 34
134 133 385 233
134 135 385 35
135 134 385 234
135 136 385 36
136 135 385 235
136 137 385 37
137 136 385 236
137 138 385 38
138 137 385 237
138 139 385 39
139 138 385 238
139 140 385 40
140 139 385 239
140 141 385 41
141 142 385 42
142 143 385 43
143 159 385 44
144 160 385 91
145 161 385 52
146 145 385 53
147 146 385 54
147 148 385 240
148 147 385 55
148 149 385 241
149 148 385 56
149 150 385 242
150 149 385 57
150 151 385 243
151 150 385 58
151 152 385 244
152 151 385 59
152 153 385 245
153 152 385 60
153 154 385 246
154 153 385 61
154 155 385 247
155 154 385 62
155 156 385 248
156 155 385 63
156 157 385 249
157 158 385 250
158 159 385 251
159 143 385 252
160 144 385 165
162 161 385 192
164 165 385 65
165 164 385 160
165 166 385 66
166 167 385 67
167 168 385 68
168 167 385 128
168 169 385 69
169 170 385 70
170 171 385 71
171 170 385 96
171 172 385 72
172 173 385 73
173 174 385 74
174 173 385 64
174 175 385 75
175 191 385 76
176 192 385 94
177 193 385 84
178 177 385 85
179 178 385 86
180 179 385 87
181 180 385 88
182 181 385 89
183 182 385 90
184 183 385 91
185 184 385 92
186 185 385 93
187 186 385 94
188 187 385 95
189 190 385 16
192 176 385 162
193 177 385 12
194 193 385 13
195 194 385 14
196 195 385 15
196 197 385 97
197 198 385 98
198 199 385 99
199 200 385 100
200 201 385 101
201 202 385 102
202 203 385 103
203 204 385 104
204 205 385 105
205 206 385 106
206 207 385 107
207 223 385 108
209 225 385 116
210 209 385 117
211 210 385 118
212 211 385 119
213 212 385 120
214 213 385 121
215 214 385 122
216 215 385 123
217 216 385 124
218 217 385 125
219 218 385 126
220 219 385 127
220 221 385 17
221 222 385 18
222 223 385 19
223 207 385 20
224 240 385 77
225 209 385 44
226 225 385 45
227 226 385 46
228 227 385 47
228 229 385 129
229 230 385 130
230 231 385 131
231 232 385 132
232 233 385 133
233 234 385 134
234 235 385 135
235 236 385 136
236 237 385 137
237 238 385 138
238 239 385 139
239 255 385 140
240 224 385 147
241 240 385 148
242 241 385 149
243 242 385 150
244 243 385 151
245 244 385 152
246 245 385 153
247 246 385 154
248 247 385 155
249 248 385 156
250 249 385 157
251 250 385 158
252 251 385 159
252 253 385 49
253 254 385 50
254 255 385 51
255 239 385 52
0 1 387 188
1 2 387 187
2 3 387 186
3 4 387 185
4 5 387 184
5 6 387 183
6 7 387 182
7 8 387 181
8 9 387 180
9 10 387 179
10 11 387 178
11 12 387 177
13 12 387 127
14 13 387 126
15 14 387 125
16 32 387 98
17 18 387 131
18 19 387 130
19 20 387 129
21 20 387 207
22 21 387 206
23 22 387 205
24 23 387 204
25 24 387 203
26 25 387 202
27 26 387 201
28 27 387 200
29 28 387 199
30 29 387 198
31 30 387 197
32 16 387 191
33 34 387 219
34 35 387 218
35 36 387 217
36 37 387 216
37 38 387 215
38 39 387 214
39 40 387 213
40 41 387 212
41 42 387 211
42 43 387 210
43 44 387 209
45 44 387 159
46 45 387 158
47 46 387 157
48 32 387 175
49 50 387 163
50 51 387 162
51 52 387 161
53 52 387 239
54 53 387 238
55 54 387 237
56 55 387 236
57 56 387 235
58 57 387 234
59 58 387 233
60 59 387 232
61 60 387 231
62 61 387 230
63 62 387 229
64 80 387 83
65 66 387 251
66 67 387 250
67 68 387 249
68 69 387 248
69 70 387 247
70 71 387 246
71 72 387 245
72 73 387 244
73 74 387 243
74 75 387 242
75 76 387 241
76 77 387 240
77 76 387 191
78 77 387 190
79 78 387 189
79 95 387 208
80 64 387 172
81 82 387 195
82 83 387 194
83 82 387 64
83 84 387 193
86 85 387 96
89 88 387 128
92 91 387 160
95 94 387 192
96 112 387 86
98 99 387 16
109 108 387 223
110 109 387 222
111 110 387 221
112 96 387 169
113 114 387 227
114 115 387 226
115 116 387 225
125 124 387 15
126 125 387 14
127 126 387 13
128 144 387 89
129 130 387 19
130 131 387 18
131 132 387 17
141 140 387 255
142 141 387 254
143 142 387 253
144 128 387 166
146 147 387 224
157 156 387 47
158 157 387 46
159 158 387 45
160 176 387 92
161 162 387 51
162 163 387 50
163 162 387 176
163 164 387 49
166 165 387 144
169 168 387 112
172 171 387 80
175 174 387 48
176 160 387 163
177 178 387 11
178 179 387 10
179 180 387 9
180 181 387 8
181 182 387 7
182 183 387 6
183 184 387 5
184 185 387 4
185 186 387 3
186 187 387 2
187 188 387 1
188 189 387 0
189 188 387 79
190 189 387 78
191 175 387 32
191 190 387 77
192 208 387 95
193 194 387 83
194 195 387 82
195 196 387 81
197 196 387 31
198 197 387 30
199 198 387 29
200 199 387 28
201 200 387 27
202 201 387 26
203 202 387 25
204 203 387 24
205 204 387 23
206 205 387 22
207 206 387 21
208 224 387 79
209 210 387 43
210 211 387 42
211 212 387 41
212 213 387 40
213 214 387 39
214 215 387 38
215 216 387 37
216 217 387 36
217 218 387 35
218 219 387 34
219 220 387 33
221 220 387 111
222 221 387 110
223 222 387 109
224 208 387 146
225 226 387 115
226 227 387 114
227 228 387 113
229 228 387 63
230 229 387 62
231 230 387 61
232 231 387 60
233 232 387 59
234 233 387 58
235 234 387 57
236 235 387 56
237 236 387 55
238 237 387 54
239 238 387 53
240 241 387 76
241 242 387 75
242 243 387 74
243 244 387 73
244 245 387 72
245 246 387 71
246 247 387 70
247 248 387 69
248 249 387 68
249 250 387 67
250 251 387 66
251 252 387 65
253 252 387 143
254 253 387 142
255 254 387 141
0 16 389 100
1 0 389 101
2 1 389 102
3 2 389 103
4 3 389 104
5 4 389 105
6 5 389 106
7 6 389 107
8 7 389 108
9 8 389 109
10 9 389 110
11 10 389 111
13 14 389 193
14 15 389 194
15 31 389 195
16 0 389 190
17 33 389 221
18 17 389 222
19 18 389 223
21 22 389 113
22 23 389 114
23 24 389 115
24 25 389 116
25 26 389 117
26 27 389 118
27 28 389 119
28 29 389 120
29 30 389 121
30 31 389 122
31 15 389 123
32 48 389 97
33 17 389 133
34 33 389 134
35 34 389 135
36 35 389 136
37 36 389 137
38 37 389 138
39 38 389 139
40 39 389 140
41 40 389 141
42 41 389 142
43 42 389 143
45 46 389 225
46 47 389 226
47 63 389 227
48 64 389 81
49 65 389 253
50 49 389 254
51 50 389 255
53 54 389 145
54 55 389 146
55 56 389 147
56 57 389 148
57 58 389 149
58 59 389 150
59 60 389 151
60 61 389 152
61 62 389 153
62 63 389 154
63 47 389 155
64 48 389 173
65 49 389 165
66 65 389 166
67 66 389 167
68 67 389 168
69 68 389 169
70 69 389 170
71 70 389 171
72 71 389 172
73 72 389 173
74 73 389 174
75 74 389 175
78 79 389 224
80 96 389 84
81 97 389 48
84 83 389 80
85 86 389 177
86 87 389 178
87 86 389 112
87 88 389 179
88 89 389 180
89 90 389 181
90 89 389 144
90 91 389 182
91 92 389 183
92 93 389 184
93 92 389 176
93 94 389 185
94 95 389 186
95 79 389 187
96 80 389 170
97 81 389 197
97 98 389 32
98 97 389 198
99 98 389 199
100 99 389 200
100 101 389 0
101 100 389 201
101 102 389 1
102 101 389 202
102 103 389 2
103 102 389 203
103 104 389 3
104 103 389 204
104 105 389 4
105 104 389 205
105 106 389 5
106 105 389 206
106 107 389 6
107 106 389 207
107 108 389 7
108 109 389 8
109 110 389 9
110 111 389 10
111 127 389 11
112 128 389 87
113 129 389 21
114 113 389 22
115 114 389 23
116 115 389 24
117 116 389 25
117 118 389 209
118 117 389 26
118 119 389 210
119 118 389 27
119 120 389 211
120 119 389 28
120 121 389 212
121 120 389 29
121 122 389 213
122 121 389 30
122 123 389 214
123 122 389 31
123 124 389 215
124 125 389 216
125 126 389 217
126 127 389 218
127 111 389 219
128 112 389 167
129 113 389 229
130 129 389 230
131 130 389 231
132 131 389 232
133 132 389 233
133 134 389 33
134 133 389 234
134 135 389 34
135 134 389 235
135 136 389 35
136 135 389 236
136 137 389 36
137 136 389 237
137 138 389 37
138 137 389 238
138 139 389 38
139 138 389 239
139 140 389 39
140 141 389 40
141 142 389 41
142 143 389 42
143 159 389 43
144 160 389 90
145 146 389 208
145 161 389 53
146 145 389 54
147 146 389 55
148 147 389 56
148 149 389 240
149 148 389 57
149 150 389 241
150 149 389 58
150 151 389 242
151 150 389 59
151 152 389 243
152 151 389 60
152 153 389 244
153 152 389 61
153 154 389 245
154 153 389 62
154 155 389 246
155 154 389 63
155 156 389 247
156 157 389 248
157 158 389 249
158 159 389 250
159 143 389 251
160 144 389 164
161 145 389 192
164 163 389 160
165 166 389 65
166 167 389 66
167 166 389 128
167 168 389 67
168 169 389 68
169 170 389 69
170 169 389 96
170 171 389 70
171 172 389 71
172 173 389 72
173 172 389 64
173 174 389 73
174 175 389 74
175 191 389 75
176 192 389 93
177 193 389 85
178 177 389 86
179 178 389 87
180 179 389 88
181 180 389 89
182 181 389 90
183 182 389 91
184 183 389 92
185 184 389 93
186 185 389 94
187 186 389 95
190 191 389 16
192 176 389 161
193 177 389 13
194 193 389 14
195 194 389 15
197 198 389 97
198 199 389 98
199 200 389 99
200 201 389 100
201 202 389 101
202 203 389 102
203 204 389 103
204 205 389 104
205 206 389 105
206 207 389 106
207 223 389 107
208 192 389 145
209 225 389 117
210 209 389 118
211 210 389 119
212 211 389 120
213 212 389 121
214 213 389 122
215 214 389 123
216 215 389 124
217 216 389 125
218 217 389 126
219 218 389 127
221 222 389 17
222 223 389 18
223 207 389 19
224 240 389 78
225 209 389 45
226 225 389 46
227 226 389 47
229 230 389 129
230 231 389 130
231 232 389 131
232 233 389 132
233 234 389 133
234 235 389 134
235 236 389 135
236 237 389 136
237 238 389 137
238 239 389 138
239 255 389 139
240 224 389 148
241 240 389 149
242 241 389 150
243 242 389 151
244 243 389 152
245 244 389 153
246 245 389 154
247 246 389 155
248 247 389 156
249 248 389 157
250 249 389 158
251 250 389 159
253 254 389 49
254 255 389 50
255 239 389 51
0 1 391 189
1 2 391 188
2 3 391 187
3 4 391 186
4 5 391 185
5 6 391 184
6 7 391 183
7 8 391 182
8 9 391 181
9 10 391 180
10 11 391 179
11 12 391 178
12 11 391 127
12 13 391 177
13 12 391 126
14 13 391 125
15 14 391 124
16 32 391 99
17 18 391 132
18 19 391 131
19 20 391 130
20 19 391 207
20 21 391 129
21 20 391 206
22 21 391 205
23 22 391 204
24 23 391 203
25 24 391 202
26 25 391 201
27 26 391 200
28 27 391 199
29 28 391 198
30 29 391 197
31 30 391 196
33 34 391 220
34 35 391 219
35 36 391 218
36 37 391 217
37 38 391 216
38 39 391 215
39 40 391 214
40 41 391 213
41 42 391 212
42 43 391 211
43 44 391 210
44 43 391 159
44 45 391 209
45 44 391 158
46 45 391 157
47 46 391 156
48 32 391 174
49 50 391 164
50 51 391 163
51 52 391 162
52 51 391 239
52 53 391 161
53 52 391 238
54 53 391 237
55 54 391 236
56 55 391 235
57 56 391 234
58 57 391 233
59 58 391 232
60 59 391 231
61 60 391 230
62 61 391 229
63 62 391 228
64 80 391 82
65 66 391 252
66 67 391 251
67 68 391 250
68 69 391 249
69 70 391 248
70 71 391 247
71 72 391 246
72 73 391 245
73 74 391 244
74 75 391 243
75 76 391 242
76 75 391 191
76 77 391 241
77 76 391 190
77 78 391 240
78 77 391 189
79 78 391 188
80 64 391 171
81 82 391 196
82 81 391 64
82 83 391 195
83 84 391 194
84 85 391 193
85 84 391 96
88 87 391 128
91 90 391 160
94 93 391 192
96 112 391 85
99 100 391 16
108 107 391 223
109 108 391 222
110 109 391 221
111 110 391 220
112 96 391 168
113 114 391 228
114 115 391 227
115 116 391 226
116 117 391 225
124 123 391 15
125 124 391 14
126 125 391 13
127 126 391 12
128 144 391 88
129 130 391 20
130 131 391 19
131 132 391 18
132 133 391 17
140 139 391 255
141 140 391 254
142 141 391 253
143 142 391 252
144 128 391 165
147 148 391 224
156 155 391 47
157 156 391 46
158 157 391 45
159 158 391 44
160 176 391 91
161 162 391 52
162 161 391 176
162 163 391 51
163 164 391 50
164 165 391 49
165 164 391 144
168 167 391 112
171 170 391 80
174 173 391 48
176 160 391 162
177 178 391 12
178 179 391 11
179 180 391 10
180 181 391 9
181 182 391 8
182 183 391 7
183 184 391 6
184 185 391 5
185 186 391 4
186 187 391 3
187 188 391 2
188 187 391 79
188 189 391 1
189 188 391 78
189 190 391 0
190 189 391 77
191 190 391 76
192 208 391 94
193 194 391 84
194 195 391 83
195 196 391 82
196 195 391 31
196 197 391 81
197 196 391 30
198 197 391 29
199 198 391 28
200 199 391 27
201 200 391 26
202 201 391 25
203 202 391 24
204 203 391 23
205 204 391 22
206 205 391 21
207 206 391 20
209 210 391 44
210 211 391 43
211 212 391 42
212 213 391 41
213 214 391 40
214 215 391 39
215 216 391 38
216 217 391 37
217 218 391 36
218 219 391 35
219 220 391 34
220 219 391 111
220 221 391 33
221 220 391 110
222 221 391 109
223 222 391 108
224 208 391 147
225 226 391 116
226 227 391 115
227 228 391 114
228 227 391 63
228 229 391 113
229 228 391 62
230 229 391 61
231 230 391 60
232 231 391 59
233 232 391 58
234 233 391 57
235 234 391 56
236 235 391 55
237 236 391 54
238 237 391 53
239 238 391 52
240 241 391 77
241 242 391 76
242 243 391 75
243 244 391 74
244 245 391 73
245 246 391 72
246 247 391 71
247 248 391 70
248 249 391 69
249 250 391 68
250 251 391 67
251 252 391 66
252 251 391 143
252 253 391 65
253 252 391 142
254 253 391 141
255 254 391 140
0 16 393 101
1 0 393 102
2 1 393 103
3 2 393 104
4 3 393 105
5 4 393 106
6 5 393 107
7 6 393 108
8 7 393 109
9 8 393 110
10 9 393 111
14 15 393 193
15 31 393 194
16 0 393 191
17 33 393 222
18 17 393 223
22 23 393 113
23 24 393 114
24 25 393 115
25 26 393 116
26 27 393 117
27 28 393 118
28 29 393 119
29 30 393 120
30 31 393 121
31 15 393 122
32 16 393 175
32 48 393 98
33 17 393 134
34 33 393 135
35 34 393 136
36 35 393 137
37 36 393 138
38 37 393 139
39 38 393 140
40 39 393 141
41 40 393 142
42 41 393 143
46 47 393 225
47 63 393 226
49 65 393 254
50 49 393 255
54 55 393 145
55 56 393 146
56 57 393 147
57 58 393 148
58 59 393 149
59 60 393 150
60 61 393 151
61 62 393 152
62 63 393 153
63 47 393 154
64 48 393 172
65 49 393 166
66 65 393 167
67 66 393 168
68 67 393 169
69 68 393 170
70 69 393 171
71 70 393 172
72 71 393 173
73 72 393 174
74 73 393 175
79 95 393 224
80 96 393 83
83 82 393 80
86 85 393 112
86 87 393 177
87 88 393 178
88 89 393 179
89 88 393 144
89 90 393 180
90 91 393 181
91 92 393 182
92 91 393 176
92 93 393 183
93 94 393 184
94 95 393 185
95 79 393 186
95 94 393 208
96 80 393 169
97 81 393 198
98 97 393 199
98 99 393 32
99 98 393 200
100 99 393 201
101 100 393 202
101 102 393 0
102 101 393 203
102 103 393 1
103 102 393 204
103 104 393 2
104 103 393 205
104 105 393 3
105 104 393 206
105 106 393 4
106 105 393 207
106 107 393 5
107 108 393 6
108 109 393 7
109 110 393 8
110 111 393 9
111 127 393 10
112 128 393 86
113 129 393 22
114 113 393 23
115 114 393 24
116 115 393 25
117 116 393 26
118 117 393 27
118 119 393 209
119 118 393 28
119 120 393 210
120 119 393 29
120 121 393 211
121 120 393 30
121 122 393 212
122 121 393 31
122 123 393 213
123 124 393 214
124 125 393 215
125 126 393 216
126 127 393 217
127 111 393 218
128 112 393 166
129 113 393 230
130 129 393 231
131 130 393 232
132 131 393 233
133 132 393 234
134 133 393 235
134 135 393 33
135 134 393 236
135 136 393 34
136 135 393 237
136 137 393 35
137 136 393 238
137 138 393 36
138 137 393 239
138 139 393 37
139 140 393 38
140 141 393 39
141 142 393 40
142 143 393 41
143 159 393 42
144 160 393 89
145 161 393 54
146 145 393 55
146 147 393 208
147 146 393 56
148 147 393 57
149 148 393 58
149 150 393 240
150 149 393 59
150 151 393 241
151 150 393 60
151 152 393 242
152 151 393 61
152 153 393 243
153 152 393 62
153 154 393 244
154 153 393 63
154 155 393 245
155 156 393 246
156 157 393 247
157 158 393 248
158 159 393 249
159 143 393 250
160 144 393 163
163 162 393 160
166 165 393 128
166 167 393 65
167 168 393 66
168 169 393 67
169 168 393 96
169 170 393 68
170 171 393 69
171 172 393 70
172 171 393 64
172 173 393 71
173 174 393 72
174 175 393 73
175 174 393 32
175 191 393 74
176 192 393 92
177 193 393 86
178 177 393 87
179 178 393 88
180 179 393 89
181 180 393 90
182 181 393 91
183 182 393 92
184 183 393 93
185 184 393 94
186 185 393 95
191 175 393 16
193 177 393 14
194 193 393 15
198 199 393 97
199 200 393 98
200 201 393 99
201 202 393 100
202 203 393 101
203 204 393 102
204 205 393 103
205 206 393 104
206 207 393 105
207 223 393 106
208 192 393 146
208 224 393 95
209 225 393 118
210 209 393 119
211 210 393 120
212 211 393 121
213 212 393 122
214 213 393 123
215 214 393 124
216 215 393 125
217 216 393 126
218 217 393 127
222 223 393 17
223 207 393 18
224 240 393 79
225 209 393 46
226 225 393 47
230 231 393 129
231 232 393 130
232 233 393 131
233 234 393 132
234 235 393 133
235 236 393 134
236 237 393 135
237 238 393 136
238 239 393 137
239 255 393 138
240 224 393 149
241 240 393 150
242 241 393 151
243 242 393 152
244 243 393 153
245 244 393 154
246 245 393 155
247 246 393 156
248 247 393 157
249 248 393 158
250 249 393 159
254 255 393 49
255 239 393 50
0 1 395 190
1 2 395 189
2 3 395 188
3 4 395 187
4 5 395 186
5 6 395 185
6 7 395 184
7 8 395 183
8 9 395 182
9 10 395 181
10 11 395 180
11 10 395 127
11 12 395 179
12 11 395 126
12 13 395 178
13 12 395 125
13 14 395 177
14 13 395 124
15 14 395 123
16 32 395 100
17 18 395 133
18 19 395 132
19 18 395 207
19 20 395 131
20 19 395 206
20 21 395 130
21 20 395 205
21 22 395 129
22 21 395 204
23 22 395 203
24 23 395 202
25 24 395 201
26 25 395 200
27 26 395 199
28 27 395 198
29 28 395 197
30 29 395 196
31 30 395 195
33 34 395 221
34 35 395 220
35 36 395 219
36 37 395 218
37 38 395 217
38 39 395 216
39 40 395 215
40 41 395 214
41 42 395 213
42 43 395 212
43 42 395 159
43 44 395 211
44 43 395 158
44 45 395 210
45 44 395 157
45 46 395 209
46 45 395 156
47 46 395 155
48 32 395 173
48 64 395 97
49 50 395 165
50 51 395 164
51 50 395 239
51 52 395 163
52 51 395 238
52 53 395 162
53 52 395 237
53 54 395 161
54 53 395 236
55 54 395 235
56 55 395 234
57 56 395 233
58 57 395 232
59 58 395 231
60 59 395 230
61 60 395 229
62 61 395 228
63 62 395 227
64 80 395 81
65 66 395 253
66 67 395 252
67 68 395 251
68 69 395 250
69 70 395 249
70 71 395 248
71 72 395 247
72 73 395 246
73 74 395 245
74 75 395 244
75 74 395 191
75 76 395 243
76 75 395 190
76 77 395 242
77 76 395 189
77 78 395 241
78 77 395 188
78 79 395 240
79 78 395 187
80 64 395 170
81 82 395 197
81 97 395 64
82 83 395 196
83 84 395 195
84 83 395 96
84 85 395 194
85 86 395 193
87 86 395 128
90 89 395 160
93 92 395 192
96 112 395 84
97 98 395 48
100 101 395 16
107 106 395 223
108 107 395 222
109 108 395 221
110 109 395 220
111 110 395 219
112 96 395 167
113 114 395 229
114 115 395 228
115 116 395 227
116 117 395 226
117 118 395 225
123 122 395 15
124 123 395 14
125 124 395 13
126 125 395 12
127 126 395 11
128 144 395 87
129 130 395 21
130 131 395 20
131 132 395 19
132 133 395 18
133 134 395 17
139 138 395 255
140 139 395 254
141 140 395 253
142 141 395 252
143 142 395 251
144 128 395 164
145 146 395 192
148 149 395 224
155 154 395 47
156 155 395 46
157 156 395 45
158 157 395 44
159 158 395 43
160 176 395 90
161 145 395 176
161 162 395 53
162 163 395 52
163 164 395 51
164 163 395 144
164 165 395 50
165 166 395 49
167 166 395 112
170 169 395 80
173 172 395 48
176 160 395 161
177 178 395 13
178 179 395 12
179 180 395 11
180 181 395 10
181 182 395 9
182 183 395 8
183 184 395 7
184 185 395 6
185 186 395 5
186 187 395 4
187 186 395 79
187 188 395 3
188 187 395 78
188 189 395 2
189 188 395 77
189 190 395 1
190 189 395 76
190 191 395 0
191 190 395 75
192 176 395 145
192 208 395 93
193 194 395 85
194 195 395 84
195 194 395 31
195 196 395 83
196 195 395 30
196 197 395 82
197 196 395 29
197 198 395 81
198 197 395 28
199 198 395 27
200 199 395 26
201 200 395 25
202 201 395 24
203 202 395 23
204 203 395 22
205 204 395 21
206 205 395 20
207 206 395 19
209 210 395 45
210 211 395 44
211 212 395 43
212 213 395 42
213 214 395 41
214 215 395 40
215 216 395 39
216 217 395 38
217 218 395 37
218 219 395 36
219 218 395 111
219 220 395 35
220 219 395 110
220 221 395 34
221 220 395 109
221 222 395 33
222 221 395 108
223 222 395 107
224 208 395 148
225 226 395 117
226 227 395 116
227 226 395 63
227 228 395 115
228 227 395 62
228 229 395 114
229 228 395 61
229 230 395 113
230 229 395 60
231 230 395 59
232 231 395 58
233 232 395 57
234 233 395 56
235 234 395 55
236 235 395 54
237 236 395 53
238 237 395 52
239 238 395 51
240 241 395 78
241 242 395 77
242 243 395 76
243 244 395 75
244 245 395 74
245 246 395 73
246 247 395 72
247 248 395 71
248 249 395 70
249 250 395 69
250 251 395 68
251 250 395 143
251 252 395 67
252 251 395 142
252 253 395 66
253 252 395 141
253 254 395 65
254 253 395 140
255 254 395 139
0 16 397 102
1 0 397 103
2 1 397 104
3 2 397 105
4 3 397 106
5 4 397 107
6 5 397 108
7 6 397 109
8 7 397 110
9 8 397 111
15 31 397 193
17 33 397 223
23 24 397 113
24 25 397 114
25 26 397 115
26 27 397 116
27 28 397 117
28 29 397 118
29 30 397 119
30 31 397 120
31 15 397 121
32 16 397 174
32 48 397 99
33 17 397 135
34 33 397 136
35 34 397 137
36 35 397 138
37 36 397 139
38 37 397 140
39 38 397 141
40 39 397 142
41 40 397 143
47 63 397 225
49 65 397 255
55 56 397 145
56 57 397 146
57 58 397 147
58 59 397 148
59 60 397 149
60 61 397 150
61 62 397 151
62 63 397 152
63 47 397 153
64 48 397 171
65 49 397 167
66 65 397 168
67 66 397 169
68 67 397 170
69 68 397 171
70 69 397 172
71 70 397 173
72 71 397 174
73 72 397 175
80 96 397 82
82 81 397 80
85 84 397 112
87 88 397 177
88 87 397 144
88 89 397 178
89 90 397 179
90 91 397 180
91 90 397 176
91 92 397 181
92 93 397 182
93 94 397 183
94 93 397 208
94 95 397 184
95 79 397 185
96 80 397 168
97 81 397 199
98 97 397 200
99 98 397 201
99 100 397 32
100 99 397 202
101 100 397 203
102 101 397 204
102 103 397 0
103 102 397 205
103 104 397 1
104 103 397 206
104 105 397 2
105 104 397 207
105 106 397 3
106 107 397 4
107 108 397 5
108 109 397 6
109 110 397 7
110 111 397 8
111 127 397 9
112 128 397 85
113 129 397 23
114 113 397 24
115 114 397 25
116 115 397 26
117 116 397 27
118 117 397 28
119 118 397 29
119 120 397 209
120 119 397 30
120 121 397 210
121 120 397 31
121 122 397 211
122 123 397 212
123 124 397 213
124 125 397 214
125 126 397 215
126 127 397 216
127 111 397 217
128 112 397 165
129 113 397 231
130 129 397 232
131 130 397 233
132 131 397 234
133 132 397 235
134 133 397 236
135 134 397 237
135 136 397 33
136 135 397 238
136 137 397 34
137 136 397 239
137 138 397 35
138 139 397 36
139 140 397 37
140 141 397 38
141 142 397 39
142 143 397 40
143 159 397 41
144 160 397 88
145 161 397 55
146 145 397 56
147 146 397 57
147 148 397 208
148 147 397 58
149 148 397 59
150 149 397 60
150 151 397 240
151 150 397 61
151 152 397 241
152 151 397 62
152 153 397 242
153 152 397 63
153 154 397 243
154 155 397 244
155 156 397 245
156 157 397 246
157 158 397 247
158 159 397 248
159 143 397 249
160 144 397 162
162 161 397 160
165 164 397 128
167 168 397 65
168 167 397 96
168 169 397 66
169 170 397 67
170 171 397 68
171 170 397 64
171 172 397 69
172 173 397 70
173 174 397 71
174 173 397 32
174 175 397 72
175 191 397 73
176 192 397 91
177 193 397 87
178 177 397 88
179 178 397 89
180 179 397 90
181 180 397 91
182 181 397 92
183 182 397 93
184 183 397 94
185 184 397 95
193 177 397 15
199 200 397 97
200 201 397 98
201 202 397 99
202 203 397 100
203 204 397 101
204 205 397 102
205 206 397 103
206 207 397 104
207 223 397 105
208 192 397 147
208 224 397 94
209 225 397 119
210 209 397 120
211 210 397 121
212 211 397 122
213 212 397 123
214 213 397 124
215 214 397 125
216 215 397 126
217 216 397 127
223 207 397 17
225 209 397 47
231 232 397 129
232 233 397 130
233 234 397 131
234 235 397 132
235 236 397 133
236 237 397 134
237 238 397 135
238 239 397 136
239 255 397 137
240 224 397 150
241 240 397 151
242 241 397 152
243 242 397 153
244 243 397 154
245 244 397 155
246 245 397 156
247 246 397 157
248 247 397 158
249 248 397 159
255 239 397 49
0 1 399 191
1 2 399 190
2 3 399 189
3 4 399 188
4 5 399 187
5 6 399 186
6 7 399 185
7 8 399 184
8 9 399 183
9 10 399 182
10 9 399 127
10 11 399 181
11 10 399 126
11 12 399 180
12 11 399 125
12 13 399 179
13 12 399 124
13 14 399 178
14 13 399 123
14 15 399 177
15 14 399 122
16 0 399 175
16 32 399 101
17 18 399 134
18 17 399 207
18 19 399 133
19 18 399 206
19 20 399 132
20 19 399 205
20 21 399 131
21 20 399 204
21 22 399 130
22 21 399 203
22 23 399 129
23 22 399 202
24 23 399 201
25 24 399 200
26 25 399 199
27 26 399 198
28 27 399 197
29 28 399 196
30 29 399 195
31 30 399 194
33 34 399 222
34 35 399 221
35 36 399 220
36 37 399 219
37 38 399 218
38 39 399 217
39 40 399 216
40 41 399 215
41 42 399 214
42 41 399 159
42 43 399 213
43 42 399 158
43 44 399 212
44 43 399 157
44 45 399 211
45 44 399 156
45 46 399 210
46 45 399 155
46 47 399 209
47 46 399 154
48 32 399 172
48 64 399 98
49 50 399 166
50 49 399 239
50 51 399 165
51 50 399 238
51 52 399 164
52 51 399 237
52 53 399 163
53 52 399 236
53 54 399 162
54 53 399 235
54 55 399 161
55 54 399 234
56 55 399 233
57 56 399 232
58 57 399 231
59 58 399 230
60 59 399 229
61 60 399 228
62 61 399 227
63 62 399 226
65 66 399 254
66 67 399 253
67 68 399 252
68 69 399 251
69 70 399 250
70 71 399 249
71 72 399 248
72 73 399 247
73 74 399 246
74 73 399 191
74 75 399 245
75 74 399 190
75 76 399 244
76 75 399 189
76 77 399 243
77 76 399 188
77 78 399 242
78 77 399 187
78 79 399 241
79 78 399 186
79 95 399 240
80 64 399 169
81 82 399 198
82 83 399 197
83 82 399 96
83 84 399 196
84 85 399 195
85 86 399 194
86 85 399 128
86 87 399 193
89 88 399 160
92 91 399 192
95 94 399 224
96 112 399 83
98 99 399 48
101 102 399 16
106 105 399 223
107 106 399 222
108 107 399 221
109 108 399 220
110 109 399 219
111 110 399 218
112 96 399 166
113 114 399 230
114 115 399 229
115 116 399 228
116 117 399 227
117 118 399 226
118 119 399 225
122 121 399 15
123 122 399 14
124 123 399 13
125 124 399 12
126 125 399 11
127 126 399 10
128 144 399 86
129 130 399 22
130 131 399 21
131 132 399 20
132 133 399 19
133 134 399 18
134 135 399 17
138 137 399 255
139 138 399 254
140 139 399 253
141 140 399 252
142 141 399 251
143 142 399 250
144 128 399 163
146 147 399 192
149 150 399 224
154 153 399 47
155 154 399 46
156 155 399 45
157 156 399 44
158 157 399 43
159 158 399 42
160 176 399 89
161 162 399 54
162 163 399 53
163 162 399 144
163 164 399 52
164 165 399 51
165 166 399 50
166 165 399 112
166 167 399 49
169 168 399 80
172 171 399 48
175 174 399 16
177 178 399 14
178 179 399 13
179 180 399 12
180 181 399 11
181 182 399 10
182 183 399 9
183 184 399 8
184 185 399 7
185 186 399 6
186 185 399 79
186 187 399 5
187 186 399 78
187 188 399 4
188 187 399 77
188 189 399 3
189 188 399 76
189 190 399 2
190 189 399 75
190 191 399 1
191 175 399 0
191 190 399 74
192 176 399 146
192 208 399 92
193 194 399 86
194 193 399 31
194 195 399 85
195 194 399 30
195 196 399 84
196 195 399 29
196 197 399 83
197 196 399 28
197 198 399 82
198 197 399 27
198 199 399 81
199 198 399 26
200 199 399 25
201 200 399 24
202 201 399 23
203 202 399 22
204 203 399 21
205 204 399 20
206 205 399 19
207 206 399 18
209 210 399 46
210 211 399 45
211 212 399 44
212 213 399 43
213 214 399 42
214 215 399 41
215 216 399 40
216 217 399 39
217 218 399 38
218 217 399 111
218 219 399 37
219 218 399 110
219 220 399 36
220 219 399 109
220 221 399 35
221 220 399 108
221 222 399 34
222 221 399 107
222 223 399 33
223 222 399 106
224 208 399 149
224 240 399 95
225 226 399 118
226 225 399 63
226 227 399 117
227 226 399 62
227 228 399 116
228 227 399 61
228 229 399 115
229 228 399 60
229 230 399 114
230 229 399 59
230 231 399 113
231 230 399 58
232 231 399 57
233 232 399 56
234 233 399 55
235 234 399 54
236 235 399 53
237 236 399 52
238 237 399 51
239 238 399 50
240 241 399 79
241 242 399 78
242 243 399 77
243 244 399 76
244 245 399 75
245 246 399 74
246 247 399 73
247 248 399 72
248 249 399 71
249 250 399 70
250 249 399 143
250 251 399 69
251 250 399 142
251 252 399 68
252 251 399 141
252 253 399 67
253 252 399 140
253 254 399 66
254 253 399 139
254 255 399 65
255 254 399 138
0 16 401 103
1 0 401 104
2 1 401 105
3 2 401 106
4 3 401 107
5 4 401 108
6 5 401 109
7 6 401 110
8 7 401 111
24 25 401 113
25 26 401 114
26 27 401 115
27 28 401 116
28 29 401 117
29 30 401 118
30 31 401 119
31 15 401 120
32 16 401 173
32 48 401 100
33 17 401 136
34 33 401 137
35 34 401 138
36 35 401 139
37 36 401 140
38 37 401 141
39 38 401 142
40 39 401 143
56 57 401 145
57 58 401 146
58 59 401 147
59 60 401 148
60 61 401 149
61 62 401 150
62 63 401 151
63 47 401 152
64 48 401 170
64 80 401 97
65 49 401 168
66 65 401 169
67 66 401 170
68 67 401 171
69 68 401 172
70 69 401 173
71 70 401 174
72 71 401 175
80 96 401 81
81 97 401 80
84 83 401 112
87 86 401 144
88 89 401 177
89 90 401 178
90 89 401 176
90 91 401 179
91 92 401 180
92 93 401 181
93 92 401 208
93 94 401 182
94 95 401 183
95 79 401 184
96 80 401 167
97 81 401 200
97 98 401 64
98 97 401 201
99 98 401 202
100 99 401 203
100 101 401 32
101 100 401 204
102 101 401 205
103 102 401 206
103 104 401 0
104 103 401 207
104 105 401 1
105 106 401 2
106 107 401 3
107 108 401 4
108 109 401 5
109 110 401 6
110 111 401 7
111 127 401 8
112 128 401 84
113 129 401 24
114 113 401 25
115 114 401 26
116 115 401 27
117 116 401 28
118 117 401 29
119 118 401 30
120 119 401 31
120 121 401 209
121 122 401 210
122 123 401 211
123 124 401 212
124 125 401 213
125 126 401 214
126 127 401 215
127 111 401 216
128 112 401 164
129 113 401 232
130 129 401 233
131 130 401 234
132 131 401 235
133 132 401 236
134 133 401 237
135 134 401 238
136 135 401 239
136 137 401 33
137 138 401 34
138 139 401 35
139 140 401 36
140 141 401 37
141 142 401 38
142 143 401 39
143 159 401 40
144 160 401 87
145 146 401 176
145 161 401 56
146 145 401 57
147 146 401 58
148 147 401 59
148 149 401 208
149 148 401 60
150 149 401 61
151 150 401 62
151 152 401 240
152 151 401 63
152 153 401 241
153 154 401 242
154 155 401 243
155 156 401 244
156 157 401 245
157 158 401 246
158 159 401 247
159 143 401 248
160 144 401 161
161 145 401 160
164 163 401 128
167 166 401 96
168 169 401 65
169 170 401 66
170 169 401 64
170 171 401 67
171 172 401 68
172 173 401 69
173 172 401 32
173 174 401 70
174 175 401 71
175 191 401 72
176 160 401 145
176 192 401 90
177 193 401 88
178 177 401 89
179 178 401 90
180 179 401 91
181 180 401 92
182 181 401 93
183 182 401 94
184 183 401 95
200 201 401 97
201 202 401 98
202 203 401 99
203 204 401 100
204 205 401 101
205 206 401 102
206 207 401 103
207 223 401 104
208 192 401 148
208 224 401 93
209 225 401 120
210 209 401 121
211 210 401 122
212 211 401 123
213 212 401 124
214 213 401 125
215 214 401 126
216 215 401 127
232 233 401 129
233 234 401 130
234 235 401 131
235 236 401 132
236 237 401 133
237 238 401 134
238 239 401 135
239 255 401 136
240 224 401 151
241 240 401 152
242 241 401 153
243 242 401 154
244 243 401 155
245 244 401 156
246 245 401 157
247 246 401 158
248 247 401 159
1 2 403 191
2 3 403 190
3 4 403 189
4 5 403 188
5 6 403 187
6 7 403 186
7 8 403 185
8 9 403 184
9 8 403 127
9 10 403 183
10 9 403 126
10 11 403 182
11 10 403 125
11 12 403 181
12 11 403 124
12 13 403 180
13 12 403 123
13 14 403 179
14 13 403 122
14 15 403 178
15 14 403 121
15 31 403 177
16 0 403 174
16 32 403 102
17 18 403 135
17 33 403 207
18 17 403 206
18 19 403 134
19 18 403 205
19 20 403 133
20 19 403 204
20 21 403 132
21 20 403 203
21 22 403 131
22 21 403 202
22 23 403 130
23 22 403 201
23 24 403 129
24 23 403 200
25 24 403 199
26 25 403 198
27 26 403 197
28 27 403 196
29 28 403 195
30 29 403 194
31 30 403 193
33 34 403 223
34 35 403 222
35 36 403 221
36 37 403 220
37 38 403 219
38 39 403 218
39 40 403 217
40 41 403 216
41 40 403 159
41 42 403 215
42 41 403 158
42 43 403 214
43 42 403 157
43 44 403 213
44 43 403 156
44 45 403 212
45 44 403 155
45 46 403 211
46 45 403 154
46 47 403 210
47 46 403 153
47 63 403 209
48 32 403 171
48 64 403 99
49 50 403 167
49 65 403 239
50 49 403 238
50 51 403 166
51 50 403 237
51 52 403 165
52 51 403 236
52 53 403 164
53 52 403 235
53 54 403 163
54 53 403 234
54 55 403 162
55 54 403 233
55 56 403 161
56 55 403 232
57 56 403 231
58 57 403 230
59 58 403 229
60 59 403 228
61 60 403 227
62 61 403 226
63 62 403 225
65 66 403 255
66 67 403 254
67 68 403 253
68 69 403 252
69 70 403 251
70 71 403 250
71 72 403 249
72 73 403 248
73 72 403 191
73 74 403 247
74 73 403 190
74 75 403 246
75 74 403 189
75 76 403 245
76 75 403 188
76 77 403 244
77 76 403 187
77 78 403 243
78 77 403 186
78 79 403 242
79 78 403 185
79 95 403 241
80 64 403 168
81 82 403 199
82 81 403 96
82 83 403 198
83 84 403 197
84 85 403 196
85 84 403 128
85 86 403 195
86 87 403 194
87 88 403 193
88 87 403 160
91 90 403 192
94 93 403 224
96 112 403 82
99 100 403 48
102 103 403 16
105 104 403 223
106 105 403 222
107 106 403 221
108 107 403 220
109 108 403 219
110 109 403 218
111 110 403 217
112 96 403 165
113 114 403 231
114 115 403 230
115 116 403 229
116 117 403 228
117 118 403 227
118 119 403 226
119 120 403 225
121 120 403 15
122 121 403 14
123 122 403 13
124 123 403 12
125 124 403 11
126 125 403 10
127 126 403 9
128 144 403 85
129 130 403 23
130 131 403 22
131 132 403 21
132 133 403 20
133 134 403 19
134 135 403 18
135 136 403 17
137 136 403 255
138 137 403 254
139 138 403 253
140 139 403 252
141 140 403 251
142 141 403 250
143 142 403 249
144 128 403 162
147 148 403 192
150 151 403 224
153 152 403 47
154 153 403 46
155 154 403 45
156 155 403 44
157 156 403 43
158 157 403 42
159 158 403 41
160 176 403 88
161 162 403 55
162 161 403 144
162 163 403 54
163 164 403 53
164 165 403 52
165 164 403 112
165 166 403 51
166 167 403 50
167 168 403 49
168 167 403 80
171 170 403 48
174 173 403 16
177 178 403 15
178 179 403 14
179 180 403 13
180 181 403 12
181 182 403 11
182 183 403 10
183 184 403 9
184 185 403 8
185 184 403 79
185 186 403 7
186 185 403 78
186 187 403 6
187 186 403 77
187 188 403 5
188 187 403 76
188 189 403 4
189 188 403 75
189 190 403 3
190 189 403 74
190 191 403 2
191 175 403 1
191 190 403 73
192 176 403 147
192 208 403 91
193 177 403 31
193 194 403 87
194 193 403 30
194 195 403 86
195 194 403 29
195 196 403 85
196 195 403 28
196 197 403 84
197 196 403 27
197 198 403 83
198 197 403 26
198 199 403 82
199 198 403 25
199 200 403 81
200 199 403 24
201 200 403 23
202 201 403 22
203 202 403 21
204 203 403 20
205 204 403 19
206 205 403 18
207 206 403 17
209 210 403 47
210 211 403 46
211 212 403 45
212 213 403 44
213 214 403 43
214 215 403 42
215 216 403 41
216 217 403 40
217 216 403 111
217 218 403 39
218 217 403 110
218 219 403 38
219 218 403 109
219 220 403 37
220 219 403 108
220 221 403 36
221 220 403 107
221 222 403 35
222 221 403 106
222 223 403 34
223 207 403 33
223 222 403 105
224 208 403 150
224 240 403 94
225 209 403 63
225 226 403 119
226 225 403 62
226 227 403 118
227 226 403 61
227 228 403 117
228 227 403 60
228 229 403 116
229 228 403 59
229 230 403 115
230 229 403 58
230 231 403 114
231 230 403 57
231 232 403 113
232 231 403 56
233 232 403 55
234 233 403 54
235 234 403 53
236 235 403 52
237 236 403 51
238 237 403 50
239 238 403 49
241 242 403 79
242 243 403 78
243 244 403 77
244 245 403 76
245 246 403 75
246 247 403 74
247 248 403 73
248 249 403 72
249 248 403 143
249 250 403 71
250 249 403 142
250 251 403 70
251 250 403 141
251 252 403 69
252 251 403 140
252 253 403 68
253 252 403 139
253 254 403 67
254 253 403 138
254 255 403 66
255 239 403 65
255 254 403 137
0 1 405 175
0 16 405 104
1 0 405 105
2 1 405 106
3 2 405 107
4 3 405 108
5 4 405 109
6 5 405 110
7 6 405 111
25 26 405 113
26 27 405 114
27 28 405 115
28 29 405 116
29 30 405 117
30 31 405 118
31 15 405 119
32 16 405 172
32 48 405 101
33 17 405 137
34 33 405 138
35 34 405 139
36 35 405 140
37 36 405 141
38 37 405 142
39 38 405 143
57 58 405 145
58 59 405 146
59 60 405 147
60 61 405 148
61 62 405 149
62 63 405 150
63 47 405 151
64 48 405 169
64 80 405 98
65 49 405 169
66 65 405 170
67 66 405 171
68 67 405 172
69 68 405 173
70 69 405 174
71 70 405 175
83 82 405 112
86 85 405 144
89 88 405 176
89 90 405 177
90 91 405 178
91 92 405 179
92 91 405 208
92 93 405 180
93 94 405 181
94 95 405 182
95 79 405 183
95 94 405 240
96 80 405 166
97 81 405 201
98 97 405 202
98 99 405 64
99 98 405 203
100 99 405 204
101 100 405 205
101 102 405 32
102 101 405 206
103 102 405 207
104 105 405 0
105 106 405 1
106 107 405 2
107 108 405 3
108 109 405 4
109 110 405 5
110 111 405 6
111 127 405 7
112 128 405 83
113 129 405 25
114 113 405 26
115 114 405 27
116 115 405 28
117 116 405 29
118 117 405 30
119 118 405 31
121 122 405 209
122 123 405 210
123 124 405 211
124 125 405 212
125 126 405 213
126 127 405 214
127 111 405 215
128 112 405 163
129 113 405 233
130 129 405 234
131 130 405 235
132 131 405 236
133 132 405 237
134 133 405 238
135 134 405 239
137 138 405 33
138 139 405 34
139 140 405 35
140 141 405 36
141 142 405 37
142 143 405 38
143 159 405 39
144 160 405 86
145 161 405 57
146 145 405 58
146 147 405 176
147 146 405 59
148 147 405 60
149 148 405 61
149 150 405 208
150 149 405 62
151 150 405 63
152 153 405 240
153 154 405 241
154 155 405 242
155 156 405 243
156 157 405 244
157 158 405 245
158 159 405 246
159 143 405 247
163 162 405 128
166 165 405 96
169 168 405 64
169 170 405 65
170 171 405 66
171 172 405 67
172 171 405 32
172 173 405 68
173 174 405 69
174 175 405 70
175 174 405 0
175 191 405 71
176 160 405 146
176 192 405 89
177 193 405 89
178 177 405 90
179 178 405 91
180 179 405 92
181 180 405 93
182 181 405 94
183 182 405 95
201 202 405 97
202 203 405 98
203 204 405 99
204 205 405 100
205 206 405 101
206 207 405 102
207 223 405 103
208 192 405 149
208 224 405 92
209 225 405 121
210 209 405 122
211 210 405 123
212 211 405 124
213 212 405 125
214 213 405 126
215 214 405 127
233 234 405 129
234 235 405 130
235 236 405 131
236 237 405 132
237 238 405 133
238 239 405 134
239 255 405 135
240 224 405 152
240 241 405 95
241 240 405 153
242 241 405 154
243 242 405 155
244 243 405 156
245 244 405 157
246 245 405 158
247 246 405 159
2 3 407 191
3 4 407 190
4 5 407 189
5 6 407 188
6 7 407 187
7 8 407 186
8 7 407 127
8 9 407 185
9 8 407 126
9 10 407 184
10 9 407 125
10 11 407 183
11 10 407 124
11 12 407 182
12 11 407 123
12 13 407 181
13 12 407 122
13 14 407 180
14 13 407 121
14 15 407 179
15 14 407 120
15 31 407 178
16 0 407 173
16 32 407 103
17 18 407 136
17 33 407 206
18 17 407 205
18 19 407 135
19 18 407 204
19 20 407 134
20 19 407 203
20 21 407 133
21 20 407 202
21 22 407 132
22 21 407 201
22 23 407 131
23 22 407 200
23 24 407 130
24 23 407 199
24 25 407 129
25 24 407 198
26 25 407 197
27 26 407 196
28 27 407 195
29 28 407 194
30 29 407 193
34 35 407 223
35 36 407 222
36 37 407 221
37 38 407 220
38 39 407 219
39 40 407 218
40 39 407 159
40 41 407 217
41 40 407 158
41 42 407 216
42 41 407 157
42 43 407 215
43 42 407 156
43 44 407 214
44 43 407 155
44 45 407 213
45 44 407 154
45 46 407 212
46 45 407 153
46 47 407 211
47 46 407 152
47 63 407 210
48 32 407 170
48 64 407 100
49 50 407 168
49 65 407 238
50 49 407 237
50 51 407 167
51 50 407 236
51 52 407 166
52 51 407 235
52 53 407 165
53 52 407 234
53 54 407 164
54 53 407 233
54 55 407 163
55 54 407 232
55 56 407 162
56 55 407 231
56 57 407 161
57 56 407 230
58 57 407 229
59 58 407 228
60 59 407 227
61 60 407 226
62 61 407 225
66 67 407 255
67 68 407 254
68 69 407 253
69 70 407 252
70 71 407 251
71 72 407 250
72 71 407 191
72 73 407 249
73 72 407 190
73 74 407 248
74 73 407 189
74 75 407 247
75 74 407 188
75 76 407 246
76 75 407 187
76 77 407 245
77 76 407 186
77 78 407 244
78 77 407 185
78 79 407 243
79 78 407 184
79 95 407 242
80 64 407 167
80 96 407 97
81 82 407 200
81 97 407 96
82 83 407 199
83 84 407 198
84 83 407 128
84 85 407 197
85 86 407 196
86 87 407 195
87 86 407 160
87 88 407 194
88 89 407 193
90 89 407 192
93 92 407 224
96 112 407 81
97 98 407 80
100 101 407 48
103 104 407 16
104 103 407 223
105 104 407 222
106 105 407 221
107 106 407 220
108 107 407 219
109 108 407 218
110 109 407 217
111 110 407 216
112 96 407 164
113 114 407 232
114 115 407 231
115 116 407 230
116 117 407 229
117 118 407 228
118 119 407 227
119 120 407 226
120 119 407 15
120 121 407 225
121 120 407 14
122 121 407 13
123 122 407 12
124 123 407 11
125 124 407 10
126 125 407 9
127 126 407 8
128 144 407 84
129 130 407 24
130 131 407 23
131 132 407 22
132 133 407 21
133 134 407 20
134 135 407 19
135 136 407 18
136 135 407 255
136 137 407 17
137 136 407 254
138 137 407 253
139 138 407 252
140 139 407 251
141 140 407 250
142 141 407 249
143 142 407 248
144 128 407 161
145 146 407 160
148 149 407 192
151 152 407 224
152 151 407 47
153 152 407 46
154 153 407 45
155 154 407 44
156 155 407 43
157 156 407 42
158 157 407 41
159 158 407 40
160 144 407 145
160 176 407 87
161 145 407 144
161 162 407 56
162 163 407 55
163 164 407 54
164 163 407 112
164 165 407 53
165 166 407 52
166 167 407 51
167 166 407 80
167 168 407 50
168 169 407 49
170 169 407 48
173 172 407 16
178 179 407 15
179 180 407 14
180 181 407 13
181 182 407 12
182 183 407 11
183 184 407 10
184 183 407 79
184 185 407 9
185 184 407 78
185 186 407 8
186 185 407 77
186 187 407 7
187 186 407 76
187 188 407 6
188 187 407 75
188 189 407 5
189 188 407 74
189 190 407 4
190 189 407 73
190 191 407 3
191 175 407 2
191 190 407 72
192 176 407 148
192 208 407 90
193 177 407 30
193 194 407 88
194 193 407 29
194 195 407 87
195 194 407 28
195 196 407 86
196 195 407 27
196 197 407 85
197 196 407 26
197 198 407 84
198 197 407 25
198 199 407 83
199 198 407 24
199 200 407 82
200 199 407 23
200 201 407 81
201 200 407 22
202 201 407 21
203 202 407 20
204 203 407 19
205 204 407 18
206 205 407 17
210 211 407 47
211 212 407 46
212 213 407 45
213 214 407 44
214 215 407 43
215 216 407 42
216 215 407 111
216 217 407 41
217 216 407 110
217 218 407 40
218 217 407 109
218 219 407 39
219 218 407 108
219 220 407 38
220 219 407 107
220 221 407 37
221 220 407 106
221 222 407 36
222 221 407 105
222 223 407 35
223 207 407 34
223 222 407 104
224 208 407 151
224 240 407 93
225 209 407 62
225 226 407 120
226 225 407 61
226 227 407 119
227 226 407 60
227 228 407 118
228 227 407 59
228 229 407 117
229 228 407 58
229 230 407 116
230 229 407 57
230 231 407 115
231 230 407 56
231 232 407 114
232 231 407 55
232 233 407 113
233 232 407 54
234 233 407 53
235 234 407 52
236 235 407 51
237 236 407 50
238 237 407 49
242 243 407 79
243 244 407 78
244 245 407 77
245 246 407 76
246 247 407 75
247 248 407 74
248 247 407 143
248 249 407 73
249 248 407 142
249 250 407 72
250 249 407 141
250 251 407 71
251 250 407 140
251 252 407 70
252 251 407 139
252 253 407 69
253 252 407 138
253 254 407 68
254 253 407 137
254 255 407 67
255 239 407 66
255 254 407 136
0 1 409 174
0 16 409 105
1 0 409 106
1 2 409 175
2 1 409 107
3 2 409 108
4 3 409 109
5 4 409 110
6 5 409 111
26 27 409 113
27 28 409 114
28 29 409 115
29 30 409 116
30 31 409 117
31 15 409 118
31 30 409 177
32 16 409 171
32 48 409 102
33 17 409 138
33 34 409 207
34 33 409 139
35 34 409 140
36 35 409 141
37 36 409 142
38 37 409 143
58 59 409 145
59 60 409 146
60 61 409 147
61 62 409 148
62 63 409 149
63 47 409 150
63 62 409 209
64 48 409 168
64 80 409 99
65 49 409 170
65 66 409 239
66 65 409 171
67 66 409 172
68 67 409 173
69 68 409 174
70 69 409 175
82 81 409 112
85 84 409 144
88 87 409 176
90 91 409 177
91 90 409 208
91 92 409 178
92 93 409 179
93 94 409 180
94 93 409 240
94 95 409 181
95 79 409 182
95 94 409 241
96 80 409 165
97 81 409 202
98 97 409 203
99 98 409 204
99 100 409 64
100 99 409 205
101 100 409 206
102 101 409 207
102 103 409 32
105 106 409 0
106 107 409 1
107 108 409 2
108 109 409 3
109 110 409 4
110 111 409 5
111 127 409 6
112 128 409 82
113 129 409 26
114 113 409 27
115 114 409 28
116 115 409 29
117 116 409 30
118 117 409 31
122 123 409 209
123 124 409 210
124 125 409 211
125 126 409 212
126 127 409 213
127 111 409 214
128 112 409 162
129 113 409 234
130 129 409 235
131 130 409 236
132 131 409 237
133 132 409 238
134 133 409 239
138 139 409 33
139 140 409 34
140 141 409 35
141 142 409 36
142 143 409 37
143 159 409 38
144 160 409 85
145 161 409 58
146 145 409 59
147 146 409 60
147 148 409 176
148 147 409 61
149 148 409 62
150 149 409 63
150 151 409 208
153 154 409 240
154 155 409 241
155 156 409 242
156 157 409 243
157 158 409 244
158 159 409 245
159 143 409 246
162 161 409 128
165 164 409 96
168 167 409 64
170 171 409 65
171 170 409 32
171 172 409 66
172 173 409 67
173 174 409 68
174 173 409 0
174 175 409 69
175 174 409 1
175 191 409 70
176 160 409 147
176 192 409 88
177 178 409 31
177 193 409 90
178 177 409 91
179 178 409 92
180 179 409 93
181 180 409 94
182 181 409 95
202 203 409 97
203 204 409 98
204 205 409 99
205 206 409 100
206 207 409 101
207 206 409 33
207 223 409 102
208 192 409 150
208 224 409 91
209 210 409 63
209 225 409 122
210 209 409 123
211 210 409 124
212 211 409 125
213 212 409 126
214 213 409 127
234 235 409 129
235 236 409 130
236 237 409 131
237 238 409 132
238 239 409 133
239 238 409 65
239 255 409 134
240 224 409 153
240 241 409 94
241 240 409 154
241 242 409 95
242 241 409 155
243 242 409 156
244 243 409 157
245 244 409 158
246 245 409 159
3 4 411 191
4 5 411 190
5 6 411 189
6 7 411 188
7 6 411 127
7 8 411 187
8 7 411 126
8 9 411 186
9 8 411 125
9 10 411 185
10 9 411 124
10 11 411 184
11 10 411 123
11 12 411 183
12 11 411 122
12 13 411 182
13 12 411 121
13 14 411 181
14 13 411 120
14 15 411 180
15 14 411 119
15 31 411 179
16 0 411 172
16 32 411 104
17 18 411 137
17 33 411 205
18 17 411 204
18 19 411 136
19 18 411 203
19 20 411 135
20 19 411 202
20 21 411 134
21 20 411 201
21 22 411 133
22 21 411 200
22 23 411 132
23 22 411 199
23 24 411 131
24 23 411 198
24 25 411 130
25 24 411 197
25 26 411 129
26 25 411 196
27 26 411 195
28 27 411 194
29 28 411 193
35 36 411 223
36 37 411 222
37 38 411 221
38 39 411 220
39 38 411 159
39 40 411 219
40 39 411 158
40 41 411 218
41 40 411 157
41 42 411 217
42 41 411 156
42 43 411 216
43 42 411 155
43 44 411 215
44 43 411 154
44 45 411 214
45 44 411 153
45 46 411 213
46 45 411 152
46 47 411 212
47 46 411 151
47 63 411 211
48 32 411 169
48 64 411 101
49 50 411 169
49 65 411 237
50 49 411 236
50 51 411 168
51 50 411 235
51 52 411 167
52 51 411 234
52 53 411 166
53 52 411 233
53 54 411 165
54 53 411 232
54 55 411 164
55 54 411 231
55 56 411 163
56 55 411 230
56 57 411 162
57 56 411 229
57 58 411 161
58 57 411 228
59 58 411 227
60 59 411 226
61 60 411 225
67 68 411 255
68 69 411 254
69 70 411 253
70 71 411 252
71 70 411 191
71 72 411 251
72 71 411 190
72 73 411 250
73 72 411 189
73 74 411 249
74 73 411 188
74 75 411 248
75 74 411 187
75 76 411 247
76 75 411 186
76 77 411 246
77 76 411 185
77 78 411 245
78 77 411 184
78 79 411 244
79 78 411 183
79 95 411 243
80 64 411 166
80 96 411 98
81 82 411 201
82 83 411 200
83 82 411 128
83 84 411 199
84 85 411 198
85 86 411 197
86 85 411 160
86 87 411 196
87 88 411 195
88 89 411 194
89 88 411 192
89 90 411 193
92 91 411 224
98 99 411 80
101 102 411 48
103 102 411 223
104 103 411 222
104 105 411 16
105 104 411 221
106 105 411 220
107 106 411 219
108 107 411 218
109 108 411 217
110 109 411 216
111 110 411 215
112 96 411 163
113 114 411 233
114 115 411 232
115 116 411 231
116 117 411 230
117 118 411 229
118 119 411 228
119 118 411 15
119 120 411 227
120 119 411 14
120 121 411 226
121 120 411 13
121 122 411 225
122 121 411 12
123 122 411 11
124 123 411 10
125 124 411 9
126 125 411 8
127 126 411 7
128 144 411 83
129 130 411 25
130 131 411 24
131 132 411 23
132 133 411 22
133 134 411 21
134 135 411 20
135 134 411 255
135 136 411 19
136 135 411 254
136 137 411 18
137 136 411 253
137 138 411 17
138 137 411 252
139 138 411 251
140 139 411 250
141 140 411 249
142 141 411 248
143 142 411 247
146 147 411 160
149 150 411 192
151 150 411 47
152 151 411 46
152 153 411 224
153 152 411 45
154 153 411 44
155 154 411 43
156 155 411 42
157 156 411 41
158 157 411 40
159 158 411 39
160 144 411 146
160 176 411 86
161 162 411 57
162 163 411 56
163 162 411 112
163 164 411 55
164 165 411 54
165 166 411 53
166 165 411 80
166 167 411 52
167 168 411 51
168 169 411 50
169 168 411 48
169 170 411 49
172 171 411 16
179 180 411 15
180 181 411 14
181 182 411 13
182 183 411 12
183 182 411 79
183 184 411 11
184 183 411 78
184 185 411 10
185 184 411 77
185 186 411 9
186 185 411 76
186 187 411 8
187 186 411 75
187 188 411 7
188 187 411 74
188 189 411 6
189 188 411 73
189 190 411 5
190 189 411 72
190 191 411 4
191 175 411 3
191 190 411 71
192 176 411 149
192 208 411 89
193 177 411 29
193 194 411 89
194 193 411 28
194 195 411 88
195 194 411 27
195 196 411 87
196 195 411 26
196 197 411 86
197 196 411 25
197 198 411 85
198 197 411 24
198 199 411 84
199 198 411 23
199 200 411 83
200 199 411 22
200 201 411 82
201 200 411 21
201 202 411 81
202 201 411 20
203 202 411 19
204 203 411 18
205 204 411 17
211 212 411 47
212 213 411 46
213 214 411 45
214 215 411 44
215 214 411 111
215 216 411 43
216 215 411 110
216 217 411 42
217 216 411 109
217 218 411 41
218 217 411 108
218 219 411 40
219 218 411 107
219 220 411 39
220 219 411 106
220 221 411 38
221 220 411 105
221 222 411 37
222 221 411 104
222 223 411 36
223 207 411 35
223 222 411 103
224 208 411 152
224 240 411 92
225 209 411 61
225 226 411 121
226 225 411 60
226 227 411 120
227 226 411 59
227 228 411 119
228 227 411 58
228 229 411 118
229 228 411 57
229 230 411 117
230 229 411 56
230 231 411 116
231 230 411 55
231 232 411 115
232 231 411 54
232 233 411 114
233 232 411 53
233 234 411 113
234 233 411 52
235 234 411 51
236 235 411 50
237 236 411 49
243 244 411 79
244 245 411 78
245 246 411 77
246 247 411 76
247 246 411 143
247 248 411 75
248 247 411 142
248 249 411 74
249 248 411 141
249 250 411 73
250 249 411 140
250 251 411 72
251 250 411 139
251 252 411 71
252 251 411 138
252 253 411 70
253 252 411 137
253 254 411 69
254 253 411 136
254 255 411 68
255 239 411 67
255 254 411 135
0 1 413 173
0 16 413 106
1 0 413 107
1 2 413 174
2 1 413 108
2 3 413 175
3 2 413 109
4 3 413 110
5 4 413 111
27 28 413 113
28 29 413 114
29 30 413 115
30 29 413 177
30 31 413 116
31 15 413 117
31 30 413 178
32 16 413 170
32 48 413 103
33 17 413 139
33 34 413 206
34 33 413 140
34 35 413 207
35 34 413 141
36 35 413 142
37 36 413 143
59 60 413 145
60 61 413 146
61 62 413 147
62 61 413 209
62 63 413 148
63 47 413 149
63 62 413 210
64 48 413 167
64 80 413 100
65 49 413 171
65 66 413 238
66 65 413 172
66 67 413 239
67 66 413 173
68 67 413 174
69 68 413 175
81 97 413 112
84 83 413 144
87 86 413 176
90 89 413 208
91 92 413 177
92 93 413 178
93 92 413 240
93 94 413 179
94 93 413 241
94 95 413 180
95 79 413 181
95 94 413 242
96 80 413 164
96 112 413 97
97 81 413 203
97 98 413 96
98 97 413 204
99 98 413 205
100 99 413 206
100 101 413 64
101 100 413 207
103 104 413 32
106 107 413 0
107 108 413 1
108 109 413 2
109 110 413 3
110 111 413 4
111 127 413 5
112 128 413 81
113 129 413 27
114 113 413 28
115 114 413 29
116 115 413 30
117 116 413 31
123 124 413 209
124 125 413 210
125 126 413 211
126 127 413 212
127 111 413 213
128 112 413 161
129 113 413 235
130 129 413 236
131 130 413 237
132 131 413 238
133 132 413 239
139 140 413 33
140 141 413 34
141 142 413 35
142 143 413 36
143 159 413 37
144 128 413 145
144 160 413 84
145 146 413 144
145 161 413 59
146 145 413 60
147 146 413 61
148 147 413 62
148 149 413 176
149 148 413 63
151 152 413 208
154 155 413 240
155 156 413 241
156 157 413 242
157 158 413 243
158 159 413 244
159 143 413 245
161 145 413 128
164 163 413 96
167 166 413 64
170 169 413 32
171 172 413 65
172 173 413 66
173 172 413 0
173 174 413 67
174 173 413 1
174 175 413 68
175 174 413 2
175 191 413 69
176 160 413 148
176 192 413 87
177 178 413 30
177 193 413 91
178 177 413 92
178 179 413 31
179 178 413 93
180 179 413 94
181 180 413 95
203 204 413 97
204 205 413 98
205 206 413 99
206 205 413 33
206 207 413 100
207 206 413 34
207 223 413 101
208 192 413 151
208 224 413 90
209 210 413 62
209 225 413 123
210 209 413 124
210 211 413 63
211 210 413 125
212 211 413 126
213 212 413 127
235 236 413 129
236 237 413 130
237 238 413 131
238 237 413 65
238 239 413 132
239 238 413 66
239 255 413 133
240 224 413 154
240 241 413 93
241 240 413 155
241 242 413 94
242 241 413 156
242 243 413 95
243 242 413 157
244 243 413 158
245 244 413 159
4 5 415 191
5 6 415 190
6 5 415 127
6 7 415 189
7 6 415 126
7 8 415 188
8 7 415 125
8 9 415 187
9 8 415 124
9 10 415 186
10 9 415 123
10 11 415 185
11 10 415 122
11 12 415 184
12 11 415 121
12 13 415 183
13 12 415 120
13 14 415 182
14 13 415 119
14 15 415 181
15 14 415 118
15 31 415 180
16 0 415 171
16 32 415 105
17 18 415 138
17 33 415 204
18 17 415 203
18 19 415 137
19 18 415 202
19 20 415 136
20 19 415 201
20 21 415 135
21 20 415 200
21 22 415 134
22 21 415 199
22 23 415 133
23 22 415 198
23 24 415 132
24 23 415 197
24 25 415 131
25 24 415 196
25 26 415 130
26 25 415 195
26 27 415 129
27 26 415 194
28 27 415 193
36 37 415 223
37 38 415 222
38 37 415 159
38 39 415 221
39 38 415 158
39 40 415 220
40 39 415 157
40 41 415 219
41 40 415 156
41 42 415 218
42 41 415 155
42 43 415 217
43 42 415 154
43 44 415 216
44 43 415 153
44 45 415 215
45 44 415 152
45 46 415 214
46 45 415 151
46 47 415 213
47 46 415 150
47 63 415 212
48 32 415 168
48 64 415 102
49 50 415 170
49 65 415 236
50 49 415 235
50 51 415 169
51 50 415 234
51 52 415 168
52 51 415 233
52 53 415 167
53 52 415 232
53 54 415 166
54 53 415 231
54 55 415 165
55 54 415 230
55 56 415 164
56 55 415 229
56 57 415 163
57 56 415 228
57 58 415 162
58 57 415 227
58 59 415 161
59 58 415 226
60 59 415 225
68 69 415 255
69 70 415 254
70 69 415 191
70 71 415 253
71 70 415 190
71 72 415 252
72 71 415 189
72 73 415 251
73 72 415 188
73 74 415 250
74 73 415 187
74 75 415 249
75 74 415 186
75 76 415 248
76 75 415 185
76 77 415 247
77 76 415 184
77 78 415 246
78 77 415 183
78 79 415 245
79 78 415 182
79 95 415 244
80 64 415 165
80 96 415 99
81 82 415 202
82 81 415 128
82 83 415 201
83 84 415 200
84 85 415 199
85 84 415 160
85 86 415 198
86 87 415 197
87 88 415 196
88 87 415 192
88 89 415 195
89 90 415 194
90 91 415 193
91 90 415 224
99 100 415 80
102 101 415 223
102 103 415 48
103 102 415 222
104 103 415 221
105 104 415 220
105 106 415 16
106 105 415 219
107 106 415 218
108 107 415 217
109 108 415 216
110 109 415 215
111 110 415 214
112 96 415 162
113 114 415 234
114 115 415 233
115 116 415 232
116 117 415 231
117 118 415 230
118 117 415 15
118 119 415 229
119 118 415 14
119 120 415 228
120 119 415 13
120 121 415 227
121 120 415 12
121 122 415 226
122 121 415 11
122 123 415 225
123 122 415 10
124 123 415 9
125 124 415 8
126 125 415 7
127 126 415 6
128 144 415 82
129 130 415 26
130 131 415 25
131 132 415 24
132 133 415 23
133 134 415 22
134 133 415 255
134 135 415 21
135 134 415 254
135 136 415 20
136 135 415 253
136 137 415 19
137 136 415 252
137 138 415 18
138 137 415 251
138 139 415 17
139 138 415 250
140 139 415 249
141 140 415 248
142 141 415 247
143 142 415 246
147 148 415 160
150 149 415 47
150 151 415 192
151 150 415 46
152 151 415 45
153 152 415 44
153 154 415 224
154 153 415 43
155 154 415 42
156 155 415 41
157 156 415 40
158 157 415 39
159 158 415 38
160 144 415 147
160 176 415 85
161 162 415 58
162 161 415 112
162 163 415 57
163 164 415 56
164 165 415 55
165 164 415 80
165 166 415 54
166 167 415 53
167 168 415 52
168 167 415 48
168 169 415 51
169 170 415 50
170 171 415 49
171 170 415 16
180 181 415 15
181 182 415 14
182 181 415 79
182 183 415 13
183 182 415 78
183 184 415 12
184 183 415 77
184 185 415 11
185 184 415 76
185 186 415 10
186 185 415 75
186 187 415 9
187 186 415 74
187 188 415 8
188 187 415 73
188 189 415 7
189 188 415 72
189 190 415 6
190 189 415 71
190 191 415 5
191 175 415 4
191 190 415 70
192 176 415 150
192 208 415 88
193 177 415 28
193 194 415 90
194 193 415 27
194 195 415 89
195 194 415 26
195 196 415 88
196 195 415 25
196 197 415 87
197 196 415 24
197 198 415 86
198 197 415 23
198 199 415 85
199 198 415 22
199 200 415 84
200 199 415 21
200 201 415 83
201 200 415 20
201 202 415 82
202 201 415 19
202 203 415 81
203 202 415 18
204 203 415 17
212 213 415 47
213 214 415 46
214 213 415 111
214 215 415 45
215 214 415 110
215 216 415 44
216 215 415 109
216 217 415 43
217 216 415 108
217 218 415 42
218 217 415 107
218 219 415 41
219 218 415 106
219 220 415 40
220 219 415 105
220 221 415 39
221 220 415 104
221 222 415 38
222 221 415 103
222 223 415 37
223 207 415 36
223 222 415 102
224 208 415 153
224 240 415 91
225 209 415 60
225 226 415 122
226 225 415 59
226 227 415 121
227 226 415 58
227 228 415 120
228 227 415 57
228 229 415 119
229 228 415 56
229 230 415 118
230 229 415 55
230 231 415 117
231 230 415 54
231 232 415 116
232 231 415 53
232 233 415 115
233 232 415 52
233 234 415 114
234 233 415 51
234 235 415 113
235 234 415 50
236 235 415 49
244 245 415 79
245 246 415 78
246 245 415 143
246 247 415 77
247 246 415 142
247 248 415 76
248 247 415 141
248 249 415 75
249 248 415 140
249 250 415 74
250 249 415 139
250 251 415 73
251 250 415 138
251 252 415 72
252 251 415 137
252 253 415 71
253 252 415 136
253 254 415 70
254 253 415 135
254 255 415 69
255 239 415 68
255 254 415 134
0 1 417 172
0 16 417 107
1 0 417 108
1 2 417 173
2 1 417 109
2 3 417 174
3 2 417 110
3 4 417 175
4 3 417 111
28 29 417 113
29 28 417 177
29 30 417 114
30 29 417 178
30 31 417 115
31 15 417 116
31 30 417 179
32 16 417 169
32 48 417 104
33 17 417 140
33 34 417 205
34 33 417 141
34 35 417 206
35 34 417 142
35 36 417 207
36 35 417 143
60 61 417 145
61 60 417 209
61 62 417 146
62 61 417 210
62 63 417 147
63 47 417 148
63 62 417 211
64 48 417 166
64 80 417 101
65 49 417 172
65 66 417 237
66 65 417 173
66 67 417 238
67 66 417 174
67 68 417 239
68 67 417 175
83 82 417 144
86 85 417 176
89 88 417 208
92 91 417 240
92 93 417 177
93 92 417 241
93 94 417 178
94 93 417 242
94 95 417 179
95 79 417 180
95 94 417 243
96 80 417 163
96 112 417 98
97 81 417 204
98 97 417 205
98 99 417 96
99 98 417 206
100 99 417 207
101 102 417 64
104 105 417 32
107 108 417 0
108 109 417 1
109 110 417 2
110 111 417 3
111 127 417 4
113 129 417 28
114 113 417 29
115 114 417 30
116 115 417 31
124 125 417 209
125 126 417 210
126 127 417 211
127 111 417 212
129 113 417 236
130 129 417 237
131 130 417 238
132 131 417 239
140 141 417 33
141 142 417 34
142 143 417 35
143 159 417 36
144 128 417 146
144 160 417 83
145 161 417 60
146 145 417 61
146 147 417 144
147 146 417 62
148 147 417 63
149 150 417 176
152 153 417 208
155 156 417 240
156 157 417 241
157 158 417 242
158 159 417 243
159 143 417 244
163 162 417 96
166 165 417 64
169 168 417 32
172 171 417 0
172 173 417 65
173 172 417 1
173 174 417 66
174 173 417 2
174 175 417 67
175 174 417 3
175 191 417 68
176 160 417 149
176 192 417 86
177 178 417 29
177 193 417 92
178 177 417 93
178 179 417 30
179 178 417 94
179 180 417 31
180 179 417 95
204 205 417 97
205 204 417 33
205 206 417 98
206 205 417 34
206 207 417 99
207 206 417 35
207 223 417 100
208 192 417 152
208 224 417 89
209 210 417 61
209 225 417 124
210 209 417 125
210 211 417 62
211 210 417 126
211 212 417 63
212 211 417 127
236 237 417 129
237 236 417 65
237 238 417 130
238 237 417 66
238 239 417 131
239 238 417 67
239 255 417 132
240 224 417 155
240 241 417 92
241 240 417 156
241 242 417 93
242 241 417 157
242 243 417 94
243 242 417 158
243 244 417 95
244 243 417 159
5 4 419 127
5 6 419 191
6 5 419 126
6 7 419 190
7 6 419 125
7 8 419 189
8 7 419 124
8 9 419 188
9 8 419 123
9 10 419 187
10 9 419 122
10 11 419 186
11 10 419 121
11 12 419 185
12 11 419 120
12 13 419 184
13 12 419 119
13 14 419 183
14 13 419 118
14 15 419 182
15 14 419 117
15 31 419 181
16 0 419 170
16 32 419 106
17 18 419 139
17 33 419 203
18 17 419 202
18 19 419 138
19 18 419 201
19 20 419 137
20 19 419 200
20 21 419 136
21 20 419 199
21 22 419 135
22 21 419 198
22 23 419 134
23 22 419 197
23 24 419 133
24 23 419 196
24 25 419 132
25 24 419 195
25 26 419 131
26 25 419 194
26 27 419 130
27 26 419 193
27 28 419 129
37 36 419 159
37 38 419 223
38 37 419 158
38 39 419 222
39 38 419 157
39 40 419 221
40 39 419 156
40 41 419 220
41 40 419 155
41 42 419 219
42 41 419 154
42 43 419 218
43 42 419 153
43 44 419 217
44 43 419 152
44 45 419 216
45 44 419 151
45 46 419 215
46 45 419 150
46 47 419 214
47 46 419 149
47 63 419 213
48 32 419 167
48 64 419 103
49 50 419 171
49 65 419 235
50 49 419 234
50 51 419 170
51 50 419 233
51 52 419 169
52 51 419 232
52 53 419 168
53 52 419 231
53 54 419 167
54 53 419 230
54 55 419 166
55 54 419 229
55 56 419 165
56 55 419 228
56 57 419 164
57 56 419 227
57 58 419 163
58 57 419 226
58 59 419 162
59 58 419 225
59 60 419 161
69 68 419 191
69 70 419 255
70 69 419 190
70 71 419 254
71 70 419 189
71 72 419 253
72 71 419 188
72 73 419 252
73 72 419 187
73 74 419 251
74 73 419 186
74 75 419 250
75 74 419 185
75 76 419 249
76 75 419 184
76 77 419 248
77 76 419 183
77 78 419 247
78 77 419 182
78 79 419 246
79 78 419 181
79 95 419 245
80 64 419 164
80 96 419 100
81 82 419 203
81 97 419 128
82 83 419 202
83 84 419 201
84 83 419 160
84 85 419 200
85 86 419 199
86 87 419 198
87 86 419 192
87 88 419 197
88 89 419 196
89 90 419 195
90 89 419 224
90 91 419 194
91 92 419 193
97 98 419 112
100 101 419 80
101 100 419 223
102 101 419 222
103 102 419 221
103 104 419 48
104 103 419 220
105 104 419 219
106 105 419 218
106 107 419 16
107 106 419 217
108 107 419 216
109 108 419 215
110 109 419 214
111 110 419 213
112 96 419 161
112 128 419 97
113 114 419 235
114 115 419 234
115 116 419 233
116 117 419 232
117 116 419 15
117 118 419 231
118 117 419 14
118 119 419 230
119 118 419 13
119 120 419 229
120 119 419 12
120 121 419 228
121 120 419 11
121 122 419 227
122 121 419 10
122 123 419 226
123 122 419 9
123 124 419 225
124 123 419 8
125 124 419 7
126 125 419 6
127 126 419 5
128 112 419 145
128 144 419 81
129 130 419 27
130 131 419 26
131 132 419 25
132 133 419 24
133 132 419 255
133 134 419 23
134 133 419 254
134 135 419 22
135 134 419 253
135 136 419 21
136 135 419 252
136 137 419 20
137 136 419 251
137 138 419 19
138 137 419 250
138 139 419 18
139 138 419 249
139 140 419 17
140 139 419 248
141 140 419 247
142 141 419 246
143 142 419 245
145 146 419 128
148 149 419 160
149 148 419 47
150 149 419 46
151 150 419 45
151 152 419 192
152 151 419 44
153 152 419 43
154 153 419 42
154 155 419 224
155 154 419 41
156 155 419 40
157 156 419 39
158 157 419 38
159 158 419 37
160 144 419 148
160 176 419 84
161 145 419 112
161 162 419 59
162 163 419 58
163 164 419 57
164 163 419 80
164 165 419 56
165 166 419 55
166 167 419 54
167 166 419 48
167 168 419 53
168 169 419 52
169 170 419 51
170 169 419 16
170 171 419 50
171 172 419 49
181 180 419 79
181 182 419 15
182 181 419 78
182 183 419 14
183 182 419 77
183 184 419 13
184 183 419 76
184 185 419 12
185 184 419 75
185 186 419 11
186 185 419 74
186 187 419 10
187 186 419 73
187 188 419 9
188 187 419 72
188 189 419 8
189 188 419 71
189 190 419 7
190 189 419 70
190 191 419 6
191 175 419 5
191 190 419 69
192 176 419 151
192 208 419 87
193 177 419 27
193 194 419 91
194 193 419 26
194 195 419 90
195 194 419 25
195 196 419 89
196 195 419 24
196 197 419 88
197 196 419 23
197 198 419 87
198 197 419 22
198 199 419 86
199 198 419 21
199 200 419 85
200 199 419 20
200 201 419 84
201 200 419 19
201 202 419 83
202 201 419 18
202 203 419 82
203 202 419 17
203 204 419 81
213 212 419 111
213 214 419 47
214 213 419 110
214 215 419 46
215 214 419 109
215 216 419 45
216 215 419 108
216 217 419 44
217 216 419 107
217 218 419 43
218 217 419 106
218 219 419 42
219 218 419 105
219 220 419 41
220 219 419 104
220 221 419 40
221 220 419 103
221 222 419 39
222 221 419 102
222 223 419 38
223 207 419 37
223 222 419 101
224 208 419 154
224 240 419 90
225 209 419 59
225 226 419 123
226 225 419 58
226 227 419 122
227 226 419 57
227 228 419 121
228 227 419 56
228 229 419 120
229 228 419 55
229 230 419 119
230 229 419 54
230 231 419 118
231 230 419 53
231 232 419 117
232 231 419 52
232 233 419 116
233 232 419 51
233 234 419 115
234 233 419 50
234 235 419 114
235 234 419 49
235 236 419 113
245 244 419 143
245 246 419 79
246 245 419 142
246 247 419 78
247 246 419 141
247 248 419 77
248 247 419 140
248 249 419 76
249 248 419 139
249 250 419 75
250 249 419 138
250 251 419 74
251 250 419 137
251 252 419 73
252 251 419 136
252 253 419 72
253 252 419 135
253 254 419 71
254 253 419 134
254 255 419 70
255 239 419 69
255 254 419 133
0 1 421 171
0 16 421 108
1 0 421 109
1 2 421 172
2 1 421 110
2 3 421 173
3 2 421 111
3 4 421 174
4 5 421 175
28 27 421 177
29 28 421 178
29 30 421 113
30 29 421 179
30 31 421 114
31 15 421 115
31 30 421 180
32 16 421 168
32 48 421 105
33 17 421 141
33 34 421 204
34 33 421 142
34 35 421 205
35 34 421 143
35 36 421 206
36 37 421 207
60 59 421 209
61 60 421 210
61 62 421 145
62 61 421 211
62 63 421 146
63 47 421 147
63 62 421 212
64 48 421 165
64 80 421 102
65 49 421 173
65 66 421 236
66 65 421 174
66 67 421 237
67 66 421 175
67 68 421 238
68 69 421 239
82 81 421 144
85 84 421 176
88 87 421 208
91 90 421 240
92 91 421 241
93 92 421 242
93 94 421 177
94 93 421 243
94 95 421 178
95 79 421 179
95 94 421 244
96 80 421 162
96 112 421 99
97 81 421 205
98 97 421 206
99 98 421 207
99 100 421 96
102 103 421 64
105 106 421 32
108 109 421 0
109 110 421 1
110 111 421 2
111 127 421 3
113 129 421 29
114 113 421 30
115 114 421 31
125 126 421 209
126 127 421 210
127 111 421 211
129 113 421 237
130 129 421 238
131 130 421 239
141 142 421 33
142 143 421 34
143 159 421 35
144 128 421 147
144 160 421 82
145 161 421 61
146 145 421 62
147 146 421 63
147 148 421 144
150 151 421 176
153 154 421 208
156 157 421 240
157 158 421 241
158 159 421 242
159 143 421 243
162 161 421 96
165 164 421 64
168 167 421 32
171 170 421 0
172 171 421 1
173 172 421 2
173 174 421 65
174 173 421 3
174 175 421 66
175 174 421 4
175 191 421 67
176 160 421 150
176 192 421 85
177 178 421 28
177 193 421 93
178 177 421 94
178 179 421 29
179 178 421 95
179 180 421 30
180 181 421 31
204 203 421 33
205 204 421 34
205 206 421 97
206 205 421 35
206 207 421 98
207 206 421 36
207 223 421 99
208 192 421 153
208 224 421 88
209 210 421 60
209 225 421 125
210 209 421 126
210 211 421 61
211 210 421 127
211 212 421 62
212 213 421 63
236 235 421 65
237 236 421 66
237 238 421 129
238 237 421 67
238 239 421 130
239 238 421 68
239 255 421 131
240 224 421 156
240 241 421 91
241 240 421 157
241 242 421 92
242 241 421 158
242 243 421 93
243 242 421 159
243 244 421 94
244 245 421 95
4 3 423 127
5 4 423 126
6 5 423 125
6 7 423 191
7 6 423 124
7 8 423 190
8 7 423 123
8 9 423 189
9 8 423 122
9 10 423 188
10 9 423 121
10 11 423 187
11 10 423 120
11 12 423 186
12 11 423 119
12 13 423 185
13 12 423 118
13 14 423 184
14 13 423 117
14 15 423 183
15 14 423 116
15 31 423 182
16 0 423 169
16 32 423 107
17 18 423 140
17 33 423 202
18 17 423 201
18 19 423 139
19 18 423 200
19 20 423 138
20 19 423 199
20 21 423 137
21 20 423 198
21 22 423 136
22 21 423 197
22 23 423 135
23 22 423 196
23 24 423 134
24 23 423 195
24 25 423 133
25 24 423 194
25 26 423 132
26 25 423 193
26 27 423 131
27 28 423 130
28 29 423 129
36 35 423 159
37 36 423 158
38 37 423 157
38 39 423 223
39 38 423 156
39 40 423 222
40 39 423 155
40 41 423 221
41 40 423 154
41 42 423 220
42 41 423 153
42 43 423 219
43 42 423 152
43 44 423 218
44 43 423 151
44 45 423 217
45 44 423 150
45 46 423 216
46 45 423 149
46 47 423 215
47 46 423 148
47 63 423 214
48 32 423 166
48 64 423 104
49 50 423 172
49 65 423 234
50 49 423 233
50 51 423 171
51 50 423 232
51 52 423 170
52 51 423 231
52 53 423 169
53 52 423 230
53 54 423 168
54 53 423 229
54 55 423 167
55 54 423 228
55 56 423 166
56 55 423 227
56 57 423 165
57 56 423 226
57 58 423 164
58 57 423 225
58 59 423 163
59 60 423 162
60 61 423 161
68 67 423 191
69 68 423 190
70 69 423 189
70 71 423 255
71 70 423 188
71 72 423 254
72 71 423 187
72 73 423 253
73 72 423 186
73 74 423 252
74 73 423 185
74 75 423 251
75 74 423 184
75 76 423 250
76 75 423 183
76 77 423 249
77 76 423 182
77 78 423 248
78 77 423 181
78 79 423 247
79 78 423 180
79 95 423 246
80 64 423 163
80 96 423 101
81 82 423 204
82 83 423 203
83 82 423 160
83 84 423 202
84 85 423 201
85 86 423 200
86 85 423 192
86 87 423 199
87 88 423 198
88 89 423 197
89 88 423 224
89 90 423 196
90 91 423 195
91 92 423 194
92 93 423 193
98 99 423 112
100 99 423 223
101 100 423 222
101 102 423 80
102 101 423 221
103 102 423 220
104 103 423 219
104 105 423 48
105 104 423 218
106 105 423 217
107 106 423 216
107 108 423 16
108 107 423 215
109 108 423 214
110 109 423 213
111 110 423 212
112 128 423 98
113 114 423 236
114 115 423 235
115 116 423 234
116 115 423 15
116 117 423 233
117 116 423 14
117 118 423 232
118 117 423 13
118 119 423 231
119 118 423 12
119 120 423 230
120 119 423 11
120 121 423 229
121 120 423 10
121 122 423 228
122 121 423 9
122 123 423 227
123 122 423 8
123 124 423 226
124 123 423 7
124 125 423 225
125 124 423 6
126 125 423 5
127 126 423 4
128 112 423 146
129 130 423 28
130 131 423 27
131 132 423 26
132 131 423 255
132 133 423 25
133 132 423 254
133 134 423 24
134 133 423 253
134 135 423 23
135 134 423 252
135 136 423 22
136 135 423 251
136 137 423 21
137 136 423 250
137 138 423 20
138 137 423 249
138 139 423 19
139 138 423 248
139 140 423 18
140 139 423 247
140 141 423 17
141 140 423 246
142 141 423 245
143 142 423 244
146 147 423 128
148 147 423 47
149 148 423 46
149 150 423 160
150 149 423 45
151 150 423 44
152 151 423 43
152 153 423 192
153 152 423 42
154 153 423 41
155 154 423 40
155 156 423 224
156 155 423 39
157 156 423 38
158 157 423 37
159 158 423 36
160 144 423 149
160 176 423 83
161 162 423 60
162 163 423 59
163 162 423 80
163 164 423 58
164 165 423 57
165 166 423 56
166 165 423 48
166 167 423 55
167 168 423 54
168 169 423 53
169 168 423 16
169 170 423 52
170 171 423 51
171 172 423 50
172 173 423 49
180 179 423 79
181 180 423 78
182 181 423 77
182 183 423 15
183 182 423 76
183 184 423 14
184 183 423 75
184 185 423 13
185 184 423 74
185 186 423 12
186 185 423 73
186 187 423 11
187 186 423 72
187 188 423 10
188 187 423 71
188 189 423 9
189 188 423 70
189 190 423 8
190 189 423 69
190 191 423 7
191 175 423 6
191 190 423 68
192 176 423 152
192 208 423 86
193 177 423 26
193 194 423 92
194 193 423 25
194 195 423 91
195 194 423 24
195 196 423 90
196 195 423 23
196 197 423 89
197 196 423 22
197 198 423 88
198 197 423 21
198 199 423 87
199 198 423 20
199 200 423 86
200 199 423 19
200 201 423 85
201 200 423 18
201 202 423 84
202 201 423 17
202 203 423 83
203 204 423 82
204 205 423 81
212 211 423 111
213 212 423 110
214 213 423 109
214 215 423 47
215 214 423 108
215 216 423 46
216 215 423 107
216 217 423 45
217 216 423 106
217 218 423 44
218 217 423 105
218 219 423 43
219 218 423 104
219 220 423 42
220 219 423 103
220 221 423 41
221 220 423 102
221 222 423 40
222 221 423 101
222 223 423 39
223 207 423 38
223 222 423 100
224 208 423 155
224 240 423 89
225 209 423 58
225 226 423 124
226 225 423 57
226 227 423 123
227 226 423 56
227 228 423 122
228 227 423 55
228 229 423 121
229 228 423 54
229 230 423 120
230 229 423 53
230 231 423 119
231 230 423 52
231 232 423 118
232 231 423 51
232 233 423 117
233 232 423 50
233 234 423 116
234 233 423 49
234 235 423 115
235 236 423 114
236 237 423 113
244 243 423 143
245 244 423 142
246 245 423 141
246 247 423 79
247 246 423 140
247 248 423 78
248 247 423 139
248 249 423 77
249 248 423 138
249 250 423 76
250 249 423 137
250 251 423 75
251 250 423 136
251 252 423 74
252 251 423 135
252 253 423 73
253 252 423 134
253 254 423 72
254 253 423 133
254 255 423 71
255 239 423 70
255 254 423 132
0 1 425 170
0 16 425 109
1 0 425 110
1 2 425 171
2 1 425 111
2 3 425 172
3 4 425 173
4 5 425 174
5 6 425 175
27 26 425 177
28 27 425 178
29 28 425 179
30 29 425 180
30 31 425 113
31 15 425 114
31 30 425 181
32 16 425 167
32 48 425 106
33 17 425 142
33 34 425 203
34 33 425 143
34 35 425 204
35 36 425 205
36 37 425 206
37 38 425 207
59 58 425 209
60 59 425 210
61 60 425 211
62 61 425 212
62 63 425 145
63 47 425 146
63 62 425 213
64 48 425 164
64 80 425 103
65 49 425 174
65 66 425 235
66 65 425 175
66 67 425 236
67 68 425 237
68 69 425 238
69 70 425 239
81 97 425 144
84 83 425 176
87 86 425 208
90 89 425 240
91 90 425 241
92 91 425 242
93 92 425 243
94 93 425 244
94 95 425 177
95 79 425 178
95 94 425 245
96 80 425 161
96 112 425 100
97 81 425 206
97 98 425 128
98 97 425 207
100 101 425 96
103 104 425 64
106 107 425 32
109 110 425 0
110 111 425 1
111 127 425 2
112 96 425 145
113 129 425 30
114 113 425 31
126 127 425 209
127 111 425 210
128 144 425 97
129 113 425 238
130 129 425 239
142 143 425 33
143 159 425 34
144 128 425 148
144 160 425 81
145 146 425 112
145 161 425 62
146 145 425 63
148 149 425 144
151 152 425 176
154 155 425 208
157 158 425 240
158 159 425 241
159 143 425 242
161 145 425 96
164 163 425 64
167 166 425 32
170 169 425 0
171 170 425 1
172 171 425 2
173 172 425 3
174 173 425 4
174 175 425 65
175 174 425 5
175 191 425 66
176 160 425 151
176 192 425 84
177 178 425 27
177 193 425 94
178 177 425 95
178 179 425 28
179 180 425 29
180 181 425 30
181 182 425 31
203 202 425 33
204 203 425 34
205 204 425 35
206 205 425 36
206 207 425 97
207 206 425 37
207 223 425 98
208 192 425 154
208 224 425 87
209 210 425 59
209 225 425 126
210 209 425 127
210 211 425 60
211 212 425 61
212 213 425 62
213 214 425 63
235 234 425 65
236 235 425 66
237 236 425 67
238 237 425 68
238 239 425 129
239 238 425 69
239 255 425 130
240 224 425 157
240 241 425 90
241 240 425 158
241 242 425 91
242 241 425 159
242 243 425 92
243 244 425 93
244 245 425 94
245 246 425 95
3 2 427 127
4 3 427 126
5 4 427 125
6 5 427 124
7 6 427 123
7 8 427 191
8 7 427 122
8 9 427 190
9 8 427 121
9 10 427 189
10 9 427 120
10 11 427 188
11 10 427 119
11 12 427 187
12 11 427 118
12 13 427 186
13 12 427 117
13 14 427 185
14 13 427 116
14 15 427 184
15 14 427 115
15 31 427 183
16 0 427 168
16 32 427 108
17 18 427 141
17 33 427 201
18 17 427 200
18 19 427 140
19 18 427 199
19 20 427 139
20 19 427 198
20 21 427 138
21 20 427 197
21 22 427 137
22 21 427 196
22 23 427 136
23 22 427 195
23 24 427 135
24 23 427 194
24 25 427 134
25 24 427 193
25 26 427 133
26 27 427 132
27 28 427 131
28 29 427 130
29 30 427 129
35 34 427 159
36 35 427 158
37 36 427 157
38 37 427 156
39 38 427 155
39 40 427 223
40 39 427 154
40 41 427 222
41 40 427 153
41 42 427 221
42 41 427 152
42 43 427 220
43 42 427 151
43 44 427 219
44 43 427 150
44 45 427 218
45 44 427 149
45 46 427 217
46 45 427 148
46 47 427 216
47 46 427 147
47 63 427 215
48 32 427 165
48 64 427 105
49 50 427 173
49 65 427 233
50 49 427 232
50 51 427 172
51 50 427 231
51 52 427 171
52 51 427 230
52 53 427 170
53 52 427 229
53 54 427 169
54 53 427 228
54 55 427 168
55 54 427 227
55 56 427 167
56 55 427 226
56 57 427 166
57 56 427 225
57 58 427 165
58 59 427 164
59 60 427 163
60 61 427 162
61 62 427 161
67 66 427 191
68 67 427 190
69 68 427 189
70 69 427 188
71 70 427 187
71 72 427 255
72 71 427 186
72 73 427 254
73 72 427 185
73 74 427 253
74 73 427 184
74 75 427 252
75 74 427 183
75 76 427 251
76 75 427 182
76 77 427 250
77 76 427 181
77 78 427 249
78 77 427 180
78 79 427 248
79 78 427 179
79 95 427 247
80 64 427 162
80 96 427 102
81 82 427 205
82 81 427 160
82 83 427 204
83 84 427 203
84 85 427 202
85 84 427 192
85 86 427 201
86 87 427 200
87 88 427 199
88 87 427 224
88 89 427 198
89 90 427 197
90 91 427 196
91 92 427 195
92 93 427 194
93 94 427 193
99 98 427 223
99 100 427 112
100 99 427 222
101 100 427 221
102 101 427 220
102 103 427 80
103 102 427 219
104 103 427 218
105 104 427 217
105 106 427 48
106 105 427 216
107 106 427 215
108 107 427 214
108 109 427 16
109 108 427 213
110 109 427 212
111 110 427 211
112 128 427 99
113 114 427 237
114 115 427 236
115 114 427 15
115 116 427 235
116 115 427 14
116 117 427 234
117 116 427 13
117 118 427 233
118 117 427 12
118 119 427 232
119 118 427 11
119 120 427 231
120 119 427 10
120 121 427 230
121 120 427 9
121 122 427 229
122 121 427 8
122 123 427 228
123 122 427 7
123 124 427 227
124 123 427 6
124 125 427 226
125 124 427 5
125 126 427 225
126 125 427 4
127 126 427 3
128 112 427 147
129 130 427 29
130 131 427 28
131 130 427 255
131 132 427 27
132 131 427 254
132 133 427 26
133 132 427 253
133 134 427 25
134 133 427 252
134 135 427 24
135 134 427 251
135 136 427 23
136 135 427 250
136 137 427 22
137 136 427 249
137 138 427 21
138 137 427 248
138 139 427 20
139 138 427 247
139 140 427 19
140 139 427 246
140 141 427 18
141 140 427 245
141 142 427 17
142 141 427 244
143 142 427 243
147 146 427 47
147 148 427 128
148 147 427 46
149 148 427 45
150 149 427 44
150 151 427 160
151 150 427 43
152 151 427 42
153 152 427 41
153 154 427 192
154 153 427 40
155 154 427 39
156 155 427 38
156 157 427 224
157 156 427 37
158 157 427 36
159 158 427 35
160 144 427 150
160 176 427 82
161 162 427 61
162 161 427 80
162 163 427 60
163 164 427 59
164 165 427 58
165 164 427 48
165 166 427 57
166 167 427 56
167 168 427 55
168 167 427 16
168 169 427 54
169 170 427 53
170 171 427 52
171 172 427 51
172 173 427 50
173 174 427 49
179 178 427 79
180 179 427 78
181 180 427 77
182 181 427 76
183 182 427 75
183 184 427 15
184 183 427 74
184 185 427 14
185 184 427 73
185 186 427 13
186 185 427 72
186 187 427 12
187 186 427 71
187 188 427 11
188 187 427 70
188 189 427 10
189 188 427 69
189 190 427 9
190 189 427 68
190 191 427 8
191 175 427 7
191 190 427 67
192 176 427 153
192 208 427 85
193 177 427 25
193 194 427 93
194 193 427 24
194 195 427 92
195 194 427 23
195 196 427 91
196 195 427 22
196 197 427 90
197 196 427 21
197 198 427 89
198 197 427 20
198 199 427 88
199 198 427 19
199 200 427 87
200 199 427 18
200 201 427 86
201 200 427 17
201 202 427 85
202 203 427 84
203 204 427 83
204 205 427 82
205 206 427 81
211 210 427 111
212 211 427 110
213 212 427 109
214 213 427 108
215 214 427 107
215 216 427 47
216 215 427 106
216 217 427 46
217 216 427 105
217 218 427 45
218 217 427 104
218 219 427 44
219 218 427 103
219 220 427 43
220 219 427 102
220 221 427 42
221 220 427 101
221 222 427 41
222 221 427 100
222 223 427 40
223 207 427 39
223 222 427 99
224 208 427 156
224 240 427 88
225 209 427 57
225 226 427 125
226 225 427 56
226 227 427 124
227 226 427 55
227 228 427 123
228 227 427 54
228 229 427 122
229 228 427 53
229 230 427 121
230 229 427 52
230 231 427 120
231 230 427 51
231 232 427 119
232 231 427 50
232 233 427 118
233 232 427 49
233 234 427 117
234 235 427 116
235 236 427 115
236 237 427 114
237 238 427 113
243 242 427 143
244 243 427 142
245 244 427 141
246 245 427 140
247 246 427 139
247 248 427 79
248 247 427 138
248 249 427 78
249 248 427 137
249 250 427 77
250 249 427 136
250 251 427 76
251 250 427 135
251 252 427 75
252 251 427 134
252 253 427 74
253 252 427 133
253 254 427 73
254 253 427 132
254 255 427 72
255 239 427 71
255 254 427 131
0 1 429 169
0 16 429 110
1 0 429 111
1 2 429 170
2 3 429 171
3 4 429 172
4 5 429 173
5 6 429 174
6 7 429 175
26 25 429 177
27 26 429 178
28 27 429 179
29 28 429 180
30 29 429 181
31 15 429 113
31 30 429 182
32 16 429 166
32 48 429 107
33 17 429 143
33 34 429 202
34 35 429 203
35 36 429 204
36 37 429 205
37 38 429 206
38 39 429 207
58 57 429 209
59 58 429 210
60 59 429 211
61 60 429 212
62 61 429 213
63 47 429 145
63 62 429 214
64 48 429 163
64 80 429 104
65 49 429 175
65 66 429 234
66 67 429 235
67 68 429 236
68 69 429 237
69 70 429 238
70 71 429 239
83 82 429 176
86 85 429 208
89 88 429 240
90 89 429 241
91 90 429 242
92 91 429 243
93 92 429 244
94 93 429 245
95 79 429 177
95 94 429 246
96 112 429 101
97 81 429 207
98 99 429 128
101 102 429 96
104 105 429 64
107 108 429 32
110 111 429 0
111 127 429 1
112 96 429 146
113 129 429 31
127 111 429 209
128 144 429 98
129 113 429 239
143 159 429 33
144 128 429 149
145 161 429 63
146 147 429 112
149 150 429 144
152 153 429 176
155 156 429 208
158 159 429 240
159 143 429 241
163 162 429 64
166 165 429 32
169 168 429 0
170 169 429 1
171 170 429 2
172 171 429 3
173 172 429 4
174 173 429 5
175 174 429 6
175 191 429 65
176 160 429 152
176 192 429 83
177 178 429 26
177 193 429 95
178 179 429 27
179 180 429 28
180 181 429 29
181 182 429 30
182 183 429 31
202 201 429 33
203 202 429 34
204 203 429 35
205 204 429 36
206 205 429 37
207 206 429 38
207 223 429 97
208 192 429 155
208 224 429 86
209 210 429 58
209 225 429 127
210 211 429 59
211 212 429 60
212 213 429 61
213 214 429 62
214 215 429 63
234 233 429 65
235 234 429 66
236 235 429 67
237 236 429 68
238 237 429 69
239 238 429 70
239 255 429 129
240 224 429 158
240 241 429 89
241 240 429 159
241 242 429 90
242 243 429 91
243 244 429 92
244 245 429 93
245 246 429 94
246 247 429 95
2 1 431 127
3 2 431 126
4 3 431 125
5 4 431 124
6 5 431 123
7 6 431 122
8 7 431 121
8 9 431 191
9 8 431 120
9 10 431 190
10 9 431 119
10 11 431 189
11 10 431 118
11 12 431 188
12 11 431 117
12 13 431 187
13 12 431 116
13 14 431 186
14 13 431 115
14 15 431 185
15 14 431 114
15 31 431 184
16 0 431 167
16 32 431 109
17 18 431 142
17 33 431 200
18 17 431 199
18 19 431 141
19 18 431 198
19 20 431 140
20 19 431 197
20 21 431 139
21 20 431 196
21 22 431 138
22 21 431 195
22 23 431 137
23 22 431 194
23 24 431 136
24 23 431 193
24 25 431 135
25 26 431 134
26 27 431 133
27 28 431 132
28 29 431 131
29 30 431 130
30 31 431 129
34 33 431 159
35 34 431 158
36 35 431 157
37 36 431 156
38 37 431 155
39 38 431 154
40 39 431 153
40 41 431 223
41 40 431 152
41 42 431 222
42 41 431 151
42 43 431 221
43 42 431 150
43 44 431 220
44 43 431 149
44 45 431 219
45 44 431 148
45 46 431 218
46 45 431 147
46 47 431 217
47 46 431 146
47 63 431 216
48 32 431 164
48 64 431 106
49 50 431 174
49 65 431 232
50 49 431 231
50 51 431 173
51 50 431 230
51 52 431 172
52 51 431 229
52 53 431 171
53 52 431 228
53 54 431 170
54 53 431 227
54 55 431 169
55 54 431 226
55 56 431 168
56 55 431 225
56 57 431 167
57 58 431 166
58 59 431 165
59 60 431 164
60 61 431 163
61 62 431 162
62 63 431 161
66 65 431 191
67 66 431 190
68 67 431 189
69 68 431 188
70 69 431 187
71 70 431 186
72 71 431 185
72 73 431 255
73 72 431 184
73 74 431 254
74 73 431 183
74 75 431 253
75 74 431 182
75 76 431 252
76 75 431 181
76 77 431 251
77 76 431 180
77 78 431 250
78 77 431 179
78 79 431 249
79 78 431 178
79 95 431 248
80 64 431 161
80 96 431 103
81 82 431 206
81 97 431 160
82 83 431 205
83 84 431 204
84 83 431 192
84 85 431 203
85 86 431 202
86 87 431 201
87 86 431 224
87 88 431 200
88 89 431 199
89 90 431 198
90 91 431 197
91 92 431 196
92 93 431 195
93 94 431 194
94 95 431 193
96 80 431 145
97 98 431 144
98 97 431 223
99 98 431 222
100 99 431 221
100 101 431 112
101 100 431 220
102 101 431 219
103 102 431 218
103 104 431 80
104 103 431 217
105 104 431 216
106 105 431 215
106 107 431 48
107 106 431 214
108 107 431 213
109 108 431 212
109 110 431 16
110 109 431 211
111 110 431 210
112 128 431 100
113 114 431 238
114 113 431 15
114 115 431 237
115 114 431 14
115 116 431 236
116 115 431 13
116 117 431 235
117 116 431 12
117 118 431 234
118 117 431 11
118 119 431 233
119 118 431 10
119 120 431 232
120 119 431 9
120 121 431 231
121 120 431 8
121 122 431 230
122 121 431 7
122 123 431 229
123 122 431 6
123 124 431 228
124 123 431 5
124 125 431 227
125 124 431 4
125 126 431 226
126 125 431 3
126 127 431 225
127 126 431 2
128 112 431 148
129 130 431 30
130 129 431 255
130 131 431 29
131 130 431 254
131 132 431 28
132 131 431 253
132 133 431 27
133 132 431 252
133 134 431 26
134 133 431 251
134 135 431 25
135 134 431 250
135 136 431 24
136 135 431 249
136 137 431 23
137 136 431 248
137 138 431 22
138 137 431 247
138 139 431 21
139 138 431 246
139 140 431 20
140 139 431 245
140 141 431 19
141 140 431 244
141 142 431 18
142 141 431 243
142 143 431 17
143 142 431 242
144 160 431 97
145 146 431 96
146 145 431 47
147 146 431 46
148 147 431 45
148 149 431 128
149 148 431 44
150 149 431 43
151 150 431 42
151 152 431 160
152 151 431 41
153 152 431 40
154 153 431 39
154 155 431 192
155 154 431 38
156 155 431 37
157 156 431 36
157 158 431 224
158 157 431 35
159 158 431 34
160 144 431 151
160 176 431 81
161 145 431 80
161 162 431 62
162 163 431 61
163 164 431 60
164 163 431 48
164 165 431 59
165 166 431 58
166 167 431 57
167 166 431 16
167 168 431 56
168 169 431 55
169 170 431 54
170 171 431 53
171 172 431 52
172 173 431 51
173 174 431 50
174 175 431 49
178 177 431 79
179 178 431 78
180 179 431 77
181 180 431 76
182 181 431 75
183 182 431 74
184 183 431 73
184 185 431 15
185 184 431 72
185 186 431 14
186 185 431 71
186 187 431 13
187 186 431 70
187 188 431 12
188 187 431 69
188 189 431 11
189 188 431 68
189 190 431 10
190 189 431 67
190 191 431 9
191 175 431 8
191 190 431 66
192 176 431 154
192 208 431 84
193 177 431 24
193 194 431 94
194 193 431 23
194 195 431 93
195 194 431 22
195 196 431 92
196 195 431 21
196 197 431 91
197 196 431 20
197 198 431 90
198 197 431 19
198 199 431 89
199 198 431 18
199 200 431 88
200 199 431 17
200 201 431 87
201 202 431 86
202 203 431 85
203 204 431 84
204 205 431 83
205 206 431 82
206 207 431 81
210 209 431 111
211 210 431 110
212 211 431 109
213 212 431 108
214 213 431 107
215 214 431 106
216 215 431 105
216 217 431 47
217 216 431 104
217 218 431 46
218 217 431 103
218 219 431 45
219 218 431 102
219 220 431 44
220 219 431 101
220 221 431 43
221 220 431 100
221 222 431 42
222 221 431 99
222 223 431 41
223 207 431 40
223 222 431 98
224 208 431 157
224 240 431 87
225 209 431 56
225 226 431 126
226 225 431 55
226 227 431 125
227 226 431 54
227 228 431 124
228 227 431 53
228 229 431 123
229 228 431 52
229 230 431 122
230 229 431 51
230 231 431 121
231 230 431 50
231 232 431 120
232 231 431 49
232 233 431 119
233 234 431 118
234 235 431 117
235 236 431 116
236 237 431 115
237 238 431 114
238 239 431 113
242 241 431 143
243 242 431 142
244 243 431 141
245 244 431 140
246 245 431 139
247 246 431 138
248 247 431 137
248 249 431 79
249 248 431 136
249 250 431 78
250 249 431 135
250 251 431 77
251 250 431 134
251 252 431 76
252 251 431 133
252 253 431 75
253 252 431 132
253 254 431 74
254 253 431 131
254 255 431 73
255 239 431 72
255 254 431 130
0 1 433 168
0 16 433 111
1 2 433 169
2 3 433 170
3 4 433 171
4 5 433 172
5 6 433 173
6 7 433 174
7 8 433 175
25 24 433 177
26 25 433 178
27 26 433 179
28 27 433 180
29 28 433 181
30 29 433 182
31 30 433 183
32 16 433 165
32 48 433 108
33 34 433 201
34 35 433 202
35 36 433 203
36 37 433 204
37 38 433 205
38 39 433 206
39 40 433 207
57 56 433 209
58 57 433 210
59 58 433 211
60 59 433 212
61 60 433 213
62 61 433 214
63 62 433 215
64 48 433 162
64 80 433 105
65 66 433 233
66 67 433 234
67 68 433 235
68 69 433 236
69 70 433 237
70 71 433 238
71 72 433 239
82 81 433 176
85 84 433 208
88 87 433 240
89 88 433 241
90 89 433 242
91 90 433 243
92 91 433 244
93 92 433 245
94 93 433 246
95 94 433 247
96 112 433 102
99 100 433 128
102 103 433 96
105 106 433 64
108 109 433 32
111 127 433 0
112 96 433 147
128 144 433 99
144 128 433 150
147 148 433 112
150 151 433 144
153 154 433 176
156 157 433 208
159 143 433 240
162 161 433 64
165 164 433 32
168 167 433 0
169 168 433 1
170 169 433 2
171 170 433 3
172 171 433 4
173 172 433 5
174 173 433 6
175 174 433 7
176 160 433 153
176 192 433 82
177 178 433 25
178 179 433 26
179 180 433 27
180 181 433 28
181 182 433 29
182 183 433 30
183 184 433 31
201 200 433 33
202 201 433 34
203 202 433 35
204 203 433 36
205 204 433 37
206 205 433 38
207 206 433 39
208 192 433 156
208 224 433 85
209 210 433 57
210 211 433 58
211 212 433 59
212 213 433 60
213 214 433 61
214 215 433 62
215 216 433 63
233 232 433 65
234 233 433 66
235 234 433 67
236 235 433 68
237 236 433 69
238 237 433 70
239 238 433 71
240 224 433 159
240 241 433 88
241 242 433 89
242 243 433 90
243 244 433 91
244 245 433 92
245 246 433 93
246 247 433 94
247 248 433 95
1 0 435 127
2 1 435 126
3 2 435 125
4 3 435 124
5 4 435 123
6 5 435 122
7 6 435 121
8 7 435 120
9 8 435 119
9 10 435 191
10 9 435 118
10 11 435 190
11 10 435 117
11 12 435 189
12 11 435 116
12 13 435 188
13 12 435 115
13 14 435 187
14 13 435 114
14 15 435 186
15 14 435 113
15 31 435 185
16 0 435 166
16 32 435 110
17 18 435 143
17 33 435 199
18 17 435 198
18 19 435 142
19 18 435 197
19 20 435 141
20 19 435 196
20 21 435 140
21 20 435 195
21 22 435 139
22 21 435 194
22 23 435 138
23 22 435 193
23 24 435 137
24 25 435 136
25 26 435 135
26 27 435 134
27 28 435 133
28 29 435 132
29 30 435 131
30 31 435 130
31 15 435 129
33 17 435 159
34 33 435 158
35 34 435 157
36 35 435 156
37 36 435 155
38 37 435 154
39 38 435 153
40 39 435 152
41 40 435 151
41 42 435 223
42 41 435 150
42 43 435 222
43 42 435 149
43 44 435 221
44 43 435 148
44 45 435 220
45 44 435 147
45 46 435 219
46 45 435 146
46 47 435 218
47 46 435 145
47 63 435 217
48 32 435 163
48 64 435 107
49 50 435 175
49 65 435 231
50 49 435 230
50 51 435 174
51 50 435 229
51 52 435 173
52 51 435 228
52 53 435 172
53 52 435 227
53 54 435 171
54 53 435 226
54 55 435 170
55 54 435 225
55 56 435 169
56 57 435 168
57 58 435 167
58 59 435 166
59 60 435 165
60 61 435 164
61 62 435 163
62 63 435 162
63 47 435 161
65 49 435 191
66 65 435 190
67 66 435 189
68 67 435 188
69 68 435 187
70 69 435 186
71 70 435 185
72 71 435 184
73 72 435 183
73 74 435 255
74 73 435 182
74 75 435 254
75 74 435 181
75 76 435 253
76 75 435 180
76 77 435 252
77 76 435 179
77 78 435 251
78 77 435 178
78 79 435 250
79 78 435 177
79 95 435 249
80 96 435 104
81 82 435 207
82 83 435 206
83 82 435 192
83 84 435 205
84 85 435 204
85 86 435 203
86 85 435 224
86 87 435 202
87 88 435 201
88 89 435 200
89 90 435 199
90 91 435 198
91 92 435 197
92 93 435 196
93 94 435 195
94 95 435 194
95 79 435 193
96 80 435 146
97 81 435 223
98 97 435 222
98 99 435 144
99 98 435 221
100 99 435 220
101 100 435 219
101 102 435 112
102 101 435 218
103 102 435 217
104 103 435 216
104 105 435 80
105 104 435 215
106 105 435 214
107 106 435 213
107 108 435 48
108 107 435 212
109 108 435 211
110 109 435 210
110 111 435 16
111 110 435 209
112 128 435 101
113 114 435 239
113 129 435 15
114 113 435 14
114 115 435 238
115 114 435 13
115 116 435 237
116 115 435 12
116 117 435 236
117 116 435 11
117 118 435 235
118 117 435 10
118 119 435 234
119 118 435 9
119 120 435 233
120 119 435 8
120 121 435 232
121 120 435 7
121 122 435 231
122 121 435 6
122 123 435 230
123 122 435 5
123 124 435 229
124 123 435 4
124 125 435 228
125 124 435 3
125 126 435 227
126 125 435 2
126 127 435 226
127 111 435 225
127 126 435 1
128 112 435 149
129 113 435 255
129 130 435 31
130 129 435 254
130 131 435 30
131 130 435 253
131 132 435 29
132 131 435 252
132 133 435 28
133 132 435 251
133 134 435 27
134 133 435 250
134 135 435 26
135 134 435 249
135 136 435 25
136 135 435 248
136 137 435 24
137 136 435 247
137 138 435 23
138 137 435 246
138 139 435 22
139 138 435 245
139 140 435 21
140 139 435 244
140 141 435 20
141 140 435 243
141 142 435 19
142 141 435 242
142 143 435 18
143 142 435 241
143 159 435 17
144 160 435 98
145 161 435 47
146 145 435 46
146 147 435 96
147 146 435 45
148 147 435 44
149 148 435 43
149 150 435 128
150 149 435 42
151 150 435 41
152 151 435 40
152 153 435 160
153 152 435 39
154 153 435 38
155 154 435 37
155 156 435 192
156 155 435 36
157 156 435 35
158 157 435 34
158 159 435 224
159 158 435 33
160 144 435 152
161 162 435 63
162 163 435 62
163 162 435 48
163 164 435 61
164 165 435 60
165 166 435 59
166 165 435 16
166 167 435 58
167 168 435 57
168 169 435 56
169 170 435 55
170 171 435 54
171 172 435 53
172 173 435 52
173 174 435 51
174 175 435 50
175 191 435 49
177 193 435 79
178 177 435 78
179 178 435 77
180 179 435 76
181 180 435 75
182 181 435 74
183 182 435 73
184 183 435 72
185 184 435 71
185 186 435 15
186 185 435 70
186 187 435 14
187 186 435 69
187 188 435 13
188 187 435 68
188 189 435 12
189 188 435 67
189 190 435 11
190 189 435 66
190 191 435 10
191 175 435 9
191 190 435 65
192 176 435 155
192 208 435 83
193 177 435 23
193 194 435 95
194 193 435 22
194 195 435 94
195 194 435 21
195 196 435 93
196 195 435 20
196 197 435 92
197 196 435 19
197 198 435 91
198 197 435 18
198 199 435 90
199 198 435 17
199 200 435 89
200 201 435 88
201 202 435 87
202 203 435 86
203 204 435 85
204 205 435 84
205 206 435 83
206 207 435 82
207 223 435 81
209 225 435 111
210 209 435 110
211 210 435 109
212 211 435 108
213 212 435 107
214 213 435 106
215 214 435 105
216 215 435 104
217 216 435 103
217 218 435 47
218 217 435 102
218 219 435 46
219 218 435 101
219 220 435 45
220 219 435 100
220 221 435 44
221 220 435 99
221 222 435 43
222 221 435 98
222 223 435 42
223 207 435 41
223 222 435 97
224 208 435 158
224 240 435 86
225 209 435 55
225 226 435 127
226 225 435 54
226 227 435 126
227 226 435 53
227 228 435 125
228 227 435 52
228 229 435 124
229 228 435 51
229 230 435 123
230 229 435 50
230 231 435 122
231 230 435 49
231 232 435 121
232 233 435 120
233 234 435 119
234 235 435 118
235 236 435 117
236 237 435 116
237 238 435 115
238 239 435 114
239 255 435 113
241 240 435 143
242 241 435 142
243 242 435 141
244 243 435 140
245 244 435 139
246 245 435 138
247 246 435 137
248 247 435 136
249 248 435 135
249 250 435 79
250 249 435 134
250 251 435 78
251 250 435 133
251 252 435 77
252 251 435 132
252 253 435 76
253 252 435 131
253 254 435 75
254 253 435 130
254 255 435 74
255 239 435 73
255 254 435 129
0 1 437 167
1 2 437 168
2 3 437 169
3 4 437 170
4 5 437 171
5 6 437 172
6 7 437 173
7 8 437 174
8 9 437 175
24 23 437 177
25 24 437 178
26 25 437 179
27 26 437 180
28 27 437 181
29 28 437 182
30 29 437 183
31 30 437 184
32 16 437 164
32 48 437 109
33 34 437 200
34 35 437 201
35 36 437 202
36 37 437 203
37 38 437 204
38 39 437 205
39 40 437 206
40 41 437 207
56 55 437 209
57 56 437 210
58 57 437 211
59 58 437 212
60 59 437 213
61 60 437 214
62 61 437 215
63 62 437 216
64 48 437 161
64 80 437 106
65 66 437 232
66 67 437 233
67 68 437 234
68 69 437 235
69 70 437 236
70 71 437 237
71 72 437 238
72 73 437 239
80 64 437 145
81 97 437 176
84 83 437 208
87 86 437 240
88 87 437 241
89 88 437 242
90 89 437 243
91 90 437 244
92 91 437 245
93 92 437 246
94 93 437 247
95 94 437 248
96 112 437 103
97 98 437 160
100 101 437 128
103 104 437 96
106 107 437 64
109 110 437 32
112 96 437 148
128 144 437 100
144 128 437 151
145 146 437 80
148 149 437 112
151 152 437 144
154 155 437 176
157 158 437 208
160 176 437 97
161 145 437 64
164 163 437 32
167 166 437 0
168 167 437 1
169 168 437 2
170 169 437 3
171 170 437 4
172 171 437 5
173 172 437 6
174 173 437 7
175 174 437 8
176 160 437 154
176 192 437 81
177 178 437 24
178 179 437 25
179 180 437 26
180 181 437 27
181 182 437 28
182 183 437 29
183 184 437 30
184 185 437 31
200 199 437 33
201 200 437 34
202 201 437 35
203 202 437 36
204 203 437 37
205 204 437 38
206 205 437 39
207 206 437 40
208 192 437 157
208 224 437 84
209 210 437 56
210 211 437 57
211 212 437 58
212 213 437 59
213 214 437 60
214 215 437 61
215 216 437 62
216 217 437 63
232 231 437 65
233 232 437 66
234 233 437 67
235 234 437 68
236 235 437 69
237 236 437 70
238 237 437 71
239 238 437 72
240 241 437 87
241 242 437 88
242 243 437 89
243 244 437 90
244 245 437 91
245 246 437 92
246 247 437 93
247 248 437 94
248 249 437 95
0 16 439 127
1 0 439 126
2 1 439 125
3 2 439 124
4 3 439 123
5 4 439 122
6 5 439 121
7 6 439 120
8 7 439 119
9 8 439 118
10 9 439 117
10 11 439 191
11 10 439 116
11 12 439 190
12 11 439 115
12 13 439 189
13 12 439 114
13 14 439 188
14 13 439 113
14 15 439 187
15 31 439 186
16 0 439 165
16 32 439 111
17 33 439 198
18 17 439 197
18 19 439 143
19 18 439 196
19 20 439 142
20 19 439 195
20 21 439 141
21 20 439 194
21 22 439 140
22 21 439 193
22 23 439 139
23 24 439 138
24 25 439 137
25 26 439 136
26 27 439 135
27 28 439 134
28 29 439 133
29 30 439 132
30 31 439 131
31 15 439 130
33 17 439 158
34 33 439 157
35 34 439 156
36 35 439 155
37 36 439 154
38 37 439 153
39 38 439 152
40 39 439 151
41 40 439 150
42 41 439 149
42 43 439 223
43 42 439 148
43 44 439 222
44 43 439 147
44 45 439 221
45 44 439 146
45 46 439 220
46 45 439 145
46 47 439 219
47 63 439 218
48 32 439 162
48 64 439 108
49 65 439 230
50 49 439 229
50 51 439 175
51 50 439 228
51 52 439 174
52 51 439 227
52 53 439 173
53 52 439 226
53 54 439 172
54 53 439 225
54 55 439 171
55 56 439 170
56 57 439 169
57 58 439 168
58 59 439 167
59 60 439 166
60 61 439 165
61 62 439 164
62 63 439 163
63 47 439 162
65 49 439 190
66 65 439 189
67 66 439 188
68 67 439 187
69 68 439 186
70 69 439 185
71 70 439 184
72 71 439 183
73 72 439 182
74 73 439 181
74 75 439 255
75 74 439 180
75 76 439 254
76 75 439 179
76 77 439 253
77 76 439 178
77 78 439 252
78 77 439 177
78 79 439 251
79 95 439 250
80 96 439 105
82 81 439 192
82 83 439 207
83 84 439 206
84 85 439 205
85 84 439 224
85 86 439 204
86 87 439 203
87 88 439 202
88 89 439 201
89 90 439 200
90 91 439 199
91 92 439 198
92 93 439 197
93 94 439 196
94 95 439 195
95 79 439 194
96 80 439 147
97 81 439 222
98 97 439 221
99 98 439 220
99 100 439 144
100 99 439 219
101 100 439 218
102 101 439 217
102 103 439 112
103 102 439 216
104 103 439 215
105 104 439 214
105 106 439 80
106 105 439 213
107 106 439 212
108 107 439 211
108 109 439 48
109 108 439 210
110 109 439 209
111 127 439 16
112 128 439 102
113 129 439 14
114 113 439 13
114 115 439 239
115 114 439 12
115 116 439 238
116 115 439 11
116 117 439 237
117 116 439 10
117 118 439 236
118 117 439 9
118 119 439 235
119 118 439 8
119 120 439 234
120 119 439 7
120 121 439 233
121 120 439 6
121 122 439 232
122 121 439 5
122 123 439 231
123 122 439 4
123 124 439 230
124 123 439 3
124 125 439 229
125 124 439 2
125 126 439 228
126 125 439 1
126 127 439 227
127 111 439 226
127 126 439 0
128 112 439 150
129 113 439 254
130 129 439 253
130 131 439 31
131 130 439 252
131 132 439 30
132 131 439 251
132 133 439 29
133 132 439 250
133 134 439 28
134 133 439 249
134 135 439 27
135 134 439 248
135 136 439 26
136 135 439 247
136 137 439 25
137 136 439 246
137 138 439 24
138 137 439 245
138 139 439 23
139 138 439 244
139 140 439 22
140 139 439 243
140 141 439 21
141 140 439 242
141 142 439 20
142 141 439 241
142 143 439 19
143 142 439 240
143 159 439 18
144 160 439 99
145 161 439 46
146 145 439 45
147 146 439 44
147 148 439 96
148 147 439 43
149 148 439 42
150 149 439 41
150 151 439 128
151 150 439 40
152 151 439 39
153 152 439 38
153 154 439 160
154 153 439 37
155 154 439 36
156 155 439 35
156 157 439 192
157 156 439 34
158 157 439 33
159 143 439 224
160 144 439 153
162 161 439 48
162 163 439 63
163 164 439 62
164 165 439 61
165 164 439 16
165 166 439 60
166 167 439 59
167 168 439 58
168 169 439 57
169 170 439 56
170 171 439 55
171 172 439 54
172 173 439 53
173 174 439 52
174 175 439 51
175 191 439 50
177 193 439 78
178 177 439 77
179 178 439 76
180 179 439 75
181 180 439 74
182 181 439 73
183 182 439 72
184 183 439 71
185 184 439 70
186 185 439 69
186 187 439 15
187 186 439 68
187 188 439 14
188 187 439 67
188 189 439 13
189 188 439 66
189 190 439 12
190 189 439 65
190 191 439 11
191 175 439 10
192 176 439 156
192 208 439 82
193 177 439 22
194 193 439 21
194 195 439 95
195 194 439 20
195 196 439 94
196 195 439 19
196 197 439 93
197 196 439 18
197 198 439 92
198 197 439 17
198 199 439 91
199 200 439 90
200 201 439 89
201 202 439 88
202 203 439 87
203 204 439 86
204 205 439 85
205 206 439 84
206 207 439 83
207 223 439 82
209 225 439 110
210 209 439 109
211 210 439 108
212 211 439 107
213 212 439 106
214 213 439 105
215 214 439 104
216 215 439 103
217 216 439 102
218 217 439 101
218 219 439 47
219 218 439 100
219 220 439 46
220 219 439 99
220 221 439 45
221 220 439 98
221 222 439 44
222 221 439 97
222 223 439 43
223 207 439 42
224 208 439 159
224 240 439 85
225 209 439 54
226 225 439 53
226 227 439 127
227 226 439 52
227 228 439 126
228 227 439 51
228 229 439 125
229 228 439 50
229 230 439 124
230 229 439 49
230 231 439 123
231 232 439 122
232 233 439 121
233 234 439 120
234 235 439 119
235 236 439 118
236 237 439 117
237 238 439 116
238 239 439 115
239 255 439 114
240 224 439 143
241 240 439 142
242 241 439 141
243 242 439 140
244 243 439 139
245 244 439 138
246 245 439 137
247 246 439 136
248 247 439 135
249 248 439 134
250 249 439 133
250 251 439 79
251 250 439 132
251 252 439 78
252 251 439 131
252 253 439 77
253 252 439 130
253 254 439 76
254 253 439 129
254 255 439 75
255 239 439 74
0 1 441 166
1 2 441 167
2 3 441 168
3 4 441 169
4 5 441 170
5 6 441 171
6 7 441 172
7 8 441 173
8 9 441 174
9 10 441 175
15 14 441 129
17 18 441 159
23 22 441 177
24 23 441 178
25 24 441 179
26 25 441 180
27 26 441 181
28 27 441 182
29 28 441 183
30 29 441 184
31 30 441 185
32 16 441 163
32 48 441 110
33 34 441 199
34 35 441 200
35 36 441 201
36 37 441 202
37 38 441 203
38 39 441 204
39 40 441 205
40 41 441 206
41 42 441 207
47 46 441 161
49 50 441 191
55 54 441 209
56 55 441 210
57 56 441 211
58 57 441 212
59 58 441 213
60 59 441 214
61 60 441 215
62 61 441 216
63 62 441 217
64 80 441 107
65 66 441 231
66 67 441 232
67 68 441 233
68 69 441 234
69 70 441 235
70 71 441 236
71 72 441 237
72 73 441 238
73 74 441 239
79 78 441 193
80 64 441 146
81 82 441 223
83 82 441 208
86 85 441 240
87 86 441 241
88 87 441 242
89 88 441 243
90 89 441 244
91 90 441 245
92 91 441 246
93 92 441 247
94 93 441 248
95 94 441 249
96 112 441 104
98 99 441 160
101 102 441 128
104 105 441 96
107 108 441 64
110 111 441 32
111 110 441 225
112 96 441 149
113 114 441 255
128 144 441 101
129 130 441 15
144 128 441 152
146 147 441 80
149 150 441 112
152 153 441 144
155 156 441 176
158 159 441 208
159 158 441 17
160 176 441 98
161 162 441 47
163 162 441 32
166 165 441 0
167 166 441 1
168 167 441 2
169 168 441 3
170 169 441 4
171 170 441 5
172 171 441 6
173 172 441 7
174 173 441 8
175 174 441 9
176 160 441 155
177 178 441 23
178 179 441 24
179 180 441 25
180 181 441 26
181 182 441 27
182 183 441 28
183 184 441 29
184 185 441 30
185 186 441 31
191 190 441 49
193 194 441 79
199 198 441 33
200 199 441 34
201 200 441 35
202 201 441 36
203 202 441 37
204 203 441 38
205 204 441 39
206 205 441 40
207 206 441 41
208 192 441 158
208 224 441 83
209 210 441 55
210 211 441 56
211 212 441 57
212 213 441 58
213 214 441 59
214 215 441 60
215 216 441 61
216 217 441 62
217 218 441 63
223 222 441 81
225 226 441 111
231 230 441 65
232 231 441 66
233 232 441 67
234 233 441 68
235 234 441 69
236 235 441 70
237 236 441 71
238 237 441 72
239 238 441 73
240 241 441 86
241 242 441 87
242 243 441 88
243 244 441 89
244 245 441 90
245 246 441 91
246 247 441 92
247 248 441 93
248 249 441 94
249 250 441 95
255 254 441 113
0 16 443 126
1 0 443 125
2 1 443 124
3 2 443 123
4 3 443 122
5 4 443 121
6 5 443 120
7 6 443 119
8 7 443 118
9 8 443 117
10 9 443 116
11 10 443 115
11 12 443 191
12 11 443 114
12 13 443 190
13 12 443 113
13 14 443 189
14 15 443 188
15 31 443 187
16 0 443 164
17 33 443 197
18 17 443 196
19 18 443 195
19 20 443 143
20 19 443 194
20 21 443 142
21 20 443 193
21 22 443 141
22 23 443 140
23 24 443 139
24 25 443 138
25 26 443 137
26 27 443 136
27 28 443 135
28 29 443 134
29 30 443 133
30 31 443 132
31 15 443 131
33 17 443 157
34 33 443 156
35 34 443 155
36 35 443 154
37 36 443 153
38 37 443 152
39 38 443 151
40 39 443 150
41 40 443 149
42 41 443 148
43 42 443 147
43 44 443 223
44 43 443 146
44 45 443 222
45 44 443 145
45 46 443 221
46 47 443 220
47 63 443 219
48 32 443 161
48 64 443 109
49 65 443 229
50 49 443 228
51 50 443 227
51 52 443 175
52 51 443 226
52 53 443 174
53 52 443 225
53 54 443 173
54 55 443 172
55 56 443 171
56 57 443 170
57 58 443 169
58 59 443 168
59 60 443 167
60 61 443 166
61 62 443 165
62 63 443 164
63 47 443 163
64 48 443 145
65 49 443 189
66 65 443 188
67 66 443 187
68 67 443 186
69 68 443 185
70 69 443 184
71 70 443 183
72 71 443 182
73 72 443 181
74 73 443 180
75 74 443 179
75 76 443 255
76 75 443 178
76 77 443 254
77 76 443 177
77 78 443 253
78 79 443 252
79 95 443 251
80 96 443 106
81 97 443 192
83 84 443 207
84 83 443 224
84 85 443 206
85 86 443 205
86 87 443 204
87 88 443 203
88 89 443 202
89 90 443 201
90 91 443 200
91 92 443 199
92 93 443 198
93 94 443 197
94 95 443 196
95 79 443 195
96 80 443 148
97 81 443 221
97 98 443 176
98 97 443 220
99 98 443 219
100 99 443 218
100 101 443 144
101 100 443 217
102 101 443 216
103 102 443 215
103 104 443 112
104 103 443 214
105 104 443 213
106 105 443 212
106 107 443 80
107 106 443 211
108 107 443 210
109 108 443 209
109 110 443 48
112 128 443 103
113 129 443 13
114 113 443 12
115 114 443 11
115 116 443 239
116 115 443 10
116 117 443 238
117 116 443 9
117 118 443 237
118 117 443 8
118 119 443 236
119 118 443 7
119 120 443 235
120 119 443 6
120 121 443 234
121 120 443 5
121 122 443 233
122 121 443 4
122 123 443 232
123 122 443 3
123 124 443 231
124 123 443 2
124 125 443 230
125 124 443 1
125 126 443 229
126 125 443 0
126 127 443 228
127 111 443 227
128 112 443 151
129 113 443 253
130 129 443 252
131 130 443 251
131 132 443 31
132 131 443 250
132 133 443 30
133 132 443 249
133 134 443 29
134 133 443 248
134 135 443 28
135 134 443 247
135 136 443 27
136 135 443 246
136 137 443 26
137 136 443 245
137 138 443 25
138 137 443 244
138 139 443 24
139 138 443 243
139 140 443 23
140 139 443 242
140 141 443 22
141 140 443 241
141 142 443 21
142 141 443 240
142 143 443 20
143 159 443 19
144 160 443 100
145 146 443 64
145 161 443 45
146 145 443 44
147 146 443 43
148 147 443 42
148 149 443 96
149 148 443 41
150 149 443 40
151 150 443 39
151 152 443 128
152 151 443 38
153 152 443 37
154 153 443 36
154 155 443 160
155 154 443 35
156 155 443 34
157 156 443 33
157 158 443 192
160 144 443 154
161 145 443 48
163 164 443 63
164 163 443 16
164 165 443 62
165 166 443 61
166 167 443 60
167 168 443 59
168 169 443 58
169 170 443 57
170 171 443 56
171 172 443 55
172 173 443 54
173 174 443 53
174 175 443 52
175 191 443 51
176 192 443 97
177 193 443 77
178 177 443 76
179 178 443 75
180 179 443 74
181 180 443 73
182 181 443 72
183 182 443 71
184 183 443 70
185 184 443 69
186 185 443 68
187 186 443 67
187 188 443 15
188 187 443 66
188 189 443 14
189 188 443 65
189 190 443 13
190 191 443 12
191 175 443 11
192 176 443 157
192 208 443 81
193 177 443 21
194 193 443 20
195 194 443 19
195 196 443 95
196 195 443 18
196 197 443 94
197 196 443 17
197 198 443 93
198 199 443 92
199 200 443 91
200 201 443 90
201 202 443 89
202 203 443 88
203 204 443 87
204 205 443 86
205 206 443 85
206 207 443 84
207 223 443 83
209 225 443 109
210 209 443 108
211 210 443 107
212 211 443 106
213 212 443 105
214 213 443 104
215 214 443 103
216 215 443 102
217 216 443 101
218 217 443 100
219 218 443 99
219 220 443 47
220 219 443 98
220 221 443 46
221 220 443 97
221 222 443 45
222 223 443 44
223 207 443 43
224 240 443 84
225 209 443 53
226 225 443 52
227 226 443 51
227 228 443 127
228 227 443 50
228 229 443 126
229 228 443 49
229 230 443 125
230 231 443 124
231 232 443 123
232 233 443 122
233 234 443 121
234 235 443 120
235 236 443 119
236 237 443 118
237 238 443 117
238 239 443 116
239 255 443 115
240 224 443 142
241 240 443 141
242 241 443 140
243 242 443 139
244 243 443 138
245 244 443 137
246 245 443 136
247 246 443 135
248 247 443 134
249 248 443 133
250 249 443 132
251 250 443 131
251 252 443 79
252 251 443 130
252 253 443 78
253 252 443 129
253 254 443 77
254 255 443 76
255 239 443 75
0 1 445 165
1 2 445 166
2 3 445 167
3 4 445 168
4 5 445 169
5 6 445 170
6 7 445 171
7 8 445 172
8 9 445 173
9 10 445 174
10 11 445 175
14 13 445 129
15 14 445 130
16 32 445 127
17 18 445 158
18 19 445 159
22 21 445 177
23 22 445 178
24 23 445 179
25 24 445 180
26 25 445 181
27 26 445 182
28 27 445 183
29 28 445 184
30 29 445 185
31 30 445 186
32 16 445 162
32 48 445 111
33 34 445 198
34 35 445 199
35 36 445 200
36 37 445 201
37 38 445 202
38 39 445 203
39 40 445 204
40 41 445 205
41 42 445 206
42 43 445 207
46 45 445 161
47 46 445 162
49 50 445 190
50 51 445 191
54 53 445 209
55 54 445 210
56 55 445 211
57 56 445 212
58 57 445 213
59 58 445 214
60 59 445 215
61 60 445 216
62 61 445 217
63 62 445 218
64 80 445 108
65 66 445 230
66 67 445 231
67 68 445 232
68 69 445 233
69 70 445 234
70 71 445 235
71 72 445 236
72 73 445 237
73 74 445 238
74 75 445 239
78 77 445 193
79 78 445 194
80 64 445 147
81 82 445 222
82 81 445 208
82 83 445 223
85 84 445 240
86 85 445 241
87 86 445 242
88 87 445 243
89 88 445 244
90 89 445 245
91 90 445 246
92 91 445 247
93 92 445 248
94 93 445 249
95 94 445 250
96 112 445 105
99 100 445 160
102 103 445 128
105 106 445 96
108 109 445 64
110 109 445 225
111 110 445 226
111 127 445 32
112 96 445 150
113 114 445 254
114 115 445 255
127 126 445 16
128 144 445 102
129 130 445 14
130 131 445 15
143 142 445 224
144 128 445 153
147 148 445 80
150 151 445 112
153 154 445 144
156 157 445 176
158 157 445 17
159 143 445 208
159 158 445 18
160 176 445 99
161 162 445 46
162 161 445 32
162 163 445 47
165 164 445 0
166 165 445 1
167 166 445 2
168 167 445 3
169 168 445 4
170 169 445 5
171 170 445 6
172 171 445 7
173 172 445 8
174 173 445 9
175 174 445 10
176 160 445 156
177 178 445 22
178 179 445 23
179 180 445 24
180 181 445 25
181 182 445 26
182 183 445 27
183 184 445 28
184 185 445 29
185 186 445 30
186 187 445 31
190 189 445 49
191 190 445 50
193 194 445 78
194 195 445 79
198 197 445 33
199 198 445 34
200 199 445 35
201 200 445 36
202 201 445 37
203 202 445 38
204 203 445 39
205 204 445 40
206 205 445 41
207 206 445 42
208 192 445 159
208 224 445 82
209 210 445 54
210 211 445 55
211 212 445 56
212 213 445 57
213 214 445 58
214 215 445 59
215 216 445 60
216 217 445 61
217 218 445 62
218 219 445 63
222 221 445 81
223 222 445 82
224 208 445 143
225 226 445 110
226 227 445 111
230 229 445 65
231 230 445 66
232 231 445 67
233 232 445 68
234 233 445 69
235 234 445 70
236 235 445 71
237 236 445 72
238 237 445 73
239 238 445 74
240 241 445 85
241 242 445 86
242 243 445 87
243 244 445 88
244 245 445 89
245 246 445 90
246 247 445 91
247 248 445 92
248 249 445 93
249 250 445 94
250 251 445 95
254 253 445 113
255 254 445 114
0 16 447 125
1 0 447 124
2 1 447 123
3 2 447 122
4 3 447 121
5 4 447 120
6 5 447 119
7 6 447 118
8 7 447 117
9 8 447 116
10 9 447 115
11 10 447 114
12 11 447 113
12 13 447 191
13 14 447 190
14 15 447 189
15 31 447 188
16 0 447 163
17 33 447 196
18 17 447 195
19 18 447 194
20 19 447 193
20 21 447 143
21 22 447 142
22 23 447 141
23 24 447 140
24 25 447 139
25 26 447 138
26 27 447 137
27 28 447 136
28 29 447 135
29 30 447 134
30 31 447 133
31 15 447 132
33 17 447 156
34 33 447 155
35 34 447 154
36 35 447 153
37 36 447 152
38 37 447 151
39 38 447 150
40 39 447 149
41 40 447 148
42 41 447 147
43 42 447 146
44 43 447 145
44 45 447 223
45 46 447 222
46 47 447 221
47 63 447 220
48 64 447 110
49 65 447 228
50 49 447 227
51 50 447 226
52 51 447 225
52 53 447 175
53 54 447 174
54 55 447 173
55 56 447 172
56 57 447 171
57 58 447 170
58 59 447 169
59 60 447 168
60 61 447 167
61 62 447 166
62 63 447 165
63 47 447 164
64 48 447 146
65 49 447 188
66 65 447 187
67 66 447 186
68 67 447 185
69 68 447 184
70 69 447 183
71 70 447 182
72 71 447 181
73 72 447 180
74 73 447 179
75 74 447 178
76 75 447 177
76 77 447 255
77 78 447 254
78 79 447 253
79 95 447 252
80 96 447 107
83 82 447 224
84 85 447 207
85 86 447 206
86 87 447 205
87 88 447 204
88 89 447 203
89 90 447 202
90 91 447 201
91 92 447 200
92 93 447 199
93 94 447 198
94 95 447 197
95 79 447 196
96 80 447 149
97 81 447 220
98 97 447 219
98 99 447 176
99 98 447 218
100 99 447 217
101 100 447 216
101 102 447 144
102 101 447 215
103 102 447 214
104 103 447 213
104 105 447 112
105 104 447 212
106 105 447 211
107 106 447 210
107 108 447 80
108 107 447 209
110 111 447 48
112 128 447 104
113 129 447 12
114 113 447 11
115 114 447 10
116 115 447 9
116 117 447 239
117 116 447 8
117 118 447 238
118 117 447 7
118 119 447 237
119 118 447 6
119 120 447 236
120 119 447 5
120 121 447 235
121 120 447 4
121 122 447 234
122 121 447 3
122 123 447 233
123 122 447 2
123 124 447 232
124 123 447 1
124 125 447 231
125 124 447 0
125 126 447 230
126 127 447 229
127 111 447 228
128 112 447 152
129 113 447 252
130 129 447 251
131 130 447 250
132 131 447 249
132 133 447 31
133 132 447 248
133 134 447 30
134 133 447 247
134 135 447 29
135 134 447 246
135 136 447 28
136 135 447 245
136 137 447 27
137 136 447 244
137 138 447 26
138 137 447 243
138 139 447 25
139 138 447 242
139 140 447 24
140 139 447 241
140 141 447 23
141 140 447 240
141 142 447 22
142 143 447 21
143 159 447 20
144 160 447 101
145 161 447 44
146 145 447 43
146 147 447 64
147 146 447 42
148 147 447 41
149 148 447 40
149 150 447 96
150 149 447 39
151 150 447 38
152 151 447 37
152 153 447 128
153 152 447 36
154 153 447 35
155 154 447 34
155 156 447 160
156 155 447 33
158 159 447 192
160 144 447 155
163 162 447 16
164 165 447 63
165 166 447 62
166 167 447 61
167 168 447 60
168 169 447 59
169 170 447 58
170 171 447 57
171 172 447 56
172 173 447 55
173 174 447 54
174 175 447 53
175 191 447 52
176 192 447 98
177 193 447 76
178 177 447 75
179 178 447 74
180 179 447 73
181 180 447 72
182 181 447 71
183 182 447 70
184 183 447 69
185 184 447 68
186 185 447 67
187 186 447 66
188 187 447 65
188 189 447 15
189 190 447 14
190 191 447 13
191 175 447 12
192 176 447 158
193 177 447 20
194 193 447 19
195 194 447 18
196 195 447 17
196 197 447 95
197 198 447 94
198 199 447 93
199 200 447 92
200 201 447 91
201 202 447 90
202 203 447 89
203 204 447 88
204 205 447 87
205 206 447 86
206 207 447 85
207 223 447 84
209 225 447 108
210 209 447 107
211 210 447 106
212 211 447 105
213 212 447 104
214 213 447 103
215 214 447 102
216 215 447 101
217 216 447 100
218 217 447 99
219 218 447 98
220 219 447 97
220 221 447 47
221 222 447 46
222 223 447 45
223 207 447 44
224 240 447 83
225 209 447 52
226 225 447 51
227 226 447 50
228 227 447 49
228 229 447 127
229 230 447 126
230 231 447 125
231 232 447 124
232 233 447 123
233 234 447 122
234 235 447 121
235 236 447 120
236 237 447 119
237 238 447 118
238 239 447 117
239 255 447 116
240 224 447 141
241 240 447 140
242 241 447 139
243 242 447 138
244 243 447 137
245 244 447 136
246 245 447 135
247 246 447 134
248 247 447 133
249 248 447 132
250 249 447 131
251 250 447 130
252 251 447 129
252 253 447 79
253 254 447 78
254 255 447 77
255 239 447 76
0 1 449 164
1 2 449 165
2 3 449 166
3 4 449 167
4 5 449 168
5 6 449 169
6 7 449 170
7 8 449 171
8 9 449 172
9 10 449 173
10 11 449 174
11 12 449 175
13 12 449 129
14 13 449 130
15 14 449 131
16 32 449 126
17 18 449 157
18 19 449 158
19 20 449 159
21 20 449 177
22 21 449 178
23 22 449 179
24 23 449 180
25 24 449 181
26 25 449 182
27 26 449 183
28 27 449 184
29 28 449 185
30 29 449 186
31 30 449 187
32 16 449 161
33 34 449 197
34 35 449 198
35 36 449 199
36 37 449 200
37 38 449 201
38 39 449 202
39 40 449 203
40 41 449 204
41 42 449 205
42 43 449 206
43 44 449 207
45 44 449 161
46 45 449 162
47 46 449 163
48 32 449 145
49 50 449 189
50 51 449 190
51 52 449 191
53 52 449 209
54 53 449 210
55 54 449 211
56 55 449 212
57 56 449 213
58 57 449 214
59 58 449 215
60 59 449 216
61 60 449 217
62 61 449 218
63 62 449 219
64 80 449 109
65 66 449 229
66 67 449 230
67 68 449 231
68 69 449 232
69 70 449 233
70 71 449 234
71 72 449 235
72 73 449 236
73 74 449 237
74 75 449 238
75 76 449 239
77 76 449 193
78 77 449 194
79 78 449 195
80 64 449 148
81 82 449 221
81 97 449 208
82 83 449 222
83 84 449 223
84 83 449 240
85 84 449 241
86 85 449 242
87 86 449 243
88 87 449 244
89 88 449 245
90 89 449 246
91 90 449 247
92 91 449 248
93 92 449 249
94 93 449 250
95 94 449 251
96 112 449 106
97 98 449 192
100 101 449 160
103 104 449 128
106 107 449 96
109 108 449 225
109 110 449 64
110 109 449 226
111 110 449 227
112 96 449 151
113 114 449 253
114 115 449 254
115 116 449 255
126 125 449 16
128 144 449 103
129 130 449 13
130 131 449 14
131 132 449 15
142 141 449 224
144 128 449 154
145 146 449 48
148 149 449 80
151 152 449 112
154 155 449 144
157 156 449 17
157 158 449 176
158 157 449 18
159 158 449 19
160 176 449 100
161 145 449 32
161 162 449 45
162 163 449 46
163 164 449 47
164 163 449 0
165 164 449 1
166 165 449 2
167 166 449 3
168 167 449 4
169 168 449 5
170 169 449 6
171 170 449 7
172 171 449 8
173 172 449 9
174 173 449 10
175 174 449 11
176 160 449 157
177 178 449 21
178 179 449 22
179 180 449 23
180 181 449 24
181 182 449 25
182 183 449 26
183 184 449 27
184 185 449 28
185 186 449 29
186 187 449 30
187 188 449 31
189 188 449 49
190 189 449 50
191 190 449 51
192 208 449 97
193 194 449 77
194 195 449 78
195 196 449 79
197 196 449 33
198 197 449 34
199 198 449 35
200 199 449 36
201 200 449 37
202 201 449 38
203 202 449 39
204 203 449 40
205 204 449 41
206 205 449 42
207 206 449 43
208 224 449 81
209 210 449 53
210 211 449 54
211 212 449 55
212 213 449 56
213 214 449 57
214 215 449 58
215 216 449 59
216 217 449 60
217 218 449 61
218 219 449 62
219 220 449 63
221 220 449 81
222 221 449 82
223 222 449 83
224 208 449 142
225 226 449 109
226 227 449 110
227 228 449 111
229 228 449 65
230 229 449 66
231 230 449 67
232 231 449 68
233 232 449 69
234 233 449 70
235 234 449 71
236 235 449 72
237 236 449 73
238 237 449 74
239 238 449 75
240 241 449 84
241 242 449 85
242 243 449 86
243 244 449 87
244 245 449 88
245 246 449 89
246 247 449 90
247 248 449 91
248 249 449 92
249 250 449 93
250 251 449 94
251 252 449 95
253 252 449 113
254 253 449 114
255 254 449 115
0 16 451 124
1 0 451 123
2 1 451 122
3 2 451 121
4 3 451 120
5 4 451 119
6 5 451 118
7 6 451 117
8 7 451 116
9 8 451 115
10 9 451 114
11 10 451 113
13 14 451 191
14 15 451 190
15 31 451 189
16 0 451 162
17 33 451 195
18 17 451 194
19 18 451 193
21 22 451 143
22 23 451 142
23 24 451 141
24 25 451 140
25 26 451 139
26 27 451 138
27 28 451 137
28 29 451 136
29 30 451 135
30 31 451 134
31 15 451 133
32 48 451 127
33 17 451 155
34 33 451 154
35 34 451 153
36 35 451 152
37 36 451 151
38 37 451 150
39 38 451 149
40 39 451 148
41 40 451 147
42 41 451 146
43 42 451 145
45 46 451 223
46 47 451 222
47 63 451 221
48 64 451 111
49 65 451 227
50 49 451 226
51 50 451 225
53 54 451 175
54 55 451 174
55 56 451 173
56 57 451 172
57 58 451 171
58 59 451 170
59 60 451 169
60 61 451 168
61 62 451 167
62 63 451 166
63 47 451 165
64 48 451 147
65 49 451 187
66 65 451 186
67 66 451 185
68 67 451 184
69 68 451 183
70 69 451 182
71 70 451 181
72 71 451 180
73 72 451 179
74 73 451 178
75 74 451 177
77 78 451 255
78 79 451 254
79 95 451 253
80 96 451 108
82 81 451 224
85 86 451 207
86 87 451 206
87 88 451 205
88 89 451 204
89 90 451 203
90 91 451 202
91 92 451 201
92 93 451 200
93 94 451 199
94 95 451 198
95 79 451 197
96 80 451 150
97 81 451 219
98 97 451 218
99 98 451 217
99 100 451 176
100 99 451 216
101 100 451 215
102 101 451 214
102 103 451 144
103 102 451 213
104 103 451 212
105 104 451 211
105 106 451 112
106 105 451 210
107 106 451 209
108 109 451 80
111 127 451 48
112 128 451 105
113 129 451 11
114 113 451 10
115 114 451 9
116 115 451 8
117 116 451 7
117 118 451 239
118 117 451 6
118 119 451 238
119 118 451 5
119 120 451 237
120 119 451 4
120 121 451 236
121 120 451 3
121 122 451 235
122 121 451 2
122 123 451 234
123 122 451 1
123 124 451 233
124 123 451 0
124 125 451 232
125 126 451 231
126 127 451 230
127 111 451 229
127 126 451 32
128 112 451 153
129 113 451 251
130 129 451 250
131 130 451 249
132 131 451 248
133 132 451 247
133 134 451 31
134 133 451 246
134 135 451 30
135 134 451 245
135 136 451 29
136 135 451 244
136 137 451 28
137 136 451 243
137 138 451 27
138 137 451 242
138 139 451 26
139 138 451 241
139 140 451 25
140 139 451 240
140 141 451 24
141 142 451 23
142 143 451 22
143 142 451 208
143 159 451 21
144 160 451 102
145 161 451 43
146 145 451 42
147 146 451 41
147 148 451 64
148 147 451 40
149 148 451 39
150 149 451 38
150 151 451 96
151 150 451 37
152 151 451 36
153 152 451 35
153 154 451 128
154 153 451 34
155 154 451 33
156 157 451 160
159 143 451 192
160 144 451 156
162 161 451 16
165 166 451 63
166 167 451 62
167 168 451 61
168 169 451 60
169 170 451 59
170 171 451 58
171 172 451 57
172 173 451 56
173 174 451 55
174 175 451 54
175 191 451 53
176 192 451 99
177 193 451 75
178 177 451 74
179 178 451 73
180 179 451 72
181 180 451 71
182 181 451 70
183 182 451 69
184 183 451 68
185 184 451 67
186 185 451 66
187 186 451 65
189 190 451 15
190 191 451 14
191 175 451 13
192 176 451 159
193 177 451 19
194 193 451 18
195 194 451 17
197 198 451 95
198 199 451 94
199 200 451 93
200 201 451 92
201 202 451 91
202 203 451 90
203 204 451 89
204 205 451 88
205 206 451 87
206 207 451 86
207 223 451 85
208 192 451 143
209 225 451 107
210 209 451 106
211 210 451 105
212 211 451 104
213 212 451 103
214 213 451 102
215 214 451 101
216 215 451 100
217 216 451 99
218 217 451 98
219 218 451 97
221 222 451 47
222 223 451 46
223 207 451 45
224 240 451 82
225 209 451 51
226 225 451 50
227 226 451 49
229 230 451 127
230 231 451 126
231 232 451 125
232 233 451 124
233 234 451 123
234 235 451 122
235 236 451 121
236 237 451 120
237 238 451 119
238 239 451 118
239 255 451 117
240 224 451 140
241 240 451 139
242 241 451 138
243 242 451 137
244 243 451 136
245 244 451 135
246 245 451 134
247 246 451 133
248 247 451 132
249 248 451 131
250 249 451 130
251 250 451 129
253 254 451 79
254 255 451 78
255 239 451 77
0 1 453 163
1 2 453 164
2 3 453 165
3 4 453 166
4 5 453 167
5 6 453 168
6 7 453 169
7 8 453 170
8 9 453 171
9 10 453 172
10 11 453 173
11 12 453 174
12 11 453 129
12 13 453 175
13 12 453 130
14 13 453 131
15 14 453 132
16 32 453 125
17 18 453 156
18 19 453 157
19 20 453 158
20 19 453 177
20 21 453 159
21 20 453 178
22 21 453 179
23 22 453 180
24 23 453 181
25 24 453 182
26 25 453 183
27 26 453 184
28 27 453 185
29 28 453 186
30 29 453 187
31 30 453 188
33 34 453 196
34 35 453 197
35 36 453 198
36 37 453 199
37 38 453 200
38 39 453 201
39 40 453 202
40 41 453 203
41 42 453 204
42 43 453 205
43 44 453 206
44 43 453 161
44 45 453 207
45 44 453 162
46 45 453 163
47 46 453 164
48 32 453 146
49 50 453 188
50 51 453 189
51 52 453 190
52 51 453 209
52 53 453 191
53 52 453 210
54 53 453 211
55 54 453 212
56 55 453 213
57 56 453 214
58 57 453 215
59 58 453 216
60 59 453 217
61 60 453 218
62 61 453 219
63 62 453 220
64 80 453 110
65 66 453 228
66 67 453 229
67 68 453 230
68 69 453 231
69 70 453 232
70 71 453 233
71 72 453 234
72 73 453 235
73 74 453 236
74 75 453 237
75 76 453 238
76 75 453 193
76 77 453 239
77 76 453 194
78 77 453 195
79 78 453 196
80 64 453 149
81 82 453 220
82 83 453 221
83 82 453 240
83 84 453 222
84 83 453 241
84 85 453 223
85 84 453 242
86 85 453 243
87 86 453 244
88 87 453 245
89 88 453 246
90 89 453 247
91 90 453 248
92 91 453 249
93 92 453 250
94 93 453 251
95 94 453 252
96 112 453 107
98 99 453 192
101 102 453 160
104 105 453 128
107 108 453 96
108 107 453 225
109 108 453 226
110 109 453 227
110 111 453 64
111 110 453 228
112 96 453 152
113 114 453 252
114 115 453 253
115 116 453 254
116 117 453 255
125 124 453 16
128 144 453 104
129 130 453 12
130 131 453 13
131 132 453 14
132 133 453 15
141 140 453 224
144 128 453 155
146 147 453 48
149 150 453 80
152 153 453 112
155 156 453 144
156 155 453 17
157 156 453 18
158 157 453 19
158 159 453 176
159 158 453 20
160 176 453 101
161 162 453 44
162 163 453 45
163 162 453 0
163 164 453 46
164 163 453 1
164 165 453 47
165 164 453 2
166 165 453 3
167 166 453 4
168 167 453 5
169 168 453 6
170 169 453 7
171 170 453 8
172 171 453 9
173 172 453 10
174 173 453 11
175 174 453 12
176 160 453 158
177 178 453 20
178 179 453 21
179 180 453 22
180 181 453 23
181 182 453 24
182 183 453 25
183 184 453 26
184 185 453 27
185 186 453 28
186 187 453 29
187 188 453 30
188 187 453 49
188 189 453 31
189 188 453 50
190 189 453 51
191 190 453 52
192 208 453 98
193 194 453 76
194 195 453 77
195 196 453 78
196 195 453 33
196 197 453 79
197 196 453 34
198 197 453 35
199 198 453 36
200 199 453 37
201 200 453 38
202 201 453 39
203 202 453 40
204 203 453 41
205 204 453 42
206 205 453 43
207 206 453 44
209 210 453 52
210 211 453 53
211 212 453 54
212 213 453 55
213 214 453 56
214 215 453 57
215 216 453 58
216 217 453 59
217 218 453 60
218 219 453 61
219 220 453 62
220 219 453 81
220 221 453 63
221 220 453 82
222 221 453 83
223 222 453 84
224 208 453 141
225 226 453 108
226 227 453 109
227 228 453 110
228 227 453 65
228 229 453 111
229 228 453 66
230 229 453 67
231 230 453 68
232 231 453 69
233 232 453 70
234 233 453 71
235 234 453 72
236 235 453 73
237 236 453 74
238 237 453 75
239 238 453 76
240 241 453 83
241 242 453 84
242 243 453 85
243 244 453 86
244 245 453 87
245 246 453 88
246 247 453 89
247 248 453 90
248 249 453 91
249 250 453 92
250 251 453 93
251 252 453 94
252 251 453 113
252 253 453 95
253 252 453 114
254 253 453 115
255 254 453 116
0 16 455 123
1 0 455 122
2 1 455 121
3 2 455 120
4 3 455 119
5 4 455 118
6 5 455 117
7 6 455 116
8 7 455 115
9 8 455 114
10 9 455 113
14 15 455 191
15 31 455 190
16 0 455 161
17 33 455 194
18 17 455 193
22 23 455 143
23 24 455 142
24 25 455 141
25 26 455 140
26 27 455 139
27 28 455 138
28 29 455 137
29 30 455 136
30 31 455 135
31 15 455 134
32 16 455 145
32 48 455 126
33 17 455 154
34 33 455 153
35 34 455 152
36 35 455 151
37 36 455 150
38 37 455 149
39 38 455 148
40 39 455 147
41 40 455 146
42 41 455 145
46 47 455 223
47 63 455 222
49 65 455 226
50 49 455 225
54 55 455 175
55 56 455 174
56 57 455 173
57 58 455 172
58 59 455 171
59 60 455 170
60 61 455 169
61 62 455 168
62 63 455 167
63 47 455 166
64 48 455 148
65 49 455 186
66 65 455 185
67 66 455 184
68 67 455 183
69 68 455 182
70 69 455 181
71 70 455 180
72 71 455 179
73 72 455 178
74 73 455 177
78 79 455 255
79 95 455 254
80 96 455 109
81 97 455 224
86 87 455 207
87 88 455 206
88 89 455 205
89 90 455 204
90 91 455 203
91 92 455 202
92 93 455 201
93 94 455 200
94 95 455 199
95 79 455 198
96 80 455 151
97 81 455 218
97 98 455 208
98 97 455 217
99 98 455 216
100 99 455 215
100 101 455 176
101 100 455 214
102 101 455 213
103 102 455 212
103 104 455 144
104 103 455 211
105 104 455 210
106 105 455 209
106 107 455 112
109 110 455 80
112 128 455 106
113 129 455 10
114 113 455 9
115 114 455 8
116 115 455 7
117 116 455 6
118 117 455 5
118 119 455 239
119 118 455 4
119 120 455 238
120 119 455 3
120 121 455 237
121 120 455 2
121 122 455 236
122 121 455 1
122 123 455 235
123 122 455 0
123 124 455 234
124 125 455 233
125 126 455 232
126 125 455 32
126 127 455 231
127 111 455 230
128 112 455 154
129 113 455 250
130 129 455 249
131 130 455 248
132 131 455 247
133 132 455 246
134 133 455 245
134 135 455 31
135 134 455 244
135 136 455 30
136 135 455 243
136 137 455 29
137 136 455 242
137 138 455 28
138 137 455 241
138 139 455 27
139 138 455 240
139 140 455 26
140 141 455 25
141 142 455 24
142 141 455 208
142 143 455 23
143 159 455 22
144 160 455 103
145 146 455 32
145 161 455 42
146 145 455 41
147 146 455 40
148 147 455 39
148 149 455 64
149 148 455 38
150 149 455 37
151 150 455 36
151 152 455 96
152 151 455 35
153 152 455 34
154 153 455 33
154 155 455 128
157 158 455 160
160 144 455 157
161 145 455 16
166 167 455 63
167 168 455 62
168 169 455 61
169 170 455 60
170 171 455 59
171 172 455 58
172 173 455 57
173 174 455 56
174 175 455 55
175 191 455 54
176 192 455 100
177 193 455 74
178 177 455 73
179 178 455 72
180 179 455 71
181 180 455 70
182 181 455 69
183 182 455 68
184 183 455 67
185 184 455 66
186 185 455 65
190 191 455 15
191 175 455 14
193 177 455 18
194 193 455 17
198 199 455 95
199 200 455 94
200 201 455 93
201 202 455 92
202 203 455 91
203 204 455 90
204 205 455 89
205 206 455 88
206 207 455 87
207 223 455 86
208 192 455 142
208 224 455 97
209 225 455 106
210 209 455 105
211 210 455 104
212 211 455 103
213 212 455 102
214 213 455 101
215 214 455 100
216 215 455 99
217 216 455 98
218 217 455 97
222 223 455 47
223 207 455 46
224 240 455 81
225 209 455 50
226 225 455 49
230 231 455 127
231 232 455 126
232 233 455 125
233 234 455 124
234 235 455 123
235 236 455 122
236 237 455 121
237 238 455 120
238 239 455 119
239 255 455 118
240 224 455 139
241 240 455 138
242 241 455 137
243 242 455 136
244 243 455 135
245 244 455 134
246 245 455 133
247 246 455 132
248 247 455 131
249 248 455 130
250 249 455 129
254 255 455 79
255 239 455 78
0 1 457 162
1 2 457 163
2 3 457 164
3 4 457 165
4 5 457 166
5 6 457 167
6 7 457 168
7 8 457 169
8 9 457 170
9 10 457 171
10 11 457 172
11 10 457 129
11 12 457 173
12 11 457 130
12 13 457 174
13 12 457 131
13 14 457 175
14 13 457 132
15 14 457 133
16 32 457 124
17 18 457 155
18 19 457 156
19 18 457 177
19 20 457 157
20 19 457 178
20 21 457 158
21 20 457 179
21 22 457 159
22 21 457 180
23 22 457 181
24 23 457 182
25 24 457 183
26 25 457 184
27 26 457 185
28 27 457 186
29 28 457 187
30 29 457 188
31 30 457 189
33 34 457 195
34 35 457 196
35 36 457 197
36 37 457 198
37 38 457 199
38 39 457 200
39 40 457 201
40 41 457 202
41 42 457 203
42 43 457 204
43 42 457 161
43 44 457 205
44 43 457 162
44 45 457 206
45 44 457 163
45 46 457 207
46 45 457 164
47 46 457 165
48 32 457 147
48 64 457 127
49 50 457 187
50 51 457 188
51 50 457 209
51 52 457 189
52 51 457 210
52 53 457 190
53 52 457 211
53 54 457 191
54 53 457 212
55 54 457 213
56 55 457 214
57 56 457 215
58 57 457 216
59 58 457 217
60 59 457 218
61 60 457 219
62 61 457 220
63 62 457 221
64 80 457 111
65 66 457 227
66 67 457 228
67 68 457 229
68 69 457 230
69 70 457 231
70 71 457 232
71 72 457 233
72 73 457 234
73 74 457 235
74 75 457 236
75 74 457 193
75 76 457 237
76 75 457 194
76 77 457 238
77 76 457 195
77 78 457 239
78 77 457 196
79 78 457 197
80 64 457 150
81 82 457 219
82 81 457 240
82 83 457 220
83 82 457 241
83 84 457 221
84 83 457 242
84 85 457 222
85 84 457 243
85 86 457 223
86 85 457 244
87 86 457 245
88 87 457 246
89 88 457 247
90 89 457 248
91 90 457 249
92 91 457 250
93 92 457 251
94 93 457 252
95 94 457 253
96 112 457 108
99 100 457 192
102 103 457 160
105 106 457 128
107 106 457 225
108 107 457 226
108 109 457 96
109 108 457 227
110 109 457 228
111 110 457 229
111 127 457 64
112 96 457 153
113 114 457 251
114 115 457 252
115 116 457 253
116 117 457 254
117 118 457 255
124 123 457 16
127 126 457 48
128 144 457 105
129 130 457 11
130 131 457 12
131 132 457 13
132 133 457 14
133 134 457 15
140 139 457 224
143 142 457 192
144 128 457 156
147 148 457 48
150 151 457 80
153 154 457 112
155 154 457 17
156 155 457 18
156 157 457 144
157 156 457 19
158 157 457 20
159 143 457 176
159 158 457 21
160 176 457 102
161 162 457 43
162 161 457 0
162 163 457 44
163 162 457 1
163 164 457 45
164 163 457 2
164 165 457 46
165 164 457 3
165 166 457 47
166 165 457 4
167 166 457 5
168 167 457 6
169 168 457 7
170 169 457 8
171 170 457 9
172 171 457 10
173 172 457 11
174 173 457 12
175 174 457 13
176 160 457 159
177 178 457 19
178 179 457 20
179 180 457 21
180 181 457 22
181 182 457 23
182 183 457 24
183 184 457 25
184 185 457 26
185 186 457 27
186 187 457 28
187 186 457 49
187 188 457 29
188 187 457 50
188 189 457 30
189 188 457 51
189 190 457 31
190 189 457 52
191 190 457 53
192 176 457 143
192 208 457 99
193 194 457 75
194 195 457 76
195 194 457 33
195 196 457 77
196 195 457 34
196 197 457 78
197 196 457 35
197 198 457 79
198 197 457 36
199 198 457 37
200 199 457 38
201 200 457 39
202 201 457 40
203 202 457 41
204 203 457 42
205 204 457 43
206 205 457 44
207 206 457 45
209 210 457 51
210 211 457 52
211 212 457 53
212 213 457 54
213 214 457 55
214 215 457 56
215 216 457 57
216 217 457 58
217 218 457 59
218 219 457 60
219 218 457 81
219 220 457 61
220 219 457 82
220 221 457 62
221 220 457 83
221 222 457 63
222 221 457 84
223 222 457 85
224 208 457 140
225 226 457 107
226 227 457 108
227 226 457 65
227 228 457 109
228 227 457 66
228 229 457 110
229 228 457 67
229 230 457 111
230 229 457 68
231 230 457 69
232 231 457 70
233 232 457 71
234 233 457 72
235 234 457 73
236 235 457 74
237 236 457 75
238 237 457 76
239 238 457 77
240 241 457 82
241 242 457 83
242 243 457 84
243 244 457 85
244 245 457 86
245 246 457 87
246 247 457 88
247 248 457 89
248 249 457 90
249 250 457 91
250 251 457 92
251 250 457 113
251 252 457 93
252 251 457 114
252 253 457 94
253 252 457 115
253 254 457 95
254 253 457 116
255 254 457 117
0 16 459 122
1 0 459 121
2 1 459 120
3 2 459 119
4 3 459 118
5 4 459 117
6 5 459 116
7 6 459 115
8 7 459 114
9 8 459 113
15 31 459 191
17 33 459 193
23 24 459 143
24 25 459 142
25 26 459 141
26 27 459 140
27 28 459 139
28 29 459 138
29 30 459 137
30 31 459 136
31 15 459 135
32 16 459 146
32 48 459 125
33 17 459 153
34 33 459 152
35 34 459 151
36 35 459 150
37 36 459 149
38 37 459 148
39 38 459 147
40 39 459 146
41 40 459 145
47 63 459 223
49 65 459 225
55 56 459 175
56 57 459 174
57 58 459 173
58 59 459 172
59 60 459 171
60 61 459 170
61 62 459 169
62 63 459 168
63 47 459 167
64 48 459 149
65 49 459 185
66 65 459 184
67 66 459 183
68 67 459 182
69 68 459 181
70 69 459 180
71 70 459 179
72 71 459 178
73 72 459 177
79 95 459 255
80 96 459 110
87 88 459 207
88 89 459 206
89 90 459 205
90 91 459 204
91 92 459 203
92 93 459 202
93 94 459 201
94 95 459 200
95 79 459 199
96 80 459 152
97 81 459 217
98 97 459 216
98 99 459 208
99 98 459 215
100 99 459 214
101 100 459 213
101 102 459 176
102 101 459 212
103 102 459 211
104 103 459 210
104 105 459 144
105 104 459 209
107 108 459 112
110 111 459 80
112 128 459 107
113 129 459 9
114 113 459 8
115 114 459 7
116 115 459 6
117 116 459 5
118 117 459 4
119 118 459 3
119 120 459 239
120 119 459 2
120 121 459 238
121 120 459 1
121 122 459 237
122 121 459 0
122 123 459 236
123 124 459 235
124 125 459 234
125 124 459 32
125 126 459 233
126 127 459 232
127 111 459 231
128 112 459 155
129 113 459 249
130 129 459 248
131 130 459 247
132 131 459 246
133 132 459 245
134 133 459 244
135 134 459 243
135 136 459 31
136 135 459 242
136 137 459 30
137 136 459 241
137 138 459 29
138 137 459 240
138 139 459 28
139 140 459 27
140 141 459 26
141 140 459 208
141 142 459 25
142 143 459 24
143 159 459 23
144 160 459 104
145 161 459 41
146 145 459 40
146 147 459 32
147 146 459 39
148 147 459 38
149 148 459 37
149 150 459 64
150 149 459 36
151 150 459 35
152 151 459 34
152 153 459 96
153 152 459 33
155 156 459 128
158 159 459 160
160 144 459 158
167 168 459 63
168 169 459 62
169 170 459 61
170 171 459 60
171 172 459 59
172 173 459 58
173 174 459 57
174 175 459 56
175 191 459 55
176 192 459 101
177 193 459 73
178 177 459 72
179 178 459 71
180 179 459 70
181 180 459 69
182 181 459 68
183 182 459 67
184 183 459 66
185 184 459 65
191 175 459 15
193 177 459 17
199 200 459 95
200 201 459 94
201 202 459 93
202 203 459 92
203 204 459 91
204 205 459 90
205 206 459 89
206 207 459 88
207 223 459 87
208 192 459 141
208 224 459 98
209 225 459 105
210 209 459 104
211 210 459 103
212 211 459 102
213 212 459 101
214 213 459 100
215 214 459 99
216 215 459 98
217 216 459 97
223 207 459 47
225 209 459 49
231 232 459 127
232 233 459 126
233 234 459 125
234 235 459 124
235 236 459 123
236 237 459 122
237 238 459 121
238 239 459 120
239 255 459 119
240 224 459 138
241 240 459 137
242 241 459 136
243 242 459 135
244 243 459 134
245 244 459 133
246 245 459 132
247 246 459 131
248 247 459 130
249 248 459 129
255 239 459 79
0 1 461 161
1 2 461 162
2 3 461 163
3 4 461 164
4 5 461 165
5 6 461 166
6 7 461 167
7 8 461 168
8 9 461 169
9 10 461 170
10 9 461 129
10 11 461 171
11 10 461 130
11 12 461 172
12 11 461 131
12 13 461 173
13 12 461 132
13 14 461 174
14 13 461 133
14 15 461 175
15 14 461 134
16 0 461 145
16 32 461 123
17 18 461 154
18 17 461 177
18 19 461 155
19 18 461 178
19 20 461 156
20 19 461 179
20 21 461 157
21 20 461 180
21 22 461 158
22 21 461 181
22 23 461 159
23 22 461 182
24 23 461 183
25 24 461 184
26 25 461 185
27 26 461 186
28 27 461 187
29 28 461 188
30 29 461 189
31 30 461 190
33 34 461 194
34 35 461 195
35 36 461 196
36 37 461 197
37 38 461 198
38 39 461 199
39 40 461 200
40 41 461 201
41 42 461 202
42 41 461 161
42 43 461 203
43 42 461 162
43 44 461 204
44 43 461 163
44 45 461 205
45 44 461 164
45 46 461 206
46 45 461 165
46 47 461 207
47 46 461 166
48 32 461 148
48 64 461 126
49 50 461 186
50 49 461 209
50 51 461 187
51 50 461 210
51 52 461 188
52 51 461 211
52 53 461 189
53 52 461 212
53 54 461 190
54 53 461 213
54 55 461 191
55 54 461 214
56 55 461 215
57 56 461 216
58 57 461 217
59 58 461 218
60 59 461 219
61 60 461 220
62 61 461 221
63 62 461 222
65 66 461 226
66 67 461 227
67 68 461 228
68 69 461 229
69 70 461 230
70 71 461 231
71 72 461 232
72 73 461 233
73 74 461 234
74 73 461 193
74 75 461 235
75 74 461 194
75 76 461 236
76 75 461 195
76 77 461 237
77 76 461 196
77 78 461 238
78 77 461 197
78 79 461 239
79 78 461 198
80 64 461 151
81 82 461 218
81 97 461 240
82 81 461 241
82 83 461 219
83 82 461 242
83 84 461 220
84 83 461 243
84 85 461 221
85 84 461 244
85 86 461 222
86 85 461 245
86 87 461 223
87 86 461 246
88 87 461 247
89 88 461 248
90 89 461 249
91 90 461 250
92 91 461 251
93 92 461 252
94 93 461 253
95 94 461 254
96 112 461 109
97 98 461 224
100 101 461 192
103 104 461 160
106 105 461 225
106 107 461 128
107 106 461 226
108 107 461 227
109 108 461 228
109 110 461 96
110 109 461 229
111 110 461 230
112 96 461 154
113 114 461 250
114 115 461 251
115 116 461 252
116 117 461 253
117 118 461 254
118 119 461 255
123 122 461 16
126 125 461 48
128 144 461 106
129 130 461 10
130 131 461 11
131 132 461 12
132 133 461 13
133 134 461 14
134 135 461 15
139 138 461 224
142 141 461 192
144 128 461 157
145 146 461 16
148 149 461 48
151 152 461 80
154 153 461 17
154 155 461 112
155 154 461 18
156 155 461 19
157 156 461 20
157 158 461 144
158 157 461 21
159 158 461 22
160 176 461 103
161 145 461 0
161 162 461 42
162 161 461 1
162 163 461 43
163 162 461 2
163 164 461 44
164 163 461 3
164 165 461 45
165 164 461 4
165 166 461 46
166 165 461 5
166 167 461 47
167 166 461 6
168 167 461 7
169 168 461 8
170 169 461 9
171 170 461 10
172 171 461 11
173 172 461 12
174 173 461 13
175 174 461 14
177 178 461 18
178 179 461 19
179 180 461 20
180 181 461 21
181 182 461 22
182 183 461 23
183 184 461 24
184 185 461 25
185 186 461 26
186 185 461 49
186 187 461 27
187 186 461 50
187 188 461 28
188 187 461 51
188 189 461 29
189 188 461 52
189 190 461 30
190 189 461 53
190 191 461 31
191 190 461 54
192 176 461 142
192 208 461 100
193 194 461 74
194 193 461 33
194 195 461 75
195 194 461 34
195 196 461 76
196 195 461 35
196 197 461 77
197 196 461 36
197 198 461 78
198 197 461 37
198 199 461 79
199 198 461 38
200 199 461 39
201 200 461 40
202 201 461 41
203 202 461 42
204 203 461 43
205 204 461 44
206 205 461 45
207 206 461 46
209 210 461 50
210 211 461 51
211 212 461 52
212 213 461 53
213 214 461 54
214 215 461 55
215 216 461 56
216 217 461 57
217 218 461 58
218 217 461 81
218 219 461 59
219 218 461 82
219 220 461 60
220 219 461 83
220 221 461 61
221 220 461 84
221 222 461 62
222 221 461 85
222 223 461 63
223 222 461 86
224 208 461 139
224 240 461 97
225 226 461 106
226 225 461 65
226 227 461 107
227 226 461 66
227 228 461 108
228 227 461 67
228 229 461 109
229 228 461 68
229 230 461 110
230 229 461 69
230 231 461 111
231 230 461 70
232 231 461 71
233 232 461 72
234 233 461 73
235 234 461 74
236 235 461 75
237 236 461 76
238 237 461 77
239 238 461 78
240 241 461 81
241 242 461 82
242 243 461 83
243 244 461 84
244 245 461 85
245 246 461 86
246 247 461 87
247 248 461 88
248 249 461 89
249 250 461 90
250 249 461 113
250 251 461 91
251 250 461 114
251 252 461 92
252 251 461 115
252 253 461 93
253 252 461 116
253 254 461 94
254 253 461 117
254 255 461 95
255 254 461 118
0 16 463 121
1 0 463 120
2 1 463 119
3 2 463 118
4 3 463 117
5 4 463 116
6 5 463 115
7 6 463 114
8 7 463 113
24 25 463 143
25 26 463 142
26 27 463 141
27 28 463 140
28 29 463 139
29 30 463 138
30 31 463 137
31 15 463 136
32 16 463 147
32 48 463 124
33 17 463 152
34 33 463 151
35 34 463 150
36 35 463 149
37 36 463 148
38 37 463 147
39 38 463 146
40 39 463 145
56 57 463 175
57 58 463 174
58 59 463 173
59 60 463 172
60 61 463 171
61 62 463 170
62 63 463 169
63 47 463 168
64 48 463 150
64 80 463 127
65 49 463 184
66 65 463 183
67 66 463 182
68 67 463 181
69 68 463 180
70 69 463 179
71 70 463 178
72 71 463 177
80 96 463 111
88 89 463 207
89 90 463 206
90 91 463 205
91 92 463 204
92 93 463 203
93 94 463 202
94 95 463 201
95 79 463 200
96 80 463 153
97 81 463 216
98 97 463 215
99 98 463 214
99 100 463 208
100 99 463 213
101 100 463 212
102 101 463 211
102 103 463 176
103 102 463 210
104 103 463 209
105 106 463 144
108 109 463 112
111 127 463 80
112 128 463 108
113 129 463 8
114 113 463 7
115 114 463 6
116 115 463 5
117 116 463 4
118 117 463 3
119 118 463 2
120 119 463 1
120 121 463 239
121 120 463 0
121 122 463 238
122 123 463 237
123 124 463 236
124 123 463 32
124 125 463 235
125 126 463 234
126 127 463 233
127 111 463 232
127 126 463 64
128 112 463 156
129 113 463 248
130 129 463 247
131 130 463 246
132 131 463 245
133 132 463 244
134 133 463 243
135 134 463 242
136 135 463 241
136 137 463 31
137 136 463 240
137 138 463 30
138 139 463 29
139 140 463 28
140 139 463 208
140 141 463 27
141 142 463 26
142 143 463 25
143 142 463 176
143 159 463 24
144 160 463 105
145 161 463 40
146 145 463 39
147 146 463 38
147 148 463 32
148 147 463 37
149 148 463 36
150 149 463 35
150 151 463 64
151 150 463 34
152 151 463 33
153 154 463 96
156 157 463 128
159 143 463 160
160 144 463 159
168 169 463 63
169 170 463 62
170 171 463 61
171 172 463 60
172 173 463 59
173 174 463 58
174 175 463 57
175 191 463 56
176 160 463 143
176 192 463 102
177 193 463 72
178 177 463 71
179 178 463 70
180 179 463 69
181 180 463 68
182 181 463 67
183 182 463 66
184 183 463 65
200 201 463 95
201 202 463 94
202 203 463 93
203 204 463 92
204 205 463 91
205 206 463 90
206 207 463 89
207 223 463 88
208 192 463 140
208 224 463 99
209 225 463 104
210 209 463 103
211 210 463 102
212 211 463 101
213 212 463 100
214 213 463 99
215 214 463 98
216 215 463 97
232 233 463 127
233 234 463 126
234 235 463 125
235 236 463 124
236 237 463 123
237 238 463 122
238 239 463 121
239 255 463 120
240 224 463 137
241 240 463 136
242 241 463 135
243 242 463 134
244 243 463 133
245 244 463 132
246 245 463 131
247 246 463 130
248 247 463 129
1 2 465 161
2 3 465 162
3 4 465 163
4 5 465 164
5 6 465 165
6 7 465 166
7 8 465 167
8 9 465 168
9 8 465 129
9 10 465 169
10 9 465 130
10 11 465 170
11 10 465 131
11 12 465 171
12 11 465 132
12 13 465 172
13 12 465 133
13 14 465 173
14 13 465 134
14 15 465 174
15 14 465 135
15 31 465 175
16 0 465 146
16 32 465 122
17 18 465 153
17 33 465 177
18 17 465 178
18 19 465 154
19 18 465 179
19 20 465 155
20 19 465 180
20 21 465 156
21 20 465 181
21 22 465 157
22 21 465 182
22 23 465 158
23 22 465 183
23 24 465 159
24 23 465 184
25 24 465 185
26 25 465 186
27 26 465 187
28 27 465 188
29 28 465 189
30 29 465 190
31 30 465 191
33 34 465 193
34 35 465 194
35 36 465 195
36 37 465 196
37 38 465 197
38 39 465 198
39 40 465 199
40 41 465 200
41 40 465 161
41 42 465 201
42 41 465 162
42 43 465 202
43 42 465 163
43 44 465 203
44 43 465 164
44 45 465 204
45 44 465 165
45 46 465 205
46 45 465 166
46 47 465 206
47 46 465 167
47 63 465 207
48 32 465 149
48 64 465 125
49 50 465 185
49 65 465 209
50 49 465 210
50 51 465 186
51 50 465 211
51 52 465 187
52 51 465 212
52 53 465 188
53 52 465 213
53 54 465 189
54 53 465 214
54 55 465 190
55 54 465 215
55 56 465 191
56 55 465 216
57 56 465 217
58 57 465 218
59 58 465 219
60 59 465 220
61 60 465 221
62 61 465 222
63 62 465 223
65 66 465 225
66 67 465 226
67 68 465 227
68 69 465 228
69 70 465 229
70 71 465 230
71 72 465 231
72 73 465 232
73 72 465 193
73 74 465 233
74 73 465 194
74 75 465 234
75 74 465 195
75 76 465 235
76 75 465 196
76 77 465 236
77 76 465 197
77 78 465 237
78 77 465 198
78 79 465 238
79 78 465 199
79 95 465 239
80 64 465 152
81 82 465 217
81 97 465 241
82 81 465 242
82 83 465 218
83 82 465 243
83 84 465 219
84 83 465 244
84 85 465 220
85 84 465 245
85 86 465 221
86 85 465 246
86 87 465 222
87 86 465 247
87 88 465 223
88 87 465 248
89 88 465 249
90 89 465 250
91 90 465 251
92 91 465 252
93 92 465 253
94 93 465 254
95 94 465 255
96 112 465 110
98 99 465 224
101 102 465 192
104 105 465 160
105 104 465 225
106 105 465 226
107 106 465 227
107 108 465 128
108 107 465 228
109 108 465 229
110 109 465 230
110 111 465 96
111 110 465 231
112 96 465 155
113 114 465 249
114 115 465 250
115 116 465 251
116 117 465 252
117 118 465 253
118 119 465 254
119 120 465 255
122 121 465 16
125 124 465 48
128 144 465 107
129 130 465 9
130 131 465 10
131 132 465 11
132 133 465 12
133 134 465 13
134 135 465 14
135 136 465 15
138 137 465 224
141 140 465 192
144 128 465 158
146 147 465 16
149 150 465 48
152 153 465 80
153 152 465 17
154 153 465 18
155 154 465 19
155 156 465 112
156 155 465 20
157 156 465 21
158 157 465 22
158 159 465 144
159 158 465 23
160 176 465 104
161 145 465 1
161 162 465 41
162 161 465 2
162 163 465 42
163 162 465 3
163 164 465 43
164 163 465 4
164 165 465 44
165 164 465 5
165 166 465 45
166 165 465 6
166 167 465 46
167 166 465 7
167 168 465 47
168 167 465 8
169 168 465 9
170 169 465 10
171 170 465 11
172 171 465 12
173 172 465 13
174 173 465 14
175 174 465 15
177 178 465 17
178 179 465 18
179 180 465 19
180 181 465 20
181 182 465 21
182 183 465 22
183 184 465 23
184 185 465 24
185 184 465 49
185 186 465 25
186 185 465 50
186 187 465 26
187 186 465 51
187 188 465 27
188 187 465 52
188 189 465 28
189 188 465 53
189 190 465 29
190 189 465 54
190 191 465 30
191 175 465 31
191 190 465 55
192 176 465 141
192 208 465 101
193 177 465 33
193 194 465 73
194 193 465 34
194 195 465 74
195 194 465 35
195 196 465 75
196 195 465 36
196 197 465 76
197 196 465 37
197 198 465 77
198 197 465 38
198 199 465 78
199 198 465 39
199 200 465 79
200 199 465 40
201 200 465 41
202 201 465 42
203 202 465 43
204 203 465 44
205 204 465 45
206 205 465 46
207 206 465 47
209 210 465 49
210 211 465 50
211 212 465 51
212 213 465 52
213 214 465 53
214 215 465 54
215 216 465 55
216 217 465 56
217 216 465 81
217 218 465 57
218 217 465 82
218 219 465 58
219 218 465 83
219 220 465 59
220 219 465 84
220 221 465 60
221 220 465 85
221 222 465 61
222 221 465 86
222 223 465 62
223 207 465 63
223 222 465 87
224 208 465 138
224 240 465 98
225 209 465 65
225 226 465 105
226 225 465 66
226 227 465 106
227 226 465 67
227 228 465 107
228 227 465 68
228 229 465 108
229 228 465 69
229 230 465 109
230 229 465 70
230 231 465 110
231 230 465 71
231 232 465 111
232 231 465 72
233 232 465 73
234 233 465 74
235 234 465 75
236 235 465 76
237 236 465 77
238 237 465 78
239 238 465 79
241 242 465 81
242 243 465 82
243 244 465 83
244 245 465 84
245 246 465 85
246 247 465 86
247 248 465 87
248 249 465 88
249 248 465 113
249 250 465 89
250 249 465 114
250 251 465 90
251 250 465 115
251 252 465 91
252 251 465 116
252 253 465 92
253 252 465 117
253 254 465 93
254 253 465 118
254 255 465 94
255 239 465 95
255 254 465 119
0 1 467 145
0 16 467 120
1 0 467 119
2 1 467 118
3 2 467 117
4 3 467 116
5 4 467 115
6 5 467 114
7 6 467 113
25 26 467 143
26 27 467 142
27 28 467 141
28 29 467 140
29 30 467 139
30 31 467 138
31 15 467 137
32 16 467 148
32 48 467 123
33 17 467 151
34 33 467 150
35 34 467 149
36 35 467 148
37 36 467 147
38 37 467 146
39 38 467 145
57 58 467 175
58 59 467 174
59 60 467 173
60 61 467 172
61 62 467 171
62 63 467 170
63 47 467 169
64 48 467 151
64 80 467 126
65 49 467 183
66 65 467 182
67 66 467 181
68 67 467 180
69 68 467 179
70 69 467 178
71 70 467 177
89 90 467 207
90 91 467 206
91 92 467 205
92 93 467 204
93 94 467 203
94 95 467 202
95 79 467 201
96 80 467 154
97 81 467 215
97 98 467 240
98 97 467 214
99 98 467 213
100 99 467 212
100 101 467 208
101 100 467 211
102 101 467 210
103 102 467 209
103 104 467 176
106 107 467 144
109 110 467 112
112 128 467 109
113 129 467 7
114 113 467 6
115 114 467 5
116 115 467 4
117 116 467 3
118 117 467 2
119 118 467 1
120 119 467 0
121 122 467 239
122 123 467 238
123 122 467 32
123 124 467 237
124 125 467 236
125 126 467 235
126 125 467 64
126 127 467 234
127 111 467 233
128 112 467 157
129 113 467 247
130 129 467 246
131 130 467 245
132 131 467 244
133 132 467 243
134 133 467 242
135 134 467 241
136 135 467 240
137 138 467 31
138 139 467 30
139 138 467 208
139 140 467 29
140 141 467 28
141 142 467 27
142 141 467 176
142 143 467 26
143 159 467 25
144 160 467 106
145 146 467 0
145 161 467 39
146 145 467 38
147 146 467 37
148 147 467 36
148 149 467 32
149 148 467 35
150 149 467 34
151 150 467 33
151 152 467 64
154 155 467 96
157 158 467 128
169 170 467 63
170 171 467 62
171 172 467 61
172 173 467 60
173 174 467 59
174 175 467 58
175 191 467 57
176 160 467 142
176 192 467 103
177 193 467 71
178 177 467 70
179 178 467 69
180 179 467 68
181 180 467 67
182 181 467 66
183 182 467 65
201 202 467 95
202 203 467 94
203 204 467 93
204 205 467 92
205 206 467 91
206 207 467 90
207 223 467 89
208 192 467 139
208 224 467 100
209 225 467 103
210 209 467 102
211 210 467 101
212 211 467 100
213 212 467 99
214 213 467 98
215 214 467 97
233 234 467 127
234 235 467 126
235 236 467 125
236 237 467 124
237 238 467 123
238 239 467 122
239 255 467 121
240 224 467 136
240 241 467 97
241 240 467 135
242 241 467 134
243 242 467 133
244 243 467 132
245 244 467 131
246 245 467 130
247 246 467 129
2 3 469 161
3 4 469 162
4 5 469 163
5 6 469 164
6 7 469 165
7 8 469 166
8 7 469 129
8 9 469 167
9 8 469 130
9 10 469 168
10 9 469 131
10 11 469 169
11 10 469 132
11 12 469 170
12 11 469 133
12 13 469 171
13 12 469 134
13 14 469 172
14 13 469 135
14 15 469 173
15 14 469 136
15 31 469 174
16 0 469 147
16 32 469 121
17 18 469 152
17 33 469 178
18 17 469 179
18 19 469 153
19 18 469 180
19 20 469 154
20 19 469 181
20 21 469 155
21 20 469 182
21 22 469 156
22 21 469 183
22 23 469 157
23 22 469 184
23 24 469 158
24 23 469 185
24 25 469 159
25 24 469 186
26 25 469 187
27 26 469 188
28 27 469 189
29 28 469 190
30 29 469 191
34 35 469 193
35 36 469 194
36 37 469 195
37 38 469 196
38 39 469 197
39 40 469 198
40 39 469 161
40 41 469 199
41 40 469 162
41 42 469 200
42 41 469 163
42 43 469 201
43 42 469 164
43 44 469 202
44 43 469 165
44 45 469 203
45 44 469 166
45 46 469 204
46 45 469 167
46 47 469 205
47 46 469 168
47 63 469 206
48 32 469 150
48 64 469 124
49 50 469 184
49 65 469 210
50 49 469 211
50 51 469 185
51 50 469 212
51 52 469 186
52 51 469 213
52 53 469 187
53 52 469 214
53 54 469 188
54 53 469 215
54 55 469 189
55 54 469 216
55 56 469 190
56 55 469 217
56 57 469 191
57 56 469 218
58 57 469 219
59 58 469 220
60 59 469 221
61 60 469 222
62 61 469 223
66 67 469 225
67 68 469 226
68 69 469 227
69 70 469 228
70 71 469 229
71 72 469 230
72 71 469 193
72 73 469 231
73 72 469 194
73 74 469 232
74 73 469 195
74 75 469 233
75 74 469 196
75 76 469 234
76 75 469 197
76 77 469 235
77 76 469 198
77 78 469 236
78 77 469 199
78 79 469 237
79 78 469 200
79 95 469 238
80 64 469 153
80 96 469 127
81 82 469 216
81 97 469 242
82 81 469 243
82 83 469 217
83 82 469 244
83 84 469 218
84 83 469 245
84 85 469 219
85 84 469 246
85 86 469 220
86 85 469 247
86 87 469 221
87 86 469 248
87 88 469 222
88 87 469 249
88 89 469 223
89 88 469 250
90 89 469 251
91 90 469 252
92 91 469 253
93 92 469 254
94 93 469 255
96 112 469 111
99 100 469 224
102 103 469 192
104 103 469 225
105 104 469 226
105 106 469 160
106 105 469 227
107 106 469 228
108 107 469 229
108 109 469 128
109 108 469 230
110 109 469 231
111 110 469 232
111 127 469 96
112 96 469 156
113 114 469 248
114 115 469 249
115 116 469 250
116 117 469 251
117 118 469 252
118 119 469 253
119 120 469 254
120 121 469 255
121 120 469 16
124 123 469 48
127 126 469 80
128 144 469 108
129 130 469 8
130 131 469 9
131 132 469 10
132 133 469 11
133 134 469 12
134 135 469 13
135 136 469 14
136 137 469 15
137 136 469 224
140 139 469 192
143 142 469 160
144 128 469 159
147 148 469 16
150 151 469 48
152 151 469 17
153 152 469 18
153 154 469 80
154 153 469 19
155 154 469 20
156 155 469 21
156 157 469 112
157 156 469 22
158 157 469 23
159 143 469 144
159 158 469 24
160 144 469 143
160 176 469 105
161 145 469 2
161 162 469 40
162 161 469 3
162 163 469 41
163 162 469 4
163 164 469 42
164 163 469 5
164 165 469 43
165 164 469 6
165 166 469 44
166 165 469 7
166 167 469 45
167 166 469 8
167 168 469 46
168 167 469 9
168 169 469 47
169 168 469 10
170 169 469 11
171 170 469 12
172 171 469 13
173 172 469 14
174 173 469 15
178 179 469 17
179 180 469 18
180 181 469 19
181 182 469 20
182 183 469 21
183 184 469 22
184 183 469 49
184 185 469 23
185 184 469 50
185 186 469 24
186 185 469 51
186 187 469 25
187 186 469 52
187 188 469 26
188 187 469 53
188 189 469 27
189 188 469 54
189 190 469 28
190 189 469 55
190 191 469 29
191 175 469 30
191 190 469 56
192 176 469 140
192 208 469 102
193 177 469 34
193 194 469 72
194 193 469 35
194 195 469 73
195 194 469 36
195 196 469 74
196 195 469 37
196 197 469 75
197 196 469 38
197 198 469 76
198 197 469 39
198 199 469 77
199 198 469 40
199 200 469 78
200 199 469 41
200 201 469 79
201 200 469 42
202 201 469 43
203 202 469 44
204 203 469 45
205 204 469 46
206 205 469 47
210 211 469 49
211 212 469 50
212 213 469 51
213 214 469 52
214 215 469 53
215 216 469 54
216 215 469 81
216 217 469 55
217 216 469 82
217 218 469 56
218 217 469 83
218 219 469 57
219 218 469 84
219 220 469 58
220 219 469 85
220 221 469 59
221 220 469 86
221 222 469 60
222 221 469 87
222 223 469 61
223 207 469 62
223 222 469 88
224 208 469 137
224 240 469 99
225 209 469 66
225 226 469 104
226 225 469 67
226 227 469 105
227 226 469 68
227 228 469 106
228 227 469 69
228 229 469 107
229 228 469 70
229 230 469 108
230 229 469 71
230 231 469 109
231 230 469 72
231 232 469 110
232 231 469 73
232 233 469 111
233 232 469 74
234 233 469 75
235 234 469 76
236 235 469 77
237 236 469 78
238 237 469 79
242 243 469 81
243 244 469 82
244 245 469 83
245 246 469 84
246 247 469 85
247 248 469 86
248 247 469 113
248 249 469 87
249 248 469 114
249 250 469 88
250 249 469 115
250 251 469 89
251 250 469 116
251 252 469 90
252 251 469 117
252 253 469 91
253 252 469 118
253 254 469 92
254 253 469 119
254 255 469 93
255 239 469 94
255 254 469 120
0 1 471 146
0 16 471 119
1 0 471 118
1 2 471 145
2 1 471 117
3 2 471 116
4 3 471 115
5 4 471 114
6 5 471 113
26 27 471 143
27 28 471 142
28 29 471 141
29 30 471 140
30 31 471 139
31 15 471 138
31 30 471 175
32 16 471 149
32 48 471 122
33 17 471 150
33 34 471 177
34 33 471 149
35 34 471 148
36 35 471 147
37 36 471 146
38 37 471 145
58 59 471 175
59 60 471 174
60 61 471 173
61 62 471 172
62 63 471 171
63 47 471 170
63 62 471 207
64 48 471 152
64 80 471 125
65 49 471 182
65 66 471 209
66 65 471 181
67 66 471 180
68 67 471 179
69 68 471 178
70 69 471 177
90 91 471 207
91 92 471 206
92 93 471 205
93 94 471 204
94 95 471 203
95 79 471 202
95 94 471 239
96 80 471 155
97 81 471 214
97 98 471 241
98 97 471 213
98 99 471 240
99 98 471 212
100 99 471 211
101 100 471 210
101 102 471 208
102 101 471 209
104 105 471 176
107 108 471 144
110 111 471 112
112 128 471 110
113 129 471 6
114 113 471 5
115 114 471 4
116 115 471 3
117 116 471 2
118 117 471 1
119 118 471 0
122 121 471 32
122 123 471 239
123 124 471 238
124 125 471 237
125 124 471 64
125 126 471 236
126 127 471 235
127 111 471 234
128 112 471 158
129 113 471 246
130 129 471 245
131 130 471 244
132 131 471 243
133 132 471 242
134 133 471 241
135 134 471 240
138 137 471 208
138 139 471 31
139 140 471 30
140 141 471 29
141 140 471 176
141 142 471 28
142 143 471 27
143 159 471 26
144 160 471 107
145 146 471 1
145 161 471 38
146 145 471 37
146 147 471 0
147 146 471 36
148 147 471 35
149 148 471 34
149 150 471 32
150 149 471 33
152 153 471 64
155 156 471 96
158 159 471 128
170 171 471 63
171 172 471 62
172 173 471 61
173 174 471 60
174 175 471 59
175 174 471 31
175 191 471 58
176 160 471 141
176 192 471 104
177 178 471 33
177 193 471 70
178 177 471 69
179 178 471 68
180 179 471 67
181 180 471 66
182 181 471 65
202 203 471 95
203 204 471 94
204 205 471 93
205 206 471 92
206 207 471 91
207 206 471 63
207 223 471 90
208 192 471 138
208 224 471 101
209 210 471 65
209 225 471 102
210 209 471 101
211 210 471 100
212 211 471 99
213 212 471 98
214 213 471 97
234 235 471 127
235 236 471 126
236 237 471 125
237 238 471 124
238 239 471 123
239 238 471 95
239 255 471 122
240 224 471 135
240 241 471 98
241 240 471 134
241 242 471 97
242 241 471 133
243 242 471 132
244 243 471 131
245 244 471 130
246 245 471 129
3 4 473 161
4 5 473 162
5 6 473 163
6 7 473 164
7 6 473 129
7 8 473 165
8 7 473 130
8 9 473 166
9 8 473 131
9 10 473 167
10 9 473 132
10 11 473 168
11 10 473 133
11 12 473 169
12 11 473 134
12 13 473 170
13 12 473 135
13 14 473 171
14 13 473 136
14 15 473 172
15 14 473 137
15 31 473 173
16 0 473 148
16 32 473 120
17 18 473 151
17 33 473 179
18 17 473 180
18 19 473 152
19 18 473 181
19 20 473 153
20 19 473 182
20 21 473 154
21 20 473 183
21 22 473 155
22 21 473 184
22 23 473 156
23 22 473 185
23 24 473 157
24 23 473 186
24 25 473 158
25 24 473 187
25 26 473 159
26 25 473 188
27 26 473 189
28 27 473 190
29 28 473 191
35 36 473 193
36 37 473 194
37 38 473 195
38 39 473 196
39 38 473 161
39 40 473 197
40 39 473 162
40 41 473 198
41 40 473 163
41 42 473 199
42 41 473 164
42 43 473 200
43 42 473 165
43 44 473 201
44 43 473 166
44 45 473 202
45 44 473 167
45 46 473 203
46 45 473 168
46 47 473 204
47 46 473 169
47 63 473 205
48 32 473 151
48 64 473 123
49 50 473 183
49 65 473 211
50 49 473 212
50 51 473 184
51 50 473 213
51 52 473 185
52 51 473 214
52 53 473 186
53 52 473 215
53 54 473 187
54 53 473 216
54 55 473 188
55 54 473 217
55 56 473 189
56 55 473 218
56 57 473 190
57 56 473 219
57 58 473 191
58 57 473 220
59 58 473 221
60 59 473 222
61 60 473 223
67 68 473 225
68 69 473 226
69 70 473 227
70 71 473 228
71 70 473 193
71 72 473 229
72 71 473 194
72 73 473 230
73 72 473 195
73 74 473 231
74 73 473 196
74 75 473 232
75 74 473 197
75 76 473 233
76 75 473 198
76 77 473 234
77 76 473 199
77 78 473 235
78 77 473 200
78 79 473 236
79 78 473 201
79 95 473 237
80 64 473 154
80 96 473 126
81 82 473 215
81 97 473 243
82 81 473 244
82 83 473 216
83 82 473 245
83 84 473 217
84 83 473 246
84 85 473 218
85 84 473 247
85 86 473 219
86 85 473 248
86 87 473 220
87 86 473 249
87 88 473 221
88 87 473 250
88 89 473 222
89 88 473 251
89 90 473 223
90 89 473 252
91 90 473 253
92 91 473 254
93 92 473 255
100 101 473 224
103 102 473 225
103 104 473 192
104 103 473 226
105 104 473 227
106 105 473 228
106 107 473 160
107 106 473 229
108 107 473 230
109 108 473 231
109 110 473 128
110 109 473 232
111 110 473 233
112 96 473 157
113 114 473 247
114 115 473 248
115 116 473 249
116 117 473 250
117 118 473 251
118 119 473 252
119 120 473 253
120 119 473 16
120 121 473 254
121 122 473 255
123 122 473 48
126 125 473 80
128 144 473 109
129 130 473 7
130 131 473 8
131 132 473 9
132 133 473 10
133 134 473 11
134 135 473 12
135 136 473 13
136 135 473 224
136 137 473 14
137 138 473 15
139 138 473 192
142 141 473 160
148 149 473 16
151 150 473 17
151 152 473 48
152 151 473 18
153 152 473 19
154 153 473 20
154 155 473 80
155 154 473 21
156 155 473 22
157 156 473 23
157 158 473 112
158 157 473 24
159 158 473 25
160 144 473 142
160 176 473 106
161 145 473 3
161 162 473 39
162 161 473 4
162 163 473 40
163 162 473 5
163 164 473 41
164 163 473 6
164 165 473 42
165 164 473 7
165 166 473 43
166 165 473 8
166 167 473 44
167 166 473 9
167 168 473 45
168 167 473 10
168 169 473 46
169 168 473 11
169 170 473 47
170 169 473 12
171 170 473 13
172 171 473 14
173 172 473 15
179 180 473 17
180 181 473 18
181 182 473 19
182 183 473 20
183 182 473 49
183 184 473 21
184 183 473 50
184 185 473 22
185 184 473 51
185 186 473 23
186 185 473 52
186 187 473 24
187 186 473 53
187 188 473 25
188 187 473 54
188 189 473 26
189 188 473 55
189 190 473 27
190 189 473 56
190 191 473 28
191 175 473 29
191 190 473 57
192 176 473 139
192 208 473 103
193 177 473 35
193 194 473 71
194 193 473 36
194 195 473 72
195 194 473 37
195 196 473 73
196 195 473 38
196 197 473 74
197 196 473 39
197 198 473 75
198 197 473 40
198 199 473 76
199 198 473 41
199 200 473 77
200 199 473 42
200 201 473 78
201 200 473 43
201 202 473 79
202 201 473 44
203 202 473 45
204 203 473 46
205 204 473 47
211 212 473 49
212 213 473 50
213 214 473 51
214 215 473 52
215 214 473 81
215 216 473 53
216 215 473 82
216 217 473 54
217 216 473 83
217 218 473 55
218 217 473 84
218 219 473 56
219 218 473 85
219 220 473 57
220 219 473 86
220 221 473 58
221 220 473 87
221 222 473 59
222 221 473 88
222 223 473 60
223 207 473 61
223 222 473 89
224 208 473 136
224 240 473 100
225 209 473 67
225 226 473 103
226 225 473 68
226 227 473 104
227 226 473 69
227 228 473 105
228 227 473 70
228 229 473 106
229 228 473 71
229 230 473 107
230 229 473 72
230 231 473 108
231 230 473 73
231 232 473 109
232 231 473 74
232 233 473 110
233 232 473 75
233 234 473 111
234 233 473 76
235 234 473 77
236 235 473 78
237 236 473 79
243 244 473 81
244 245 473 82
245 246 473 83
246 247 473 84
247 246 473 113
247 248 473 85
248 247 473 114
248 249 473 86
249 248 473 115
249 250 473 87
250 249 473 116
250 251 473 88
251 250 473 117
251 252 473 89
252 251 473 118
252 253 473 90
253 252 473 119
253 254 473 91
254 253 473 120
254 255 473 92
255 239 473 93
255 254 473 121
0 1 475 147
0 16 475 118
1 0 475 117
1 2 475 146
2 1 475 116
2 3 475 145
3 2 475 115
4 3 475 114
5 4 475 113
27 28 475 143
28 29 475 142
29 30 475 141
30 29 475 175
30 31 475 140
31 15 475 139
31 30 475 174
32 16 475 150
32 48 475 121
33 17 475 149
33 34 475 178
34 33 475 148
34 35 475 177
35 34 475 147
36 35 475 146
37 36 475 145
59 60 475 175
60 61 475 174
61 62 475 173
62 61 475 207
62 63 475 172
63 47 475 171
63 62 475 206
64 48 475 153
64 80 475 124
65 49 475 181
65 66 475 210
66 65 475 180
66 67 475 209
67 66 475 179
68 67 475 178
69 68 475 177
91 92 475 207
92 93 475 206
93 94 475 205
94 93 475 239
94 95 475 204
95 79 475 203
95 94 475 238
96 80 475 156
96 112 475 127
97 81 475 213
97 98 475 242
98 97 475 212
98 99 475 241
99 98 475 211
99 100 475 240
100 99 475 210
101 100 475 209
102 103 475 208
105 106 475 176
108 109 475 144
111 127 475 112
112 128 475 111
113 129 475 5
114 113 475 4
115 114 475 3
116 115 475 2
117 116 475 1
118 117 475 0
121 120 475 32
123 124 475 239
124 123 475 64
124 125 475 238
125 126 475 237
126 127 475 236
127 111 475 235
127 126 475 96
128 112 475 159
129 113 475 245
130 129 475 244
131 130 475 243
132 131 475 242
133 132 475 241
134 133 475 240
137 136 475 208
139 140 475 31
140 139 475 176
140 141 475 30
141 142 475 29
142 143 475 28
143 142 475 144
143 159 475 27
144 128 475 143
144 160 475 108
145 146 475 2
145 161 475 37
146 145 475 36
146 147 475 1
147 146 475 35
147 148 475 0
148 147 475 34
149 148 475 33
150 151 475 32
153 154 475 64
156 157 475 96
159 143 475 128
171 172 475 63
172 173 475 62
173 174 475 61
174 173 475 31
174 175 475 60
175 174 475 30
175 191 475 59
176 160 475 140
176 192 475 105
177 178 475 34
177 193 475 69
178 177 475 68
178 179 475 33
179 178 475 67
180 179 475 66
181 180 475 65
203 204 475 95
204 205 475 94
205 206 475 93
206 205 475 63
206 207 475 92
207 206 475 62
207 223 475 91
208 192 475 137
208 224 475 102
209 210 475 66
209 225 475 101
210 209 475 100
210 211 475 65
211 210 475 99
212 211 475 98
213 212 475 97
235 236 475 127
236 237 475 126
237 238 475 125
238 237 475 95
238 239 475 124
239 238 475 94
239 255 475 123
240 224 475 134
240 241 475 99
241 240 475 133
241 242 475 98
242 241 475 132
242 243 475 97
243 242 475 131
244 243 475 130
245 244 475 129
4 5 477 161
5 6 477 162
6 5 477 129
6 7 477 163
7 6 477 130
7 8 477 164
8 7 477 131
8 9 477 165
9 8 477 132
9 10 477 166
10 9 477 133
10 11 477 167
11 10 477 134
11 12 477 168
12 11 477 135
12 13 477 169
13 12 477 136
13 14 477 170
14 13 477 137
14 15 477 171
15 14 477 138
15 31 477 172
16 0 477 149
16 32 477 119
17 18 477 150
17 33 477 180
18 17 477 181
18 19 477 151
19 18 477 182
19 20 477 152
20 19 477 183
20 21 477 153
21 20 477 184
21 22 477 154
22 21 477 185
22 23 477 155
23 22 477 186
23 24 477 156
24 23 477 187
24 25 477 157
25 24 477 188
25 26 477 158
26 25 477 189
26 27 477 159
27 26 477 190
28 27 477 191
36 37 477 193
37 38 477 194
38 37 477 161
38 39 477 195
39 38 477 162
39 40 477 196
40 39 477 163
40 41 477 197
41 40 477 164
41 42 477 198
42 41 477 165
42 43 477 199
43 42 477 166
43 44 477 200
44 43 477 167
44 45 477 201
45 44 477 168
45 46 477 202
46 45 477 169
46 47 477 203
47 46 477 170
47 63 477 204
48 32 477 152
48 64 477 122
49 50 477 182
49 65 477 212
50 49 477 213
50 51 477 183
51 50 477 214
51 52 477 184
52 51 477 215
52 53 477 185
53 52 477 216
53 54 477 186
54 53 477 217
54 55 477 187
55 54 477 218
55 56 477 188
56 55 477 219
56 57 477 189
57 56 477 220
57 58 477 190
58 57 477 221
58 59 477 191
59 58 477 222
60 59 477 223
68 69 477 225
69 70 477 226
70 69 477 193
70 71 477 227
71 70 477 194
71 72 477 228
72 71 477 195
72 73 477 229
73 72 477 196
73 74 477 230
74 73 477 197
74 75 477 231
75 74 477 198
75 76 477 232
76 75 477 199
76 77 477 233
77 76 477 200
77 78 477 234
78 77 477 201
78 79 477 235
79 78 477 202
79 95 477 236
80 64 477 155
80 96 477 125
81 82 477 214
81 97 477 244
82 81 477 245
82 83 477 215
83 82 477 246
83 84 477 216
84 83 477 247
84 85 477 217
85 84 477 248
85 86 477 218
86 85 477 249
86 87 477 219
87 86 477 250
87 88 477 220
88 87 477 251
88 89 477 221
89 88 477 252
89 90 477 222
90 89 477 253
90 91 477 223
91 90 477 254
92 91 477 255
101 102 477 224
102 101 477 225
103 102 477 226
104 103 477 227
104 105 477 192
105 104 477 228
106 105 477 229
107 106 477 230
107 108 477 160
108 107 477 231
109 108 477 232
110 109 477 233
110 111 477 128
111 110 477 234
112 96 477 158
113 114 477 246
114 115 477 247
115 116 477 248
116 117 477 249
117 118 477 250
118 119 477 251
119 118 477 16
119 120 477 252
120 121 477 253
121 122 477 254
122 121 477 48
122 123 477 255
125 124 477 80
128 144 477 110
129 130 477 6
130 131 477 7
131 132 477 8
132 133 477 9
133 134 477 10
134 135 477 11
135 134 477 224
135 136 477 12
136 137 477 13
137 138 477 14
138 137 477 192
138 139 477 15
141 140 477 160
149 150 477 16
150 149 477 17
151 150 477 18
152 151 477 19
152 153 477 48
153 152 477 20
154 153 477 21
155 154 477 22
155 156 477 80
156 155 477 23
157 156 477 24
158 157 477 25
158 159 477 112
159 158 477 26
160 144 477 141
160 176 477 107
161 145 477 4
161 162 477 38
162 161 477 5
162 163 477 39
163 162 477 6
163 164 477 40
164 163 477 7
164 165 477 41
165 164 477 8
165 166 477 42
166 165 477 9
166 167 477 43
167 166 477 10
167 168 477 44
168 167 477 11
168 169 477 45
169 168 477 12
169 170 477 46
170 169 477 13
170 171 477 47
171 170 477 14
172 171 477 15
180 181 477 17
181 182 477 18
182 181 477 49
182 183 477 19
183 182 477 50
183 184 477 20
184 183 477 51
184 185 477 21
185 184 477 52
185 186 477 22
186 185 477 53
186 187 477 23
187 186 477 54
187 188 477 24
188 187 477 55
188 189 477 25
189 188 477 56
189 190 477 26
190 189 477 57
190 191 477 27
191 175 477 28
191 190 477 58
192 176 477 138
192 208 477 104
193 177 477 36
193 194 477 70
194 193 477 37
194 195 477 71
195 194 477 38
195 196 477 72
196 195 477 39
196 197 477 73
197 196 477 40
197 198 477 74
198 197 477 41
198 199 477 75
199 198 477 42
199 200 477 76
200 199 477 43
200 201 477 77
201 200 477 44
201 202 477 78
202 201 477 45
202 203 477 79
203 202 477 46
204 203 477 47
212 213 477 49
213 214 477 50
214 213 477 81
214 215 477 51
215 214 477 82
215 216 477 52
216 215 477 83
216 217 477 53
217 216 477 84
217 218 477 54
218 217 477 85
218 219 477 55
219 218 477 86
219 220 477 56
220 219 477 87
220 221 477 57
221 220 477 88
221 222 477 58
222 221 477 89
222 223 477 59
223 207 477 60
223 222 477 90
224 208 477 135
224 240 477 101
225 209 477 68
225 226 477 102
226 225 477 69
226 227 477 103
227 226 477 70
227 228 477 104
228 227 477 71
228 229 477 105
229 228 477 72
229 230 477 106
230 229 477 73
230 231 477 107
231 230 477 74
231 232 477 108
232 231 477 75
232 233 477 109
233 232 477 76
233 234 477 110
234 233 477 77
234 235 477 111
235 234 477 78
236 235 477 79
244 245 477 81
245 246 477 82
246 245 477 113
246 247 477 83
247 246 477 114
247 248 477 84
248 247 477 115
248 249 477 85
249 248 477 116
249 250 477 86
250 249 477 117
250 251 477 87
251 250 477 118
251 252 477 88
252 251 477 119
252 253 477 89
253 252 477 120
253 254 477 90
254 253 477 121
254 255 477 91
255 239 477 92
255 254 477 122
0 1 479 148
0 16 479 117
1 0 479 116
1 2 479 147
2 1 479 115
2 3 479 146
3 2 479 114
3 4 479 145
4 3 479 113
28 29 479 143
29 28 479 175
29 30 479 142
30 29 479 174
30 31 479 141
31 15 479 140
31 30 479 173
32 16 479 151
32 48 479 120
33 17 479 148
33 34 479 179
34 33 479 147
34 35 479 178
35 34 479 146
35 36 479 177
36 35 479 145
60 61 479 175
61 60 479 207
61 62 479 174
62 61 479 206
62 63 479 173
63 47 479 172
63 62 479 205
64 48 479 154
64 80 479 123
65 49 479 180
65 66 479 211
66 65 479 179
66 67 479 210
67 66 479 178
67 68 479 209
68 67 479 177
92 93 479 207
93 92 479 239
93 94 479 206
94 93 479 238
94 95 479 205
95 79 479 204
95 94 479 237
96 80 479 157
96 112 479 126
97 81 479 212
97 98 479 243
98 97 479 211
98 99 479 242
99 98 479 210
99 100 479 241
100 99 479 209
100 101 479 240
103 104 479 208
106 107 479 176
109 110 479 144
113 129 479 4
114 113 479 3
115 114 479 2
116 115 479 1
117 116 479 0
120 119 479 32
123 122 479 64
124 125 479 239
125 126 479 238
126 125 479 96
126 127 479 237
127 111 479 236
129 113 479 244
130 129 479 243
131 130 479 242
132 131 479 241
133 132 479 240
136 135 479 208
139 138 479 176
140 141 479 31
141 142 479 30
142 141 479 144
142 143 479 29
143 159 479 28
144 128 479 142
144 160 479 109
145 146 479 3
145 161 479 36
146 145 479 35
146 147 479 2
147 146 479 34
147 148 479 1
148 147 479 33
148 149 479 0
151 152 479 32
154 155 479 64
157 158 479 96
172 173 479 63
173 172 479 31
173 174 479 62
174 173 479 30
174 175 479 61
175 174 479 29
175 191 479 60
176 160 479 139
176 192 479 106
177 178 479 35
177 193 479 68
178 177 479 67
178 179 479 34
179 178 479 66
179 180 479 33
180 179 479 65
204 205 479 95
205 204 479 63
205 206 479 94
206 205 479 62
206 207 479 93
207 206 479 61
207 223 479 92
208 192 479 136
208 224 479 103
209 210 479 67
209 225 479 100
210 209 479 99
210 211 479 66
211 210 479 98
211 212 479 65
212 211 479 97
236 237 479 127
237 236 479 95
237 238 479 126
238 237 479 94
238 239 479 125
239 238 479 93
239 255 479 124
240 224 479 133
240 241 479 100
241 240 479 132
241 242 479 99
242 241 479 131
242 243 479 98
243 242 479 130
243 244 479 97
244 243 479 129
5 4 481 129
5 6 481 161
6 5 481 130
6 7 481 162
7 6 481 131
7 8 481 163
8 7 481 132
8 9 481 164
9 8 481 133
9 10 481 165
10 9 481 134
10 11 481 166
11 10 481 135
11 12 481 167
12 11 481 136
12 13 481 168
13 12 481 137
13 14 481 169
14 13 481 138
14 15 481 170
15 14 481 139
15 31 481 171
16 0 481 150
16 32 481 118
17 18 481 149
17 33 481 181
18 17 481 182
18 19 481 150
19 18 481 183
19 20 481 151
20 19 481 184
20 21 481 152
21 20 481 185
21 22 481 153
22 21 481 186
22 23 481 154
23 22 481 187
23 24 481 155
24 23 481 188
24 25 481 156
25 24 481 189
25 26 481 157
26 25 481 190
26 27 481 158
27 26 481 191
27 28 481 159
37 36 481 161
37 38 481 193
38 37 481 162
38 39 481 194
39 38 481 163
39 40 481 195
40 39 481 164
40 41 481 196
41 40 481 165
41 42 481 197
42 41 481 166
42 43 481 198
43 42 481 167
43 44 481 199
44 43 481 168
44 45 481 200
45 44 481 169
45 46 481 201
46 45 481 170
46 47 481 202
47 46 481 171
47 63 481 203
48 32 481 153
48 64 481 121
49 50 481 181
49 65 481 213
50 49 481 214
50 51 481 182
51 50 481 215
51 52 481 183
52 51 481 216
52 53 481 184
53 52 481 217
53 54 481 185
54 53 481 218
54 55 481 186
55 54 481 219
55 56 481 187
56 55 481 220
56 57 481 188
57 56 481 221
57 58 481 189
58 57 481 222
58 59 481 190
59 58 481 223
59 60 481 191
69 68 481 193
69 70 481 225
70 69 481 194
70 71 481 226
71 70 481 195
71 72 481 227
72 71 481 196
72 73 481 228
73 72 481 197
73 74 481 229
74 73 481 198
74 75 481 230
75 74 481 199
75 76 481 231
76 75 481 200
76 77 481 232
77 76 481 201
77 78 481 233
78 77 481 202
78 79 481 234
79 78 481 203
79 95 481 235
80 64 481 156
80 96 481 124
81 82 481 213
81 97 481 245
82 81 481 246
82 83 481 214
83 82 481 247
83 84 481 215
84 83 481 248
84 85 481 216
85 84 481 249
85 86 481 217
86 85 481 250
86 87 481 218
87 86 481 251
87 88 481 219
88 87 481 252
88 89 481 220
89 88 481 253
89 90 481 221
90 89 481 254
90 91 481 222
91 90 481 255
91 92 481 223
101 100 481 225
102 101 481 226
102 103 481 224
103 102 481 227
104 103 481 228
105 104 481 229
105 106 481 192
106 105 481 230
107 106 481 231
108 107 481 232
108 109 481 160
109 108 481 233
110 109 481 234
111 110 481 235
111 127 481 128
112 96 481 159
112 128 481 127
113 114 481 245
114 115 481 246
115 116 481 247
116 117 481 248
117 118 481 249
118 117 481 16
118 119 481 250
119 120 481 251
120 121 481 252
121 120 481 48
121 122 481 253
122 123 481 254
123 124 481 255
124 123 481 80
127 126 481 112
128 112 481 143
128 144 481 111
129 130 481 5
130 131 481 6
131 132 481 7
132 133 481 8
133 134 481 9
134 133 481 224
134 135 481 10
135 136 481 11
136 137 481 12
137 136 481 192
137 138 481 13
138 139 481 14
139 140 481 15
140 139 481 160
143 142 481 128
149 148 481 17
150 149 481 18
150 151 481 16
151 150 481 19
152 151 481 20
153 152 481 21
153 154 481 48
154 153 481 22
155 154 481 23
156 155 481 24
156 157 481 80
157 156 481 25
158 157 481 26
159 143 481 112
159 158 481 27
160 144 481 140
160 176 481 108
161 145 481 5
161 162 481 37
162 161 481 6
162 163 481 38
163 162 481 7
163 164 481 39
164 163 481 8
164 165 481 40
165 164 481 9
165 166 481 41
166 165 481 10
166 167 481 42
167 166 481 11
167 168 481 43
168 167 481 12
168 169 481 44
169 168 481 13
169 170 481 45
170 169 481 14
170 171 481 46
171 170 481 15
171 172 481 47
181 180 481 49
181 182 481 17
182 181 481 50
182 183 481 18
183 182 481 51
183 184 481 19
184 183 481 52
184 185 481 20
185 184 481 53
185 186 481 21
186 185 481 54
186 187 481 22
187 186 481 55
187 188 481 23
188 187 481 56
188 189 481 24
189 188 481 57
189 190 481 25
190 189 481 58
190 191 481 26
191 175 481 27
191 190 481 59
192 176 481 137
192 208 481 105
193 177 481 37
193 194 481 69
194 193 481 38
194 195 481 70
195 194 481 39
195 196 481 71
196 195 481 40
196 197 481 72
197 196 481 41
197 198 481 73
198 197 481 42
198 199 481 74
199 198 481 43
199 200 481 75
200 199 481 44
200 201 481 76
201 200 481 45
201 202 481 77
202 201 481 46
202 203 481 78
203 202 481 47
203 204 481 79
213 212 481 81
213 214 481 49
214 213 481 82
214 215 481 50
215 214 481 83
215 216 481 51
216 215 481 84
216 217 481 52
217 216 481 85
217 218 481 53
218 217 481 86
218 219 481 54
219 218 481 87
219 220 481 55
220 219 481 88
220 221 481 56
221 220 481 89
221 222 481 57
222 221 481 90
222 223 481 58
223 207 481 59
223 222 481 91
224 208 481 134
224 240 481 102
225 209 481 69
225 226 481 101
226 225 481 70
226 227 481 102
227 226 481 71
227 228 481 103
228 227 481 72
228 229 481 104
229 228 481 73
229 230 481 105
230 229 481 74
230 231 481 106
231 230 481 75
231 232 481 107
232 231 481 76
232 233 481 108
233 232 481 77
233 234 481 109
234 233 481 78
234 235 481 110
235 234 481 79
235 236 481 111
245 244 481 113
245 246 481 81
246 245 481 114
246 247 481 82
247 246 481 115
247 248 481 83
248 247 481 116
248 249 481 84
249 248 481 117
249 250 481 85
250 249 481 118
250 251 481 86
251 250 481 119
251 252 481 87
252 251 481 120
252 253 481 88
253 252 481 121
253 254 481 89
254 253 481 122
254 255 481 90
255 239 481 91
255 254 481 123
0 1 483 149
0 16 483 116
1 0 483 115
1 2 483 148
2 1 483 114
2 3 483 147
3 2 483 113
3 4 483 146
4 5 483 145
28 27 483 175
29 28 483 174
29 30 483 143
30 29 483 173
30 31 483 142
31 15 483 141
31 30 483 172
32 16 483 152
32 48 483 119
33 17 483 147
33 34 483 180
34 33 483 146
34 35 483 179
35 34 483 145
35 36 483 178
36 37 483 177
60 59 483 207
61 60 483 206
61 62 483 175
62 61 483 205
62 63 483 174
63 47 483 173
63 62 483 204
64 48 483 155
64 80 483 122
65 49 483 179
65 66 483 212
66 65 483 178
66 67 483 211
67 66 483 177
67 68 483 210
68 69 483 209
92 91 483 239
93 92 483 238
93 94 483 207
94 93 483 237
94 95 483 206
95 79 483 205
95 94 483 236
96 80 483 158
96 112 483 125
97 81 483 211
97 98 483 244
98 97 483 210
98 99 483 243
99 98 483 209
99 100 483 242
100 101 483 241
101 102 483 240
104 105 483 208
107 108 483 176
110 111 483 144
113 129 483 3
114 113 483 2
115 114 483 1
116 115 483 0
119 118 483 32
122 121 483 64
125 124 483 96
125 126 483 239
126 127 483 238
127 111 483 237
129 113 483 243
130 129 483 242
131 130 483 241
132 131 483 240
135 134 483 208
138 137 483 176
141 140 483 144
141 142 483 31
142 143 483 30
143 159 483 29
144 128 483 141
144 160 483 110
145 146 483 4
145 161 483 35
146 145 483 34
146 147 483 3
147 146 483 33
147 148 483 2
148 149 483 1
149 150 483 0
152 153 483 32
155 156 483 64
158 159 483 96
172 171 483 31
173 172 483 30
173 174 483 63
174 173 483 29
174 175 483 62
175 174 483 28
175 191 483 61
176 160 483 138
176 192 483 107
177 178 483 36
177 193 483 67
178 177 483 66
178 179 483 35
179 178 483 65
179 180 483 34
180 181 483 33
204 203 483 63
205 204 483 62
205 206 483 95
206 205 483 61
206 207 483 94
207 206 483 60
207 223 483 93
208 192 483 135
208 224 483 104
209 210 483 68
209 225 483 99
210 209 483 98
210 211 483 67
211 210 483 97
211 212 483 66
212 213 483 65
236 235 483 95
237 236 483 94
237 238 483 127
238 237 483 93
238 239 483 126
239 238 483 92
239 255 483 125
240 224 483 132
240 241 483 101
241 240 483 131
241 242 483 100
242 241 483 130
242 243 483 99
243 242 483 129
243 244 483 98
244 245 483 97
4 3 485 129
5 4 485 130
6 5 485 131
6 7 485 161
7 6 485 132
7 8 485 162
8 7 485 133
8 9 485 163
9 8 485 134
9 10 485 164
10 9 485 135
10 11 485 165
11 10 485 136
11 12 485 166
12 11 485 137
12 13 485 167
13 12 485 138
13 14 485 168
14 13 485 139
14 15 485 169
15 14 485 140
15 31 485 170
16 0 485 151
16 32 485 117
17 18 485 148
17 33 485 182
18 17 485 183
18 19 485 149
19 18 485 184
19 20 485 150
20 19 485 185
20 21 485 151
21 20 485 186
21 22 485 152
22 21 485 187
22 23 485 153
23 22 485 188
23 24 485 154
24 23 485 189
24 25 485 155
25 24 485 190
25 26 485 156
26 25 485 191
26 27 485 157
27 28 485 158
28 29 485 159
36 35 485 161
37 36 485 162
38 37 485 163
38 39 485 193
39 38 485 164
39 40 485 194
40 39 485 165
40 41 485 195
41 40 485 166
41 42 485 196
42 41 485 167
42 43 485 197
43 42 485 168
43 44 485 198
44 43 485 169
44 45 485 199
45 44 485 170
45 46 485 200
46 45 485 171
46 47 485 201
47 46 485 172
47 63 485 202
48 32 485 154
48 64 485 120
49 50 485 180
49 65 485 214
50 49 485 215
50 51 485 181
51 50 485 216
51 52 485 182
52 51 485 217
52 53 485 183
53 52 485 218
53 54 485 184
54 53 485 219
54 55 485 185
55 54 485 220
55 56 485 186
56 55 485 221
56 57 485 187
57 56 485 222
57 58 485 188
58 57 485 223
58 59 485 189
59 60 485 190
60 61 485 191
68 67 485 193
69 68 485 194
70 69 485 195
70 71 485 225
71 70 485 196
71 72 485 226
72 71 485 197
72 73 485 227
73 72 485 198
73 74 485 228
74 73 485 199
74 75 485 229
75 74 485 200
75 76 485 230
76 75 485 201
76 77 485 231
77 76 485 202
77 78 485 232
78 77 485 203
78 79 485 233
79 78 485 204
79 95 485 234
80 64 485 157
80 96 485 123
81 82 485 212
81 97 485 246
82 81 485 247
82 83 485 213
83 82 485 248
83 84 485 214
84 83 485 249
84 85 485 215
85 84 485 250
85 86 485 216
86 85 485 251
86 87 485 217
87 86 485 252
87 88 485 218
88 87 485 253
88 89 485 219
89 88 485 254
89 90 485 220
90 89 485 255
90 91 485 221
91 92 485 222
92 93 485 223
100 99 485 225
101 100 485 226
102 101 485 227
103 102 485 228
103 104 485 224
104 103 485 229
105 104 485 230
106 105 485 231
106 107 485 192
107 106 485 232
108 107 485 233
109 108 485 234
109 110 485 160
110 109 485 235
111 110 485 236
112 128 485 126
113 114 485 244
114 115 485 245
115 116 485 246
116 117 485 247
117 116 485 16
117 118 485 248
118 119 485 249
119 120 485 250
120 119 485 48
120 121 485 251
121 122 485 252
122 123 485 253
123 122 485 80
123 124 485 254
124 125 485 255
126 125 485 112
128 112 485 142
129 130 485 4
130 131 485 5
131 132 485 6
132 133 485 7
133 132 485 224
133 134 485 8
134 135 485 9
135 136 485 10
136 135 485 192
136 137 485 11
137 138 485 12
138 139 485 13
139 138 485 160
139 140 485 14
140 141 485 15
142 141 485 128
148 147 485 17
149 148 485 18
150 149 485 19
151 150 485 20
151 152 485 16
152 151 485 21
153 152 485 22
154 153 485 23
154 155 485 48
155 154 485 24
156 155 485 25
157 156 485 26
157 158 485 80
158 157 485 27
159 158 485 28
160 144 485 139
160 176 485 109
161 145 485 6
161 162 485 36
162 161 485 7
162 163 485 37
163 162 485 8
163 164 485 38
164 163 485 9
164 165 485 39
165 164 485 10
165 166 485 40
166 165 485 11
166 167 485 41
167 166 485 12
167 168 485 42
168 167 485 13
168 169 485 43
169 168 485 14
169 170 485 44
170 169 485 15
170 171 485 45
171 172 485 46
172 173 485 47
180 179 485 49
181 180 485 50
182 181 485 51
182 183 485 17
183 182 485 52
183 184 485 18
184 183 485 53
184 185 485 19
185 184 485 54
185 186 485 20
186 185 485 55
186 187 485 21
187 186 485 56
187 188 485 22
188 187 485 57
188 189 485 23
189 188 485 58
189 190 485 24
190 189 485 59
190 191 485 25
191 175 485 26
191 190 485 60
192 176 485 136
192 208 485 106
193 177 485 38
193 194 485 68
194 193 485 39
194 195 485 69
195 194 485 40
195 196 485 70
196 195 485 41
196 197 485 71
197 196 485 42
197 198 485 72
198 197 485 43
198 199 485 73
199 198 485 44
199 200 485 74
200 199 485 45
200 201 485 75
201 200 485 46
201 202 485 76
202 201 485 47
202 203 485 77
203 204 485 78
204 205 485 79
212 211 485 81
213 212 485 82
214 213 485 83
214 215 485 49
215 214 485 84
215 216 485 50
216 215 485 85
216 217 485 51
217 216 485 86
217 218 485 52
218 217 485 87
218 219 485 53
219 218 485 88
219 220 485 54
220 219 485 89
220 221 485 55
221 220 485 90
221 222 485 56
222 221 485 91
222 223 485 57
223 207 485 58
223 222 485 92
224 208 485 133
224 240 485 103
225 209 485 70
225 226 485 100
226 225 485 71
226 227 485 101
227 226 485 72
227 228 485 102
228 227 485 73
228 229 485 103
229 228 485 74
229 230 485 104
230 229 485 75
230 231 485 105
231 230 485 76
231 232 485 106
232 231 485 77
232 233 485 107
233 232 485 78
233 234 485 108
234 233 485 79
234 235 485 109
235 236 485 110
236 237 485 111
244 243 485 113
245 244 485 114
246 245 485 115
246 247 485 81
247 246 485 116
247 248 485 82
248 247 485 117
248 249 485 83
249 248 485 118
249 250 485 84
250 249 485 119
250 251 485 85
251 250 485 120
251 252 485 86
252 251 485 121
252 253 485 87
253 252 485 122
253 254 485 88
254 253 485 123
254 255 485 89
255 239 485 90
255 254 485 124
0 1 487 150
0 16 487 115
1 0 487 114
1 2 487 149
2 1 487 113
2 3 487 148
3 4 487 147
4 5 487 146
5 6 487 145
27 26 487 175
28 27 487 174
29 28 487 173
30 29 487 172
30 31 487 143
31 15 487 142
31 30 487 171
32 16 487 153
32 48 487 118
33 17 487 146
33 34 487 181
34 33 487 145
34 35 487 180
35 36 487 179
36 37 487 178
37 38 487 177
59 58 487 207
60 59 487 206
61 60 487 205
62 61 487 204
62 63 487 175
63 47 487 174
63 62 487 203
64 48 487 156
64 80 487 121
65 49 487 178
65 66 487 213
66 65 487 177
66 67 487 212
67 68 487 211
68 69 487 210
69 70 487 209
91 90 487 239
92 91 487 238
93 92 487 237
94 93 487 236
94 95 487 207
95 79 487 206
95 94 487 235
96 80 487 159
96 112 487 124
97 81 487 210
97 98 487 245
98 97 487 209
98 99 487 244
99 100 487 243
100 101 487 242
101 102 487 241
102 103 487 240
105 106 487 208
108 109 487 176
111 127 487 144
112 96 487 143
113 129 487 2
114 113 487 1
115 114 487 0
118 117 487 32
121 120 487 64
124 123 487 96
126 127 487 239
127 111 487 238
127 126 487 128
128 144 487 127
129 113 487 242
130 129 487 241
131 130 487 240
134 133 487 208
137 136 487 176
140 139 487 144
142 143 487 31
143 142 487 112
143 159 487 30
144 128 487 140
144 160 487 111
145 146 487 5
145 161 487 34
146 145 487 33
146 147 487 4
147 148 487 3
148 149 487 2
149 150 487 1
150 151 487 0
153 154 487 32
156 157 487 64
159 143 487 96
171 170 487 31
172 171 487 30
173 172 487 29
174 173 487 28
174 175 487 63
175 174 487 27
175 191 487 62
176 160 487 137
176 192 487 108
177 178 487 37
177 193 487 66
178 177 487 65
178 179 487 36
179 180 487 35
180 181 487 34
181 182 487 33
203 202 487 63
204 203 487 62
205 204 487 61
206 205 487 60
206 207 487 95
207 206 487 59
207 223 487 94
208 192 487 134
208 224 487 105
209 210 487 69
209 225 487 98
210 209 487 97
210 211 487 68
211 212 487 67
212 213 487 66
213 214 487 65
235 234 487 95
236 235 487 94
237 236 487 93
238 237 487 92
238 239 487 127
239 238 487 91
239 255 487 126
240 224 487 131
240 241 487 102
241 240 487 130
241 242 487 101
242 241 487 129
242 243 487 100
243 244 487 99
244 245 487 98
245 246 487 97
3 2 489 129
4 3 489 130
5 4 489 131
6 5 489 132
7 6 489 133
7 8 489 161
8 7 489 134
8 9 489 162
9 8 489 135
9 10 489 163
10 9 489 136
10 11 489 164
11 10 489 137
11 12 489 165
12 11 489 138
12 13 489 166
13 12 489 139
13 14 489 167
14 13 489 140
14 15 489 168
15 14 489 141
15 31 489 169
16 0 489 152
16 32 489 116
17 18 489 147
17 33 489 183
18 17 489 184
18 19 489 148
19 18 489 185
19 20 489 149
20 19 489 186
20 21 489 150
21 20 489 187
21 22 489 151
22 21 489 188
22 23 489 152
23 22 489 189
23 24 489 153
24 23 489 190
24 25 489 154
25 24 489 191
25 26 489 155
26 27 489 156
27 28 489 157
28 29 489 158
29 30 489 159
35 34 489 161
36 35 489 162
37 36 489 163
38 37 489 164
39 38 489 165
39 40 489 193
40 39 489 166
40 41 489 194
41 40 489 167
41 42 489 195
42 41 489 168
42 43 489 196
43 42 489 169
43 44 489 197
44 43 489 170
44 45 489 198
45 44 489 171
45 46 489 199
46 45 489 172
46 47 489 200
47 46 489 173
47 63 489 201
48 32 489 155
48 64 489 119
49 50 489 179
49 65 489 215
50 49 489 216
50 51 489 180
51 50 489 217
51 52 489 181
52 51 489 218
52 53 489 182
53 52 489 219
53 54 489 183
54 53 489 220
54 55 489 184
55 54 489 221
55 56 489 185
56 55 489 222
56 57 489 186
57 56 489 223
57 58 489 187
58 59 489 188
59 60 489 189
60 61 489 190
61 62 489 191
67 66 489 193
68 67 489 194
69 68 489 195
70 69 489 196
71 70 489 197
71 72 489 225
72 71 489 198
72 73 489 226
73 72 489 199
73 74 489 227
74 73 489 200
74 75 489 228
75 74 489 201
75 76 489 229
76 75 489 202
76 77 489 230
77 76 489 203
77 78 489 231
78 77 489 204
78 79 489 232
79 78 489 205
79 95 489 233
80 64 489 158
80 96 489 122
81 82 489 211
81 97 489 247
82 81 489 248
82 83 489 212
83 82 489 249
83 84 489 213
84 83 489 250
84 85 489 214
85 84 489 251
85 86 489 215
86 85 489 252
86 87 489 216
87 86 489 253
87 88 489 217
88 87 489 254
88 89 489 218
89 88 489 255
89 90 489 219
90 91 489 220
91 92 489 221
92 93 489 222
93 94 489 223
99 98 489 225
100 99 489 226
101 100 489 227
102 101 489 228
103 102 489 229
104 103 489 230
104 105 489 224
105 104 489 231
106 105 489 232
107 106 489 233
107 108 489 192
108 107 489 234
109 108 489 235
110 109 489 236
110 111 489 160
111 110 489 237
112 128 489 125
113 114 489 243
114 115 489 244
115 116 489 245
116 115 489 16
116 117 489 246
117 118 489 247
118 119 489 248
119 118 489 48
119 120 489 249
120 121 489 250
121 122 489 251
122 121 489 80
122 123 489 252
123 124 489 253
124 125 489 254
125 124 489 112
125 126 489 255
128 112 489 141
129 130 489 3
130 131 489 4
131 132 489 5
132 131 489 224
132 133 489 6
133 134 489 7
134 135 489 8
135 134 489 192
135 136 489 9
136 137 489 10
137 138 489 11
138 137 489 160
138 139 489 12
139 140 489 13
140 141 489 14
141 140 489 128
141 142 489 15
147 146 489 17
148 147 489 18
149 148 489 19
150 149 489 20
151 150 489 21
152 151 489 22
152 153 489 16
153 152 489 23
154 153 489 24
155 154 489 25
155 156 489 48
156 155 489 26
157 156 489 27
158 157 489 28
158 159 489 80
159 158 489 29
160 144 489 138
160 176 489 110
161 145 489 7
161 162 489 35
162 161 489 8
162 163 489 36
163 162 489 9
163 164 489 37
164 163 489 10
164 165 489 38
165 164 489 11
165 166 489 39
166 165 489 12
166 167 489 40
167 166 489 13
167 168 489 41
168 167 489 14
168 169 489 42
169 168 489 15
169 170 489 43
170 171 489 44
171 172 489 45
172 173 489 46
173 174 489 47
179 178 489 49
180 179 489 50
181 180 489 51
182 181 489 52
183 182 489 53
183 184 489 17
184 183 489 54
184 185 489 18
185 184 489 55
185 186 489 19
186 185 489 56
186 187 489 20
187 186 489 57
187 188 489 21
188 187 489 58
188 189 489 22
189 188 489 59
189 190 489 23
190 189 489 60
190 191 489 24
191 175 489 25
191 190 489 61
192 176 489 135
192 208 489 107
193 177 489 39
193 194 489 67
194 193 489 40
194 195 489 68
195 194 489 41
195 196 489 69
196 195 489 42
196 197 489 70
197 196 489 43
197 198 489 71
198 197 489 44
198 199 489 72
199 198 489 45
199 200 489 73
200 199 489 46
200 201 489 74
201 200 489 47
201 202 489 75
202 203 489 76
203 204 489 77
204 205 489 78
205 206 489 79
211 210 489 81
212 211 489 82
213 212 489 83
214 213 489 84
215 214 489 85
215 216 489 49
216 215 489 86
216 217 489 50
217 216 489 87
217 218 489 51
218 217 489 88
218 219 489 52
219 218 489 89
219 220 489 53
220 219 489 90
220 221 489 54
221 220 489 91
221 222 489 55
222 221 489 92
222 223 489 56
223 207 489 57
223 222 489 93
224 208 489 132
224 240 489 104
225 209 489 71
225 226 489 99
226 225 489 72
226 227 489 100
227 226 489 73
227 228 489 101
228 227 489 74
228 229 489 102
229 228 489 75
229 230 489 103
230 229 489 76
230 231 489 104
231 230 489 77
231 232 489 105
232 231 489 78
232 233 489 106
233 232 489 79
233 234 489 107
234 235 489 108
235 236 489 109
236 237 489 110
237 238 489 111
243 242 489 113
244 243 489 114
245 244 489 115
246 245 489 116
247 246 489 117
247 248 489 81
248 247 489 118
248 249 489 82
249 248 489 119
249 250 489 83
250 249 489 120
250 251 489 84
251 250 489 121
251 252 489 85
252 251 489 122
252 253 489 86
253 252 489 123
253 254 489 87
254 253 489 124
254 255 489 88
255 239 489 89
255 254 489 125
0 1 491 151
0 16 491 114
1 0 491 113
1 2 491 150
2 3 491 149
3 4 491 148
4 5 491 147
5 6 491 146
6 7 491 145
26 25 491 175
27 26 491 174
28 27 491 173
29 28 491 172
30 29 491 171
31 15 491 143
31 30 491 170
32 16 491 154
32 48 491 117
33 17 491 145
33 34 491 182
34 35 491 181
35 36 491 180
36 37 491 179
37 38 491 178
38 39 491 177
58 57 491 207
59 58 491 206
60 59 491 205
61 60 491 204
62 61 491 203
63 47 491 175
63 62 491 202
64 48 491 157
64 80 491 120
65 49 491 177
65 66 491 214
66 67 491 213
67 68 491 212
68 69 491 211
69 70 491 210
70 71 491 209
90 89 491 239
91 90 491 238
92 91 491 237
93 92 491 236
94 93 491 235
95 79 491 207
95 94 491 234
96 112 491 123
97 81 491 209
97 98 491 246
98 99 491 245
99 100 491 244
100 101 491 243
101 102 491 242
102 103 491 241
103 104 491 240
106 107 491 208
109 110 491 176
112 96 491 142
113 129 491 1
114 113 491 0
117 116 491 32
120 119 491 64
123 122 491 96
126 125 491 128
127 111 491 239
128 144 491 126
129 113 491 241
130 129 491 240
133 132 491 208
136 135 491 176
139 138 491 144
142 141 491 112
143 159 491 31
144 128 491 139
145 146 491 6
145 161 491 33
146 147 491 5
147 148 491 4
148 149 491 3
149 150 491 2
150 151 491 1
151 152 491 0
154 155 491 32
157 158 491 64
170 169 491 31
171 170 491 30
172 171 491 29
173 172 491 28
174 173 491 27
175 174 491 26
175 191 491 63
176 160 491 136
176 192 491 109
177 178 491 38
177 193 491 65
178 179 491 37
179 180 491 36
180 181 491 35
181 182 491 34
182 183 491 33
202 201 491 63
203 202 491 62
204 203 491 61
205 204 491 60
206 205 491 59
207 206 491 58
207 223 491 95
208 192 491 133
208 224 491 106
209 210 491 70
209 225 491 97
210 211 491 69
211 212 491 68
212 213 491 67
213 214 491 66
214 215 491 65
234 233 491 95
235 234 491 94
236 235 491 93
237 236 491 92
238 237 491 91
239 238 491 90
239 255 491 127
240 224 491 130
240 241 491 103
241 240 491 129
241 242 491 102
242 243 491 101
243 244 491 100
244 245 491 99
245 246 491 98
246 247 491 97
2 1 493 129
3 2 493 130
4 3 493 131
5 4 493 132
6 5 493 133
7 6 493 134
8 7 493 135
8 9 493 161
9 8 493 136
9 10 493 162
10 9 493 137
10 11 493 163
11 10 493 138
11 12 493 164
12 11 493 139
12 13 493 165
13 12 493 140
13 14 493 166
14 13 493 141
14 15 493 167
15 14 493 142
15 31 493 168
16 0 493 153
16 32 493 115
17 18 493 146
17 33 493 184
18 17 493 185
18 19 493 147
19 18 493 186
19 20 493 148
20 19 493 187
20 21 493 149
21 20 493 188
21 22 493 150
22 21 493 189
22 23 493 151
23 22 493 190
23 24 493 152
24 23 493 191
24 25 493 153
25 26 493 154
26 27 493 155
27 28 493 156
28 29 493 157
29 30 493 158
30 31 493 159
34 33 493 161
35 34 493 162
36 35 493 163
37 36 493 164
38 37 493 165
39 38 493 166
40 39 493 167
40 41 493 193
41 40 493 168
41 42 493 194
42 41 493 169
42 43 493 195
43 42 493 170
43 44 493 196
44 43 493 171
44 45 493 197
45 44 493 172
45 46 493 198
46 45 493 173
46 47 493 199
47 46 493 174
47 63 493 200
48 32 493 156
48 64 493 118
49 50 493 178
49 65 493 216
50 49 493 217
50 51 493 179
51 50 493 218
51 52 493 180
52 51 493 219
52 53 493 181
53 52 493 220
53 54 493 182
54 53 493 221
54 55 493 183
55 54 493 222
55 56 493 184
56 55 493 223
56 57 493 185
57 58 493 186
58 59 493 187
59 60 493 188
60 61 493 189
61 62 493 190
62 63 493 191
66 65 493 193
67 66 493 194
68 67 493 195
69 68 493 196
70 69 493 197
71 70 493 198
72 71 493 199
72 73 493 225
73 72 493 200
73 74 493 226
74 73 493 201
74 75 493 227
75 74 493 202
75 76 493 228
76 75 493 203
76 77 493 229
77 76 493 204
77 78 493 230
78 77 493 205
78 79 493 231
79 78 493 206
79 95 493 232
80 64 493 159
80 96 493 121
81 82 493 210
81 97 493 248
82 81 493 249
82 83 493 211
83 82 493 250
83 84 493 212
84 83 493 251
84 85 493 213
85 84 493 252
85 86 493 214
86 85 493 253
86 87 493 215
87 86 493 254
87 88 493 216
88 87 493 255
88 89 493 217
89 90 493 218
90 91 493 219
91 92 493 220
92 93 493 221
93 94 493 222
94 95 493 223
96 80 493 143
98 97 493 225
99 98 493 226
100 99 493 227
101 100 493 228
102 101 493 229
103 102 493 230
104 103 493 231
105 104 493 232
105 106 493 224
106 105 493 233
107 106 493 234
108 107 493 235
108 109 493 192
109 108 493 236
110 109 493 237
111 110 493 238
111 127 493 160
112 128 493 124
113 114 493 242
114 115 493 243
115 114 493 16
115 116 493 244
116 117 493 245
117 118 493 246
118 117 493 48
118 119 493 247
119 120 493 248
120 121 493 249
121 120 493 80
121 122 493 250
122 123 493 251
123 124 493 252
124 123 493 112
124 125 493 253
125 126 493 254
126 127 493 255
127 126 493 144
128 112 493 140
129 130 493 2
130 131 493 3
131 130 493 224
131 132 493 4
132 133 493 5
133 134 493 6
134 133 493 192
134 135 493 7
135 136 493 8
136 137 493 9
137 136 493 160
137 138 493 10
138 139 493 11
139 140 493 12
140 139 493 128
140 141 493 13
141 142 493 14
142 143 493 15
143 142 493 96
144 160 493 127
146 145 493 17
147 146 493 18
148 147 493 19
149 148 493 20
150 149 493 21
151 150 493 22
152 151 493 23
153 152 493 24
153 154 493 16
154 153 493 25
155 154 493 26
156 155 493 27
156 157 493 48
157 156 493 28
158 157 493 29
159 143 493 80
159 158 493 30
160 144 493 137
160 176 493 111
161 145 493 8
161 162 493 34
162 161 493 9
162 163 493 35
163 162 493 10
163 164 493 36
164 163 493 11
164 165 493 37
165 164 493 12
165 166 493 38
166 165 493 13
166 167 493 39
167 166 493 14
167 168 493 40
168 167 493 15
168 169 493 41
169 170 493 42
170 171 493 43
171 172 493 44
172 173 493 45
173 174 493 46
174 175 493 47
178 177 493 49
179 178 493 50
180 179 493 51
181 180 493 52
182 181 493 53
183 182 493 54
184 183 493 55
184 185 493 17
185 184 493 56
185 186 493 18
186 185 493 57
186 187 493 19
187 186 493 58
187 188 493 20
188 187 493 59
188 189 493 21
189 188 493 60
189 190 493 22
190 189 493 61
190 191 493 23
191 175 493 24
191 190 493 62
192 176 493 134
192 208 493 108
193 177 493 40
193 194 493 66
194 193 493 41
194 195 493 67
195 194 493 42
195 196 493 68
196 195 493 43
196 197 493 69
197 196 493 44
197 198 493 70
198 197 493 45
198 199 493 71
199 198 493 46
199 200 493 72
200 199 493 47
200 201 493 73
201 202 493 74
202 203 493 75
203 204 493 76
204 205 493 77
205 206 493 78
206 207 493 79
210 209 493 81
211 210 493 82
212 211 493 83
213 212 493 84
214 213 493 85
215 214 493 86
216 215 493 87
216 217 493 49
217 216 493 88
217 218 493 50
218 217 493 89
218 219 493 51
219 218 493 90
219 220 493 52
220 219 493 91
220 221 493 53
221 220 493 92
221 222 493 54
222 221 493 93
222 223 493 55
223 207 493 56
223 222 493 94
224 208 493 131
224 240 493 105
225 209 493 72
225 226 493 98
226 225 493 73
226 227 493 99
227 226 493 74
227 228 493 100
228 227 493 75
228 229 493 101
229 228 493 76
229 230 493 102
230 229 493 77
230 231 493 103
231 230 493 78
231 232 493 104
232 231 493 79
232 233 493 105
233 234 493 106
234 235 493 107
235 236 493 108
236 237 493 109
237 238 493 110
238 239 493 111
242 241 493 113
243 242 493 114
244 243 493 115
245 244 493 116
246 245 493 117
247 246 493 118
248 247 493 119
248 249 493 81
249 248 493 120
249 250 493 82
250 249 493 121
250 251 493 83
251 250 493 122
251 252 493 84
252 251 493 123
252 253 493 85
253 252 493 124
253 254 493 86
254 253 493 125
254 255 493 87
255 239 493 88
255 254 493 126
0 1 495 152
0 16 495 113
1 2 495 151
2 3 495 150
3 4 495 149
4 5 495 148
5 6 495 147
6 7 495 146
7 8 495 145
25 24 495 175
26 25 495 174
27 26 495 173
28 27 495 172
29 28 495 171
30 29 495 170
31 30 495 169
32 16 495 155
32 48 495 116
33 34 495 183
34 35 495 182
35 36 495 181
36 37 495 180
37 38 495 179
38 39 495 178
39 40 495 177
57 56 495 207
58 57 495 206
59 58 495 205
60 59 495 204
61 60 495 203
62 61 495 202
63 62 495 201
64 48 495 158
64 80 495 119
65 66 495 215
66 67 495 214
67 68 495 213
68 69 495 212
69 70 495 211
70 71 495 210
71 72 495 209
89 88 495 239
90 89 495 238
91 90 495 237
92 91 495 236
93 92 495 235
94 93 495 234
95 94 495 233
96 112 495 122
97 98 495 247
98 99 495 246
99 100 495 245
100 101 495 244
101 102 495 243
102 103 495 242
103 104 495 241
104 105 495 240
107 108 495 208
110 111 495 176
112 96 495 141
113 129 495 0
116 115 495 32
119 118 495 64
122 121 495 96
125 124 495 128
128 144 495 125
129 113 495 240
132 131 495 208
135 134 495 176
138 137 495 144
141 140 495 112
144 128 495 138
145 146 495 7
146 147 495 6
147 148 495 5
148 149 495 4
149 150 495 3
150 151 495 2
151 152 495 1
152 153 495 0
155 156 495 32
158 159 495 64
169 168 495 31
170 169 495 30
171 170 495 29
172 171 495 28
173 172 495 27
174 173 495 26
175 174 495 25
176 160 495 135
176 192 495 110
177 178 495 39
178 179 495 38
179 180 495 37
180 181 495 36
181 182 495 35
182 183 495 34
183 184 495 33
201 200 495 63
202 201 495 62
203 202 495 61
204 203 495 60
205 204 495 59
206 205 495 58
207 206 495 57
208 192 495 132
208 224 495 107
209 210 495 71
210 211 495 70
211 212 495 69
212 213 495 68
213 214 495 67
214 215 495 66
215 216 495 65
233 232 495 95
234 233 495 94
235 234 495 93
236 235 495 92
237 236 495 91
238 237 495 90
239 238 495 89
240 224 495 129
240 241 495 104
241 242 495 103
242 243 495 102
243 244 495 101
244 245 495 100
245 246 495 99
246 247 495 98
247 248 495 97
1 0 497 129
2 1 497 130
3 2 497 131
4 3 497 132
5 4 497 133
6 5 497 134
7 6 497 135
8 7 497 136
9 8 497 137
9 10 497 161
10 9 497 138
10 11 497 162
11 10 497 139
11 12 497 163
12 11 497 140
12 13 497 164
13 12 497 141
13 14 497 165
14 13 497 142
14 15 497 166
15 14 497 143
15 31 497 167
16 0 497 154
16 32 497 114
17 18 497 145
17 33 497 185
18 17 497 186
18 19 497 146
19 18 497 187
19 20 497 147
20 19 497 188
20 21 497 148
21 20 497 189
21 22 497 149
22 21 497 190
22 23 497 150
23 22 497 191
23 24 497 151
24 25 497 152
25 26 497 153
26 27 497 154
27 28 497 155
28 29 497 156
29 30 497 157
30 31 497 158
31 15 497 159
33 17 497 161
34 33 497 162
35 34 497 163
36 35 497 164
37 36 497 165
38 37 497 166
39 38 497 167
40 39 497 168
41 40 497 169
41 42 497 193
42 41 497 170
42 43 497 194
43 42 497 171
43 44 497 195
44 43 497 172
44 45 497 196
45 44 497 173
45 46 497 197
46 45 497 174
46 47 497 198
47 46 497 175
47 63 497 199
48 32 497 157
48 64 497 117
49 50 497 177
49 65 497 217
50 49 497 218
50 51 497 178
51 50 497 219
51 52 497 179
52 51 497 220
52 53 497 180
53 52 497 221
53 54 497 181
54 53 497 222
54 55 497 182
55 54 497 223
55 56 497 183
56 57 497 184
57 58 497 185
58 59 497 186
59 60 497 187
60 61 497 188
61 62 497 189
62 63 497 190
63 47 497 191
65 49 497 193
66 65 497 194
67 66 497 195
68 67 497 196
69 68 497 197
70 69 497 198
71 70 497 199
72 71 497 200
73 72 497 201
73 74 497 225
74 73 497 202
74 75 497 226
75 74 497 203
75 76 497 227
76 75 497 204
76 77 497 228
77 76 497 205
77 78 497 229
78 77 497 206
78 79 497 230
79 78 497 207
79 95 497 231
80 96 497 120
81 82 497 209
81 97 497 249
82 81 497 250
82 83 497 210
83 82 497 251
83 84 497 211
84 83 497 252
84 85 497 212
85 84 497 253
85 86 497 213
86 85 497 254
86 87 497 214
87 86 497 255
87 88 497 215
88 89 497 216
89 90 497 217
90 91 497 218
91 92 497 219
92 93 497 220
93 94 497 221
94 95 497 222
95 79 497 223
96 80 497 142
97 81 497 225
98 97 497 226
99 98 497 227
100 99 497 228
101 100 497 229
102 101 497 230
103 102 497 231
104 103 497 232
105 104 497 233
106 105 497 234
106 107 497 224
107 106 497 235
108 107 497 236
109 108 497 237
109 110 497 192
110 109 497 238
111 110 497 239
112 128 497 123
113 114 497 241
114 113 497 16
114 115 497 242
115 116 497 243
116 117 497 244
117 116 497 48
117 118 497 245
118 119 497 246
119 120 497 247
120 119 497 80
120 121 497 248
121 122 497 249
122 123 497 250
123 122 497 112
123 124 497 251
124 125 497 252
125 126 497 253
126 125 497 144
126 127 497 254
127 111 497 255
128 112 497 139
129 130 497 1
130 129 497 224
130 131 497 2
131 132 497 3
132 133 497 4
133 132 497 192
133 134 497 5
134 135 497 6
135 136 497 7
136 135 497 160
136 137 497 8
137 138 497 9
138 139 497 10
139 138 497 128
139 140 497 11
140 141 497 12
141 142 497 13
142 141 497 96
142 143 497 14
143 159 497 15
144 160 497 126
145 161 497 17
146 145 497 18
147 146 497 19
148 147 497 20
149 148 497 21
150 149 497 22
151 150 497 23
152 151 497 24
153 152 497 25
154 153 497 26
154 155 497 16
155 154 497 27
156 155 497 28
157 156 497 29
157 158 497 48
158 157 497 30
159 158 497 31
160 144 497 136
161 145 497 9
161 162 497 33
162 161 497 10
162 163 497 34
163 162 497 11
163 164 497 35
164 163 497 12
164 165 497 36
165 164 497 13
165 166 497 37
166 165 497 14
166 167 497 38
167 166 497 15
167 168 497 39
168 169 497 40
169 170 497 41
170 171 497 42
171 172 497 43
172 173 497 44
173 174 497 45
174 175 497 46
175 191 497 47
177 193 497 49
178 177 497 50
179 178 497 51
180 179 497 52
181 180 497 53
182 181 497 54
183 182 497 55
184 183 497 56
185 184 497 57
185 186 497 17
186 185 497 58
186 187 497 18
187 186 497 59
187 188 497 19
188 187 497 60
188 189 497 20
189 188 497 61
189 190 497 21
190 189 497 62
190 191 497 22
191 175 497 23
191 190 497 63
192 176 497 133
192 208 497 109
193 177 497 41
193 194 497 65
194 193 497 42
194 195 497 66
195 194 497 43
195 196 497 67
196 195 497 44
196 197 497 68
197 196 497 45
197 198 497 69
198 197 497 46
198 199 497 70
199 198 497 47
199 200 497 71
200 201 497 72
201 202 497 73
202 203 497 74
203 204 497 75
204 205 497 76
205 206 497 77
206 207 497 78
207 223 497 79
209 225 497 81
210 209 497 82
211 210 497 83
212 211 497 84
213 212 497 85
214 213 497 86
215 214 497 87
216 215 497 88
217 216 497 89
217 218 497 49
218 217 497 90
218 219 497 50
219 218 497 91
219 220 497 51
220 219 497 92
220 221 497 52
221 220 497 93
221 222 497 53
222 221 497 94
222 223 497 54
223 207 497 55
223 222 497 95
224 208 497 130
224 240 497 106
225 209 497 73
225 226 497 97
226 225 497 74
226 227 497 98
227 226 497 75
227 228 497 99
228 227 497 76
228 229 497 100
229 228 497 77
229 230 497 101
230 229 497 78
230 231 497 102
231 230 497 79
231 232 497 103
232 233 497 104
233 234 497 105
234 235 497 106
235 236 497 107
236 237 497 108
237 238 497 109
238 239 497 110
239 255 497 111
241 240 497 113
242 241 497 114
243 242 497 115
244 243 497 116
245 244 497 117
246 245 497 118
247 246 497 119
248 247 497 120
249 248 497 121
249 250 497 81
250 249 497 122
250 251 497 82
251 250 497 123
251 252 497 83
252 251 497 124
252 253 497 84
253 252 497 125
253 254 497 85
254 253 497 126
254 255 497 86
255 239 497 87
255 254 497 127
0 1 499 153
1 2 499 152
2 3 499 151
3 4 499 150
4 5 499 149
5 6 499 148
6 7 499 147
7 8 499 146
8 9 499 145
24 23 499 175
25 24 499 174
26 25 499 173
27 26 499 172
28 27 499 171
29 28 499 170
30 29 499 169
31 30 499 168
32 16 499 156
32 48 499 115
33 34 499 184
34 35 499 183
35 36 499 182
36 37 499 181
37 38 499 180
38 39 499 179
39 40 499 178
40 41 499 177
56 55 499 207
57 56 499 206
58 57 499 205
59 58 499 204
60 59 499 203
61 60 499 202
62 61 499 201
63 62 499 200
64 48 499 159
64 80 499 118
65 66 499 216
66 67 499 215
67 68 499 214
68 69 499 213
69 70 499 212
70 71 499 211
71 72 499 210
72 73 499 209
80 64 499 143
88 87 499 239
89 88 499 238
90 89 499 237
91 90 499 236
92 91 499 235
93 92 499 234
94 93 499 233
95 94 499 232
96 112 499 121
97 98 499 248
98 99 499 247
99 100 499 246
100 101 499 245
101 102 499 244
102 103 499 243
103 104 499 242
104 105 499 241
105 106 499 240
108 109 499 208
111 127 499 176
112 96 499 140
115 114 499 32
118 117 499 64
121 120 499 96
124 123 499 128
127 126 499 160
128 144 499 124
131 130 499 208
134 133 499 176
137 136 499 144
140 139 499 112
143 142 499 80
144 128 499 137
145 146 499 8
146 147 499 7
147 148 499 6
148 149 499 5
149 150 499 4
150 151 499 3
151 152 499 2
152 153 499 1
153 154 499 0
156 157 499 32
159 143 499 64
160 176 499 127
168 167 499 31
169 168 499 30
170 169 499 29
171 170 499 28
172 171 499 27
173 172 499 26
174 173 499 25
175 174 499 24
176 160 499 134
176 192 499 111
177 178 499 40
178 179 499 39
179 180 499 38
180 181 499 37
181 182 499 36
182 183 499 35
183 184 499 34
184 185 499 33
200 199 499 63
201 200 499 62
202 201 499 61
203 202 499 60
204 203 499 59
205 204 499 58
206 205 499 57
207 206 499 56
208 192 499 131
208 224 499 108
209 210 499 72
210 211 499 71
211 212 499 70
212 213 499 69
213 214 499 68
214 215 499 67
215 216 499 66
216 217 499 65
232 231 499 95
233 232 499 94
234 233 499 93
235 234 499 92
236 235 499 91
237 236 499 90
238 237 499 89
239 238 499 88
240 241 499 105
241 242 499 104
242 243 499 103
243 244 499 102
244 245 499 101
245 246 499 100
246 247 499 99
247 248 499 98
248 249 499 97
0 16 501 129
1 0 501 130
2 1 501 131
3 2 501 132
4 3 501 133
5 4 501 134
6 5 501 135
7 6 501 136
8 7 501 137
9 8 501 138
10 9 501 139
10 11 501 161
11 10 501 140
11 12 501 162
12 11 501 141
12 13 501 163
13 12 501 142
13 14 501 164
14 13 501 143
14 15 501 165
15 31 501 166
16 0 501 155
16 32 501 113
17 33 501 186
18 17 501 187
18 19 501 145
19 18 501 188
19 20 501 146
20 19 501 189
20 21 501 147
21 20 501 190
21 22 501 148
22 21 501 191
22 23 501 149
23 24 501 150
24 25 501 151
25 26 501 152
26 27 501 153
27 28 501 154
28 29 501 155
29 30 501 156
30 31 501 157
31 15 501 158
33 17 501 162
34 33 501 163
35 34 501 164
36 35 501 165
37 36 501 166
38 37 501 167
39 38 501 168
40 39 501 169
41 40 501 170
42 41 501 171
42 43 501 193
43 42 501 172
43 44 501 194
44 43 501 173
44 45 501 195
45 44 501 174
45 46 501 196
46 45 501 175
46 47 501 197
47 63 501 198
48 32 501 158
48 64 501 116
49 65 501 218
50 49 501 219
50 51 501 177
51 50 501 220
51 52 501 178
52 51 501 221
52 53 501 179
53 52 501 222
53 54 501 180
54 53 501 223
54 55 501 181
55 56 501 182
56 57 501 183
57 58 501 184
58 59 501 185
59 60 501 186
60 61 501 187
61 62 501 188
62 63 501 189
63 47 501 190
65 49 501 194
66 65 501 195
67 66 501 196
68 67 501 197
69 68 501 198
70 69 501 199
71 70 501 200
72 71 501 201
73 72 501 202
74 73 501 203
74 75 501 225
75 74 501 204
75 76 501 226
76 75 501 205
76 77 501 227
77 76 501 206
77 78 501 228
78 77 501 207
78 79 501 229
79 95 501 230
80 96 501 119
81 97 501 250
82 81 501 251
82 83 501 209
83 82 501 252
83 84 501 210
84 83 501 253
84 85 501 211
85 84 501 254
85 86 501 212
86 85 501 255
86 87 501 213
87 88 501 214
88 89 501 215
89 90 501 216
90 91 501 217
91 92 501 218
92 93 501 219
93 94 501 220
94 95 501 221
95 79 501 222
96 80 501 141
97 81 501 226
98 97 501 227
99 98 501 228
100 99 501 229
101 100 501 230
102 101 501 231
103 102 501 232
104 103 501 233
105 104 501 234
106 105 501 235
107 106 501 236
107 108 501 224
108 107 501 237
109 108 501 238
110 109 501 239
110 111 501 192
112 128 501 122
113 114 501 240
113 129 501 16
114 115 501 241
115 116 501 242
116 115 501 48
116 117 501 243
117 118 501 244
118 119 501 245
119 118 501 80
119 120 501 246
120 121 501 247
121 122 501 248
122 121 501 112
122 123 501 249
123 124 501 250
124 125 501 251
125 124 501 144
125 126 501 252
126 127 501 253
127 111 501 254
128 112 501 138
129 113 501 224
129 130 501 0
130 131 501 1
131 132 501 2
132 131 501 192
132 133 501 3
133 134 501 4
134 135 501 5
135 134 501 160
135 136 501 6
136 137 501 7
137 138 501 8
138 137 501 128
138 139 501 9
139 140 501 10
140 141 501 11
141 140 501 96
141 142 501 12
142 143 501 13
143 159 501 14
144 160 501 125
145 161 501 18
146 145 501 19
147 146 501 20
148 147 501 21
149 148 501 22
150 149 501 23
151 150 501 24
152 151 501 25
153 152 501 26
154 153 501 27
155 154 501 28
155 156 501 16
156 155 501 29
157 156 501 30
158 157 501 31
158 159 501 48
160 144 501 135
161 145 501 10
162 161 501 11
162 163 501 33
163 162 501 12
163 164 501 34
164 163 501 13
164 165 501 35
165 164 501 14
165 166 501 36
166 165 501 15
166 167 501 37
167 168 501 38
168 169 501 39
169 170 501 40
170 171 501 41
171 172 501 42
172 173 501 43
173 174 501 44
174 175 501 45
175 191 501 46
177 193 501 50
178 177 501 51
179 178 501 52
180 179 501 53
181 180 501 54
182 181 501 55
183 182 501 56
184 183 501 57
185 184 501 58
186 185 501 59
186 187 501 17
187 186 501 60
187 188 501 18
188 187 501 61
188 189 501 19
189 188 501 62
189 190 501 20
190 189 501 63
190 191 501 21
191 175 501 22
192 176 501 132
192 208 501 110
193 177 501 42
194 193 501 43
194 195 501 65
195 194 501 44
195 196 501 66
196 195 501 45
196 197 501 67
197 196 501 46
197 198 501 68
198 197 501 47
198 199 501 69
199 200 501 70
200 201 501 71
201 202 501 72
202 203 501 73
203 204 501 74
204 205 501 75
205 206 501 76
206 207 501 77
207 223 501 78
209 225 501 82
210 209 501 83
211 210 501 84
212 211 501 85
213 212 501 86
214 213 501 87
215 214 501 88
216 215 501 89
217 216 501 90
218 217 501 91
218 219 501 49
219 218 501 92
219 220 501 50
220 219 501 93
220 221 501 51
221 220 501 94
221 222 501 52
222 221 501 95
222 223 501 53
223 207 501 54
224 208 501 129
224 240 501 107
225 209 501 74
226 225 501 75
226 227 501 97
227 226 501 76
227 228 501 98
228 227 501 77
228 229 501 99
229 228 501 78
229 230 501 100
230 229 501 79
230 231 501 101
231 232 501 102
232 233 501 103
233 234 501 104
234 235 501 105
235 236 501 106
236 237 501 107
237 238 501 108
238 239 501 109
239 255 501 110
240 224 501 113
241 240 501 114
242 241 501 115
243 242 501 116
244 243 501 117
245 244 501 118
246 245 501 119
247 246 501 120
248 247 501 121
249 248 501 122
250 249 501 123
250 251 501 81
251 250 501 124
251 252 501 82
252 251 501 125
252 253 501 83
253 252 501 126
253 254 501 84
254 253 501 127
254 255 501 85
255 239 501 86
0 1 503 154
1 2 503 153
2 3 503 152
3 4 503 151
4 5 503 150
5 6 503 149
6 7 503 148
7 8 503 147
8 9 503 146
9 10 503 145
15 14 503 159
17 18 503 161
23 22 503 175
24 23 503 174
25 24 503 173
26 25 503 172
27 26 503 171
28 27 503 170
29 28 503 169
30 29 503 168
31 30 503 167
32 16 503 157
32 48 503 114
33 34 503 185
34 35 503 184
35 36 503 183
36 37 503 182
37 38 503 181
38 39 503 180
39 40 503 179
40 41 503 178
41 42 503 177
47 46 503 191
49 50 503 193
55 54 503 207
56 55 503 206
57 56 503 205
58 57 503 204
59 58 503 203
60 59 503 202
61 60 503 201
62 61 503 200
63 62 503 199
64 80 503 117
65 66 503 217
66 67 503 216
67 68 503 215
68 69 503 214
69 70 503 213
70 71 503 212
71 72 503 211
72 73 503 210
73 74 503 209
79 78 503 223
80 64 503 142
81 82 503 225
87 86 503 239
88 87 503 238
89 88 503 237
90 89 503 236
91 90 503 235
92 91 503 234
93 92 503 233
94 93 503 232
95 94 503 231
96 112 503 120
97 98 503 249
98 99 503 248
99 100 503 247
100 101 503 246
101 102 503 245
102 103 503 244
103 104 503 243
104 105 503 242
105 106 503 241
106 107 503 240
109 110 503 208
111 110 503 255
112 96 503 139
114 113 503 32
117 116 503 64
120 119 503 96
123 122 503 128
126 125 503 160
128 144 503 123
130 129 503 208
133 132 503 176
136 135 503 144
139 138 503 112
142 141 503 80
144 128 503 136
145 146 503 9
146 147 503 8
147 148 503 7
148 149 503 6
149 150 503 5
150 151 503 4
151 152 503 3
152 153 503 2
153 154 503 1
154 155 503 0
157 158 503 32
159 158 503 15
160 176 503 126
161 162 503 17
167 166 503 31
168 167 503 30
169 168 503 29
170 169 503 28
171 170 503 27
172 171 503 26
173 172 503 25
174 173 503 24
175 174 503 23
176 160 503 133
177 178 503 41
178 179 503 40
179 180 503 39
180 181 503 38
181 182 503 37
182 183 503 36
183 184 503 35
184 185 503 34
185 186 503 33
191 190 503 47
193 194 503 49
199 198 503 63
200 199 503 62
201 200 503 61
202 201 503 60
203 202 503 59
204 203 503 58
205 204 503 57
206 205 503 56
207 206 503 55
208 192 503 130
208 224 503 109
209 210 503 73
210 211 503 72
211 212 503 71
212 213 503 70
213 214 503 69
214 215 503 68
215 216 503 67
216 217 503 66
217 218 503 65
223 222 503 79
225 226 503 81
231 230 503 95
232 231 503 94
233 232 503 93
234 233 503 92
235 234 503 91
236 235 503 90
237 236 503 89
238 237 503 88
239 238 503 87
240 241 503 106
241 242 503 105
242 243 503 104
243 244 503 103
244 245 503 102
245 246 503 101
246 247 503 100
247 248 503 99
248 249 503 98
249 250 503 97
255 254 503 111
0 16 505 130
1 0 505 131
2 1 505 132
3 2 505 133
4 3 505 134
5 4 505 135
6 5 505 136
7 6 505 137
8 7 505 138
9 8 505 139
10 9 505 140
11 10 505 141
11 12 505 161
12 11 505 142
12 13 505 162
13 12 505 143
13 14 505 163
14 15 505 164
15 31 505 165
16 0 505 156
17 33 505 187
18 17 505 188
19 18 505 189
19 20 505 145
20 19 505 190
20 21 505 146
21 20 505 191
21 22 505 147
22 23 505 148
23 24 505 149
24 25 505 150
25 26 505 151
26 27 505 152
27 28 505 153
28 29 505 154
29 30 505 155
30 31 505 156
31 15 505 157
33 17 505 163
34 33 505 164
35 34 505 165
36 35 505 166
37 36 505 167
38 37 505 168
39 38 505 169
40 39 505 170
41 40 505 171
42 41 505 172
43 42 505 173
43 44 505 193
44 43 505 174
44 45 505 194
45 44 505 175
45 46 505 195
46 47 505 196
47 63 505 197
48 32 505 159
48 64 505 115
49 65 505 219
50 49 505 220
51 50 505 221
51 52 505 177
52 51 505 222
52 53 505 178
53 52 505 223
53 54 505 179
54 55 505 180
55 56 505 181
56 57 505 182
57 58 505 183
58 59 505 184
59 60 505 185
60 61 505 186
61 62 505 187
62 63 505 188
63 47 505 189
64 48 505 143
65 49 505 195
66 65 505 196
67 66 505 197
68 67 505 198
69 68 505 199
70 69 505 200
71 70 505 201
72 71 505 202
73 72 505 203
74 73 505 204
75 74 505 205
75 76 505 225
76 75 505 206
76 77 505 226
77 76 505 207
77 78 505 227
78 79 505 228
79 95 505 229
80 96 505 118
81 97 505 251
82 81 505 252
83 82 505 253
83 84 505 209
84 83 505 254
84 85 505 210
85 84 505 255
85 86 505 211
86 87 505 212
87 88 505 213
88 89 505 214
89 90 505 215
90 91 505 216
91 92 505 217
92 93 505 218
93 94 505 219
94 95 505 220
95 79 505 221
96 80 505 140
97 81 505 227
98 97 505 228
99 98 505 229
100 99 505 230
101 100 505 231
102 101 505 232
103 102 505 233
104 103 505 234
105 104 505 235
106 105 505 236
107 106 505 237
108 107 505 238
108 109 505 224
109 108 505 239
111 127 505 192
112 128 505 121
114 115 505 240
115 114 505 48
115 116 505 241
116 117 505 242
117 118 505 243
118 117 505 80
118 119 505 244
119 120 505 245
120 121 505 246
121 120 505 112
121 122 505 247
122 123 505 248
123 124 505 249
124 123 505 144
124 125 505 250
125 126 505 251
126 127 505 252
127 111 505 253
127 126 505 176
128 112 505 137
130 131 505 0
131 130 505 192
131 132 505 1
132 133 505 2
133 134 505 3
134 133 505 160
134 135 505 4
135 136 505 5
136 137 505 6
137 136 505 128
137 138 505 7
138 139 505 8
139 140 505 9
140 139 505 96
140 141 505 10
141 142 505 11
142 143 505 12
143 142 505 64
143 159 505 13
144 160 505 124
145 161 505 19
146 145 505 20
147 146 505 21
148 147 505 22
149 148 505 23
150 149 505 24
151 150 505 25
152 151 505 26
153 152 505 27
154 153 505 28
155 154 505 29
156 155 505 30
156 157 505 16
157 156 505 31
159 143 505 48
160 144 505 134
161 145 505 11
162 161 505 12
163 162 505 13
163 164 505 33
164 163 505 14
164 165 505 34
165 164 505 15
165 166 505 35
166 167 505 36
167 168 505 37
168 169 505 38
169 170 505 39
170 171 505 40
171 172 505 41
172 173 505 42
173 174 505 43
174 175 505 44
175 191 505 45
176 192 505 127
177 193 505 51
178 177 505 52
179 178 505 53
180 179 505 54
181 180 505 55
182 181 505 56
183 182 505 57
184 183 505 58
185 184 505 59
186 185 505 60
187 186 505 61
187 188 505 17
188 187 505 62
188 189 505 18
189 188 505 63
189 190 505 19
190 191 505 20
191 175 505 21
192 176 505 131
192 208 505 111
193 177 505 43
194 193 505 44
195 194 505 45
195 196 505 65
196 195 505 46
196 197 505 66
197 196 505 47
197 198 505 67
198 199 505 68
199 200 505 69
200 201 505 70
201 202 505 71
202 203 505 72
203 204 505 73
204 205 505 74
205 206 505 75
206 207 505 76
207 223 505 77
209 225 505 83
210 209 505 84
211 210 505 85
212 211 505 86
213 212 505 87
214 213 505 88
215 214 505 89
216 215 505 90
217 216 505 91
218 217 505 92
219 218 505 93
219 220 505 49
220 219 505 94
220 221 505 50
221 220 505 95
221 222 505 51
222 223 505 52
223 207 505 53
224 240 505 108
225 209 505 75
226 225 505 76
227 226 505 77
227 228 505 97
228 227 505 78
228 229 505 98
229 228 505 79
229 230 505 99
230 231 505 100
231 232 505 101
232 233 505 102
233 234 505 103
234 235 505 104
235 236 505 105
236 237 505 106
237 238 505 107
238 239 505 108
239 255 505 109
240 224 505 114
241 240 505 115
242 241 505 116
243 242 505 117
244 243 505 118
245 244 505 119
246 245 505 120
247 246 505 121
248 247 505 122
249 248 505 123
250 249 505 124
251 250 505 125
251 252 505 81
252 251 505 126
252 253 505 82
253 252 505 127
253 254 505 83
254 255 505 84
255 239 505 85
0 1 507 155
1 2 507 154
2 3 507 153
3 4 507 152
4 5 507 151
5 6 507 150
6 7 507 149
7 8 507 148
8 9 507 147
9 10 507 146
10 11 507 145
14 13 507 159
15 14 507 158
16 32 507 129
17 18 507 162
18 19 507 161
22 21 507 175
23 22 507 174
24 23 507 173
25 24 507 172
26 25 507 171
27 26 507 170
28 27 507 169
29 28 507 168
30 29 507 167
31 30 507 166
32 16 507 158
32 48 507 113
33 34 507 186
34 35 507 185
35 36 507 184
36 37 507 183
37 38 507 182
38 39 507 181
39 40 507 180
40 41 507 179
41 42 507 178
42 43 507 177
46 45 507 191
47 46 507 190
49 50 507 194
50 51 507 193
54 53 507 207
55 54 507 206
56 55 507 205
57 56 507 204
58 57 507 203
59 58 507 202
60 59 507 201
61 60 507 200
62 61 507 199
63 62 507 198
64 80 507 116
65 66 507 218
66 67 507 217
67 68 507 216
68 69 507 215
69 70 507 214
70 71 507 213
71 72 507 212
72 73 507 211
73 74 507 210
74 75 507 209
78 77 507 223
79 78 507 222
80 64 507 141
81 82 507 226
82 83 507 225
86 85 507 239
87 86 507 238
88 87 507 237
89 88 507 236
90 89 507 235
91 90 507 234
92 91 507 233
93 92 507 232
94 93 507 231
95 94 507 230
96 112 507 119
97 98 507 250
98 99 507 249
99 100 507 248
100 101 507 247
101 102 507 246
102 103 507 245
103 104 507 244
104 105 507 243
105 106 507 242
106 107 507 241
107 108 507 240
110 109 507 255
110 111 507 208
111 110 507 254
112 96 507 138
113 114 507 224
113 129 507 32
116 115 507 64
119 118 507 96
122 121 507 128
125 124 507 160
128 144 507 122
129 113 507 208
129 130 507 16
132 131 507 176
135 134 507 144
138 137 507 112
141 140 507 80
144 128 507 135
145 146 507 10
146 147 507 9
147 148 507 8
148 149 507 7
149 150 507 6
150 151 507 5
151 152 507 4
152 153 507 3
153 154 507 2
154 155 507 1
155 156 507 0
158 157 507 15
158 159 507 32
159 158 507 14
160 176 507 125
161 162 507 18
162 163 507 17
166 165 507 31
167 166 507 30
168 167 507 29
169 168 507 28
170 169 507 27
171 170 507 26
172 171 507 25
173 172 507 24
174 173 507 23
175 174 507 22
176 160 507 132
177 178 507 42
178 179 507 41
179 180 507 40
180 181 507 39
181 182 507 38
182 183 507 37
183 184 507 36
184 185 507 35
185 186 507 34
186 187 507 33
190 189 507 47
191 190 507 46
193 194 507 50
194 195 507 49
198 197 507 63
199 198 507 62
200 199 507 61
201 200 507 60
202 201 507 59
203 202 507 58
204 203 507 57
205 204 507 56
206 205 507 55
207 206 507 54
208 192 507 129
208 224 507 110
209 210 507 74
210 211 507 73
211 212 507 72
212 213 507 71
213 214 507 70
214 215 507 69
215 216 507 68
216 217 507 67
217 218 507 66
218 219 507 65
222 221 507 79
223 222 507 78
224 208 507 113
225 226 507 82
226 227 507 81
230 229 507 95
231 230 507 94
232 231 507 93
233 232 507 92
234 233 507 91
235 234 507 90
236 235 507 89
237 236 507 88
238 237 507 87
239 238 507 86
240 241 507 107
241 242 507 106
242 243 507 105
243 244 507 104
244 245 507 103
245 246 507 102
246 247 507 101
247 248 507 100
248 249 507 99
249 250 507 98
250 251 507 97
254 253 507 111
255 254 507 110
0 16 509 131
1 0 509 132
2 1 509 133
3 2 509 134
4 3 509 135
5 4 509 136
6 5 509 137
7 6 509 138
8 7 509 139
9 8 509 140
10 9 509 141
11 10 509 142
12 11 509 143
12 13 509 161
13 14 509 162
14 15 509 163
15 31 509 164
16 0 509 157
17 33 509 188
18 17 509 189
19 18 509 190
20 19 509 191
20 21 509 145
21 22 509 146
22 23 509 147
23 24 509 148
24 25 509 149
25 26 509 150
26 27 509 151
27 28 509 152
28 29 509 153
29 30 509 154
30 31 509 155
31 15 509 156
33 17 509 164
34 33 509 165
35 34 509 166
36 35 509 167
37 36 509 168
38 37 509 169
39 38 509 170
40 39 509 171
41 40 509 172
42 41 509 173
43 42 509 174
44 43 509 175
44 45 509 193
45 46 509 194
46 47 509 195
47 63 509 196
48 64 509 114
49 65 509 220
50 49 509 221
51 50 509 222
52 51 509 223
52 53 509 177
53 54 509 178
54 55 509 179
55 56 509 180
56 57 509 181
57 58 509 182
58 59 509 183
59 60 509 184
60 61 509 185
61 62 509 186
62 63 509 187
63 47 509 188
64 48 509 142
65 49 509 196
66 65 509 197
67 66 509 198
68 67 509 199
69 68 509 200
70 69 509 201
71 70 509 202
72 71 509 203
73 72 509 204
74 73 509 205
75 74 509 206
76 75 509 207
76 77 509 225
77 78 509 226
78 79 509 227
79 95 509 228
80 96 509 117
81 97 509 252
82 81 509 253
83 82 509 254
84 83 509 255
84 85 509 209
85 86 509 210
86 87 509 211
87 88 509 212
88 89 509 213
89 90 509 214
90 91 509 215
91 92 509 216
92 93 509 217
93 94 509 218
94 95 509 219
95 79 509 220
96 80 509 139
97 81 509 228
98 97 509 229
99 98 509 230
100 99 509 231
101 100 509 232
102 101 509 233
103 102 509 234
104 103 509 235
105 104 509 236
106 105 509 237
107 106 509 238
108 107 509 239
109 110 509 224
112 128 509 120
114 113 509 48
115 116 509 240
116 117 509 241
117 116 509 80
117 118 509 242
118 119 509 243
119 120 509 244
120 119 509 112
120 121 509 245
121 122 509 246
122 123 509 247
123 122 509 144
123 124 509 248
124 125 509 249
125 126 509 250
126 125 509 176
126 127 509 251
127 111 509 252
128 112 509 136
130 129 509 192
131 132 509 0
132 133 509 1
133 132 509 160
133 134 509 2
134 135 509 3
135 136 509 4
136 135 509 128
136 137 509 5
137 138 509 6
138 139 509 7
139 138 509 96
139 140 509 8
140 141 509 9
141 142 509 10
142 141 509 64
142 143 509 11
143 159 509 12
144 160 509 123
145 161 509 20
146 145 509 21
147 146 509 22
148 147 509 23
149 148 509 24
150 149 509 25
151 150 509 26
152 151 509 27
153 152 509 28
154 153 509 29
155 154 509 30
156 155 509 31
157 158 509 16
160 144 509 133
161 145 509 12
162 161 509 13
163 162 509 14
164 163 509 15
164 165 509 33
165 166 509 34
166 167 509 35
167 168 509 36
168 169 509 37
169 170 509 38
170 171 509 39
171 172 509 40
172 173 509 41
173 174 509 42
174 175 509 43
175 191 509 44
176 192 509 126
177 193 509 52
178 177 509 53
179 178 509 54
180 179 509 55
181 180 509 56
182 181 509 57
183 182 509 58
184 183 509 59
185 184 509 60
186 185 509 61
187 186 509 62
188 187 509 63
188 189 509 17
189 190 509 18
190 191 509 19
191 175 509 20
192 176 509 130
193 177 509 44
194 193 509 45
195 194 509 46
196 195 509 47
196 197 509 65
197 198 509 66
198 199 509 67
199 200 509 68
200 201 509 69
201 202 509 70
202 203 509 71
203 204 509 72
204 205 509 73
205 206 509 74
206 207 509 75
207 223 509 76
209 225 509 84
210 209 509 85
211 210 509 86
212 211 509 87
213 212 509 88
214 213 509 89
215 214 509 90
216 215 509 91
217 216 509 92
218 217 509 93
219 218 509 94
220 219 509 95
220 221 509 49
221 222 509 50
222 223 509 51
223 207 509 52
224 240 509 109
225 209 509 76
226 225 509 77
227 226 509 78
228 227 509 79
228 229 509 97
229 230 509 98
230 231 509 99
231 232 509 100
232 233 509 101
233 234 509 102
234 235 509 103
235 236 509 104
236 237 509 105
237 238 509 106
238 239 509 107
239 255 509 108
240 224 509 115
241 240 509 116
242 241 509 117
243 242 509 118
244 243 509 119
245 244 509 120
246 245 509 121
247 246 509 122
248 247 509 123
249 248 509 124
250 249 509 125
251 250 509 126
252 251 509 127
252 253 509 81
253 254 509 82
254 255 509 83
255 239 509 84
0 1 511 156
1 2 511 155
2 3 511 154
3 4 511 153
4 5 511 152
5 6 511 151
6 7 511 150
7 8 511 149
8 9 511 148
9 10 511 147
10 11 511 146
11 12 511 145
13 12 511 159
14 13 511 158
15 14 511 157
16 32 511 130
17 18 511 163
18 19 511 162
19 20 511 161
21 20 511 175
22 21 511 174
23 22 511 173
24 23 511 172
25 24 511 171
26 25 511 170
27 26 511 169
28 27 511 168
29 28 511 167
30 29 511 166
31 30 511 165
32 16 511 159
33 34 511 187
34 35 511 186
35 36 511 185
36 37 511 184
37 38 511 183
38 39 511 182
39 40 511 181
40 41 511 180
41 42 511 179
42 43 511 178
43 44 511 177
45 44 511 191
46 45 511 190
47 46 511 189
48 32 511 143
49 50 511 195
50 51 511 194
51 52 511 193
53 52 511 207
54 53 511 206
55 54 511 205
56 55 511 204
57 56 511 203
58 57 511 202
59 58 511 201
60 59 511 200
61 60 511 199
62 61 511 198
63 62 511 197
64 80 511 115
65 66 511 219
66 67 511 218
67 68 511 217
68 69 511 216
69 70 511 215
70 71 511 214
71 72 511 213
72 73 511 212
73 74 511 211
74 75 511 210
75 76 511 209
77 76 511 223
78 77 511 222
79 78 511 221
80 64 511 140
81 82 511 227
82 83 511 226
83 84 511 225
85 84 511 239
86 85 511 238
87 86 511 237
88 87 511 236
89 88 511 235
90 89 511 234
91 90 511 233
92 91 511 232
93 92 511 231
94 93 511 230
95 94 511 229
96 112 511 118
97 98 511 251
98 99 511 250
99 100 511 249
100 101 511 248
101 102 511 247
102 103 511 246
103 104 511 245
104 105 511 244
105 106 511 243
106 107 511 242
107 108 511 241
108 109 511 240
109 108 511 255
110 109 511 254
111 110 511 253
111 127 511 208
112 96 511 137
114 115 511 224
115 114 511 64
118 117 511 96
121 120 511 128
124 123 511 160
127 126 511 192
128 144 511 121
130 131 511 16
131 130 511 176
134 133 511 144
137 136 511 112
140 139 511 80
143 142 511 48
144 128 511 134
145 146 511 11
146 147 511 10
147 148 511 9
148 149 511 8
149 150 511 7
150 151 511 6
151 152 511 5
152 153 511 4
153 154 511 3
154 155 511 2
155 156 511 1
156 157 511 0
157 156 511 15
158 157 511 14
159 143 511 32
159 158 511 13
160 176 511 124
161 162 511 19
162 163 511 18
163 164 511 17
165 164 511 31
166 165 511 30
167 166 511 29
168 167 511 28
169 168 511 27
170 169 511 26
171 170 511 25
172 171 511 24
173 172 511 23
174 173 511 22
175 174 511 21
176 160 511 131
177 178 511 43
178 179 511 42
179 180 511 41
180 181 511 40
181 182 511 39
182 183 511 38
183 184 511 37
184 185 511 36
185 186 511 35
186 187 511 34
187 188 511 33
189 188 511 47
190 189 511 46
191 190 511 45
192 208 511 127
193 194 511 51
194 195 511 50
195 196 511 49
197 196 511 63
198 197 511 62
199 198 511 61
200 199 511 60
201 200 511 59
202 201 511 58
203 202 511 57
204 203 511 56
205 204 511 55
206 205 511 54
207 206 511 53
208 224 511 111
209 210 511 75
210 211 511 74
211 212 511 73
212 213 511 72
213 214 511 71
214 215 511 70
215 216 511 69
216 217 511 68
217 218 511 67
218 219 511 66
219 220 511 65
221 220 511 79
222 221 511 78
223 222 511 77
224 208 511 114
225 226 511 83
226 227 511 82
227 228 511 81
229 228 511 95
230 229 511 94
231 230 511 93
232 231 511 92
233 232 511 91
234 233 511 90
235 234 511 89
236 235 511 88
237 236 511 87
238 237 511 86
239 238 511 85
240 241 511 108
241 242 511 107
242 243 511 106
243 244 511 105
244 245 511 104
245 246 511 103
246 247 511 102
247 248 511 101
248 249 511 100
249 250 511 99
250 251 511 98
251 252 511 97
253 252 511 111
254 253 511 110
255 254 511 109
0 16 513 132
1 0 513 133
2 1 513 134
3 2 513 135
4 3 513 136
5 4 513 137
6 5 513 138
7 6 513 139
8 7 513 140
9 8 513 141
10 9 513 142
11 10 513 143
13 14 513 161
14 15 513 162
15 31 513 163
16 0 513 158
17 33 513 189
18 17 513 190
19 18 513 191
21 22 513 145
22 23 513 146
23 24 513 147
24 25 513 148
25 26 513 149
26 27 513 150
27 28 513 151
28 29 513 152
29 30 513 153
30 31 513 154
31 15 513 155
32 48 513 129
33 17 513 165
34 33 513 166
35 34 513 167
36 35 513 168
37 36 513 169
38 37 513 170
39 38 513 171
40 39 513 172
41 40 513 173
42 41 513 174
43 42 513 175
45 46 513 193
46 47 513 194
47 63 513 195
48 64 513 113
49 65 513 221
50 49 513 222
51 50 513 223
53 54 513 177
54 55 513 178
55 56 513 179
56 57 513 180
57 58 513 181
58 59 513 182
59 60 513 183
60 61 513 184
61 62 513 185
62 63 513 186
63 47 513 187
64 48 513 141
65 49 513 197
66 65 513 198
67 66 513 199
68 67 513 200
69 68 513 201
70 69 513 202
71 70 513 203
72 71 513 204
73 72 513 205
74 73 513 206
75 74 513 207
77 78 513 225
78 79 513 226
79 95 513 227
80 96 513 116
81 97 513 253
82 81 513 254
83 82 513 255
85 86 513 209
86 87 513 210
87 88 513 211
88 89 513 212
89 90 513 213
90 91 513 214
91 92 513 215
92 93 513 216
93 94 513 217
94 95 513 218
95 79 513 219
96 80 513 138
97 81 513 229
98 97 513 230
99 98 513 231
100 99 513 232
101 100 513 233
102 101 513 234
103 102 513 235
104 103 513 236
105 104 513 237
106 105 513 238
107 106 513 239
110 111 513 224
112 128 513 119
113 114 513 208
113 129 513 48
116 115 513 80
116 117 513 240
117 118 513 241
118 119 513 242
119 118 513 112
119 120 513 243
120 121 513 244
121 122 513 245
122 121 513 144
122 123 513 246
123 124 513 247
124 125 513 248
125 124 513 176
125 126 513 249
126 127 513 250
127 111 513 251
128 112 513 135
129 113 513 192
129 130 513 32
132 131 513 160
132 133 513 0
133 134 513 1
134 135 513 2
135 134 513 128
135 136 513 3
136 137 513 4
137 138 513 5
138 137 513 96
138 139 513 6
139 140 513 7
140 141 513 8
141 140 513 64
141 142 513 9
142 143 513 10
143 159 513 11
144 160 513 122
145 161 513 21
146 145 513 22
147 146 513 23
148 147 513 24
149 148 513 25
150 149 513 26
151 150 513 27
152 151 513 28
153 152 513 29
154 153 513 30
155 154 513 31
158 159 513 16
160 144 513 132
161 145 513 13
162 161 513 14
163 162 513 15
165 166 513 33
166 167 513 34
167 168 513 35
168 169 513 36
169 170 513 37
170 171 513 38
171 172 513 39
172 173 513 40
173 174 513 41
174 175 513 42
175 191 513 43
176 192 513 125
177 193 513 53
178 177 513 54
179 178 513 55
180 179 513 56
181 180 513 57
182 181 513 58
183 182 513 59
184 183 513 60
185 184 513 61
186 185 513 62
187 186 513 63
189 190 513 17
190 191 513 18
191 175 513 19
192 176 513 129
193 177 513 45
194 193 513 46
195 194 513 47
197 198 513 65
198 199 513 66
199 200 513 67
200 201 513 68
201 202 513 69
202 203 513 70
203 204 513 71
204 205 513 72
205 206 513 73
206 207 513 74
207 223 513 75
208 192 513 113
209 225 513 85
210 209 513 86
211 210 513 87
212 211 513 88
213 212 513 89
214 213 513 90
215 214 513 91
216 215 513 92
217 216 513 93
218 217 513 94
219 218 513 95
221 222 513 49
222 223 513 50
223 207 513 51
224 240 513 110
225 209 513 77
226 225 513 78
227 226 513 79
229 230 513 97
230 231 513 98
231 232 513 99
232 233 513 100
233 234 513 101
234 235 513 102
235 236 513 103
236 237 513 104
237 238 513 105
238 239 513 106
239 255 513 107
240 224 513 116
241 240 513 117
242 241 513 118
243 242 513 119
244 243 513 120
245 244 513 121
246 245 513 122
247 246 513 123
248 247 513 124
249 248 513 125
250 249 513 126
251 250 513 127
253 254 513 81
254 255 513 82
255 239 513 83
0 1 515 157
1 2 515 156
2 3 515 155
3 4 515 154
4 5 515 153
5 6 515 152
6 7 515 151
7 8 515 150
8 9 515 149
9 10 515 148
10 11 515 147
11 12 515 146
12 11 515 159
12 13 515 145
13 12 515 158
14 13 515 157
15 14 515 156
16 32 515 131
17 18 515 164
18 19 515 163
19 20 515 162
20 19 515 175
20 21 515 161
21 20 515 174
22 21 515 173
23 22 515 172
24 23 515 171
25 24 515 170
26 25 515 169
27 26 515 168
28 27 515 167
29 28 515 166
30 29 515 165
31 30 515 164
33 34 515 188
34 35 515 187
35 36 515 186
36 37 515 185
37 38 515 184
38 39 515 183
39 40 515 182
40 41 515 181
41 42 515 180
42 43 515 179
43 44 515 178
44 43 515 191
44 45 515 177
45 44 515 190
46 45 515 189
47 46 515 188
48 32 515 142
49 50 515 196
50 51 515 195
51 52 515 194
52 51 515 207
52 53 515 193
53 52 515 206
54 53 515 205
55 54 515 204
56 55 515 203
57 56 515 202
58 57 515 201
59 58 515 200
60 59 515 199
61 60 515 198
62 61 515 197
63 62 515 196
64 80 515 114
65 66 515 220
66 67 515 219
67 68 515 218
68 69 515 217
69 70 515 216
70 71 515 215
71 72 515 214
72 73 515 213
73 74 515 212
74 75 515 211
75 76 515 210
76 75 515 223
76 77 515 209
77 76 515 222
78 77 515 221
79 78 515 220
80 64 515 139
81 82 515 228
82 83 515 227
83 84 515 226
84 83 515 239
84 85 515 225
85 84 515 238
86 85 515 237
87 86 515 236
88 87 515 235
89 88 515 234
90 89 515 233
91 90 515 232
92 91 515 231
93 92 515 230
94 93 515 229
95 94 515 228
96 112 515 117
97 98 515 252
98 99 515 251
99 100 515 250
100 101 515 249
101 102 515 248
102 103 515 247
103 104 515 246
104 105 515 245
105 106 515 244
106 107 515 243
107 108 515 242
108 107 515 255
108 109 515 241
109 108 515 254
109 110 515 240
110 109 515 253
111 110 515 252
112 96 515 136
114 113 515 64
115 116 515 224
117 116 515 96
120 119 515 128
123 122 515 160
126 125 515 192
128 144 515 120
130 129 515 176
131 132 515 16
133 132 515 144
136 135 515 112
139 138 515 80
142 141 515 48
144 128 515 133
145 146 515 12
146 147 515 11
147 148 515 10
148 149 515 9
149 150 515 8
150 151 515 7
151 152 515 6
152 153 515 5
153 154 515 4
154 155 515 3
155 156 515 2
156 155 515 15
156 157 515 1
157 156 515 14
157 158 515 0
158 157 515 13
159 158 515 12
160 176 515 123
161 162 515 20
162 163 515 19
163 164 515 18
164 163 515 31
164 165 515 17
165 164 515 30
166 165 515 29
167 166 515 28
168 167 515 27
169 168 515 26
170 169 515 25
171 170 515 24
172 171 515 23
173 172 515 22
174 173 515 21
175 174 515 20
176 160 515 130
177 178 515 44
178 179 515 43
179 180 515 42
180 181 515 41
181 182 515 40
182 183 515 39
183 184 515 38
184 185 515 37
185 186 515 36
186 187 515 35
187 188 515 34
188 187 515 47
188 189 515 33
189 188 515 46
190 189 515 45
191 190 515 44
192 208 515 126
193 194 515 52
194 195 515 51
195 196 515 50
196 195 515 63
196 197 515 49
197 196 515 62
198 197 515 61
199 198 515 60
200 199 515 59
201 200 515 58
202 201 515 57
203 202 515 56
204 203 515 55
205 204 515 54
206 205 515 53
207 206 515 52
209 210 515 76
210 211 515 75
211 212 515 74
212 213 515 73
213 214 515 72
214 215 515 71
215 216 515 70
216 217 515 69
217 218 515 68
218 219 515 67
219 220 515 66
220 219 515 79
220 221 515 65
221 220 515 78
222 221 515 77
223 222 515 76
224 208 515 115
225 226 515 84
226 227 515 83
227 228 515 82
228 227 515 95
228 229 515 81
229 228 515 94
230 229 515 93
231 230 515 92
232 231 515 91
233 232 515 90
234 233 515 89
235 234 515 88
236 235 515 87
237 236 515 86
238 237 515 85
239 238 515 84
240 241 515 109
241 242 515 108
242 243 515 107
243 244 515 106
244 245 515 105
245 246 515 104
246 247 515 103
247 248 515 102
248 249 515 101
249 250 515 100
250 251 515 99
251 252 515 98
252 251 515 111
252 253 515 97
253 252 515 110
254 253 515 109
255 254 515 108
0 16 517 133
1 0 517 134
2 1 517 135
3 2 517 136
4 3 517 137
5 4 517 138
6 5 517 139
7 6 517 140
8 7 517 141
9 8 517 142
10 9 517 143
14 15 517 161
15 31 517 162
16 0 517 159
17 33 517 190
18 17 517 191
22 23 517 145
23 24 517 146
24 25 517 147
25 26 517 148
26 27 517 149
27 28 517 150
28 29 517 151
29 30 517 152
30 31 517 153
31 15 517 154
32 16 517 143
32 48 517 130
33 17 517 166
34 33 517 167
35 34 517 168
36 35 517 169
37 36 517 170
38 37 517 171
39 38 517 172
40 39 517 173
41 40 517 174
42 41 517 175
46 47 517 193
47 63 517 194
49 65 517 222
50 49 517 223
54 55 517 177
55 56 517 178
56 57 517 179
57 58 517 180
58 59 517 181
59 60 517 182
60 61 517 183
61 62 517 184
62 63 517 185
63 47 517 186
64 48 517 140
65 49 517 198
66 65 517 199
67 66 517 200
68 67 517 201
69 68 517 202
70 69 517 203
71 70 517 204
72 71 517 205
73 72 517 206
74 73 517 207
78 79 517 225
79 95 517 226
80 96 517 115
81 97 517 254
82 81 517 255
86 87 517 209
87 88 517 210
88 89 517 211
89 90 517 212
90 91 517 213
91 92 517 214
92 93 517 215
93 94 517 216
94 95 517 217
95 79 517 218
96 80 517 137
97 81 517 230
98 97 517 231
99 98 517 232
100 99 517 233
101 100 517 234
102 101 517 235
103 102 517 236
104 103 517 237
105 104 517 238
106 105 517 239
111 127 517 224
112 128 517 118
114 115 517 208
115 114 517 80
117 118 517 240
118 117 517 112
118 119 517 241
119 120 517 242
120 121 517 243
121 120 517 144
121 122 517 244
122 123 517 245
123 124 517 246
124 123 517 176
124 125 517 247
125 126 517 248
126 127 517 249
127 111 517 250
127 126 517 208
128 112 517 134
130 131 517 32
131 130 517 160
133 134 517 0
134 133 517 128
134 135 517 1
135 136 517 2
136 137 517 3
137 136 517 96
137 138 517 4
138 139 517 5
139 140 517 6
140 139 517 64
140 141 517 7
141 142 517 8
142 143 517 9
143 142 517 32
143 159 517 10
144 160 517 121
145 161 517 22
146 145 517 23
147 146 517 24
148 147 517 25
149 148 517 26
150 149 517 27
151 150 517 28
152 151 517 29
153 152 517 30
154 153 517 31
159 143 517 16
160 144 517 131
161 145 517 14
162 161 517 15
166 167 517 33
167 168 517 34
168 169 517 35
169 170 517 36
170 171 517 37
171 172 517 38
172 173 517 39
173 174 517 40
174 175 517 41
175 191 517 42
176 192 517 124
177 193 517 54
178 177 517 55
179 178 517 56
180 179 517 57
181 180 517 58
182 181 517 59
183 182 517 60
184 183 517 61
185 184 517 62
186 185 517 63
190 191 517 17
191 175 517 18
193 177 517 46
194 193 517 47
198 199 517 65
199 200 517 66
200 201 517 67
201 202 517 68
202 203 517 69
203 204 517 70
204 205 517 71
205 206 517 72
206 207 517 73
207 223 517 74
208 192 517 114
208 224 517 127
209 225 517 86
210 209 517 87
211 210 517 88
212 211 517 89
213 212 517 90
214 213 517 91
215 214 517 92
216 215 517 93
217 216 517 94
218 217 517 95
222 223 517 49
223 207 517 50
224 240 517 111
225 209 517 78
226 225 517 79
230 231 517 97
231 232 517 98
232 233 517 99
233 234 517 100
234 235 517 101
235 236 517 102
236 237 517 103
237 238 517 104
238 239 517 105
239 255 517 106
240 224 517 117
241 240 517 118
242 241 517 119
243 242 517 120
244 243 517 121
245 244 517 122
246 245 517 123
247 246 517 124
248 247 517 125
249 248 517 126
250 249 517 127
254 255 517 81
255 239 517 82
0 1 519 158
1 2 519 157
2 3 519 156
3 4 519 155
4 5 519 154
5 6 519 153
6 7 519 152
7 8 519 151
8 9 519 150
9 10 519 149
10 11 519 148
11 10 519 159
11 12 519 147
12 11 519 158
12 13 519 146
13 12 519 157
13 14 519 145
14 13 519 156
15 14 519 155
16 32 519 132
17 18 519 165
18 19 519 164
19 18 519 175
19 20 519 163
20 19 519 174
20 21 519 162
21 20 519 173
21 22 519 161
22 21 519 172
23 22 519 171
24 23 519 170
25 24 519 169
26 25 519 168
27 26 519 167
28 27 519 166
29 28 519 165
30 29 519 164
31 30 519 163
33 34 519 189
34 35 519 188
35 36 519 187
36 37 519 186
37 38 519 185
38 39 519 184
39 40 519 183
40 41 519 182
41 42 519 181
42 43 519 180
43 42 519 191
43 44 519 179
44 43 519 190
44 45 519 178
45 44 519 189
45 46 519 177
46 45 519 188
47 46 519 187
48 32 519 141
48 64 519 129
49 50 519 197
50 51 519 196
51 50 519 207
51 52 519 195
52 51 519 206
52 53 519 194
53 52 519 205
53 54 519 193
54 53 519 204
55 54 519 203
56 55 519 202
57 56 519 201
58 57 519 200
59 58 519 199
60 59 519 198
61 60 519 197
62 61 519 196
63 62 519 195
64 80 519 113
65 66 519 221
66 67 519 220
67 68 519 219
68 69 519 218
69 70 519 217
70 71 519 216
71 72 519 215
72 73 519 214
73 74 519 213
74 75 519 212
75 74 519 223
75 76 519 211
76 75 519 222
76 77 519 210
77 76 519 221
77 78 519 209
78 77 519 220
79 78 519 219
80 64 519 138
81 82 519 229
82 83 519 228
83 82 519 239
83 84 519 227
84 83 519 238
84 85 519 226
85 84 519 237
85 86 519 225
86 85 519 236
87 86 519 235
88 87 519 234
89 88 519 233
90 89 519 232
91 90 519 231
92 91 519 230
93 92 519 229
94 93 519 228
95 94 519 227
96 112 519 116
97 98 519 253
98 99 519 252
99 100 519 251
100 101 519 250
101 102 519 249
102 103 519 248
103 104 519 247
104 105 519 246
105 106 519 245
106 107 519 244
107 106 519 255
107 108 519 243
108 107 519 254
108 109 519 242
109 108 519 253
109 110 519 241
110 109 519 252
110 111 519 240
111 110 519 251
112 96 519 135
113 114 519 192
113 129 519 64
116 115 519 96
116 117 519 224
119 118 519 128
122 121 519 160
125 124 519 192
128 144 519 119
129 113 519 176
129 130 519 48
132 131 519 144
132 133 519 16
135 134 519 112
138 137 519 80
141 140 519 48
144 128 519 132
145 146 519 13
146 147 519 12
147 148 519 11
148 149 519 10
149 150 519 9
150 151 519 8
151 152 519 7
152 153 519 6
153 154 519 5
154 155 519 4
155 154 519 15
155 156 519 3
156 155 519 14
156 157 519 2
157 156 519 13
157 158 519 1
158 157 519 12
158 159 519 0
159 158 519 11
160 176 519 122
161 162 519 21
162 163 519 20
163 162 519 31
163 164 519 19
164 163 519 30
164 165 519 18
165 164 519 29
165 166 519 17
166 165 519 28
167 166 519 27
168 167 519 26
169 168 519 25
170 169 519 24
171 170 519 23
172 171 519 22
173 172 519 21
174 173 519 20
175 174 519 19
176 160 519 129
177 178 519 45
178 179 519 44
179 180 519 43
180 181 519 42
181 182 519 41
182 183 519 40
183 184 519 39
184 185 519 38
185 186 519 37
186 187 519 36
187 186 519 47
187 188 519 35
188 187 519 46
188 189 519 34
189 188 519 45
189 190 519 33
190 189 519 44
191 190 519 43
192 176 519 113
192 208 519 125
193 194 519 53
194 195 519 52
195 194 519 63
195 196 519 51
196 195 519 62
196 197 519 50
197 196 519 61
197 198 519 49
198 197 519 60
199 198 519 59
200 199 519 58
201 200 519 57
202 201 519 56
203 202 519 55
204 203 519 54
205 204 519 53
206 205 519 52
207 206 519 51
209 210 519 77
210 211 519 76
211 212 519 75
212 213 519 74
213 214 519 73
214 215 519 72
215 216 519 71
216 217 519 70
217 218 519 69
218 219 519 68
219 218 519 79
219 220 519 67
220 219 519 78
220 221 519 66
221 220 519 77
221 222 519 65
222 221 519 76
223 222 519 75
224 208 519 116
225 226 519 85
226 227 519 84
227 226 519 95
227 228 519 83
228 227 519 94
228 229 519 82
229 228 519 93
229 230 519 81
230 229 519 92
231 230 519 91
232 231 519 90
233 232 519 89
234 233 519 88
235 234 519 87
236 235 519 86
237 236 519 85
238 237 519 84
239 238 519 83
240 241 519 110
241 242 519 109
242 243 519 108
243 244 519 107
244 245 519 106
245 246 519 105
246 247 519 104
247 248 519 103
248 249 519 102
249 250 519 101
250 251 519 100
251 250 519 111
251 252 519 99
252 251 519 110
252 253 519 98
253 252 519 109
253 254 519 97
254 253 519 108
255 254 519 107
0 16 521 134
1 0 521 135
2 1 521 136
3 2 521 137
4 3 521 138
5 4 521 139
6 5 521 140
7 6 521 141
8 7 521 142
9 8 521 143
15 31 521 161
17 33 521 191
23 24 521 145
24 25 521 146
25 26 521 147
26 27 521 148
27 28 521 149
28 29 521 150
29 30 521 151
30 31 521 152
31 15 521 153
32 16 521 142
32 48 521 131
33 17 521 167
34 33 521 168
35 34 521 169
36 35 521 170
37 36 521 171
38 37 521 172
39 38 521 173
40 39 521 174
41 40 521 175
47 63 521 193
49 65 521 223
55 56 521 177
56 57 521 178
57 58 521 179
58 59 521 180
59 60 521 181
60 61 521 182
61 62 521 183
62 63 521 184
63 47 521 185
64 48 521 139
65 49 521 199
66 65 521 200
67 66 521 201
68 67 521 202
69 68 521 203
70 69 521 204
71 70 521 205
72 71 521 206
73 72 521 207
79 95 521 225
80 96 521 114
81 97 521 255
87 88 521 209
88 89 521 210
89 90 521 211
90 91 521 212
91 92 521 213
92 93 521 214
93 94 521 215
94 95 521 216
95 79 521 217
96 80 521 136
97 81 521 231
98 97 521 232
99 98 521 233
100 99 521 234
101 100 521 235
102 101 521 236
103 102 521 237
104 103 521 238
105 104 521 239
112 128 521 117
114 113 521 80
115 116 521 208
117 116 521 112
118 119 521 240
119 120 521 241
120 119 521 144
120 121 521 242
121 122 521 243
122 123 521 244
123 122 521 176
123 124 521 245
124 125 521 246
125 126 521 247
126 125 521 208
126 127 521 248
127 111 521 249
128 112 521 133
130 129 521 160
131 132 521 32
133 132 521 128
134 135 521 0
135 136 521 1
136 135 521 96
136 137 521 2
137 138 521 3
138 139 521 4
139 138 521 64
139 140 521 5
140 141 521 6
141 142 521 7
142 141 521 32
142 143 521 8
143 159 521 9
144 160 521 120
145 161 521 23
146 145 521 24
147 146 521 25
148 147 521 26
149 148 521 27
150 149 521 28
151 150 521 29
152 151 521 30
153 152 521 31
160 144 521 130
161 145 521 15
167 168 521 33
168 169 521 34
169 170 521 35
170 171 521 36
171 172 521 37
172 173 521 38
173 174 521 39
174 175 521 40
175 191 521 41
176 192 521 123
177 193 521 55
178 177 521 56
179 178 521 57
180 179 521 58
181 180 521 59
182 181 521 60
183 182 521 61
184 183 521 62
185 184 521 63
191 175 521 17
193 177 521 47
199 200 521 65
200 201 521 66
201 202 521 67
202 203 521 68
203 204 521 69
204 205 521 70
205 206 521 71
206 207 521 72
207 223 521 73
208 192 521 115
208 224 521 126
209 225 521 87
210 209 521 88
211 210 521 89
212 211 521 90
213 212 521 91
214 213 521 92
215 214 521 93
216 215 521 94
217 216 521 95
223 207 521 49
225 209 521 79
231 232 521 97
232 233 521 98
233 234 521 99
234 235 521 100
235 236 521 101
236 237 521 102
237 238 521 103
238 239 521 104
239 255 521 105
240 224 521 118
241 240 521 119
242 241 521 120
243 242 521 121
244 243 521 122
245 244 521 123
246 245 521 124
247 246 521 125
248 247 521 126
249 248 521 127
255 239 521 81
0 1 523 159
1 2 523 158
2 3 523 157
3 4 523 156
4 5 523 155
5 6 523 154
6 7 523 153
7 8 523 152
8 9 523 151
9 10 523 150
10 9 523 159
10 11 523 149
11 10 523 158
11 12 523 148
12 11 523 157
12 13 523 147
13 12 523 156
13 14 523 146
14 13 523 155
14 15 523 145
15 14 523 154
16 0 523 143
16 32 523 133
17 18 523 166
18 17 523 175
18 19 523 165
19 18 523 174
19 20 523 164
20 19 523 173
20 21 523 163
21 20 523 172
21 22 523 162
22 21 523 171
22 23 523 161
23 22 523 170
24 23 523 169
25 24 523 168
26 25 523 167
27 26 523 166
28 27 523 165
29 28 523 164
30 29 523 163
31 30 523 162
33 34 523 190
34 35 523 189
35 36 523 188
36 37 523 187
37 38 523 186
38 39 523 185
39 40 523 184
40 41 523 183
41 42 523 182
42 41 523 191
42 43 523 181
43 42 523 190
43 44 523 180
44 43 523 189
44 45 523 179
45 44 523 188
45 46 523 178
46 45 523 187
46 47 523 177
47 46 523 186
48 32 523 140
48 64 523 130
49 50 523 198
50 49 523 207
50 51 523 197
51 50 523 206
51 52 523 196
52 51 523 205
52 53 523 195
53 52 523 204
53 54 523 194
54 53 523 203
54 55 523 193
55 54 523 202
56 55 523 201
57 56 523 200
58 57 523 199
59 58 523 198
60 59 523 197
61 60 523 196
62 61 523 195
63 62 523 194
65 66 523 222
66 67 523 221
67 68 523 220
68 69 523 219
69 70 523 218
70 71 523 217
71 72 523 216
72 73 523 215
73 74 523 214
74 73 523 223
74 75 523 213
75 74 523 222
75 76 523 212
76 75 523 221
76 77 523 211
77 76 523 220
77 78 523 210
78 77 523 219
78 79 523 209
79 78 523 218
80 64 523 137
81 82 523 230
82 81 523 239
82 83 523 229
83 82 523 238
83 84 523 228
84 83 523 237
84 85 523 227
85 84 523 236
85 86 523 226
86 85 523 235
86 87 523 225
87 86 523 234
88 87 523 233
89 88 523 232
90 89 523 231
91 90 523 230
92 91 523 229
93 92 523 228
94 93 523 227
95 94 523 226
96 112 523 115
97 98 523 254
98 99 523 253
99 100 523 252
100 101 523 251
101 102 523 250
102 103 523 249
103 104 523 248
104 105 523 247
105 106 523 246
106 105 523 255
106 107 523 245
107 106 523 254
107 108 523 244
108 107 523 253
108 109 523 243
109 108 523 252
109 110 523 242
110 109 523 251
110 111 523 241
111 110 523 250
111 127 523 240
112 96 523 134
114 115 523 192
115 114 523 96
117 118 523 224
118 117 523 128
121 120 523 160
124 123 523 192
127 126 523 224
128 144 523 118
130 131 523 48
131 130 523 144
133 134 523 16
134 133 523 112
137 136 523 80
140 139 523 48
143 142 523 16
144 128 523 131
145 146 523 14
146 147 523 13
147 148 523 12
148 149 523 11
149 150 523 10
150 151 523 9
151 152 523 8
152 153 523 7
153 154 523 6
154 153 523 15
154 155 523 5
155 154 523 14
155 156 523 4
156 155 523 13
156 157 523 3
157 156 523 12
157 158 523 2
158 157 523 11
158 159 523 1
159 143 523 0
159 158 523 10
160 176 523 121
161 162 523 22
162 161 523 31
162 163 523 21
163 162 523 30
163 164 523 20
164 163 523 29
164 165 523 19
165 164 523 28
165 166 523 18
166 165 523 27
166 167 523 17
167 166 523 26
168 167 523 25
169 168 523 24
170 169 523 23
171 170 523 22
172 171 523 21
173 172 523 20
174 173 523 19
175 174 523 18
177 178 523 46
178 179 523 45
179 180 523 44
180 181 523 43
181 182 523 42
182 183 523 41
183 184 523 40
184 185 523 39
185 186 523 38
186 185 523 47
186 187 523 37
187 186 523 46
187 188 523 36
188 187 523 45
188 189 523 35
189 188 523 44
189 190 523 34
190 189 523 43
190 191 523 33
191 190 523 42
192 176 523 114
192 208 523 124
193 194 523 54
194 193 523 63
194 195 523 53
195 194 523 62
195 196 523 52
196 195 523 61
196 197 523 51
197 196 523 60
197 198 523 50
198 197 523 59
198 199 523 49
199 198 523 58
200 199 523 57
201 200 523 56
202 201 523 55
203 202 523 54
204 203 523 53
205 204 523 52
206 205 523 51
207 206 523 50
209 210 523 78
210 211 523 77
211 212 523 76
212 213 523 75
213 214 523 74
214 215 523 73
215 216 523 72
216 217 523 71
217 218 523 70
218 217 523 79
218 219 523 69
219 218 523 78
219 220 523 68
220 219 523 77
220 221 523 67
221 220 523 76
221 222 523 66
222 221 523 75
222 223 523 65
223 222 523 74
224 208 523 117
224 240 523 127
225 226 523 86
226 225 523 95
226 227 523 85
227 226 523 94
227 228 523 84
228 227 523 93
228 229 523 83
229 228 523 92
229 230 523 82
230 229 523 91
230 231 523 81
231 230 523 90
232 231 523 89
233 232 523 88
234 233 523 87
235 234 523 86
236 235 523 85
237 236 523 84
238 237 523 83
239 238 523 82
240 241 523 111
241 242 523 110
242 243 523 109
243 244 523 108
244 245 523 107
245 246 523 106
246 247 523 105
247 248 523 104
248 249 523 103
249 250 523 102
250 249 523 111
250 251 523 101
251 250 523 110
251 252 523 100
252 251 523 109
252 253 523 99
253 252 523 108
253 254 523 98
254 253 523 107
254 255 523 97
255 254 523 106
32 16 525 141
32 48 525 132
64 48 525 138
64 80 525 129
80 96 525 113
96 80 525 135
112 128 525 116
113 114 525 176
113 129 525 80
116 115 525 112
116 117 525 208
119 118 525 144
122 121 525 176
125 124 525 208
128 112 525 132
129 113 525 160
129 130 525 64
132 131 525 128
132 133 525 32
135 134 525 96
135 136 525 0
136 137 525 1
137 138 525 2
138 137 525 64
138 139 525 3
139 140 525 4
140 141 525 5
141 140 525 32
141 142 525 6
142 143 525 7
143 159 525 8
144 160 525 119
145 161 525 24
146 145 525 25
147 146 525 26
148 147 525 27
149 148 525 28
150 149 525 29
151 150 525 30
152 151 525 31
160 144 525 129
168 169 525 33
169 170 525 34
170 171 525 35
171 172 525 36
172 173 525 37
173 174 525 38
174 175 525 39
175 191 525 40
176 160 525 113
176 192 525 122
177 193 525 56
178 177 525 57
179 178 525 58
180 179 525 59
181 180 525 60
182 181 525 61
183 182 525 62
184 183 525 63
200 201 525 65
201 202 525 66
202 203 525 67
203 204 525 68
204 205 525 69
205 206 525 70
206 207 525 71
207 223 525 72
208 192 525 116
208 224 525 125
209 225 525 88
210 209 525 89
211 210 525 90
212 211 525 91
213 212 525 92
214 213 525 93
215 214 525 94
216 215 525 95
232 233 525 97
233 234 525 98
234 235 525 99
235 236 525 100
236 237 525 101
237 238 525 102
238 239 525 103
239 255 525 104
240 224 525 119
241 240 525 120
242 241 525 121
243 242 525 122
244 243 525 123
245 244 525 124
246 245 525 125
247 246 525 126
248 247 525 127
1 2 527 159
2 3 527 158
3 4 527 157
4 5 527 156
5 6 527 155
6 7 527 154
7 8 527 153
8 9 527 152
9 10 527 151
10 11 527 150
11 12 527 149
12 13 527 148
13 14 527 147
14 15 527 146
15 31 527 145
16 0 527 142
17 33 527 175
18 17 527 174
19 18 527 173
20 19 527 172
21 20 527 171
22 21 527 170
23 22 527 169
24 23 527 168
25 24 527 167
26 25 527 166
27 26 527 165
28 27 527 164
29 28 527 163
30 29 527 162
31 30 527 161
33 34 527 191
34 35 527 190
35 36 527 189
36 37 527 188
37 38 527 187
38 39 527 186
39 40 527 185
40 41 527 184
41 42 527 183
42 43 527 182
43 44 527 181
44 45 527 180
45 46 527 179
46 47 527 178
47 63 527 177
48 32 527 139
48 64 527 131
49 65 527 207
50 49 527 206
51 50 527 205
52 51 527 204
53 52 527 203
54 53 527 202
55 54 527 201
56 55 527 200
57 56 527 199
58 57 527 198
59 58 527 197
60 59 527 196
61 60 527 195
62 61 527 194
63 62 527 193
65 66 527 223
66 67 527 222
67 68 527 221
68 69 527 220
69 70 527 219
70 71 527 218
71 72 527 217
72 73 527 216
73 74 527 215
74 75 527 214
75 76 527 213
76 77 527 212
77 78 527 211
78 79 527 210
79 95 527 209
80 64 527 136
81 97 527 239
82 81 527 238
83 82 527 237
84 83 527 236
85 84 527 235
86 85 527 234
87 86 527 233
88 87 527 232
89 88 527 231
90 89 527 230
91 90 527 229
92 91 527 228
93 92 527 227
94 93 527 226
95 94 527 225
96 112 527 114
97 98 527 255
98 99 527 254
99 100 527 253
100 101 527 252
101 102 527 251
102 103 527 250
103 104 527 249
104 105 527 248
105 106 527 247
106 107 527 246
107 108 527 245
108 109 527 244
109 110 527 243
110 111 527 242
111 127 527 241
112 96 527 133
114 113 527 96
115 116 527 192
117 116 527 128
120 119 527 160
123 122 527 192
126 125 527 224
128 144 527 117
130 129 527 144
131 132 527 48
133 132 527 112
134 135 527 16
136 135 527 80
139 138 527 48
142 141 527 16
144 128 527 130
145 146 527 15
146 147 527 14
147 148 527 13
148 149 527 12
149 150 527 11
150 151 527 10
151 152 527 9
152 153 527 8
153 152 527 15
153 154 527 7
154 153 527 14
154 155 527 6
155 154 527 13
155 156 527 5
156 155 527 12
156 157 527 4
157 156 527 11
157 158 527 3
158 157 527 10
158 159 527 2
159 143 527 1
159 158 527 9
160 176 527 120
161 145 527 31
161 162 527 23
162 161 527 30
162 163 527 22
163 162 527 29
163 164 527 21
164 163 527 28
164 165 527 20
165 164 527 27
165 166 527 19
166 165 527 26
166 167 527 18
167 166 527 25
167 168 527 17
168 167 527 24
169 168 527 23
170 169 527 22
171 170 527 21
172 171 527 20
173 172 527 19
174 173 527 18
175 174 527 17
177 178 527 47
178 179 527 46
179 180 527 45
180 181 527 44
181 182 527 43
182 183 527 42
183 184 527 41
184 185 527 40
185 184 527 47
185 186 527 39
186 185 527 46
186 187 527 38
187 186 527 45
187 188 527 37
188 187 527 44
188 189 527 36
189 188 527 43
189 190 527 35
190 189 527 42
190 191 527 34
191 175 527 33
191 190 527 41
192 176 527 115
192 208 527 123
193 177 527 63
193 194 527 55
194 193 527 62
194 195 527 54
195 194 527 61
195 196 527 53
196 195 527 60
196 197 527 52
197 196 527 59
197 198 527 51
198 197 527 58
198 199 527 50
199 198 527 57
199 200 527 49
200 199 527 56
201 200 527 55
202 201 527 54
203 202 527 53
204 203 527 52
205 204 527 51
206 205 527 50
207 206 527 49
209 210 527 79
210 211 527 78
211 212 527 77
212 213 527 76
213 214 527 75
214 215 527 74
215 216 527 73
216 217 527 72
217 216 527 79
217 218 527 71
218 217 527 78
218 219 527 70
219 218 527 77
219 220 527 69
220 219 527 76
220 221 527 68
221 220 527 75
221 222 527 67
222 221 527 74
222 223 527 66
223 207 527 65
223 222 527 73
224 208 527 118
224 240 527 126
225 209 527 95
225 226 527 87
226 225 527 94
226 227 527 86
227 226 527 93
227 228 527 85
228 227 527 92
228 229 527 84
229 228 527 91
229 230 527 83
230 229 527 90
230 231 527 82
231 230 527 89
231 232 527 81
232 231 527 88
233 232 527 87
234 233 527 86
235 234 527 85
236 235 527 84
237 236 527 83
238 237 527 82
239 238 527 81
241 242 527 111
242 243 527 110
243 244 527 109
244 245 527 108
245 246 527 107
246 247 527 106
247 248 527 105
248 249 527 104
249 248 527 111
249 250 527 103
250 249 527 110
250 251 527 102
251 250 527 109
251 252 527 101
252 251 527 108
252 253 527 100
253 252 527 107
253 254 527 99
254 253 527 106
254 255 527 98
255 239 527 97
255 254 527 105
0 1 529 143
32 16 529 140
64 48 529 137
64 80 529 130
96 80 529 134
112 128 529 115
114 115 529 176
115 114 529 112
118 117 529 144
121 120 529 176
124 123 529 208
127 126 529 240
128 112 529 131
130 131 529 64
131 130 529 128
133 134 529 32
134 133 529 96
137 136 529 64
140 139 529 32
143 142 529 0
144 160 529 118
176 160 529 114
176 192 529 121
208 192 529 117
208 224 529 124
240 241 529 127
2 3 531 159
3 4 531 158
4 5 531 157
5 6 531 156
6 7 531 155
7 8 531 154
8 9 531 153
9 10 531 152
10 11 531 151
11 12 531 150
12 13 531 149
13 14 531 148
14 15 531 147
15 31 531 146
16 0 531 141
17 33 531 174
18 17 531 173
19 18 531 172
20 19 531 171
21 20 531 170
22 21 531 169
23 22 531 168
24 23 531 167
25 24 531 166
26 25 531 165
27 26 531 164
28 27 531 163
29 28 531 162
30 29 531 161
34 35 531 191
35 36 531 190
36 37 531 189
37 38 531 188
38 39 531 187
39 40 531 186
40 41 531 185
41 42 531 184
42 43 531 183
43 44 531 182
44 45 531 181
45 46 531 180
46 47 531 179
47 63 531 178
48 32 531 138
49 65 531 206
50 49 531 205
51 50 531 204
52 51 531 203
53 52 531 202
54 53 531 201
55 54 531 200
56 55 531 199
57 56 531 198
58 57 531 197
59 58 531 196
60 59 531 195
61 60 531 194
62 61 531 193
66 67 531 223
67 68 531 222
68 69 531 221
69 70 531 220
70 71 531 219
71 72 531 218
72 73 531 217
73 74 531 216
74 75 531 215
75 76 531 214
76 77 531 213
77 78 531 212
78 79 531 211
79 95 531 210
80 64 531 135
80 96 531 129
81 97 531 238
82 81 531 237
83 82 531 236
84 83 531 235
85 84 531 234
86 85 531 233
87 86 531 232
88 87 531 231
89 88 531 230
90 89 531 229
91 90 531 228
92 91 531 227
93 92 531 226
94 93 531 225
96 112 531 113
98 99 531 255
99 100 531 254
100 101 531 253
101 102 531 252
102 103 531 251
103 104 531 250
104 105 531 249
105 106 531 248
106 107 531 247
107 108 531 246
108 109 531 245
109 110 531 244
110 111 531 243
111 127 531 242
112 96 531 132
113 114 531 160
113 129 531 96
116 115 531 128
119 118 531 160
122 121 531 192
125 124 531 224
128 144 531 116
129 113 531 144
129 130 531 80
132 131 531 112
132 133 531 48
135 134 531 80
138 137 531 48
141 140 531 16
144 128 531 129
146 147 531 15
147 148 531 14
148 149 531 13
149 150 531 12
150 151 531 11
151 152 531 10
152 153 531 9
153 154 531 8
154 155 531 7
155 156 531 6
156 157 531 5
157 158 531 4
158 159 531 3
159 143 531 2
160 144 531 113
160 176 531 119
161 145 531 30
162 161 531 29
163 162 531 28
164 163 531 27
165 164 531 26
166 165 531 25
167 166 531 24
168 167 531 23
169 168 531 22
170 169 531 21
171 170 531 20
172 171 531 19
173 172 531 18
174 173 531 17
178 179 531 47
179 180 531 46
180 181 531 45
181 182 531 44
182 183 531 43
183 184 531 42
184 185 531 41
185 186 531 40
186 187 531 39
187 188 531 38
188 189 531 37
189 190 531 36
190 191 531 35
191 175 531 34
192 176 531 116
192 208 531 122
193 177 531 62
194 193 531 61
195 194 531 60
196 195 531 59
197 196 531 58
198 197 531 57
199 198 531 56
200 199 531 55
201 200 531 54
202 201 531 53
203 202 531 52
204 203 531 51
205 204 531 50
206 205 531 49
210 211 531 79
211 212 531 78
212 213 531 77
213 214 531 76
214 215 531 75
215 216 531 74
216 217 531 73
217 218 531 72
218 219 531 71
219 220 531 70
220 221 531 69
221 222 531 68
222 223 531 67
223 207 531 66
224 240 531 125
225 209 531 94
226 225 531 93
227 226 531 92
228 227 531 91
229 228 531 90
230 229 531 89
231 230 531 88
232 231 531 87
233 232 531 86
234 233 531 85
235 234 531 84
236 235 531 83
237 236 531 82
238 237 531 81
242 243 531 111
243 244 531 110
244 245 531 109
245 246 531 108
246 247 531 107
247 248 531 106
248 249 531 105
249 250 531 104
250 251 531 103
251 252 531 102
252 253 531 101
253 254 531 100
254 255 531 99
255 239 531 98
0 1 533 142
1 2 533 143
31 30 533 145
32 16 533 139
33 34 533 175
63 62 533 177
64 48 533 136
65 66 533 207
95 94 533 209
96 80 533 133
97 98 533 239
112 128 533 114
114 113 533 112
117 116 533 144
120 119 533 176
123 122 533 208
126 125 533 240
127 126 533 241
128 112 533 130
130 129 533 128
131 132 533 64
133 132 533 96
136 135 533 64
139 138 533 32
142 141 533 0
143 142 533 1
144 160 533 117
145 146 533 31
175 174 533 33
176 160 533 115
176 192 533 120
177 178 533 63
207 206 533 65
208 224 533 123
209 210 533 95
239 238 533 97
240 241 533 126
241 242 533 127
3 4 535 159
4 5 535 158
5 6 535 157
6 7 535 156
7 8 535 155
8 9 535 154
9 10 535 153
10 11 535 152
11 12 535 151
12 13 535 150
13 14 535 149
14 15 535 148
15 31 535 147
16 0 535 140
17 33 535 173
18 17 535 172
19 18 535 171
20 19 535 170
21 20 535 169
22 21 535 168
23 22 535 167
24 23 535 166
25 24 535 165
26 25 535 164
27 26 535 163
28 27 535 162
29 28 535 161
35 36 535 191
36 37 535 190
37 38 535 189
38 39 535 188
39 40 535 187
40 41 535 186
41 42 535 185
42 43 535 184
43 44 535 183
44 45 535 182
45 46 535 181
46 47 535 180
47 63 535 179
48 32 535 137
49 65 535 205
50 49 535 204
51 50 535 203
52 51 535 202
53 52 535 201
54 53 535 200
55 54 535 199
56 55 535 198
57 56 535 197
58 57 535 196
59 58 535 195
60 59 535 194
61 60 535 193
67 68 535 223
68 69 535 222
69 70 535 221
70 71 535 220
71 72 535 219
72 73 535 218
73 74 535 217
74 75 535 216
75 76 535 215
76 77 535 214
77 78 535 213
78 79 535 212
79 95 535 211
80 64 535 134
81 97 535 237
82 81 535 236
83 82 535 235
84 83 535 234
85 84 535 233
86 85 535 232
87 86 535 231
88 87 535 230
89 88 535 229
90 89 535 228
91 90 535 227
92 91 535 226
93 92 535 225
99 100 535 255
100 101 535 254
101 102 535 253
102 103 535 252
103 104 535 251
104 105 535 250
105 106 535 249
106 107 535 248
107 108 535 247
108 109 535 246
109 110 535 245
110 111 535 244
111 127 535 243
112 96 535 131
115 114 535 128
118 117 535 160
121 120 535 192
124 123 535 224
128 144 535 115
130 131 535 80
131 130 535 112
134 133 535 80
137 136 535 48
140 139 535 16
147 148 535 15
148 149 535 14
149 150 535 13
150 151 535 12
151 152 535 11
152 153 535 10
153 154 535 9
154 155 535 8
155 156 535 7
156 157 535 6
157 158 535 5
158 159 535 4
159 143 535 3
160 144 535 114
160 176 535 118
161 145 535 29
162 161 535 28
163 162 535 27
164 163 535 26
165 164 535 25
166 165 535 24
167 166 535 23
168 167 535 22
169 168 535 21
170 169 535 20
171 170 535 19
172 171 535 18
173 172 535 17
179 180 535 47
180 181 535 46
181 182 535 45
182 183 535 44
183 184 535 43
184 185 535 42
185 186 535 41
186 187 535 40
187 188 535 39
188 189 535 38
189 190 535 37
190 191 535 36
191 175 535 35
192 208 535 121
193 177 535 61
194 193 535 60
195 194 535 59
196 195 535 58
197 196 535 57
198 197 535 56
199 198 535 55
200 199 535 54
201 200 535 53
202 201 535 52
203 202 535 51
204 203 535 50
205 204 535 49
211 212 535 79
212 213 535 78
213 214 535 77
214 215 535 76
215 216 535 75
216 217 535 74
217 218 535 73
218 219 535 72
219 220 535 71
220 221 535 70
221 222 535 69
222 223 535 68
223 207 535 67
224 240 535 124
225 209 535 93
226 225 535 92
227 226 535 91
228 227 535 90
229 228 535 89
230 229 535 88
231 230 535 87
232 231 535 86
233 232 535 85
234 233 535 84
235 234 535 83
236 235 535 82
237 236 535 81
243 244 535 111
244 245 535 110
245 246 535 109
246 247 535 108
247 248 535 107
248 249 535 106
249 250 535 105
250 251 535 104
251 252 535 103
252 253 535 102
253 254 535 101
254 255 535 100
255 239 535 99
0 1 537 141
1 2 537 142
2 3 537 143
30 29 537 145
31 30 537 146
32 16 537 138
33 34 537 174
34 35 537 175
62 61 537 177
63 62 537 178
64 48 537 135
65 66 537 206
66 67 537 207
94 93 537 209
95 94 537 210
96 80 537 132
97 98 537 238
98 99 537 239
113 129 537 112
116 115 537 144
119 118 537 176
122 121 537 208
125 124 537 240
126 125 537 241
127 126 537 242
128 112 537 129
129 130 537 96
132 131 537 96
135 134 537 64
138 137 537 32
141 140 537 0
142 141 537 1
143 142 537 2
144 128 537 113
144 160 537 116
145 146 537 30
146 147 537 31
174 173 537 33
175 174 537 34
176 192 537 119
177 178 537 62
178 179 537 63
206 205 537 65
207 206 537 66
208 224 537 122
209 210 537 94
210 211 537 95
238 237 537 97
239 238 537 98
240 241 537 125
241 242 537 126
242 243 537 127
4 5 539 159
5 6 539 158
6 7 539 157
7 8 539 156
8 9 539 155
9 10 539 154
10 11 539 153
11 12 539 152
12 13 539 151
13 14 539 150
14 15 539 149
15 31 539 148
16 0 539 139
17 33 539 172
18 17 539 171
19 18 539 170
20 19 539 169
21 20 539 168
22 21 539 167
23 22 539 166
24 23 539 165
25 24 539 164
26 25 539 163
27 26 539 162
28 27 539 161
36 37 539 191
37 38 539 190
38 39 539 189
39 40 539 188
40 41 539 187
41 42 539 186
42 43 539 185
43 44 539 184
44 45 539 183
45 46 539 182
46 47 539 181
47 63 539 180
48 32 539 136
49 65 539 204
50 49 539 203
51 50 539 202
52 51 539 201
53 52 539 200
54 53 539 199
55 54 539 198
56 55 539 197
57 56 539 196
58 57 539 195
59 58 539 194
60 59 539 193
68 69 539 223
69 70 539 222
70 71 539 221
71 72 539 220
72 73 539 219
73 74 539 218
74 75 539 217
75 76 539 216
76 77 539 215
77 78 539 214
78 79 539 213
79 95 539 212
80 64 539 133
81 97 539 236
82 81 539 235
83 82 539 234
84 83 539 233
85 84 539 232
86 85 539 231
87 86 539 230
88 87 539 229
89 88 539 228
90 89 539 227
91 90 539 226
92 91 539 225
100 101 539 255
101 102 539 254
102 103 539 253
103 104 539 252
104 105 539 251
105 106 539 250
106 107 539 249
107 108 539 248
108 109 539 247
109 110 539 246
110 111 539 245
111 127 539 244
112 96 539 130
114 113 539 128
117 116 539 160
120 119 539 192
123 122 539 224
133 132 539 80
136 135 539 48
139 138 539 16
148 149 539 15
149 150 539 14
150 151 539 13
151 152 539 12
152 153 539 11
153 154 539 10
154 155 539 9
155 156 539 8
156 157 539 7
157 158 539 6
158 159 539 5
159 143 539 4
160 176 539 117
161 145 539 28
162 161 539 27
163 162 539 26
164 163 539 25
165 164 539 24
166 165 539 23
167 166 539 22
168 167 539 21
169 168 539 20
170 169 539 19
171 170 539 18
172 171 539 17
180 181 539 47
181 182 539 46
182 183 539 45
183 184 539 44
184 185 539 43
185 186 539 42
186 187 539 41
187 188 539 40
188 189 539 39
189 190 539 38
190 191 539 37
191 175 539 36
192 208 539 120
193 177 539 60
194 193 539 59
195 194 539 58
196 195 539 57
197 196 539 56
198 197 539 55
199 198 539 54
200 199 539 53
201 200 539 52
202 201 539 51
203 202 539 50
204 203 539 49
212 213 539 79
213 214 539 78
214 215 539 77
215 216 539 76
216 217 539 75
217 218 539 74
218 219 539 73
219 220 539 72
220 221 539 71
221 222 539 70
222 223 539 69
223 207 539 68
224 240 539 123
225 209 539 92
226 225 539 91
227 226 539 90
228 227 539 89
229 228 539 88
230 229 539 87
231 230 539 86
232 231 539 85
233 232 539 84
234 233 539 83
235 234 539 82
236 235 539 81
244 245 539 111
245 246 539 110
246 247 539 109
247 248 539 108
248 249 539 107
249 250 539 106
250 251 539 105
251 252 539 104
252 253 539 103
253 254 539 102
254 255 539 101
255 239 539 100
0 1 541 140
1 2 541 141
2 3 541 142
3 4 541 143
29 28 541 145
30 29 541 146
31 30 541 147
32 16 541 137
33 34 541 173
34 35 541 174
35 36 541 175
61 60 541 177
62 61 541 178
63 62 541 179
64 48 541 134
65 66 541 205
66 67 541 206
67 68 541 207
93 92 541 209
94 93 541 210
95 94 541 211
96 80 541 131
97 98 541 237
98 99 541 238
99 100 541 239
115 114 541 144
118 117 541 176
121 120 541 208
124 123 541 240
125 124 541 241
126 125 541 242
127 126 541 243
134 133 541 64
137 136 541 32
140 139 541 0
141 140 541 1
142 141 541 2
143 142 541 3
145 146 541 29
146 147 541 30
147 148 541 31
173 172 541 33
174 173 541 34
175 174 541 35
176 192 541 118
177 178 541 61
178 179 541 62
179 180 541 63
205 204 541 65
206 205 541 66
207 206 541 67
208 224 541 121
209 210 541 93
210 211 541 94
211 212 541 95
237 236 541 97
238 237 541 98
239 238 541 99
240 241 541 124
241 242 541 125
242 243 541 126
243 244 541 127
5 6 543 159
6 7 543 158
7 8 543 157
8 9 543 156
9 10 543 155
10 11 543 154
11 12 543 153
12 13 543 152
13 14 543 151
14 15 543 150
15 31 543 149
16 0 543 138
17 33 543 171
18 17 543 170
19 18 543 169
20 19 543 168
21 20 543 167
22 21 543 166
23 22 543 165
24 23 543 164
25 24 543 163
26 25 543 162
27 26 543 161
37 38 543 191
38 39 543 190
39 40 543 189
40 41 543 188
41 42 543 187
42 43 543 186
43 44 543 185
44 45 543 184
45 46 543 183
46 47 543 182
47 63 543 181
48 32 543 135
49 65 543 203
50 49 543 202
51 50 543 201
52 51 543 200
53 52 543 199
54 53 543 198
55 54 543 197
56 55 543 196
57 56 543 195
58 57 543 194
59 58 543 193
69 70 543 223
70 71 543 222
71 72 543 221
72 73 543 220
73 74 543 219
74 75 543 218
75 76 543 217
76 77 543 216
77 78 543 215
78 79 543 214
79 95 543 213
80 64 543 132
81 97 543 235
82 81 543 234
83 82 543 233
84 83 543 232
85 84 543 231
86 85 543 230
87 86 543 229
88 87 543 228
89 88 543 227
90 89 543 226
91 90 543 225
101 102 543 255
102 103 543 254
103 104 543 253
104 105 543 252
105 106 543 251
106 107 543 250
107 108 543 249
108 109 543 248
109 110 543 247
110 111 543 246
111 127 543 245
116 115 543 160
119 118 543 192
122 121 543 224
135 134 543 48
138 137 543 16
149 150 543 15
150 151 543 14
151 152 543 13
152 153 543 12
153 154 543 11
154 155 543 10
155 156 543 9
156 157 543 8
157 158 543 7
158 159 543 6
159 143 543 5
161 145 543 27
162 161 543 26
163 162 543 25
164 163 543 24
165 164 543 23
166 165 543 22
167 166 543 21
168 167 543 20
169 168 543 19
170 169 543 18
171 170 543 17
181 182 543 47
182 183 543 46
183 184 543 45
184 185 543 44
185 186 543 43
186 187 543 42
187 188 543 41
188 189 543 40
189 190 543 39
190 191 543 38
191 175 543 37
192 208 543 119
193 177 543 59
194 193 543 58
195 194 543 57
196 195 543 56
197 196 543 55
198 197 543 54
199 198 543 53
200 199 543 52
201 200 543 51
202 201 543 50
203 202 543 49
213 214 543 79
214 215 543 78
215 216 543 77
216 217 543 76
217 218 543 75
218 219 543 74
219 220 543 73
220 221 543 72
221 222 543 71
222 223 543 70
223 207 543 69
224 240 543 122
225 209 543 91
226 225 543 90
227 226 543 89
228 227 543 88
229 228 543 87
230 229 543 86
231 230 543 85
232 231 543 84
233 232 543 83
234 233 543 82
235 234 543 81
245 246 543 111
246 247 543 110
247 248 543 109
248 249 543 108
249 250 543 107
250 251 543 106
251 252 543 105
252 253 543 104
253 254 543 103
254 255 543 102
255 239 543 101
0 1 545 139
1 2 545 140
2 3 545 141
3 4 545 142
4 5 545 143
28 27 545 145
29 28 545 146
30 29 545 147
31 30 545 148
32 16 545 136
33 34 545 172
34 35 545 173
35 36 545 174
36 37 545 175
60 59 545 177
61 60 545 178
62 61 545 179
63 62 545 180
64 48 545 133
65 66 545 204
66 67 545 205
67 68 545 206
68 69 545 207
92 91 545 209
93 92 545 210
94 93 545 211
95 94 545 212
97 98 545 236
98 99 545 237
99 100 545 238
100 101 545 239
117 116 545 176
120 119 545 208
123 122 545 240
124 123 545 241
125 124 545 242
126 125 545 243
127 126 545 244
136 135 545 32
139 138 545 0
140 139 545 1
141 140 545 2
142 141 545 3
143 142 545 4
145 146 545 28
146 147 545 29
147 148 545 30
148 149 545 31
172 171 545 33
173 172 545 34
174 173 545 35
175 174 545 36
177 178 545 60
178 179 545 61
179 180 545 62
180 181 545 63
204 203 545 65
205 204 545 66
206 205 545 67
207 206 545 68
208 224 545 120
209 210 545 92
210 211 545 93
211 212 545 94
212 213 545 95
236 235 545 97
237 236 545 98
238 237 545 99
239 238 545 100
240 241 545 123
241 242 545 124
242 243 545 125
243 244 545 126
244 245 545 127
6 7 547 159
7 8 547 158
8 9 547 157
9 10 547 156
10 11 547 155
11 12 547 154
12 13 547 153
13 14 547 152
14 15 547 151
15 31 547 150
16 0 547 137
17 33 547 170
18 17 547 169
19 18 547 168
20 19 547 167
21 20 547 166
22 21 547 165
23 22 547 164
24 23 547 163
25 24 547 162
26 25 547 161
38 39 547 191
39 40 547 190
40 41 547 189
41 42 547 188
42 43 547 187
43 44 547 186
44 45 547 185
45 46 547 184
46 47 547 183
47 63 547 182
48 32 547 134
49 65 547 202
50 49 547 201
51 50 547 200
52 51 547 199
53 52 547 198
54 53 547 197
55 54 547 196
56 55 547 195
57 56 547 194
58 57 547 193
70 71 547 223
71 72 547 222
72 73 547 221
73 74 547 220
74 75 547 219
75 76 547 218
76 77 547 217
77 78 547 216
78 79 547 215
79 95 547 214
81 97 547 234
82 81 547 233
83 82 547 232
84 83 547 231
85 84 547 230
86 85 547 229
87 86 547 228
88 87 547 227
89 88 547 226
90 89 547 225
102 103 547 255
103 104 547 254
104 105 547 253
105 106 547 252
106 107 547 251
107 108 547 250
108 109 547 249
109 110 547 248
110 111 547 247
111 127 547 246
118 117 547 192
121 120 547 224
137 136 547 16
150 151 547 15
151 152 547 14
152 153 547 13
153 154 547 12
154 155 547 11
155 156 547 10
156 157 547 9
157 158 547 8
158 159 547 7
159 143 547 6
161 145 547 26
162 161 547 25
163 162 547 24
164 163 547 23
165 164 547 22
166 165 547 21
167 166 547 20
168 167 547 19
169 168 547 18
170 169 547 17
182 183 547 47
183 184 547 46
184 185 547 45
185 186 547 44
186 187 547 43
187 188 547 42
188 189 547 41
189 190 547 40
190 191 547 39
191 175 547 38
193 177 547 58
194 193 547 57
195 194 547 56
196 195 547 55
197 196 547 54
198 197 547 53
199 198 547 52
200 199 547 51
201 200 547 50
202 201 547 49
214 215 547 79
215 216 547 78
216 217 547 77
217 218 547 76
218 219 547 75
219 220 547 74
220 221 547 73
221 222 547 72
222 223 547 71
223 207 547 70
224 240 547 121
225 209 547 90
226 225 547 89
227 226 547 88
228 227 547 87
229 228 547 86
230 229 547 85
231 230 547 84
232 231 547 83
233 232 547 82
234 233 547 81
246 247 547 111
247 248 547 110
248 249 547 109
249 250 547 108
250 251 547 107
251 252 547 106
252 253 547 105
253 254 547 104
254 255 547 103
255 239 547 102
0 1 549 138
1 2 549 139
2 3 549 140
3 4 549 141
4 5 549 142
5 6 549 143
27 26 549 145
28 27 549 146
29 28 549 147
30 29 549 148
31 30 549 149
32 16 549 135
33 34 549 171
34 35 549 172
35 36 549 173
36 37 549 174
37 38 549 175
59 58 549 177
60 59 549 178
61 60 549 179
62 61 549 180
63 62 549 181
65 66 549 203
66 67 549 204
67 68 549 205
68 69 549 206
69 70 549 207
91 90 549 209
92 91 549 210
93 92 549 211
94 93 549 212
95 94 549 213
97 98 549 235
98 99 549 236
99 100 549 237
100 101 549 238
101 102 549 239
119 118 549 208
122 121 549 240
123 122 549 241
124 123 549 242
125 124 549 243
126 125 549 244
127 126 549 245
138 137 549 0
139 138 549 1
140 139 549 2
141 140 549 3
142 141 549 4
143 142 549 5
145 146 549 27
146 147 549 28
147 148 549 29
148 149 549 30
149 150 549 31
171 170 549 33
172 171 549 34
173 172 549 35
174 173 549 36
175 174 549 37
177 178 549 59
178 179 549 60
179 180 549 61
180 181 549 62
181 182 549 63
203 202 549 65
204 203 549 66
205 204 549 67
206 205 549 68
207 206 549 69
209 210 549 91
210 211 549 92
211 212 549 93
212 213 549 94
213 214 549 95
235 234 549 97
236 235 549 98
237 236 549 99
238 237 549 100
239 238 549 101
240 241 549 122
241 242 549 123
242 243 549 124
243 244 549 125
244 245 549 126
245 246 549 127
7 8 551 159
8 9 551 158
9 10 551 157
10 11 551 156
11 12 551 155
12 13 551 154
13 14 551 153
14 15 551 152
15 31 551 151
16 0 551 136
17 33 551 169
18 17 551 168
19 18 551 167
20 19 551 166
21 20 551 165
22 21 551 164
23 22 551 163
24 23 551 162
25 24 551 161
39 40 551 191
40 41 551 190
41 42 551 189
42 43 551 188
43 44 551 187
44 45 551 186
45 46 551 185
46 47 551 184
47 63 551 183
49 65 551 201
50 49 551 200
51 50 551 199
52 51 551 198
53 52 551 197
54 53 551 196
55 54 551 195
56 55 551 194
57 56 551 193
71 72 551 223
72 73 551 222
73 74 551 221
74 75 551 220
75 76 551 219
76 77 551 218
77 78 551 217
78 79 551 216
79 95 551 215
81 97 551 233
82 81 551 232
83 82 551 231
84 83 551 230
85 84 551 229
86 85 551 228
87 86 551 227
88 87 551 226
89 88 551 225
103 104 551 255
104 105 551 254
105 106 551 253
106 107 551 252
107 108 551 251
108 109 551 250
109 110 551 249
110 111 551 248
111 127 551 247
120 119 551 224
0 1 553 137
1 2 553 138
2 3 553 139
3 4 553 140
4 5 553 141
5 6 553 142
6 7 553 143
26 25 553 145
27 26 553 146
28 27 553 147
29 28 553 148
30 29 553 149
31 30 553 150
33 34 553 170
34 35 553 171
35 36 553 172
36 37 553 173
37 38 553 174
38 39 553 175
58 57 553 177
59 58 553 178
60 59 553 179
61 60 553 180
62 61 553 181
63 62 553 182
65 66 553 202
66 67 553 203
67 68 553 204
68 69 553 205
69 70 553 206
70 71 553 207
90 89 553 209
91 90 553 210
92 91 553 211
93 92 553 212
94 93 553 213
95 94 553 214
97 98 553 234
98 99 553 235
99 100 553 236
100 101 553 237
101 102 553 238
102 103 553 239
121 120 553 240
122 121 553 241
123 122 553 242
124 123 553 243
125 124 553 244
126 125 553 245
127 126 553 246
